/*--------------------------------*- C++ -*----------------------------------*\
| =========                 |                                                 |
| \\      /  F ield         | OpenFOAM: The Open Source CFD Toolbox           |
|  \\    /   O peration     | Version:  5.x                                   |
|   \\  /    A nd           | Web:      www.OpenFOAM.org                      |
|    \\/     M anipulation  |                                                 |
\*---------------------------------------------------------------------------*/
FoamFile
{
    version     2.0;
    format      ascii;
    class       labelList;
    note        "nPoints:20454  nCells:73311  nFaces:160062  nInternalFaces:140272";
    location    "constant/solid/polyMesh";
    object      neighbour;
}
// * * * * * * * * * * * * * * * * * * * * * * * * * * * * * * * * * * * * * //


140272
(
14232
17264
49759
61519
58500
60336
66170
42259
59798
66175
71745
2033
46866
70496
70566
8300
14393
14525
56103
2645
8536
10298
12625
7577
57618
65941
66178
17512
50397
65332
72792
8378
14080
65942
66109
52541
52707
63766
68873
65601
65604
65781
65945
48237
51960
58106
62434
5558
25569
30263
44023
16274
16583
16591
72772
10125
32483
55633
64292
3803
19648
20679
68762
14611
47000
59931
72532
3412
46250
50617
68467
32113
51184
53895
6602
11487
46116
21
14604
42915
44747
8302
18841
52456
52714
53970
57997
71942
18247
62087
65566
5447
36371
38269
7338
14109
49789
7760
11487
14219
46116
9982
27917
58802
64857
13368
27004
55741
63081
33571
34950
34993
1877
2144
2285
16006
9036
47310
60737
69887
3134
37973
37976
66930
21157
45863
56272
3585
8742
27337
61268
6565
40906
56237
11807
22332
22549
68230
6942
20137
24237
51779
8337
8382
56766
66176
7532
32164
50004
71081
2772
27863
39893
57127
18356
20473
45802
55927
25986
42518
46095
61095
5225
13331
20260
23916
27737
29254
62062
24534
57721
60093
6063
41698
44659
55820
659
1576
34039
59233
3578
33973
36775
66328
3987
7726
52179
52181
28954
29100
29101
66511
6235
57298
60081
53
33945
34754
57922
8392
35476
47034
26842
33248
65632
70582
47699
47700
47966
48222
20012
21139
21210
64739
8295
27398
29850
30058
809
18835
46177
54376
7593
58118
60462
71788
447
980
22173
65609
62
66
8285
65954
175
12734
12734
65954
66134
71812
20763
49712
49943
51074
12738
57625
58180
71
59497
2851
38992
39211
51518
17444
43888
44255
23826
45925
65677
8291
8358
17895
18832
72
8285
8291
18832
50292
71813
4380
50562
50567
2450
30126
60889
68415
18836
51325
59497
65954
2372
11493
46604
64351
25287
26694
54671
50257
58467
64155
65993
58467
65993
68933
68944
13840
18502
45620
96
13840
60422
22505
49414
65991
60489
64991
66151
71928
22506
60253
71593
71595
4445
6571
21386
49027
23544
26443
30522
39833
50837
53483
66041
69090
10834
41132
50763
50773
2706
13745
65375
72548
7766
44024
47615
68135
100
14009
60061
58190
62858
63313
9952
11281
30813
31043
95
97
22506
71593
8210
12629
12804
97
12623
12804
66140
71590
17890
18217
72730
72731
8158
9351
10856
58710
60024
60067
60306
59859
59926
65480
65841
2929
23993
25840
25989
17785
17891
17909
57340
51899
60293
60411
71481
41923
42172
42181
67870
4426
18832
38147
38167
23604
27991
33512
13973
56445
69269
69273
9736
56330
60628
8497
55853
57626
58536
127
56939
71566
71570
10563
26602
60766
60770
13123
13860
42108
65573
12474
58477
59219
71967
116
8462
21764
24147
8217
18032
66075
28411
37403
37947
46249
1969
23124
45510
58036
22075
26565
26605
36156
31296
33253
56498
57374
122
13121
71585
71586
12820
20652
39920
55850
57221
72838
72839
24666
51800
52186
71550
24396
52336
54486
56096
12666
14179
65522
8251
35265
57215
12662
45143
55578
66009
38999
53469
55981
62473
12611
12665
50322
65522
8451
65976
72045
72056
7876
10491
48213
50320
3663
36174
42558
21030
22110
38540
55106
1781
29152
44661
68016
3779
45577
61836
68181
3851
10110
37655
66711
24265
25438
25946
70056
140
8060
69947
70078
5585
25182
54300
4752
27437
56052
61724
143
7964
8259
71610
10296
54303
66008
7370
13257
15889
29074
15100
32007
37471
66929
25621
25708
26722
23316
24274
25842
25960
1009
36342
39662
40610
7902
8181
69412
69427
32022
32054
49593
51199
14774
45299
72335
72339
41899
42916
64740
68501
8209
12686
13291
71831
6443
47360
47695
49353
45936
60133
60143
71905
2333
25696
49770
164
8173
31942
71833
10906
10907
11774
48270
12840
13298
40347
71833
6767
51095
63718
66182
2107
17509
72715
72716
37826
37840
61701
63490
8461
13840
65794
71590
6641
12557
71835
2864
3201
37349
47371
29060
30022
38208
59806
34291
35828
47576
47578
31813
39728
39895
62004
5995
6191
51547
65147
8381
18592
66006
71837
17487
39478
39513
59498
6956
8335
65274
71818
6854
15874
66221
66225
1299
29286
40124
58490
176
8694
59724
8819
18835
71795
658
8654
8700
13055
179
8328
8707
8819
4930
8694
33553
33566
35037
66281
657
8915
59537
64785
40349
47740
66526
66530
17878
17942
30561
68518
25739
27788
29030
29032
19419
29848
73244
4599
38552
48161
48741
23376
23636
70566
70570
13765
19032
33777
42320
5341
5342
43863
47147
3451
21488
21492
47009
1827
4623
21239
21240
4625
11336
23678
59428
1528
3100
12958
59425
4642
16067
59747
64421
43284
58442
63653
65702
24963
25345
25719
27384
6084
6213
13121
53261
6795
63683
68546
68547
4649
14439
46972
73065
4650
43654
68480
68481
4651
5393
66792
66794
3804
6027
22372
58036
4654
7457
69535
69537
1235
23355
25918
58067
32485
34428
64945
5180
19323
68792
68794
17243
23758
61265
62845
4658
13362
17897
41201
17807
17812
18105
46579
4663
13059
14379
42149
12098
17329
42721
64365
38085
54838
67266
67273
35391
35534
35557
35904
1706
3592
31706
32199
4669
59503
70135
70136
6791
18278
67705
67707
825
2476
26427
34542
4825
9028
34360
66933
4683
29167
70997
70998
4684
6849
7711
73042
24873
24911
25229
33166
35419
35977
38276
43586
10159
16749
42964
51994
13806
51106
69625
73308
4693
27611
34728
62864
860
19240
19603
48293
6900
58476
66543
66548
6901
52690
66822
66840
2707
4780
16858
55341
2019
3413
31753
44918
5617
7540
67907
67908
6682
20706
30590
44511
4706
6921
67070
67080
2132
4581
25788
34313
4717
39798
71071
71075
7818
22773
29042
36798
4722
7668
67464
67471
2787
4723
55641
64988
4724
7804
66662
66759
4725
35692
40587
58893
4726
7086
38955
59498
4188
14085
14148
64713
48687
49106
53796
57030
4730
32584
37393
37755
7758
9331
11334
63128
5610
13005
67354
67356
4733
10190
42454
60263
4734
7101
68865
68962
35410
36381
40802
66953
841
2819
31364
36225
3607
19249
39910
39949
38072
41460
69793
69808
25952
32151
33642
2830
24814
39737
62927
692
64451
66940
66943
4746
7140
24211
45895
39612
39992
40052
66837
36597
36905
36946
66545
2835
44664
57394
60216
45676
45680
45706
7182
19855
71346
71347
4762
28245
71652
71654
4763
45031
66409
66411
476
7402
45097
65493
4718
7366
69078
69183
20736
20745
40154
50393
16979
29307
61837
4770
26610
70267
70268
4771
14712
71661
71665
7364
19846
24499
48351
3893
27353
48291
55357
4260
34545
36492
66673
1246
4186
21183
21321
4790
7445
68122
68137
1547
4791
13231
58475
7449
44200
68563
68578
16787
25002
42079
42135
4802
7477
68786
68790
4803
29062
49795
60444
7483
24524
68233
68234
3718
33171
33558
33971
2921
6813
11311
56202
24488
26550
55437
61216
2038
36682
41335
71192
2069
4462
19408
50537
4811
5858
69229
69244
4823
56147
69671
69688
2121
4127
11324
13559
10844
10853
17384
26687
738
837
11455
51627
3319
20859
26227
44338
5543
6892
21114
48461
4871
24923
25968
59270
1412
3296
22310
22535
3331
4621
6731
7545
4875
8138
72205
72207
32802
32805
61141
4597
37268
70524
70558
1972
2584
49239
53461
4290
6201
11918
53487
12399
33140
37980
72444
2581
7764
47895
49666
2770
30757
30767
4904
23827
24138
36108
4907
5566
71333
71334
12647
53261
71583
71584
6000
20812
32495
4099
30613
31753
32128
1720
24681
32363
43733
4918
18393
68286
68287
23998
53074
71941
71958
4404
7951
69814
69816
3310
4924
41774
45819
28910
34583
66267
66269
4215
17553
29892
46232
47184
64429
67526
67549
24744
31938
47314
50330
4927
37040
59009
67092
32015
32069
53705
62639
725
3588
4943
67664
4952
27014
38956
41390
5749
15404
68339
68356
24184
44008
69109
69146
14750
16519
18069
72095
781
11018
22090
26607
4962
13236
18738
42129
4964
34982
67042
67043
2996
6085
37292
58974
9091
38658
60181
6362
15271
20454
59828
2316
7244
35394
38047
5118
30801
30875
31813
12287
44246
52672
58515
5131
31243
49129
71123
827
24609
72558
72562
1574
3174
21212
25089
4831
21069
21082
21249
2335
3175
21137
59017
3176
25152
55927
60224
4153
17647
21284
21458
3179
11813
22519
45657
22999
38544
70124
70144
3204
15187
23296
45507
3210
38719
39934
52544
28883
50389
70802
70825
3209
30676
40882
5932
27809
30439
41435
5261
28213
28215
29087
27976
28075
36728
62515
4798
5731
44743
48321
5264
30350
51843
52979
5265
43935
70985
70986
671
4530
15553
29437
361
5348
66832
66834
468
5811
68413
68515
2086
3363
36768
37076
5340
31457
50046
63923
5341
5342
66458
66460
4123
31538
66463
66470
846
2009
3372
32402
3377
4054
51778
19234
20856
34981
40721
2278
4566
26743
31631
2705
6708
32091
34620
61256
65187
68131
68132
31815
61295
62552
66063
4382
32339
33672
52607
3630
7385
20889
50959
2284
5366
31623
34756
3379
7198
35295
35385
7629
19883
26237
41275
3527
8148
11927
35240
5379
54021
61145
62152
5390
43657
71627
71631
2703
11052
34212
42665
23083
28223
39976
49298
5410
26526
30733
67131
3456
14124
38005
40344
4734
7101
17429
48290
9999
23840
27931
28872
2024
3426
33885
35615
3381
6449
7465
35881
3652
11864
31719
48258
34707
44858
68973
68974
5428
6961
31878
31884
3463
3698
31026
51592
27798
39104
56338
57716
6326
41019
49370
64061
36332
37484
66709
66714
30502
31982
32349
4536
37845
40723
54461
1009
3495
36334
39662
5464
35563
36799
36922
570
750
4187
36841
3490
21882
44905
56935
3487
10678
32995
37061
2455
3502
32601
36889
1249
3508
7861
29559
1281
3509
26284
26306
3511
26275
37945
55192
1517
3644
37431
37781
3513
15977
20666
56036
7117
12324
50632
54389
778
3526
27080
32990
5496
37664
66872
66873
2204
3528
7122
57061
33044
37582
37730
51763
2441
5507
39838
40333
6238
10918
31332
66693
775
3541
31381
40306
5052
23237
29583
38066
2754
27369
44196
50535
3542
4430
37149
61234
1917
3543
31697
39937
3546
8688
17791
45327
1030
9853
21470
70198
5267
7740
22434
26254
3556
9879
16134
36021
442
3553
27655
38240
4981
38283
67153
67154
5532
5607
27956
39457
3559
39645
40077
54367
6670
13073
18902
61466
2546
3512
5537
67180
44687
45497
57877
70033
1135
4678
16114
53245
3448
11309
11554
54837
2780
19394
37941
65204
1568
3569
38048
55674
5554
6978
20746
35108
5556
48331
70845
70847
3091
5561
56912
63190
11506
14600
19665
3134
7745
37972
54888
5565
38984
67532
67634
4605
18168
39196
45077
38988
54204
67530
67532
3960
33561
36845
45739
1662
7065
67025
67026
45290
45671
68072
68083
4931
51053
51162
65397
5525
35120
38232
4292
29959
40260
65726
1033
22890
63819
4613
14515
14609
28180
42090
44592
44621
70000
7770
60988
68384
6512
27117
43906
57055
977
3120
19247
31234
5718
44414
68064
68079
5723
62615
66992
66996
2117
4579
38021
62583
5727
7795
17486
53735
2800
8527
31515
63326
1544
3788
30684
39773
5731
16155
44693
44743
4465
44412
44745
62039
36190
43052
62724
2344
3767
28681
43320
3776
7359
34731
34908
5773
47537
61601
61693
753
3779
45390
54282
3802
13527
46169
58284
5262
5806
14814
68696
976
3815
21748
45118
1519
5765
68033
68105
5810
22100
23565
46268
3817
46472
56982
5812
46326
70641
70644
914
3818
46493
46496
5823
47069
69075
69078
835
3838
46537
48320
5874
42248
45808
45810
2001
2151
3839
60018
2184
2702
9245
21716
14606
44130
65753
3842
32222
33331
41973
3882
7689
48393
64152
3722
23991
48446
63753
21020
43750
44271
69761
29345
36770
59792
66329
5564
5741
42686
70038
5996
45422
60592
69998
5850
30282
48345
52978
1893
4196
34549
47637
34781
36732
42165
8336
40811
41168
42884
2026
4672
67049
67050
1154
2659
35906
41469
3578
25505
33161
5896
20402
53171
63938
40167
40176
50223
65050
44298
45229
45641
70007
4124
7253
41850
47188
20775
41355
45836
45845
27298
34647
46395
6035
22950
70140
70141
4709
6970
68556
68558
3373
11308
33000
33158
4052
12333
69225
69232
5006
10307
17393
58544
30046
30275
52591
57656
18632
37454
67525
67526
13443
37112
44903
60874
3096
6357
35532
38522
5850
48345
50765
54738
633
4726
7086
38950
6130
39549
67770
67771
2588
12291
69008
69010
2597
9531
26687
58890
28770
40946
55764
56396
6099
17568
36827
54388
26412
56726
67062
67063
32531
34623
62759
67429
6190
56151
71523
71526
4980
13214
70371
70390
6230
57864
72005
72010
906
7019
44496
53332
6237
14548
57278
65128
4326
23224
51212
64175
3459
6246
68691
68693
6329
62563
72567
72569
32336
32452
35491
1024
3823
38381
68119
6336
49823
51791
60426
9374
20118
20998
36601
6269
35657
66259
66261
6364
19571
19585
43728
32287
33584
59668
61641
1003
3006
11653
54270
6379
18555
68084
68334
3761
8172
12564
50243
31525
40694
49748
51769
2665
17850
32977
42399
51899
55278
59091
60367
2156
2865
18946
45851
3301
53106
57355
57361
17226
31697
55615
820
3374
63836
72814
10783
19133
45461
58726
5172
6427
69252
69259
6429
7814
12446
47067
15478
20474
35706
60638
4119
7644
16567
63083
4088
15608
15616
51691
4059
44637
47074
51429
12140
53854
53956
58304
554
3007
50382
59931
6451
46437
70414
70418
6429
9257
12446
44718
4293
50721
72512
72515
11424
34533
37546
63974
2625
19247
46380
62906
6450
72529
72530
7890
9090
15046
52748
7669
61582
67770
67772
4708
30596
41998
65057
4200
9337
10841
57080
2635
3103
13533
37965
2636
11230
34265
59789
5101
13672
17792
66085
44261
47561
61834
68512
5237
20419
28334
61628
2764
5058
12286
54829
6531
18094
68536
68552
2595
6176
17448
60839
2644
28590
71206
71207
42770
43616
57555
61498
6860
14513
45802
5468
66227
66229
3615
7154
7672
23504
5668
14425
18997
42707
2651
17716
41890
43608
38597
38618
67594
67666
6673
26953
28205
28440
7337
19495
19523
48600
5087
5440
8043
55028
4494
20074
21412
59157
2915
6019
33179
37367
3170
21260
21261
24596
17352
17361
22872
53856
6711
21269
68114
68116
6712
21271
68390
68391
21411
60502
70635
70637
2675
6714
14843
54518
21282
21320
22157
53923
2680
17307
21840
50397
2681
6723
21548
41598
3057
21860
21873
25559
4630
7518
23384
34190
5581
46368
67734
67761
6886
65085
71920
71921
6489
11207
61558
63721
2708
6902
20382
61465
2709
45989
67972
68074
2720
32696
38815
49765
16746
17078
67976
67981
3766
14996
51412
68889
15395
17407
30206
30569
7000
21421
21501
57179
4753
21578
42568
57854
2742
31859
66833
66835
15410
19158
35610
35647
18352
18546
58115
2753
36998
67652
67653
2756
37075
43327
58667
2763
37512
66859
66872
2766
7041
27105
60788
2775
37899
67909
67911
2778
4382
7059
66555
3897
39982
39986
50951
54676
56970
59993
59996
4001
24737
35797
44185
7174
13571
16185
53297
714
1767
64084
69315
4438
39138
51743
56366
10189
34382
34415
35600
2768
2818
38278
39687
2822
36681
39742
50158
2823
7126
13507
20879
2828
18759
46892
51265
1231
7533
26846
37576
2832
39560
67733
67737
20455
28280
47386
71282
9094
63159
67107
67108
14132
14463
14464
14984
3110
41845
70624
70625
50837
52281
69089
69090
4266
54341
70150
70151
30573
43386
43529
43960
15300
33470
61756
62204
7432
59572
68065
68130
7128
39819
65569
2216
16718
20003
69287
49979
54566
57245
63343
4783
52230
64413
65210
6654
14341
36227
69086
23924
47605
58438
60682
7256
45211
72313
72314
3742
6003
45946
46206
22668
25498
68349
68588
45813
53652
55327
58025
2894
7318
69077
69079
2895
47186
68868
68870
3640
7335
41156
41157
7336
52447
53673
62699
3446
15935
27158
70571
3628
29144
29668
32441
7422
61621
66893
66900
6035
22725
22950
24058
7456
13274
24417
40050
12375
13552
23676
23678
5868
18366
36585
66427
3775
59358
72188
72223
2648
4822
55994
66794
2957
2987
26152
54776
6344
71970
71971
4920
8655
58690
7510
70080
70087
17197
42354
53763
69198
1775
7515
61422
66340
24826
36328
54001
66172
7517
49086
72565
72566
4029
4779
16685
20589
4553
49633
49851
57764
3835
5820
6005
27959
4299
37183
57932
58040
13591
41114
41299
50772
4919
7504
12802
59326
7305
12414
17486
48509
5381
62176
64957
7641
59364
72187
72193
2730
6946
39024
63269
5948
24652
36862
50627
8557
15216
49194
63833
7655
57505
72087
72091
18127
39079
40136
58658
2494
2950
35685
54194
5942
40363
50594
66094
53624
54979
66901
66907
7712
19150
23403
60437
5165
22499
22686
57160
6028
35591
64556
65056
20683
23906
41872
57673
7734
59647
71937
71938
25840
25989
68430
68431
28717
28789
40901
51573
33440
57496
64336
73180
4468
19416
22044
45142
7758
12277
14222
63128
6605
24773
24835
63319
33936
36521
60371
5708
7435
52625
53031
2935
7806
67710
67717
4210
6199
58535
65641
7815
56331
60628
66927
7819
38910
70625
70627
2017
7820
36769
37914
3368
5496
54298
62412
48891
48944
52013
65282
8355
31155
56503
60186
4601
9127
16213
30706
14248
14250
17304
63689
56528
64966
73298
73299
6470
25539
34648
53929
33203
62053
64146
64212
25664
55349
68348
68349
2931
29045
70745
70765
4236
12921
18267
64434
23335
26281
52070
52303
5547
42925
51445
65202
18178
59673
71351
71421
6352
43679
44758
59444
14037
18243
58174
9782
23706
23739
27991
11122
36573
66373
66376
4912
13547
41419
52013
6930
10186
66450
66467
6591
51126
51246
60415
10716
33754
70489
70491
8230
43147
46026
57649
7703
55890
69375
69377
1693
2061
11187
33780
13996
14964
24879
24902
38736
47534
67592
5083
5519
17032
67275
1669
5580
26111
55676
6114
40173
57712
57719
11578
16215
58964
59205
3631
43456
51729
57753
5689
10287
10340
58721
11234
11235
69026
69043
11292
41504
69032
69052
4036
5545
11202
58717
6567
9935
61559
63657
17674
17694
42881
43433
4846
57383
57448
57575
4198
50513
51628
4177
27219
27468
10788
24332
25616
52284
11469
20629
72518
72521
7100
17125
17270
52334
11801
12466
39520
57153
11222
12703
13266
57327
11808
55878
72743
72746
54512
54769
56602
11814
48609
58627
63267
10931
10987
11405
54095
7063
18600
67153
67155
5459
37097
62534
2495
4486
45665
45751
10437
43715
44000
49752
5776
11828
45554
11910
44119
68882
68884
2600
12163
13799
56046
11920
13171
72771
72775
46827
47294
59158
19272
19501
19652
27676
1022
5505
63052
63065
910
2999
36095
38595
12152
30244
69683
69687
13948
14021
15227
16504
3145
7678
12179
12186
6421
12690
36013
43363
12185
37507
42853
44492
12187
12552
16369
27295
12197
12201
69443
69447
855
7812
17293
19175
3605
5596
27552
39493
11651
12197
12201
12879
3843
46942
47270
47287
12227
51251
69673
69675
12586
33777
69690
69691
12217
16368
38844
52703
5512
67463
67467
48462
60779
66591
66595
4858
52859
58405
59022
5495
26937
32988
10934
10935
72896
72908
18427
61513
67712
67713
11172
12304
42847
1498
5753
53297
56401
3165
11234
11235
62739
8651
12604
57961
72662
12742
37695
66910
66913
3195
21429
22241
22250
12901
65164
73188
73189
15774
50796
55633
55877
5449
31805
31899
61847
6662
45839
51983
52486
44354
54501
62188
1129
3024
71817
71885
4575
13006
13571
56834
16881
51824
64242
69194
4402
35188
66672
66688
54035
54131
55870
69463
54102
54227
72380
72392
6872
29866
38802
67341
6159
10351
47245
62646
5678
46475
46927
56594
13162
59884
72762
72783
6898
30627
40805
63904
11536
23761
24711
8649
47777
57305
62570
5206
14524
45257
63299
6104
7280
30711
37818
9828
29175
45498
68333
14916
34860
35619
53999
12726
14211
18674
14223
64878
70193
70440
37276
64867
67946
67950
3600
39732
70653
70654
5009
13365
14268
52974
4205
56000
57934
61307
51985
52289
57657
59123
6696
15498
52954
54145
14351
53920
56139
63970
7087
22765
43609
50561
26247
54710
65222
65359
6413
16289
73067
4875
8138
57415
65134
7311
14803
53385
56691
14579
16867
20188
68848
20222
23139
63150
68901
2963
33183
61179
1389
5625
61397
65855
17427
17484
24685
4122
9738
26117
26704
15318
35349
67232
67234
4216
10054
11759
11971
2140
26040
69433
69435
2566
15583
17433
17488
15609
15927
16743
61246
42935
52819
67080
67081
5829
70152
70154
6007
55858
55861
57947
7701
70812
70831
2844
6338
69534
69535
12237
12242
57760
64089
4568
15939
15965
53408
4735
24891
31365
2954
16090
54047
63872
5921
13368
53292
56553
1562
14484
24088
7159
29430
54855
61432
6166
58696
66459
4334
4781
7550
51743
7462
39818
41638
62872
4633
19135
33956
36044
6912
31235
31268
45801
14858
16874
58440
72758
16315
58109
68781
68783
63156
65222
73286
5007
58627
59085
65188
5499
20038
24378
4262
19476
19844
22784
3900
15659
21352
59609
3972
21974
27040
54459
10128
10142
10992
58684
19239
31894
59185
29362
34132
46084
66343
5019
16306
24003
64818
2958
16618
56624
69498
7075
7327
61703
69293
16629
43335
59426
60865
4857
18385
19101
61015
906
53332
68581
68582
4790
7445
23695
58054
3062
6615
13072
19086
6163
29871
51250
58731
5028
24991
42950
44701
6043
56430
61040
64107
2788
5917
30426
38518
22992
25436
68375
68385
1287
4480
21034
27893
37280
41556
52688
52838
4130
29460
30015
34253
21267
38855
68151
68172
5833
25612
50625
51416
24972
29719
53949
64596
6345
26607
27260
46015
14830
17911
30218
30219
25878
27401
42462
45238
4106
5027
11656
11715
10879
11593
12010
68514
3118
53956
72846
72847
5143
10299
44812
64766
12443
12451
17445
64704
38151
38249
38418
38508
3690
5745
6092
42630
1993
4322
4812
18229
17625
36296
66897
66899
4680
7207
11004
13403
12255
17641
29192
54301
5071
8987
18081
41751
17642
56031
70858
70859
6840
9441
20711
37642
7141
34001
52701
58354
13169
39287
42945
61843
5139
16521
43573
64255
3105
13685
43703
57905
13789
20664
23835
46459
5154
57371
57457
60522
6625
58793
60142
60339
31238
33538
66579
66580
44536
44789
5055
15149
55267
58315
33275
63935
66388
66395
1955
7186
44532
54570
12108
67457
67474
2942
23030
52940
55605
17592
17617
18239
22078
6323
13343
26950
46057
5813
68424
68521
1542
3801
39844
39857
23824
34625
60963
6395
18868
71637
71641
3669
42791
49661
55525
6512
34337
43917
57055
3122
18365
18419
57909
5050
15211
15217
54479
3152
27759
51456
61606
7640
26830
26881
27235
30720
31385
38221
64002
3138
20517
27250
30915
1288
35781
66254
66265
19063
43792
54222
59125
36874
37114
46187
47967
2586
11174
15580
15803
4778
7807
21343
22689
5089
27164
28315
64657
3314
5276
35506
35771
5821
51084
63919
64647
4677
26521
27171
38536
19123
45239
46758
47094
2516
17657
54000
66101
11027
30724
34248
54925
2679
25973
27762
64085
18613
28320
66892
70532
3247
40053
51776
64246
960
57872
70809
70810
2653
14309
72296
72299
30788
30866
34808
55693
4100
7558
26566
26710
5335
29966
35244
61897
13104
50635
70849
70855
6125
7597
64633
65135
2905
50201
50828
51956
6668
28484
28673
29277
4286
28178
28420
31614
3132
21252
22390
56427
30070
38352
41517
68040
24340
26234
60835
68438
26003
35226
35312
36602
6984
31188
71083
71106
28820
29821
64656
71437
5189
23215
23228
66029
2324
24940
25293
43295
4228
33498
39683
39871
3759
17211
40300
1743
44025
48170
4810
54850
68831
68839
2628
15524
49886
51856
19333
31469
31932
46143
14993
15314
60581
64084
18119
19263
19361
21621
23032
61247
67144
67145
4118
20133
20570
56894
26927
55324
56710
62904
3142
11178
11688
51695
4306
27423
27434
55377
987
3548
52040
57586
3290
36454
44192
65376
2205
14062
40051
40667
5122
24143
24150
42989
5807
9504
59636
19245
35951
67771
18321
64396
72639
72641
17403
18455
19004
57883
6792
8490
44972
19903
61314
71414
71415
14519
30681
43037
52081
4170
25832
30256
42930
23835
24008
43577
54545
3879
26685
35176
48425
2686
19656
36883
39558
4710
51876
58101
4888
35011
55754
61977
4876
7682
51344
51689
1957
48259
58506
69409
19754
20177
20362
20919
21001
25859
46097
62136
7510
8690
33697
37182
2013
20242
49622
59154
37683
40850
46415
66804
2934
7803
24212
43241
17841
18053
68745
68984
23520
37815
40504
12500
18525
50372
59420
35403
44380
44836
73085
10701
31955
62614
66065
2227
3874
47691
69358
4974
51159
53738
2946
8590
54734
59186
2758
6376
9425
22631
18391
18473
19774
22119
21459
22774
33907
62848
5898
51029
51565
64370
5463
36335
3184
22630
22652
60851
15741
21849
25421
53898
4379
23297
43841
55560
3192
9994
22216
69724
4811
5858
11588
55247
4711
22467
43589
62300
1830
3464
35339
35393
35037
35855
56721
16762
45347
52066
60425
4532
26780
27886
33739
7203
43648
60083
63642
3120
22662
31228
31234
5031
12093
59467
19397
35996
44791
53164
17643
22778
58037
15070
47388
56884
10614
46027
46123
46786
21716
21727
21882
21883
3208
21785
23225
60597
2923
18070
41575
45099
22508
22953
70200
7470
8061
11559
68575
5898
23223
35206
52126
20630
20633
22853
32397
35779
40446
44017
23413
58560
71791
71792
6520
6523
45592
46723
6666
7624
22223
23303
5016
8438
14065
44478
28473
30415
49040
51618
23499
26766
70587
70588
6609
16496
33508
63297
3454
12544
13142
38318
2761
7035
31825
37648
1412
6117
21320
63504
5593
16574
57601
65332
6808
40813
45780
65197
32648
34586
64267
66642
11635
15777
21967
54664
6395
13176
18822
59120
25735
25736
39685
44179
4330
13270
18612
26960
17564
52044
52660
59198
5229
53407
72398
72402
9731
32026
34056
53990
3691
18173
35567
61672
26487
34155
42234
46016
3199
6524
22903
25961
4276
40397
71091
71114
6794
19288
55200
2335
37055
43731
68157
42882
49312
53069
55891
4654
7457
7945
50930
3254
35238
58652
63140
5670
17577
17855
52681
25721
32213
43841
70190
3194
22243
72069
72090
36286
36405
36410
5091
9683
57937
58824
22989
46932
62136
69802
1835
25626
41244
69199
2526
26735
70551
70552
48050
49262
49807
62362
4584
40106
40145
45703
23263
28848
31111
61154
10470
19449
21420
54075
3289
40837
48843
56631
5224
37061
61939
64895
5200
11257
43900
46336
20261
25642
32451
60870
2527
35699
67287
67291
6853
29279
71212
71213
26796
37587
66649
66751
3441
24834
31488
32282
7094
10989
27217
28874
3115
43839
44613
63402
3809
32187
37442
9640
23017
66204
69792
4434
52774
52783
64794
7170
10206
40892
56804
3452
5346
35381
5464
36788
36802
36922
6016
19713
43773
69910
1559
7484
51294
54280
15558
51473
54927
64046
26168
28138
32283
34490
8855
26893
43661
53687
12287
64273
72176
72177
1909
5289
5846
67611
13106
27203
27376
38491
4706
6921
34201
34680
1986
5301
71972
71973
6562
8034
66223
66226
23918
53872
54030
60664
3324
25286
38606
46724
5148
6701
54841
67660
5257
28429
29416
39922
3270
27537
67455
67456
1655
5401
31517
53667
33532
33560
51032
69044
6212
58184
64197
3890
33478
72749
72750
3990
32064
58942
3073
16183
27545
30458
5944
32570
33366
41013
46858
54245
63053
5242
11988
29009
67264
1236
3740
25337
42939
27635
41033
50633
50680
5532
5607
38924
50907
5686
14699
43051
43202
5895
22849
25896
26417
29544
34371
43580
43707
21550
27777
67186
67203
3209
3343
30307
58765
5322
52995
68710
68711
25997
52418
52588
68281
24069
25888
67111
67128
2192
4391
52098
59494
13158
43300
65778
11123
51650
62049
9533
23901
63673
64019
3280
29768
66504
66779
5529
39458
40090
50136
4284
27975
37626
56282
2312
13651
27302
2558
7313
68865
68866
5476
25142
25143
34820
3477
29897
36425
39598
29388
29389
71460
71461
28111
64191
72378
72379
3412
7317
44147
44876
5132
13479
16990
52778
5613
59400
72025
72057
3112
9518
11165
23721
4126
23142
48898
52445
1299
29286
40080
54658
26338
40549
62581
64683
1593
19278
30013
41283
8253
43425
70426
70463
23290
29343
35570
66358
5371
6681
25943
26173
5943
50806
51239
64107
5269
19791
71235
71239
5881
6184
36074
34875
41606
54202
57469
3339
28738
29662
30329
2949
9831
72504
72506
22682
33342
34733
37048
6942
51779
70918
70988
4757
27565
28313
28829
2057
3444
22562
24041
33751
34186
44116
44289
16402
30067
62514
7677
65766
66726
66728
5185
28125
28759
30233
2518
5150
57039
61784
10542
38206
49373
54275
11146
11904
17729
53917
5308
30463
49739
71169
26267
30014
66078
29285
30805
31128
67525
3435
35069
35073
35082
28615
29820
55359
61514
4461
14158
72347
72350
15828
29274
52308
30020
30901
44177
46138
3209
3343
40698
67297
11655
19327
36448
16884
40689
40692
57253
33366
33432
34178
42676
43468
51114
58562
4135
57264
71725
71726
6320
34031
62226
67389
17283
17566
42120
59138
4151
33020
47950
66246
8648
30317
31121
62226
2774
7053
15962
16547
3873
4567
16636
69430
30287
30489
32598
67621
14379
29830
31117
58585
28908
29910
46796
53897
19643
19725
19796
21985
6684
19971
70917
70918
2596
7270
45426
45931
5535
10294
10964
57167
4985
6136
31376
66801
3364
30590
44511
47341
38105
38126
39125
65602
5612
54151
54192
58301
6899
32423
32788
42994
3387
31496
32265
42363
1549
21312
56236
62777
6909
11544
22455
48473
5969
9232
20472
20690
3929
50982
51094
51096
6919
31770
42837
65090
3380
27865
29397
31691
36043
52608
71749
71786
4092
7373
47260
48618
29505
34556
46479
66621
7098
64050
73009
73011
8348
19217
61407
71507
4351
6765
12796
21341
4009
6542
56939
57941
31167
65637
71666
71669
4557
58235
72206
72207
12166
17697
46489
60948
30599
32913
42903
45764
1715
7220
45428
67912
19344
19350
29161
32191
33452
34133
35927
44445
3418
7885
34688
37139
37479
40685
50981
55401
7420
23328
35747
37590
4631
7147
19303
39935
3369
31397
48563
69713
3479
32518
33636
64825
4988
6950
60167
64779
2542
6857
67715
67717
4315
18258
22262
63526
8165
24548
25094
6873
27814
29432
31212
6468
48915
51162
64302
1704
32806
33035
53683
36224
39595
16279
35495
63507
6082
51847
56566
59519
10053
11042
16594
40838
33810
35706
36202
36203
21337
24138
52930
56938
3365
12299
31380
32337
21437
47722
52353
63719
29479
34364
34524
67497
8223
21909
21916
63487
29510
30162
30740
33437
4788
21103
21316
1286
24523
45590
60392
47820
52814
67986
67988
5483
66362
70074
4982
15579
53778
62816
29344
29786
31607
44281
15290
34986
51922
52296
35005
35010
35444
70302
5399
35024
35945
39906
30967
32975
35023
35025
5848
45245
45734
5646
42634
43456
44948
13377
40155
49935
55841
18153
45521
48787
60682
9921
27556
27557
38327
1414
40105
71077
71079
3143
4892
16627
16834
3438
38568
67025
67267
38246
59664
67301
67413
9223
65016
66905
66906
26461
26508
26801
63694
26973
33346
62550
62706
30271
33994
45260
53397
35983
46340
48450
56796
1605
31590
59578
59583
6013
57453
72389
72391
6945
27523
30925
33137
27500
29751
29960
62810
32706
32916
36760
42582
38926
39451
40519
51744
4624
30025
56740
62507
30426
38789
56109
61457
34365
34416
35371
47950
5690
35392
41887
70883
8929
10699
26806
55189
5484
66699
66776
6089
29541
32488
31173
34180
36563
60404
4449
30763
34965
57974
1499
6148
7751
51854
1317
23166
25213
6384
67027
67029
5429
35633
36249
34763
37009
40333
45019
38886
38887
68975
68992
3444
22855
24041
36678
3809
32151
37842
60715
6580
65399
71742
71744
25249
36133
41722
69808
3535
24613
36272
55541
36284
36340
40791
51551
3624
4077
33021
3744
33186
54388
40125
55906
3012
12358
69007
69008
17668
17935
17945
18021
4165
5769
45509
45694
3488
38778
67005
67009
1586
5770
67970
67972
42229
53737
68187
68206
36974
54863
72384
72385
3284
27706
70795
70796
11043
11295
53849
61446
5491
8449
29250
50159
2390
11553
50816
52598
7029
7508
29261
56652
11792
18112
46418
46562
5494
36949
37078
37831
7450
40034
40041
59235
8145
17322
29003
29004
2136
20050
25404
53758
24172
25838
4221
13332
56058
56256
7796
36674
38331
59115
14411
14758
37404
39355
34423
43962
54714
64867
2501
7275
23882
44525
6531
18084
18094
19280
1338
46636
53884
63751
26195
26756
27052
27949
2748
3472
7011
19584
33757
34538
34896
35506
7045
14325
37644
72289
32070
36444
44161
62216
3153
7042
27910
59070
20869
36966
56940
57045
26063
29254
62062
7129
7449
53919
68578
10542
41017
54275
16661
16665
66824
66826
3309
28195
28577
37930
19447
38074
67269
67276
26393
42170
58980
7064
38185
38341
42908
17315
57330
59486
62707
3545
36097
36099
41870
38105
38126
67488
70899
15850
51278
51487
59373
28163
28511
39495
52998
5902
51439
59517
66123
6402
49061
49087
60325
30299
38235
38620
46318
2015
38115
61074
69294
4044
40552
68284
68285
18745
29811
61569
63486
19230
23264
35170
55210
3169
9161
13357
38295
3424
8914
34909
45952
38551
40911
45209
61640
6309
17762
45126
63366
3311
19364
19869
61401
3564
9761
52582
62917
4051
38826
39387
65822
4574
22977
70015
70022
7708
38858
53798
64219
3575
38911
39628
57622
15419
41858
70651
70652
5808
57256
68476
68548
7686
19327
23977
36809
3583
15015
15058
52816
3056
6630
47831
61414
2408
6150
44597
67245
6363
19659
19799
44686
4037
31387
31431
33087
25928
26145
67671
67672
6839
28336
47234
60552
20682
38888
38890
40039
36532
36849
38154
15285
38009
40095
40111
3571
7077
38673
55904
2440
5852
8859
48491
6317
16136
50411
56768
37472
46213
46220
57087
39116
41568
70852
70889
2603
12469
26955
39377
14160
18271
18891
19068
2938
5522
25840
26384
16412
43281
59621
63335
11933
46666
47872
49287
3462
3601
39247
62899
5475
27907
70723
70793
4546
31769
41351
54543
16314
24194
32427
48651
5335
21525
30845
6688
34320
34469
35263
2765
26576
66300
66317
30973
41548
68609
68612
2664
3029
72311
72314
16014
16067
16138
16520
7067
63540
67350
67355
38357
42913
67909
71283
50693
66115
71684
71707
5587
18294
19039
28471
5163
40241
40267
62914
17741
18214
67875
67882
17324
39307
61380
62813
19497
28322
71229
71230
7268
39113
68457
68460
5344
5377
34518
66459
13733
49728
64529
3609
28704
39830
55796
39550
46148
48029
57209
10303
26088
48485
65466
38878
39527
39901
44648
8095
12974
25217
58714
4365
19756
20497
40493
4872
13695
13481
16478
19415
69529
4745
23289
39434
3466
5446
24257
34613
2136
25638
25657
69861
40138
58124
71722
71726
2718
7153
70756
70757
7401
39845
50170
51477
44212
45021
52741
53153
13710
18491
18532
50209
40168
63217
68498
68503
19831
27620
28416
60248
40173
63196
71761
71769
6209
49788
49800
59768
40270
66119
70389
70405
4372
53837
69158
69159
2587
6152
16750
17232
2688
23459
26773
57067
2662
9985
71391
71462
14871
16657
18283
69350
1757
15201
36295
37255
5927
38731
60048
60319
1702
7233
25320
44629
13591
41299
48400
9725
33299
64122
65593
27751
61866
64051
69400
30732
40686
70014
70015
3398
26655
26658
26662
4397
35338
67173
67174
4079
31769
38675
41476
15698
46780
49393
3638
19874
71240
71241
9377
43807
51751
10183
23051
33231
68163
2851
21285
40851
56913
1885
6935
40494
68927
33347
34161
68175
68202
13307
40411
40952
62958
2557
5937
39006
39373
5661
22471
43780
65032
21517
52769
58459
60763
4172
57910
72000
72002
7040
30561
54034
58363
13759
22637
40423
64000
5245
25415
28487
70080
3689
12994
56297
57103
4609
5993
21181
49321
33283
60337
71763
71764
2442
26362
38581
59324
3959
5574
41342
56026
2586
14982
54478
57492
1537
14187
23161
14390
39058
39067
39085
3477
36425
67905
67926
7900
15207
33482
34071
41477
45885
68250
68251
35917
41067
41507
44826
6751
27472
35806
38313
13996
14964
56786
62101
7717
65303
72333
72334
23859
55452
58269
63118
29802
30535
31266
32043
14137
16980
62178
69057
26381
41621
41623
44225
3630
7385
20608
51000
2820
7123
37664
38263
2852
51942
52566
58118
4813
13274
24417
24571
14364
56581
64068
68925
4456
36462
38667
39047
6570
12506
55797
59069
4762
18993
28245
56108
3552
24385
36246
38083
2240
14659
71895
71896
14028
14177
14518
56557
4717
38456
38821
39798
3497
33889
66778
66779
14217
42490
71975
71994
3748
6998
46134
62439
5790
14252
19237
43000
3793
7404
8769
31267
10603
22212
53925
54917
13098
43394
66323
66324
22236
42520
56327
62243
24342
41980
68261
68262
47044
55252
72219
72228
12356
12540
16185
34574
46042
59494
3210
4836
39620
44371
2757
27994
39270
39342
2114
47305
64103
66043
22972
59918
71962
71963
23644
42439
42443
44843
7291
42478
51912
56271
30537
57269
68126
71513
1514
14285
14867
63798
2604
16691
16761
59899
2682
6762
19524
60272
5510
18489
53137
67512
3054
13936
14374
56091
18510
42809
42974
63160
14429
54160
70524
70542
40516
69142
69143
30898
53757
60861
63147
31006
31809
47857
5486
32445
36318
43060
54082
60291
60653
3768
42251
45782
14134
19214
19953
69074
34590
37035
45060
53417
8443
17323
58789
58825
5704
43168
43662
44678
47939
56367
68708
68709
22649
42618
43004
43708
30917
33235
50957
55925
2989
13077
32366
37862
43312
51698
64723
2262
14849
52567
54386
12669
18503
19665
28306
7415
13885
15255
64527
15355
15498
41767
51175
10561
10757
11765
51397
9776
10185
11328
30688
15191
17205
27247
52568
15227
15231
24094
69541
1555
14556
56616
4424
24992
62828
66683
14330
15068
15108
69338
4509
35117
46307
64649
2725
6927
13852
18801
5791
38964
56003
6438
49821
69609
69610
5729
37996
54874
16807
56624
69497
69498
3358
3777
22494
52792
14479
59126
59395
1903
6416
67017
67019
41205
47320
56646
2021
7723
40033
46168
1555
14594
56581
68925
4266
42657
42765
44842
19385
19646
47233
48566
13569
65028
70879
70887
14595
68926
7663
9856
41694
51166
44702
46053
68180
68182
4967
6308
22472
59171
6986
51587
73129
3665
6497
61922
64026
19454
21405
27198
40319
1572
14440
25577
3042
16517
68117
68119
24951
27591
48300
61403
6658
38545
45148
51486
41084
41090
41297
54099
5262
5745
18033
18037
5552
38001
62663
14145
59785
72995
72996
3664
41806
52527
58033
4315
46179
70243
70247
13899
56557
69088
3683
38981
41432
41442
4787
21137
58018
1603
46308
68624
68736
34861
41968
61190
3753
6277
30908
45377
3427
22089
47887
48431
2666
18164
58620
58626
13898
14144
14155
16651
7216
50205
53672
62699
5768
22651
43875
61836
2289
3576
38701
38899
7890
15046
69045
69046
7495
12843
14123
14341
2715
27022
45516
4355
7169
40371
60491
1874
11487
32568
68927
51899
52500
71481
71482
3782
53985
68854
68867
3435
35082
67506
67513
3786
45948
68236
68238
19269
41122
50609
6291
61214
70279
70281
42453
42774
52990
56630
5244
9984
27896
44844
49450
49883
50387
54989
4096
46229
46257
60570
14956
15206
17084
20286
2148
5796
50003
63645
4311
6332
47043
54058
1698
17800
45225
46303
5798
17983
66166
37228
39991
48798
62932
27812
57904
60458
3689
12308
56297
69226
4595
10930
26447
46676
42715
60959
72071
72074
2105
3803
17767
46516
13908
14954
22703
43472
3821
14928
46339
46457
4777
5648
44949
45087
52768
57315
58459
65402
1705
15283
15306
58174
55911
60958
67188
67204
3730
14416
46010
59490
1619
1682
14565
15980
40268
54704
72671
72672
1623
14312
68930
3677
5795
9463
58277
47007
47015
70120
70122
6489
62558
72811
72818
14689
15970
68929
2388
42658
47092
51341
5814
32159
44587
46621
13404
15656
17239
48912
26693
47182
68850
68852
6200
18233
59347
60137
12807
28126
46827
47294
3844
10596
62783
64269
8006
52239
61238
69488
3846
9032
16172
48825
4308
4877
18348
61713
2305
2367
15569
18433
1877
14887
54764
69163
5079
10444
54219
63655
14610
47190
59294
63603
4358
22664
60212
62972
14947
56512
56547
69158
6087
19091
70179
70180
6535
15405
69254
69255
26510
52977
62015
64990
3758
16948
52152
59483
4412
48680
68959
68961
5248
12286
69231
69470
5382
6006
16332
28762
14156
14865
55848
56547
26599
35167
48634
59122
7038
48647
70818
71089
13662
29324
37104
64169
2108
3884
40385
51230
17951
19273
39144
46575
3883
20731
21606
38874
2096
17106
17999
63733
3441
31485
62350
7073
20829
50212
56135
33974
34009
34642
36014
2375
7446
34550
34705
4307
6098
49756
62597
11866
14258
33217
63376
19790
25178
55851
3438
6619
38564
3348
15481
30061
61646
3895
15306
53011
57707
22396
22458
37059
56676
21220
45624
45941
65285
4136
30670
67006
67076
8390
18836
41864
66138
4600
26832
40323
7227
11675
54030
65166
22808
59977
62090
70089
4539
27754
33712
40610
51907
61550
64515
64880
5493
37468
37512
43062
7347
8357
18310
18326
4918
9217
18393
19829
45751
59202
68183
68295
4718
7366
17113
48282
30010
30144
67334
67335
6931
19818
22896
66616
3596
41027
45104
62602
14352
35482
68930
3879
48425
70435
70437
28766
29735
29736
62894
6120
20062
57870
58337
28751
49829
50438
50450
17056
35766
38608
56599
16726
17397
24434
62871
23639
24210
56893
63265
7177
18269
20685
3901
21059
49386
49442
6085
51950
73156
73161
49605
66702
66725
2732
16775
55513
58937
3042
22778
23254
58037
49034
49046
50889
63113
40548
49944
50176
51042
46306
46677
66166
7487
15321
59813
3903
20922
29243
65114
5115
57054
67629
67645
2859
66357
66359
17282
50350
55188
60981
33006
52091
67130
3895
13935
4667
7321
31553
53141
60705
71991
72008
6078
7850
9983
11662
3069
10901
14136
42153
14007
15566
20286
6258
53225
53501
58614
16094
18424
48484
52485
11954
55753
61433
63441
4868
14546
42678
65209
2775
3754
67911
2749
7012
68058
68059
10434
58448
71694
71713
37899
39616
40772
67911
13949
16478
16504
16507
2482
67649
67719
3177
6529
17390
48353
14956
15205
21424
69318
3659
57638
69314
69326
8019
18257
50527
62455
27343
28760
39405
48691
4140
13966
14707
25160
4447
12600
58072
71762
14871
14997
16702
56863
4758
27550
28066
28354
1836
65037
67872
67876
16840
58925
73222
73224
17206
50809
51768
2768
7046
54997
61400
3037
4624
61939
66292
6837
47000
72528
72532
50792
53476
68636
68638
3439
35141
66886
66887
4577
12823
71746
71747
37179
43969
61239
14195
38810
49733
68906
10555
16818
19124
51712
6468
16733
51913
53187
4829
22795
22901
4005
27705
38164
53157
3291
14794
46294
49524
7137
32933
39823
48827
3012
12358
46746
56866
16788
17861
48991
49183
7581
14455
58441
63259
7306
7768
34044
35669
9841
32535
40499
56252
3390
16984
69359
69361
4828
13627
56362
65061
6959
37536
52988
58907
51889
52899
55477
55478
4466
28597
31272
61677
6799
37258
39630
5467
56183
61748
61962
12789
21552
21574
57521
7824
54361
61578
73109
4746
7140
46405
53992
8575
50790
73018
73019
2088
5351
5578
61425
5645
46460
54025
56413
4883
13837
56223
61556
14155
14995
15301
56448
14968
18242
69315
4724
7804
37582
65091
14713
55201
66350
66367
8872
13952
17349
17496
17019
62881
72099
72106
19419
44714
73244
73245
19149
42130
66431
66437
10301
10721
15717
19366
24240
29362
62478
6002
22020
42825
62160
17857
18095
52125
58991
2485
23455
26321
55471
16725
18526
27862
69302
3455
23444
23641
56370
9800
49806
68016
4588
16426
17365
56264
54321
57642
60608
73115
8017
11326
30747
60508
4300
14334
14771
53920
4702
27794
49176
50715
32597
39475
50174
69062
3134
7745
66928
66930
4950
12640
57536
61806
2579
4636
11843
11848
53123
54016
54024
54446
6483
50871
54961
63547
2544
23669
26614
36272
13528
14280
71852
71856
32551
32694
54849
56478
2269
4533
25936
60818
2052
2285
40516
69142
2328
51775
55103
62175
14745
16169
23248
69124
4194
9760
52048
6031
48756
66732
66736
5599
22354
39797
61227
3093
54941
68725
68740
18059
22126
43846
60032
6545
7156
73209
73210
4040
7930
16076
60000
19319
63885
73014
73020
1877
7905
16822
69160
14994
15182
15237
69530
18048
21764
46374
66075
3235
3264
8973
17348
35935
37786
40541
45351
17227
33478
42072
49072
3537
38303
67090
67192
4972
12290
30193
59030
5586
6405
63528
68100
10153
14138
14147
40054
9553
11084
12848
13529
3354
29923
30273
30965
26483
27049
54810
54841
2483
34353
66585
66586
18405
18406
28222
62087
19587
28155
28393
30440
7867
15206
19467
69317
26374
41382
41711
48805
14406
15570
20786
43736
21036
21598
37478
11522
16891
17176
44815
15374
17388
54933
66153
6142
21250
50737
3063
43448
71254
71255
10953
11565
11852
23207
2570
5609
7295
57915
17991
17992
29602
50137
4336
12228
16193
30978
42179
61590
6401
61451
62698
64078
5538
14955
31944
55432
7549
44920
45001
55257
14480
55264
55304
61290
16702
18363
54685
69347
24405
26853
40451
54684
6172
7941
56783
64600
6949
61857
71424
71425
10724
53634
54742
54829
3387
47163
47397
66444
3708
34800
38448
45070
23469
26972
41383
61298
5307
40975
52898
69194
3507
37544
37709
60591
7874
33159
43548
66550
7464
14527
57820
60442
3411
34039
70086
70087
26025
43626
54133
3720
42277
42466
45962
19167
20139
56542
68912
5899
16810
18148
20716
12484
15146
53219
54200
5644
9858
41577
69648
2786
21371
26208
56241
16097
18296
18297
19439
52789
59418
60857
61870
2684
11282
14070
27421
5482
23397
23507
64914
1916
3453
38384
61822
4185
7162
25066
58487
14109
16317
52335
59105
26479
62194
70267
70514
5306
27275
44522
49068
5992
58661
59353
62723
23684
26717
37483
59143
3860
47818
70435
70505
49287
49374
58192
62771
14594
63707
68925
12406
59099
59698
64959
9462
23333
26281
68646
69160
5447
36407
36417
46714
20462
49734
56918
57745
26044
30773
33937
37811
3751
26630
30431
38794
4321
53429
72879
72880
27375
27549
29980
30051
45624
45941
68119
68153
6602
15980
45786
3588
38980
67634
67664
6379
22503
41345
41906
58324
62025
69545
69546
14176
14178
21836
23480
4512
7394
69535
69545
7789
13183
13363
41400
4489
53536
54662
56826
5851
69309
69311
3046
23500
56340
60764
9830
47738
53685
53691
4541
24112
44525
57481
42481
42484
70173
70174
29923
32733
67388
67392
25849
35778
66718
66730
6874
17122
17214
30361
16806
18819
19986
35315
3579
29798
66882
66898
4155
31676
34413
12653
13061
25605
12308
51895
69226
69253
6322
42738
52216
58028
3312
38647
70686
70688
3272
21553
69097
69101
3831
45264
67337
11270
50178
55288
56668
3194
14431
17917
22243
3053
4025
12388
55908
29005
29181
53438
71214
4674
32206
59962
66308
3790
26930
44924
45979
6278
10925
64571
5517
38279
54679
5691
43334
55486
57566
4709
6970
21789
64689
4514
15000
53688
53749
11625
17073
18421
56183
7164
7430
53824
64587
23625
33004
48757
60588
52870
53414
58593
59378
2496
6904
66803
66805
3314
5276
65766
66728
3256
25704
37805
39644
2444
55570
55580
56376
18333
19609
24746
2589
2606
16046
17318
6391
56008
64128
14968
15212
19467
60581
4145
7267
68426
68428
3222
23643
70510
70511
3231
3406
61917
70994
7698
58127
60859
61306
18230
44730
46029
46257
4425
7395
10321
12196
23914
32045
53043
53593
30392
40994
62374
19363
34350
35028
73018
3357
31104
71143
71145
19073
19352
31934
43177
16848
21556
21845
58754
2747
25025
36374
62207
20591
20683
69888
69889
5175
19652
70696
70764
14952
33073
33169
58111
5135
17381
48344
48457
5504
23529
23614
23707
3660
33641
70556
70557
16256
35568
52936
58430
3796
7231
17398
34087
42354
45976
48310
55584
7272
58610
58625
2794
7056
67151
67152
46142
63085
69408
6137
20057
26789
57571
14930
16369
16656
49239
19953
20109
25814
37738
30030
30314
33431
40082
21583
21590
30446
50831
3498
6769
42715
57261
4160
24235
27043
45540
5880
55809
56274
61377
6276
36928
44469
61082
62159
62529
66724
66735
15702
32734
32784
41611
6735
41770
65126
4011
18451
45720
47176
2481
7837
20759
58087
4900
69437
69439
6288
14465
16685
43575
5692
29998
30716
3932
18147
35518
61115
14265
44477
44729
49870
10313
27164
57108
62910
1987
50906
69161
69165
29878
29900
30823
38802
10873
17548
60891
60895
3198
52113
71706
71721
3728
4185
18563
58487
4143
18039
21642
24674
32453
32587
36093
36821
4381
29369
40139
54942
36669
37645
60596
14772
14775
49789
2969
55934
71508
71510
7379
11703
56578
57620
4550
5499
13314
18646
13181
13197
19220
57022
20435
25897
27476
27793
4904
10883
23827
7030
22978
30503
66259
37946
39291
39511
39726
26773
49640
54467
68590
4069
4647
17288
33986
43525
50067
52124
69696
17052
24449
26555
44172
24186
38369
55822
62042
21419
51223
51484
19474
60685
71945
71956
2694
3700
32290
40500
6348
7644
53721
57644
2175
3033
39632
42986
5933
17964
39034
42925
5619
39798
50977
60351
3734
42389
45147
46208
5344
66457
66459
14370
18728
33885
55331
57428
69272
69273
7271
10928
26184
41984
5672
5950
57143
15502
24944
25319
62791
4209
11701
15992
6534
25102
30766
34334
38285
50978
56169
3826
45563
68256
68257
4698
44259
65455
7052
12525
62509
73035
5754
45284
56301
25536
25929
27525
27868
14677
16787
45417
56442
5422
40875
50805
3873
48274
69429
69430
3500
3572
38065
2444
54228
55795
57310
5989
29209
62492
63300
23160
23335
23343
68645
22947
23149
48615
52352
4570
53034
55439
63875
7573
25278
52888
68924
51810
60597
65170
7312
31282
69132
69134
31865
51681
52785
56318
40341
58988
72419
72423
37864
43316
59328
72067
3620
29283
32087
13829
42842
45772
56824
4156
18057
65775
19811
51977
52280
57038
14622
26294
61297
68897
13184
13353
46835
56102
3226
21645
23555
57562
4170
34724
42930
48167
2930
38724
70879
70896
2089
55416
66404
66405
4806
15155
15887
16159
3993
40341
52858
58260
2660
46264
58435
68477
13348
17756
17826
59461
14563
17069
44463
5144
20183
29839
32021
13111
27219
55690
67205
11178
11690
12135
54098
19965
22746
70719
70790
2683
22304
22764
42459
56865
72630
72631
4469
17516
43121
43607
2082
61886
67845
67857
32475
49605
54842
20469
42493
49338
58886
21217
25693
29506
61496
11564
14232
17269
68849
2933
6857
45277
67717
5397
63269
68215
68219
2992
4248
11914
64375
4707
5757
11000
45308
3163
4809
55582
7146
16615
31157
38800
13286
24472
35077
63070
7241
23470
23647
54533
4651
5393
31710
42077
17064
59602
61931
62537
27500
29960
55129
57117
3941
28108
68296
68298
4167
45084
50187
65302
8481
12590
14874
16026
3125
22107
34937
62627
5065
26099
48852
60502
2886
5861
39192
67467
25253
26048
63060
5417
36012
50351
71277
6088
51336
71601
71672
2197
11937
17535
17558
5339
20817
51414
9933
42209
48557
62627
38622
41734
55713
17367
23910
34138
5017
52797
53692
53749
5653
52053
70850
70885
22557
28803
47694
62848
6439
16764
40597
66037
3540
48681
68949
69011
6321
34959
53921
65496
11893
15644
46948
21882
21883
68565
68832
4220
32459
32793
33402
5531
26409
41667
45177
4220
13210
32793
54956
3762
25647
30700
44663
15051
21851
23524
64094
4355
7169
67308
67312
19056
20688
30841
34532
3076
5800
33265
2787
4723
36165
55902
4987
17343
65324
48695
51747
56134
16675
18445
20123
69291
15308
23374
23604
5092
52144
58002
59985
25071
57489
72869
72870
26068
38587
38871
62818
14037
15283
69313
14586
19950
69508
15826
19531
41281
5724
67313
67315
5191
21131
23122
60261
4008
50110
50207
50416
24803
57314
57731
4832
69034
69049
3262
19452
27409
29090
5953
28233
48352
64323
2594
16305
16751
17213
13011
15020
20460
32086
34338
36948
40366
47576
57326
66334
66353
3865
4462
19400
69360
24918
25149
34946
57686
6878
51104
54247
67935
3044
27362
34815
60215
4716
66830
66831
4509
4878
35117
35140
4141
21769
36145
46430
6678
30210
33569
49189
20037
69862
3674
39108
41068
55991
5021
19715
68463
68540
6782
63333
72846
72849
14399
21730
53510
6841
28284
28287
44293
6992
44727
70600
70623
7282
24057
54088
64475
14901
54764
22138
22381
44278
64864
5433
21900
46706
47921
2622
36532
41305
46300
68634
68635
13856
16579
16588
34424
4035
13732
70313
70316
5833
68887
68891
17159
56080
61062
62109
6622
16670
31847
33984
35527
42652
66317
66319
4181
18244
26642
26803
6383
18944
42251
17854
17878
41751
63671
14308
46640
59331
60486
5380
7706
54178
63027
33998
34455
35642
36587
23810
41211
66013
3836
45218
47087
47149
47622
60097
69913
69914
38901
41558
67542
67639
3268
27673
28971
35102
48421
52726
70660
70732
3233
29410
72718
72788
28248
30158
30440
40243
2888
6532
46909
56539
3995
5105
42710
42842
7608
9642
54155
57522
35659
36018
69538
69539
2181
23281
45971
5302
30400
30492
30543
5257
15291
16831
3069
4936
18547
59139
4922
21373
43116
52612
3292
60248
70916
70989
4825
6938
32860
33107
4165
5769
68033
68034
11279
45107
45123
4115
13458
18498
46575
38214
40639
41508
61906
5834
21740
52835
48280
50950
51646
58313
2219
25070
36850
63928
23457
23469
26533
27301
6233
10933
72013
72078
2528
6642
24987
69428
42164
42239
42261
43891
3939
32403
71133
71195
5279
51854
51961
9099
18425
18434
48646
6230
53006
57864
58338
4172
54526
57605
57910
5461
32152
37936
48357
17363
17377
17447
7901
16590
19309
69509
13962
15378
53728
58232
16919
25701
41647
6600
49897
72953
72956
4687
12996
35251
61396
39956
39965
39971
50142
5498
66873
66875
20681
40537
55026
4003
16809
22740
30703
7112
7592
53223
57857
3954
38444
40671
59780
5010
17453
17457
59442
4650
41868
41897
43654
38312
38427
47825
3342
33360
62181
66270
19517
19860
19891
69291
3608
5506
35732
36743
13992
16469
24406
29358
57406
60749
69301
3139
14054
18609
59027
5972
28638
50826
58815
23026
36508
63827
11270
13600
34179
50178
20163
29172
32960
61357
2816
5911
18446
52473
4396
13464
36313
36315
3798
46047
68448
68453
5000
7088
36039
39177
23232
23254
68116
68118
48274
48302
69430
6865
13898
18355
69367
6487
46339
68677
68777
19143
57519
72729
72747
15577
15615
62087
16787
56442
69931
69993
5436
28210
28533
29796
3386
31429
67602
67619
4069
15730
15834
33986
3790
45979
70464
70465
3470
13877
42455
62319
6187
19591
25355
48654
8650
29840
30015
62805
7106
52293
61462
7407
50022
50893
51630
3245
22210
34934
68127
55773
58812
66434
66486
4970
14203
59487
68896
29226
34332
56521
56807
60729
62061
65020
14180
18079
54156
68909
2534
27161
28031
29191
8016
42740
43371
43612
5549
10361
18591
23222
26085
62743
67864
67866
4446
63018
70761
70762
5281
14197
19000
60254
42891
52924
53486
71898
2762
37466
66753
66754
4802
7477
14274
21678
4440
55101
61265
62835
45753
47408
47647
49774
3617
28088
40235
53438
4907
5566
39870
40108
7999
14615
24044
61297
52444
69245
69248
2910
16857
30076
40345
4098
18397
24399
34878
3533
27743
67720
67721
4277
27571
28142
57913
14171
17086
32651
37179
7159
29127
42817
61432
19405
29039
6267
21846
42101
62548
7327
38567
69293
69295
6334
32522
53665
64987
3203
3772
45740
49425
5918
39123
39141
51186
18367
38598
70898
70899
6595
16140
16141
53250
29827
30873
38906
39099
5353
67049
67057
9513
42698
46144
56982
4829
22795
68120
68140
12843
14463
22453
24259
25514
39813
55826
8068
10411
12704
26273
6918
34191
34678
44463
69160
6110
31109
36676
63173
5267
7740
66435
66439
3017
13199
29741
57772
5086
5557
38698
4466
23545
28593
60982
3626
42764
66745
66762
5937
39404
40651
42737
25424
47691
47932
53101
5802
31905
42342
48477
12531
13202
62548
65092
4522
55909
72557
72560
4899
43675
57196
57299
5782
30528
39054
40402
5440
7903
42663
53965
5316
29203
31557
60307
13975
14155
15019
15302
6130
31239
31317
39549
30865
33188
44133
44151
9800
39369
39372
63238
14966
54600
54614
4456
31465
43934
67853
30199
30202
69594
69596
26805
42846
43027
46328
7787
9006
10877
51334
3214
21782
23656
45004
3617
30380
32598
40235
11105
12179
12186
4030
54325
72823
72824
3432
34722
36247
42012
3293
13199
19697
42163
24914
35940
54442
14232
61519
68849
68872
29406
29624
66252
66268
7809
45667
68251
68253
7002
42927
54211
62387
5926
42700
44914
45068
15008
15017
15512
16744
22621
23904
49419
65054
4551
14756
59815
19167
20128
51411
5657
41686
44527
64501
24679
25068
38555
48951
3417
25475
34677
8620
53938
61204
3321
23687
26715
27920
2575
38990
67544
67546
21979
22137
23322
62815
3937
28238
28598
14598
19154
20128
39789
5161
14531
13304
23064
26217
37216
3562
7428
71504
71505
3881
48460
64109
64160
2958
34424
69498
69528
16934
29434
29596
29920
46129
51653
54696
68733
3566
38635
67461
67462
5513
50115
67136
67138
5764
69871
69876
2880
23945
43819
54225
16850
19157
20153
20210
18317
19203
19791
28335
13232
17049
35291
58475
2350
2386
15271
68914
18978
19148
60697
5609
45314
45347
65699
17570
37317
37340
62616
5857
28428
28792
60377
20197
20349
20781
36214
45092
56279
56558
23580
23582
23699
59850
7256
17543
44170
45211
5057
5170
39824
41663
5618
23965
60828
63166
12367
14856
14870
22153
6316
35462
56037
61377
25914
57919
70349
70350
5196
49901
56872
65539
3216
55830
67928
67929
4014
8381
10310
14246
13998
18889
49088
49234
54614
69299
69300
5030
14357
41229
54647
6180
17353
54932
59155
9259
11300
27696
27721
3195
22250
68388
68395
6254
23116
33007
33176
33370
36211
50028
55553
70282
70352
31739
34273
38050
22942
24877
39367
5796
6783
20604
30671
34252
34266
36159
12055
23214
23287
2850
41271
57993
59933
30143
30485
30751
40523
6294
56493
67493
67503
3417
34657
34677
53417
4224
15598
73180
73182
7013
35971
41789
54961
18978
62361
68913
4281
36926
67952
67954
15071
47071
68938
5812
46044
46065
46326
3931
54773
55092
33793
51880
71925
71944
12312
24462
50316
50593
6712
21271
21442
22963
4173
19182
19901
58112
38713
47033
53509
65975
29343
61148
66356
66358
44130
44982
57930
68368
42395
45644
68211
68213
23351
24777
49432
68409
15367
45388
55802
56365
3529
14279
71880
71901
2872
4823
13761
57233
6812
12404
12753
64526
7898
11728
11884
49828
6776
54634
54697
54808
3199
14421
19306
22903
5206
6464
7209
42682
5423
5725
67246
32370
36502
53957
66098
12283
26520
33296
54884
29711
29722
35830
63173
22407
23166
27513
68626
6284
11786
13896
42824
5916
8660
27415
28889
3493
7078
67238
67242
2794
7056
38319
54935
32286
37793
50037
50041
11948
20874
27435
68701
7943
39133
73041
73043
23337
37000
58630
68680
4227
51875
57316
57585
2513
21617
58552
68687
6381
7323
46738
49575
4564
44777
70813
70814
2498
12037
12812
53377
26025
43626
53896
65140
28566
61323
67648
67649
2768
7046
66873
66978
3055
29830
72113
72114
57245
65279
68730
68801
3035
7767
30455
30490
13646
41140
46620
50825
3360
8956
9996
55649
3535
4245
19262
59129
3181
10575
21649
23564
10702
11880
72453
72486
11903
45439
47401
47402
7482
31274
57597
13484
14831
18132
38942
4835
48109
56823
37880
39841
62768
2690
28977
47201
10446
17856
19140
40781
55587
2446
2826
28719
46650
8027
26166
27881
6994
35798
39516
39615
3868
11780
23391
47735
3394
7782
46955
61444
21945
23070
68417
7388
22510
37323
40559
9970
47804
50453
62012
4407
42185
71658
71665
5222
12340
15710
64283
5479
10466
36891
9860
50871
54434
62995
10541
22931
30864
60666
2500
2968
72877
72878
9952
11281
28124
67806
2975
53798
69580
69590
4556
57206
59034
62595
26236
53057
53385
62300
17625
35231
36158
36296
57739
57747
61637
71781
4631
7147
70722
70723
8257
22946
26646
36253
2502
23979
32760
68028
3242
22075
23454
26565
5369
29081
31649
31650
34169
35754
35924
4444
31773
63005
65831
11575
12066
56374
58251
3303
22443
64558
5681
38677
39197
65112
23860
63663
64505
68025
2963
23649
26681
3812
24995
44013
49439
62951
67598
67599
2736
30340
31663
34668
7773
19878
57293
59972
3756
8980
17858
24682
26324
43733
3625
33950
61717
32859
40088
54849
56478
2911
26320
26405
5158
49054
52075
35177
37138
62175
4058
18484
67402
67403
5435
29002
32967
51963
21565
50771
51494
52430
2507
3789
18313
58437
47127
48684
59433
5106
10956
10957
49173
9913
34849
35601
6015
19578
56683
2710
5802
31376
4854
7663
9835
63839
4984
53119
57352
49585
54072
63551
69466
7499
54103
62191
44547
48750
56971
23833
25709
68026
5456
18381
63078
3855
47629
69900
69902
5174
7855
21350
25998
25510
56722
63300
66623
54163
72065
72067
23755
60757
70266
70271
6514
6651
7325
26316
5047
16362
72445
72446
18392
40251
52249
7752
22768
54483
11951
23205
41364
17456
17539
22183
44972
2871
9610
20356
57973
13635
14492
53998
21809
23153
35618
10349
17505
31341
13142
16416
18561
28289
2939
27971
38578
67659
2885
27446
27569
49601
19193
47233
48566
60328
5480
36505
38309
51888
25912
27885
32987
41756
3769
30860
45691
60752
23682
26718
26728
24848
35757
36668
52298
59896
62184
4441
39290
70642
70665
27584
27702
28528
30540
3588
38569
38980
55901
12579
33042
33101
34098
6160
28797
49337
28625
29251
56286
22271
23755
48530
60757
15286
15548
29938
59579
27109
35836
67201
67202
2589
2606
72511
72526
4118
28238
50439
56894
5361
30473
32251
32259
5297
51619
59520
2698
12776
38832
6294
33999
41804
56493
59106
70530
70551
5536
6672
7056
38459
9544
30979
38346
25622
28637
67257
67261
25914
60761
61090
65709
29458
32920
49258
56926
3581
14936
71393
71466
4268
48318
48466
50510
31006
53953
61472
62078
32816
37438
38933
39450
5866
37175
40048
41707
5867
6155
47965
58298
3449
17638
34005
58289
30407
45809
51449
2890
46499
47907
12956
15992
22475
38115
17768
19162
50254
65435
2667
4639
45100
46054
24680
24820
25294
38152
4427
7082
39885
56782
33034
61122
70085
70087
6803
22892
26023
64870
15584
16524
65444
22856
24024
53453
55163
2903
7917
52942
67387
7265
57748
68933
68935
2882
63612
66093
10593
20632
52885
18870
47011
57334
65666
23946
42051
44708
44723
19250
19592
35095
36124
6064
17324
62891
21325
22668
25498
57876
23916
23960
41566
68243
30573
55528
68710
68718
10405
72480
72481
7847
22699
28120
68044
4903
48423
63948
10951
13107
41321
53514
11483
23066
36355
4900
11677
53544
13172
22061
24049
58499
10152
16721
15841
56606
59595
6153
13410
13624
16540
59924
16443
16444
30037
55021
6165
13087
32896
61063
6168
24047
26139
55658
4836
41271
44371
68147
17554
72894
72895
14310
57935
58894
2876
44598
60368
9530
10844
20295
23900
23948
26064
63896
30046
30275
51978
52543
11913
11918
54183
11969
17897
42238
59989
6268
28116
42157
65034
4538
18583
53345
16688
17240
50545
12767
30068
38142
63466
16050
57962
3523
22636
23704
62642
8155
23671
68790
69029
13081
17894
61708
67376
30059
30813
47567
67800
7609
29988
30939
32462
6346
9278
17976
53754
33373
37311
37331
55082
23079
45520
62301
20691
23975
28112
56555
19331
25907
27791
27853
8506
10760
12985
53781
7832
32107
47677
71185
13462
17425
18110
39361
11966
32055
48832
56667
6437
7627
45976
61994
38298
39964
40996
3850
42116
72263
72280
22600
23517
23959
68224
31283
31329
31601
5278
29048
29371
52603
30030
33431
67333
67609
50059
51197
59745
2661
2874
15396
68422
6486
7471
57646
59118
6491
18344
19340
21121
31288
31321
35485
35487
12552
16369
26674
26938
30576
30630
54816
57441
6505
32330
43367
6506
11114
63729
5570
22328
44954
53269
4612
52228
71862
71866
3159
56943
67694
67695
23018
44944
47005
65486
15281
27614
27799
27836
15665
16650
53150
57606
6544
11678
27414
55435
6548
28443
29793
8071
18509
56966
3675
19696
23799
53407
17627
17930
26496
43287
4578
4620
31536
6554
16321
19846
32939
6555
9419
72573
72574
6556
14477
59655
6557
12096
12189
29199
6560
13674
20225
6561
14398
33564
53891
6564
27441
72042
72113
5296
6659
13365
58782
4626
19266
72174
72175
16714
25426
27000
64632
5881
29562
31872
46477
63683
68547
21980
58551
68421
19190
19590
34440
52415
57869
68351
68353
3002
12239
64158
18097
42400
42796
17610
53032
53242
45297
70389
70390
18980
21556
21845
59795
32006
35397
59148
60111
18054
18387
42502
59339
13418
19362
59755
64752
3606
31240
66617
66637
11964
52485
59599
69406
5784
23937
68207
68208
17692
17847
30559
6715
8617
72234
72235
51957
51967
59032
65155
21333
59596
70940
70957
23497
24852
35235
6722
17571
59710
21633
21634
21868
6724
19615
28170
6733
10277
22452
15373
15408
29423
6817
43639
68438
68449
3216
6250
20347
28663
34999
38415
38725
3215
12264
23255
30385
49531
50483
61605
27217
27222
27447
6244
19177
19704
28076
6820
40399
40406
46959
11199
27378
28500
54466
6763
40596
64982
6838
31307
42222
56961
2716
6396
31682
32196
26043
28763
40946
40967
6857
28669
38432
11807
23099
23103
45376
5286
54860
55330
60994
2842
23024
29948
5834
21507
21882
5394
31819
32078
6898
28422
31186
63904
5358
34619
34628
18196
39581
42627
4697
31504
45870
19527
36590
55475
6903
18487
45781
6904
31896
31901
8978
21666
56981
65235
44427
53471
56569
68820
49451
52432
52744
68807
10923
13190
61763
68948
5770
45961
55736
6910
66821
66823
23128
23151
45205
6914
19442
27419
27312
34895
49033
50878
8596
31420
61924
18349
25902
25951
55363
6925
11950
16638
17525
6926
30445
32257
32743
21747
23150
65211
13465
14245
42694
6930
10186
31377
35105
41516
41924
44897
45556
3378
56230
69880
69883
9830
17218
53818
13947
13964
14278
2944
26305
43565
57088
16774
33530
58999
6956
8164
71818
71823
5143
6957
20182
20477
57173
62131
62143
62543
6967
66797
66817
2809
21351
40829
45252
21367
34644
62168
68964
4511
16653
16658
50579
54742
54829
69230
69472
23160
24206
26429
68644
7004
10170
30371
7605
12681
52909
53228
23060
49743
54802
57033
5559
29941
36259
51313
23069
44086
45026
57004
7009
36058
61723
6170
27830
36414
2792
14580
43765
12917
35810
35929
64331
5452
36493
37723
51593
10454
17220
23695
7025
25495
25939
5515
35280
35283
7026
10122
72923
72924
7027
12151
64538
5627
39059
61838
21950
68810
68814
3956
15113
16058
28712
4411
7034
16842
37008
4475
9991
37392
7036
34262
54900
7039
7822
37624
6477
13354
17201
26617
34319
35880
4597
8814
37639
25814
37738
53746
69080
55657
37759
49976
67268
67288
38055
38259
57956
10983
23764
47028
53833
39360
40045
51183
17440
49470
64965
11756
11896
51351
7054
62072
3173
10404
31116
51739
13974
25218
25292
57469
4037
33672
42430
7478
17362
18844
73088
3754
5550
37260
7061
42460
53108
53110
7063
18600
38139
38264
7066
11883
60238
63127
3234
37915
37967
14166
29609
38254
52759
47076
56196
56239
20572
29826
67775
67776
3784
43321
68696
68700
7079
62566
66363
66370
23883
37572
44157
44509
7012
42420
43744
3033
39518
71335
71336
54679
62874
7092
54021
58312
58316
5861
38284
40601
40800
4258
6784
21553
51555
4350
13593
41726
46839
17450
38927
70253
70319
5728
33834
43120
7965
30504
51751
52595
12457
13973
56445
64283
40786
64125
68184
68185
7111
38895
40015
40035
7112
16608
53381
57857
7848
9421
13008
63093
23326
26456
56732
19567
29146
45302
46599
48674
64473
7116
31004
39269
57384
21982
26755
57065
68489
23802
27992
30549
34161
7647
11783
22428
64710
49181
49184
49194
63833
14218
15340
29582
30432
16166
69407
69717
23851
23894
25629
68224
7122
54997
56049
4735
31472
38957
30608
37501
60391
12001
12231
19933
66037
7125
39738
55628
20560
20645
39748
38902
38939
40505
50371
19719
40448
55940
63008
23948
49411
68279
41348
55893
56033
62749
7130
47061
48349
6908
6966
28557
28588
4740
32530
39734
7142
10725
17526
50499
7143
39340
66034
11836
22332
22549
24978
3095
8691
72716
72789
4750
36986
59951
50154
50608
52161
59484
20131
23307
60603
61269
23318
26168
28588
67998
6378
44762
62039
13448
33069
37085
49798
24206
25313
52849
68644
23995
58645
62580
7161
44037
59776
59781
4654
41295
59568
10985
11734
41326
63617
7164
50806
50808
53870
10064
19084
30508
41269
2929
25989
26388
41502
29234
31841
32107
40262
5629
9222
22521
39158
46413
51948
51962
60347
35888
41721
67437
67455
10585
49142
69564
69566
26936
28465
46816
63203
7228
31129
31130
31181
13466
13467
21740
22062
43344
63559
66904
66941
7233
25286
46979
40196
55765
61499
64497
23160
24135
25366
26420
14484
16997
52345
63355
24918
57686
66262
69964
5425
29723
37632
6383
19930
63315
46403
57402
68515
68516
7251
54197
57746
58117
7252
55910
71123
71128
6786
33459
34770
49377
7258
15102
16109
16184
19759
29597
68920
7150
12512
55798
20874
26791
59081
68701
21980
23070
23512
7265
50261
50291
57748
7270
45499
45846
26384
44318
62128
68432
7276
57563
69435
69436
7287
26775
26966
28460
64276
67978
67979
24006
24461
27654
35264
7295
24517
54366
36256
55223
56780
62714
7299
19466
54312
64009
23443
25678
7309
21765
67471
4148
5225
12661
19559
7311
69837
69897
7312
20245
31282
46778
7313
57963
63962
55272
55546
56540
57117
15871
34508
61419
73224
3412
7317
68467
68472
22199
37738
47166
7319
50700
61807
7320
28025
28388
31960
31859
51016
51778
66835
47499
47929
54524
66150
6888
7326
68852
68854
7327
12417
38567
49809
7328
13483
45250
60693
6605
23357
44974
3354
30965
38117
13885
51034
51665
53190
50198
50823
64093
49172
49295
51678
51692
7427
30480
30491
61779
14104
59723
72540
72547
4458
60660
69982
69989
6436
27268
62793
55471
68640
68641
14096
18873
43063
59008
23136
23336
24006
68629
52528
53647
54346
61416
7716
25496
54828
3746
57386
72169
72171
15440
27388
56732
7625
19551
40467
56576
42618
44561
44802
57832
16484
18162
20446
22790
4807
12340
13396
16415
63952
63965
64163
23148
70614
70629
8535
20303
25702
65286
25033
29590
53564
66639
7667
23776
70408
70409
17813
18205
22533
45016
13163
13310
29066
29831
2938
13569
38721
51186
27480
27678
31012
5513
40666
50115
54954
33691
39189
67716
3124
25667
44201
21864
37115
56845
13690
16035
49642
56711
4436
9036
47617
53847
4688
27962
36542
40328
27779
55811
61518
65838
26223
26489
41848
68432
2960
50612
63774
40064
64775
71265
71266
6470
6846
16062
51464
59193
59526
8610
8852
59929
22091
51799
54508
63601
9697
54069
68731
68747
3048
16073
63386
54444
73232
73234
23134
23349
24519
56409
9697
18155
20641
54069
24209
27652
54799
68433
10119
55899
62465
20909
26441
62344
6745
29028
30047
30048
7500
13250
65983
18235
27038
14616
26279
35089
68899
53121
69635
69639
26449
40702
41576
68717
10315
10320
12979
26106
70562
70563
18447
18911
51191
60266
12001
12231
69068
69073
29156
38248
55441
65348
8018
23105
60506
66084
7499
53838
54054
18490
47222
65368
23083
49298
65677
30223
56321
64401
13859
56273
57775
66180
13636
14494
58437
66101
58433
60951
70372
70376
4944
50050
53613
7307
11747
45413
64788
7469
12794
58240
64094
7827
26251
56730
58100
12739
18438
56162
66099
57964
66062
71584
71616
2987
65807
71589
71594
3207
4591
7257
54438
3928
20484
50229
65384
23876
30313
51259
32473
35526
53389
61023
48892
66031
69717
69718
7821
56199
26001
40828
63698
13072
66858
66860
11057
52401
69610
69636
11520
18392
40735
49740
53767
72617
72618
23834
60787
64090
68024
10977
11176
30744
53586
4961
20181
72901
72969
4965
9834
11601
3396
6214
12448
57874
11792
46562
72312
72316
12108
35158
38103
7794
18256
29106
51615
7414
32543
44131
52096
3029
44170
53214
3011
11005
11690
44981
18507
20130
20277
32219
11702
11704
13706
15857
4974
11654
55854
6450
17314
52548
12308
13583
51895
56835
5008
15278
50256
50719
4638
7414
52096
66563
42868
72928
72998
12291
58091
6223
44501
69227
69247
23823
61602
66013
68029
54102
54227
54868
56695
12224
49560
72237
72308
22240
71667
71671
34634
40322
55537
60910
30493
40040
66961
66962
4699
12003
13399
65674
6183
30267
38413
12680
15901
19605
28227
28731
43280
59002
64235
13152
18800
43300
23086
23813
62122
66013
29046
31526
38260
62292
13094
17125
39048
52323
4467
37314
66407
66411
13013
17466
5156
6558
30429
45044
13138
28445
58866
63388
4116
6456
24126
56489
4727
5257
8724
30542
72041
72042
17977
30279
56055
12720
13723
46202
28030
30025
64895
4999
5001
13082
17846
3928
65530
68883
68884
4576
27364
72132
72133
38755
40183
42085
59295
13713
54333
10428
15362
16054
22860
27506
29008
61629
27925
65406
68211
68212
23321
23513
56337
16094
16153
18424
28350
9831
15118
16066
4461
13395
14158
16056
27061
38641
38671
38735
7405
42656
44842
56494
13613
34037
45940
55536
5012
56674
62719
6629
72829
72831
14388
30833
44890
22439
45408
47002
6726
21754
21770
13552
15336
54929
65342
11810
42971
68273
68274
15687
27019
53969
63185
14550
16668
52733
52993
37521
37617
37622
26925
40181
40193
14950
24928
36400
36462
6569
20841
53392
69208
42532
44943
45323
51290
29539
30045
34014
65250
29577
36548
44157
67085
4949
18914
50082
51160
58575
64631
38889
43568
46310
65733
38236
40601
48676
50984
20018
33857
61710
6497
41483
67237
67271
4679
6823
27454
28636
7881
46321
56501
8362
26822
39383
48343
5174
25998
43820
58791
10373
47859
63754
63822
33182
37523
37792
44721
48325
54537
68676
68678
29416
49963
56729
71276
16389
48717
49215
61278
46087
58206
69705
69709
17401
52530
52597
63212
42938
51914
52511
57940
4796
33412
39673
64853
23861
23888
36139
59892
54089
54174
55779
59826
23841
57390
72168
72170
16889
23226
56185
19478
42915
59169
68210
20878
53677
54536
6333
31608
62673
65744
17337
28389
65352
6055
35281
35754
6761
8876
23014
30789
29504
29829
30669
49704
14827
41137
44038
67127
51698
72277
72347
15510
17516
43607
53581
6310
51896
51987
65308
41697
43192
43389
54319
59327
71746
71752
43409
63112
63385
30155
30779
51739
67527
26021
38703
41302
57208
5201
8102
54141
64378
30962
65044
72181
72182
5129
7184
7819
11310
65025
72184
72186
9514
72692
72695
10188
23562
41589
42714
4969
12730
19538
73310
18046
45955
14010
17666
18239
22078
13438
14401
42753
58678
53955
54735
61353
6080
18138
45427
63565
8737
61771
6644
8759
45637
71067
18282
18320
52408
4826
10404
18486
63481
7803
70048
70054
17251
22323
56459
6100
13258
63791
72606
10835
11250
51175
69597
4986
5111
30951
32203
13004
16506
37647
50041
18423
18461
23053
23869
6656
18341
18358
60143
18396
22714
24062
18427
39735
40701
61513
13441
42359
42788
46148
59147
3685
28552
28767
60271
7714
37188
46887
47069
18289
27891
30034
6806
18897
44491
7349
13175
17083
53940
11837
30057
47338
67803
21383
72960
72964
15679
15731
20623
21369
38292
54743
61815
5638
30031
62129
27911
34324
42973
64915
31438
32885
55659
67390
7096
17582
72772
72773
19402
38478
70754
70757
4324
18644
30951
66428
3160
15820
31711
67842
18272
28886
29122
4348
72107
72110
3423
8793
27763
50610
20161
59385
70915
70931
20227
47269
55223
7119
21314
39225
39317
10568
31204
59480
25028
36778
59042
37962
39531
67840
19834
20347
55564
67932
19213
20643
20672
27715
3856
6699
16370
30138
30455
30751
40523
11117
35870
6732
19602
28363
28767
17088
39443
72594
72595
3480
33624
64935
66853
4231
64486
64686
20164
28642
65122
20177
20919
71356
71357
6185
30466
37229
67084
4826
13105
39187
5159
57976
57988
4787
5161
22215
5162
45802
63395
5873
12858
47063
49088
49234
69108
69109
5169
21209
44030
35130
42585
42586
54825
4305
70481
70506
13941
36375
36723
28576
50468
51089
59330
21833
26675
37400
3697
59110
71719
71721
7845
56164
65574
71436
11668
27938
28802
35253
11823
13463
19416
68760
7665
18805
18824
45936
24069
25888
32765
37548
31303
44275
55832
63627
22860
38812
63950
22234
41567
66612
66614
59236
59381
50811
54587
38928
53204
64381
22158
22820
23233
23441
22831
57588
60038
21389
21402
3211
36808
46046
65142
29723
65934
67294
19151
21085
26765
60940
6822
41943
56861
5184
11525
22194
14255
26395
30432
17856
31549
64892
67295
6915
67047
67054
21786
23195
26690
65934
5187
55928
7676
42606
42609
9140
11093
15632
61763
4774
30307
64445
5192
26680
61626
23459
35207
59318
26407
55564
22163
42117
42810
65406
21189
22197
23232
23254
3221
8279
64311
64831
23582
59850
70430
70431
6620
43546
64832
21907
23489
23638
53196
54573
72004
72011
8106
17563
53090
64236
3283
3295
5568
5207
23556
59191
12416
15723
64174
9216
21275
51361
64172
45086
64066
73078
73081
31068
32760
68028
68032
5208
28926
67391
4763
27512
34418
47020
16559
17500
27237
29055
37909
39287
6476
25272
34846
35729
47187
67195
67227
25890
64136
72929
72931
3503
25978
71426
71427
20426
22091
23405
26750
7022
37021
59175
68869
47200
60807
70569
70570
22068
23452
26171
5220
26323
41757
55896
6093
7561
72847
72870
4543
37366
42106
4885
26798
29314
31392
26211
39917
51785
11249
31409
50940
26941
26978
55738
56513
29700
52601
71189
71453
24286
31005
70045
70047
47959
62883
67394
67395
10583
10592
30083
63167
10612
33496
66088
17162
35583
67023
67044
25301
25351
25523
25080
26015
36152
40211
5387
57019
68352
68353
19232
50576
70601
70606
19174
41229
49677
27465
27474
35030
40897
27372
27385
27499
4851
29353
31898
67577
10577
70044
70045
5790
19237
66061
67999
28473
30415
49354
50899
25959
37720
59258
71845
27764
27769
30012
25164
25177
25248
25441
19219
35716
45954
28030
29021
37149
55310
21326
41920
49964
17729
47401
47402
18497
29353
66078
28031
28117
29191
30233
47150
55607
62651
12363
13701
36817
40203
5500
33041
33075
33076
25462
26164
29195
36306
28083
28903
41488
17660
18286
38095
43020
15599
29450
52706
64222
15828
30952
25884
33693
60324
6805
13027
36983
45169
4933
12393
40568
61971
9810
30956
31920
58830
11881
59348
72189
72194
45999
70800
70827
36453
72549
72553
19931
41890
68650
19252
19586
63198
19071
19702
20002
25925
63478
68051
68053
30932
47130
60280
4872
5387
22538
5918
7148
39126
39127
39625
39653
40020
40169
6171
52632
53597
61198
5147
9502
20614
51169
53076
55601
57989
40289
54428
68387
71765
30991
63743
27344
35862
70811
70812
22443
30226
30235
56849
6646
10724
12253
29292
27761
30417
59263
59868
29733
39382
65822
5273
19509
28296
7986
22688
26335
8010
70938
70939
4338
29017
39209
29378
44655
66682
66686
36247
42012
3505
29324
43262
60148
8524
31015
40935
46282
24038
63965
72936
72943
4474
14534
19139
20891
4861
28022
41690
24525
26985
27015
64869
19242
70549
70550
10558
63711
71040
71046
27391
63315
67972
67973
15958
27512
35649
19185
44186
71676
71680
23288
40803
53685
53689
55210
63414
70472
70473
14709
30548
31119
40480
31767
31933
40746
63040
7772
11460
13128
61354
42650
42665
67071
29324
37104
45130
72101
10508
31101
38100
67573
13520
43001
56375
61027
24086
24370
31055
33505
6734
18275
18325
19833
12984
13408
23204
59179
29735
29736
71438
71439
30194
30283
67615
42952
63195
68255
68259
4466
29786
71182
71183
28757
33409
34536
25269
67296
41665
48904
51454
56469
18749
30005
60267
61651
34326
62801
72358
72360
7944
25867
48857
66995
30558
30862
34328
16987
38245
67682
67685
32237
35494
42280
55663
7646
28475
32136
61876
27245
30479
67769
67829
31816
55674
64445
30117
30347
3532
6493
16963
73226
3808
33244
56310
57852
7179
20267
25702
14797
47608
53595
6759
51579
51584
54831
28742
31226
54977
49450
49719
66191
15859
59253
72081
72082
5339
50160
55875
29626
31363
31378
20405
66535
66536
31381
33364
40800
67467
29932
37122
41263
67097
7822
55574
64776
15759
31430
65247
4043
31525
40629
51769
5350
7766
47237
5344
32220
44523
6047
33001
65903
6413
62265
63532
12194
18324
18694
58270
21012
21594
26738
60478
5348
32229
42965
56229
73266
73267
5367
35958
41903
34901
70964
70981
5423
35812
41258
4189
7416
23179
38877
6718
38672
42835
51299
5108
29476
70771
70772
62235
62320
66644
66667
16089
31356
39764
31516
64020
6625
60142
61097
38768
39118
70901
70902
16694
23314
40660
18113
46301
46303
46685
18270
27782
51151
51178
29964
37381
63591
67292
61451
72609
72611
6994
35798
38954
39970
18438
69614
69616
18022
34077
66271
66272
26464
26518
26522
4046
19343
40736
50169
12565
13288
19612
32818
26745
36255
36370
40970
4049
29877
39895
41482
34517
53548
55184
61285
18335
19913
21616
24009
19296
21420
30315
55149
5208
29424
55811
36795
37891
51270
60795
35716
64736
67450
67455
28377
29377
31322
43050
4109
34022
66592
66594
17622
26709
61122
43887
4698
7549
32128
3452
30403
39723
48839
5276
24557
26998
35425
4173
58112
68324
68330
66396
66398
6931
27674
28975
5436
28816
42661
43813
4116
34777
70075
70076
5538
19281
32421
42969
4531
64724
67768
67769
6826
37145
49205
5598
31880
55345
30656
32252
32823
32830
5422
10574
21319
19974
22077
47805
32958
32965
33531
63314
6680
7773
19070
19878
28695
33958
34320
35263
13195
18896
19112
59395
18793
35465
35742
13143
24529
26851
35355
4144
18241
36354
37439
32482
38052
4963
29962
37534
19454
27874
29538
32154
6403
35106
7709
35023
35066
6022
31768
31807
31834
5401
31518
6979
19825
29071
41129
5875
6245
6427
63470
70008
70016
11168
31831
38099
53704
24818
24985
51501
37523
37744
57866
67397
5544
11398
13340
6588
72348
72352
30535
31266
67832
67833
4616
21521
57408
60499
6278
37921
40772
12543
19612
32818
36958
70513
70583
5420
31032
40078
3473
62536
67849
67850
6991
13191
20772
52869
7852
39704
46186
5626
62378
69185
69186
30757
31641
38104
61609
5589
39249
62819
5438
35083
49267
6142
35343
35904
14318
28713
29763
50751
11826
66410
70059
8947
22396
22738
37059
7002
62387
70209
70232
32121
33694
34351
13465
71623
71625
19558
45036
70405
70407
6170
70988
70991
11359
11375
18076
12943
15713
69675
69676
15741
36423
41256
53899
34498
34500
43838
46850
39596
66076
4558
33833
58942
32353
33674
33676
33170
36529
66916
33303
33307
33346
62550
29937
33594
54979
66901
39139
39147
48478
51595
11312
33585
33989
34492
19096
20256
37485
58271
23778
34720
65228
5477
10234
36824
28104
28131
36833
36839
42210
46946
47066
5469
21729
58642
28027
36990
43989
65906
36169
39551
62787
63041
3565
4110
37609
5475
6356
19316
27702
5463
27622
36753
36881
36882
44426
46330
28021
30304
40432
6960
72071
72072
29843
34420
36676
66609
31002
34868
40366
4628
32033
33731
66658
5479
10523
37895
4940
28572
35914
43382
43529
58590
59513
37404
39355
72104
5391
28805
29710
48322
37419
69773
70236
5483
35671
35900
5484
34472
37550
30717
37426
38831
50961
5485
37422
37701
29991
40657
61614
5488
36904
39334
35706
36199
39564
35662
61058
62240
64709
13159
55297
69270
69277
24818
34878
70307
70571
33572
37578
44266
62179
3791
6697
42583
68968
6959
37536
52719
59630
4437
46228
58407
66386
6315
59773
67958
67961
32076
37649
62653
25666
31288
36508
36975
5373
37655
66710
66711
5495
26691
36156
15026
33508
58866
5498
37506
38269
8928
14018
52889
24079
25488
25786
69755
6847
34460
55501
65090
11344
37834
57884
25046
27753
50274
9825
19291
69738
69739
27073
36418
7135
17071
53739
57591
34989
37991
39946
5714
25120
70912
70979
4996
18426
18466
18981
14121
31977
38174
5512
36341
41725
5224
5516
55064
5517
36246
38172
15497
15544
48085
49886
38247
41675
53701
5521
17597
17888
32720
33344
57404
4710
52629
60462
38162
53054
53059
60649
7161
38166
39521
65747
38180
50239
52677
65337
38187
67088
67090
5525
37133
38529
19094
27968
71163
71164
29509
43466
70974
70978
5524
30653
38253
20370
22987
28327
69788
4208
4487
27210
27587
5533
39650
40752
10737
15597
38312
38427
4590
56020
73110
73111
6290
51928
66080
25674
30424
34431
48986
37082
38586
39252
7078
35887
38484
14323
27380
49339
18648
18968
19035
40226
30450
30484
30512
65205
5552
38239
45110
3998
33617
41040
66908
26122
32932
41365
4672
31591
55568
24501
25370
59666
65017
13374
42036
42345
65049
39091
39515
57123
5557
38771
40187
30426
38789
67775
67782
4271
33177
29794
33315
55519
6573
40545
45917
56385
19771
28266
31959
27527
37978
43996
46645
9005
15013
72537
3624
32555
33048
62017
4554
27284
51289
41719
56192
71367
71368
38975
41605
43217
44908
38984
44871
57315
58050
65402
11038
34674
36732
66285
5368
26030
55710
67887
4667
45258
53051
5560
22937
35200
39357
6219
64778
72183
72185
32761
34205
41141
66323
39466
45995
56237
45586
46048
57145
57746
55651
55766
67669
67671
5747
38911
67807
67808
48926
51492
56196
5589
39441
56214
39617
63040
67578
67580
5613
9161
38295
45560
19385
48566
71139
71204
39484
39696
61629
40533
40577
62477
4737
39709
39943
33926
34752
37060
37631
38236
39795
39276
49931
50217
61203
5600
38299
70717
70784
32930
36732
53025
66285
3778
64739
70691
70692
38890
40039
71271
71287
7172
35058
35061
4968
38907
48660
60400
31696
61812
35463
41698
52056
4104
5901
21856
51378
28808
28871
29291
7417
30572
41893
48971
18007
29092
34332
66586
26487
34155
68265
68266
32950
37704
7262
52563
66586
28667
37416
45296
50775
63101
69518
69653
19163
29945
32886
4252
9840
71531
71532
40321
50914
49663
68713
68715
4339
16182
50460
50470
5554
6978
38186
67495
18137
27298
35163
41627
15747
35560
71681
71682
29347
42751
72809
72824
13181
18624
39172
56142
39407
40176
48753
39208
40774
40804
67539
52026
70622
70623
7690
13275
41277
52624
4909
56395
71327
71328
4755
7208
67785
67790
5486
33416
54897
10133
19427
53010
62814
7544
38737
41617
51027
6544
27414
69437
69454
33196
33309
66275
66277
11029
32735
33196
33309
3666
22777
47365
62294
41000
41618
70640
70667
5424
31686
34208
7342
31828
40457
40782
6318
17684
22654
43627
3744
10259
32828
33397
5761
9364
52562
53096
7314
58158
58159
64411
32800
32807
37172
56509
15314
41856
51982
7888
8813
25079
7576
26985
27026
55323
4323
42700
44914
46047
6087
19091
45080
41715
51988
52302
40357
67271
67272
11603
46968
56718
40887
53416
68537
68610
6665
19088
43041
59152
20990
70428
70462
4919
7504
13675
58561
5665
43431
44906
24811
42516
42846
43027
18528
30715
39103
43729
38325
39115
56074
7183
10817
14480
23088
25006
52158
53131
14477
43351
43517
5721
45262
57998
70102
3752
6420
52735
64703
38222
48388
48412
49655
29310
44279
48693
4850
49947
50827
52949
39072
40831
41424
29137
59318
71997
71999
27983
71447
71450
6640
45316
68477
68479
7195
22646
41410
41509
32429
32444
32746
41609
62134
72599
42629
57838
59182
61540
61671
63622
13825
51383
58734
59079
25746
35391
35494
42280
16580
36045
54328
66338
34312
35474
35696
35841
18262
54767
68534
68535
5145
13735
52103
5438
67490
67491
5077
38879
44446
55776
6763
32844
60548
42595
45506
71234
71237
30234
30859
58586
65159
27003
42481
42484
42668
16322
17832
49824
49933
6202
19200
19215
56805
6664
18926
45824
66060
6697
15608
15682
46737
43361
66791
66808
34390
35782
35787
66403
5928
26348
43968
53165
4523
23694
32625
66388
43978
54404
69030
69037
17463
36188
42579
47123
11910
17576
44119
52822
5700
44233
51950
63673
24939
26324
31672
35469
6484
62082
73010
73012
6075
34414
4796
7197
38098
52611
26850
42463
42875
21927
44343
50722
59981
5838
46898
48821
16373
44573
62343
69116
46402
51926
69605
69606
5056
5113
13030
54291
4113
65935
71828
71830
34958
35213
39670
43552
17293
52750
68334
8436
21805
23291
58643
42253
72069
72076
5739
45698
45955
65677
3920
20598
40089
50168
6365
12012
71033
71056
46207
70463
70467
38938
38940
40024
58704
27519
27707
53654
61075
55978
64770
72282
72286
5202
14487
18140
38627
5604
32728
46020
25633
34941
35758
12295
19570
19876
20263
7546
70160
70165
7848
17480
72252
72256
32736
36994
40315
53746
69078
69080
4490
6340
53331
28463
59479
65464
65687
5756
46618
54134
38882
59818
65702
65719
12518
37239
59577
73048
4493
38618
63737
45372
64513
64562
30088
45832
37275
45428
42160
51253
69379
69380
7837
14830
17713
16495
32294
45471
69137
11561
15224
51999
40728
50848
56841
19274
57570
57696
6380
8173
12567
24238
25624
37707
40450
41209
41230
61849
3946
24686
25124
5127
35028
54678
73018
13182
16566
72514
5764
7923
22642
5765
18934
45930
6858
30858
33237
14033
14911
30912
33252
13077
32115
32130
18605
40834
50742
19824
45751
59202
64758
45771
50186
69087
69103
41930
52798
59408
5772
35825
44642
14797
52802
52804
18260
19435
21146
5776
43926
17699
22081
72098
72118
24201
29961
50599
52019
7326
12677
45893
4417
14383
70910
70980
10617
16374
17712
7268
39113
44895
45048
44424
45934
59058
4845
5676
42872
65338
5729
38001
38023
5405
42802
45139
22103
42352
15682
31218
48297
24600
34450
66970
67040
56582
70660
70662
7405
44118
46564
56494
19487
24220
50790
73019
4638
66563
66565
30659
58122
69505
69647
4377
42963
43603
46080
61990
71140
71141
5637
6770
24108
25565
5791
40005
55596
5799
45215
63499
5800
48267
4652
24475
65275
39107
39305
72649
72650
11976
29998
30716
54950
23097
36070
37790
43349
34684
42048
46201
37963
38014
7417
17796
70604
70619
5801
6469
25780
26613
36421
57743
26975
36397
36664
5806
13438
14814
42753
5807
7539
46473
7407
49996
50063
53197
5811
17747
45291
5813
19480
45115
6332
7700
45237
64358
4457
18301
53635
57617
17954
19732
46391
7613
22141
46160
48472
38414
45941
57094
32099
36351
59641
66130
5814
42342
46621
66803
7290
7697
57832
32076
32293
53727
5818
25906
44609
55237
16580
36045
39100
53253
10015
33729
33827
66707
5846
30828
37651
17418
54468
56567
57484
8707
50200
71795
71796
6477
12535
33564
45220
3969
71196
71200
14319
43570
46912
22110
47178
55588
70400
5829
46190
62643
5833
16188
52787
34488
34727
35827
63025
32147
32197
62619
64813
5836
31481
32756
3905
47264
60641
47326
62886
63403
47329
49023
53030
55890
47370
69899
69901
9941
19308
51207
69511
32140
32405
33931
66851
3927
14175
43560
52882
12960
21204
44965
10015
32039
32083
33578
43557
43985
66655
32682
45537
47622
60097
9724
9835
19508
20607
5166
16172
22498
4533
25706
29039
10632
21727
21870
21959
4587
40722
56257
63607
7898
40046
51511
73008
4955
19974
22159
33866
33877
37960
57246
23066
45475
47820
52814
6297
23113
30169
67374
4101
34290
34404
35918
16984
40004
69361
4241
16082
16084
33495
41449
61972
63574
67831
48095
70169
70170
6915
31791
32035
42388
8681
10433
50632
60551
7403
11977
24829
50516
16430
24234
26278
51784
14498
52035
48302
49641
52255
54020
56292
62081
63936
4071
11625
12596
55781
6599
14914
33612
67180
48421
49178
49182
52726
8848
23611
51136
52637
57758
57889
12030
72911
72912
5837
48559
48604
5862
39691
39963
48695
51260
57114
24456
24694
26695
38267
32194
33602
33738
37905
9295
48775
59041
64417
39035
40771
42328
48713
37228
48798
53689
61288
17284
40972
58863
3894
27580
70797
70798
11478
27154
49232
49238
4775
45283
48551
5282
27563
32470
51654
56245
7348
46361
68461
68463
7072
39981
40140
16436
18760
46059
59012
15291
16831
26525
50351
5854
41907
58421
21060
27522
61429
49682
50652
61237
62411
7384
20428
28811
40220
50987
71329
71332
45303
47259
47287
20812
23903
31915
19325
19334
19865
50791
6598
50199
69136
69144
44554
46096
71854
71869
7592
13761
54318
55798
6689
20605
37239
57924
10052
31989
34484
54220
4837
13955
36839
68904
33597
33723
39722
66657
7835
37292
73158
73162
3933
5656
41394
66905
18441
38530
53874
55466
6636
50374
68879
68890
27628
31184
70711
70713
50447
71059
71060
5824
20769
30467
33644
24698
25908
36569
56577
17118
36617
37144
56220
19103
19954
40654
66054
25809
41434
54304
73049
19598
26692
60125
64509
65408
68804
68807
7797
50222
50098
50116
51087
20707
20718
50403
51164
50816
69254
69262
53218
55091
62135
32562
36223
66651
4121
25103
26770
28218
4819
31017
39404
40651
10203
10214
11393
56119
19757
20119
51685
9238
26277
40070
63878
19198
61488
61789
39695
51423
70806
70808
18055
18606
28105
8408
15675
37924
59643
6232
19352
60153
30431
38794
61515
67581
15670
16955
17916
18251
25031
25072
25125
39752
49219
49222
63939
29878
38802
67334
67341
4327
36932
37109
73245
40987
48927
51492
5611
15490
40926
72879
24671
26779
28846
59039
24134
53036
70258
70266
19792
71121
71122
9307
9339
11529
16494
6687
9202
16060
49919
56226
57754
65872
27428
50571
70591
70594
27681
41344
41369
22489
29268
43821
8776
21400
27450
48045
24334
25608
25616
39145
11479
14346
21487
48895
15089
16554
37407
41532
39720
49748
50489
50955
17400
18129
24941
39708
26934
39577
60091
66135
39053
65161
65369
65750
6005
19201
28307
6167
10290
51410
64583
46691
50606
70900
70901
15722
33856
47993
4470
7482
37783
57410
38829
50761
52669
63328
51823
53109
53649
56948
7738
61925
70997
71005
38979
54011
57472
61490
33810
35706
36191
39564
4659
35099
43551
29550
47428
51913
53187
29414
35368
38556
61186
11888
32017
40463
52297
7739
38429
66863
66864
4039
54513
68337
68338
32090
33726
63353
66659
24843
34169
35384
35924
38291
71552
71553
38290
59102
72510
72531
7481
57778
70042
70043
25001
32296
14800
42642
44901
58029
14811
29155
32801
72317
10123
72423
72427
13938
18410
39437
73239
18059
45502
60032
4421
13692
40456
50444
13802
13938
18410
32581
11099
64813
66909
7826
27967
33829
61525
35154
60646
72111
72112
6638
41285
54732
31560
55950
72882
72884
4436
47574
47602
15402
21593
39643
51611
26645
27832
48952
29545
51925
71504
71515
7695
61492
68050
68052
50097
50106
65588
4068
52330
57217
10340
11907
18556
60184
20156
24406
29358
34697
57820
71716
71724
53531
55721
69456
69457
12694
14080
71838
5009
6623
71913
71940
30391
35486
61574
66769
42749
42763
43350
63371
9485
47445
49000
49468
46159
57675
58035
62807
16450
39862
40087
59476
10098
10109
11357
54067
19343
39754
71065
71073
36389
36897
36915
64912
7788
24956
25048
56306
13600
29683
34179
5285
35157
41759
61037
26990
61460
71414
71656
16893
40191
46880
57516
17700
18036
57464
45194
53816
54582
11216
53529
63464
65257
7188
19082
71421
71425
13705
55508
69636
69637
10793
10804
36567
61933
26670
33992
36139
11100
11328
11360
31277
31375
18168
54826
67531
67544
18062
18603
25228
16057
16320
63973
17207
30739
51287
55055
27097
27958
38483
61137
40627
40705
43354
19564
24185
38275
5925
7617
52693
57108
7097
21746
50032
38045
42735
68658
68663
4062
37001
37853
37703
64617
67378
6907
32283
34490
44431
31976
38590
39456
6051
12356
16185
34114
34121
56150
62711
31859
31944
55432
11555
23492
50281
64155
31570
64227
72569
72570
5701
31568
71533
71534
41225
43963
56648
6718
60765
67244
9477
32876
32919
32916
33163
47362
38191
38328
64641
4470
5127
51511
57410
29404
43534
55526
71221
31556
41558
62778
62982
13736
53368
55734
62710
29873
61815
71076
71078
6542
12676
52007
15586
15829
5375
27336
40914
55617
23050
73037
73038
18774
62229
72861
72868
21590
30446
39140
50016
7563
43017
46412
57901
19195
28890
60162
64829
7222
31915
40282
42548
37097
37162
40342
13635
13645
17655
56843
5681
31597
39198
5457
41397
41418
70347
26883
26886
31368
36498
6368
7049
20986
57180
31017
38641
39356
54783
17932
18141
51969
53314
32189
38601
41666
54826
23424
41822
70494
70562
7934
12196
18570
41587
17005
46737
53033
7633
10600
10609
10630
6164
28514
61310
61567
30272
38226
63210
63213
41433
48409
52366
5325
60155
64953
65953
6045
6952
22659
60161
34288
35918
58774
9456
46119
46517
42351
42588
56327
62243
24984
25161
26917
18886
29913
31531
26611
26712
26963
25008
35791
66382
5865
35111
70134
70138
29456
29801
29940
30783
50222
68883
68885
14451
27918
40741
48864
11648
11652
16672
25509
26181
26622
27011
41967
42419
42669
46098
6286
29031
52603
7575
48802
61373
36200
36492
53684
4525
31620
42933
61772
7728
56415
65901
12984
18174
34254
59200
18169
19431
21818
5453
10788
4354
50565
69154
69164
71034
71035
15096
43405
63079
19555
25074
35889
44348
23970
29476
30228
23596
26204
26688
5343
23402
32377
36087
44367
64896
6406
7844
67594
67596
21272
54485
58078
4832
11452
53710
6445
12473
16210
41216
24376
24539
25482
57137
30380
30545
31519
19664
23639
23726
28585
37124
44383
48641
59263
6561
33564
69233
69235
32624
33527
34052
66231
5684
40133
53373
26787
30185
30397
5319
55514
71021
71022
34479
37178
37378
66694
12137
14819
50648
57907
25076
71663
71665
7215
70555
70560
5493
34122
37622
43062
17843
24453
26882
35071
36488
36491
7199
57920
59637
5697
53557
72563
72564
41989
53388
66670
66671
7310
69133
69135
13710
19352
31934
46342
46153
50145
52751
58740
25517
33410
66248
4770
20519
23584
26610
5168
21457
22507
7102
15564
60602
62163
6416
31584
46319
18056
44114
44136
24555
45092
45969
50880
8545
25516
57747
58178
5124
19485
19524
19574
26527
68586
68604
7692
57711
71726
71730
4992
52475
63634
70189
25330
26860
44696
52004
41695
41869
57917
64322
42091
63467
39485
39642
39657
61344
17591
36907
50091
7586
24751
70654
70669
32675
33444
33481
66964
67031
5591
59182
68712
68714
51165
52439
18371
19888
6105
30644
32843
42364
6541
13229
73189
73210
14635
34046
34903
36288
13111
35814
54726
4640
14185
66701
66702
5674
52421
55275
63920
36513
43702
65614
29075
70320
70321
42457
42831
45251
61093
10432
33620
36234
48608
33890
36361
47138
66955
18850
19180
4788
8683
12789
5468
33198
37250
24214
50745
57380
57381
70280
70353
10941
11030
13778
67097
8723
11828
41529
45574
17244
46783
55643
55683
7452
25016
58766
63852
33990
36224
44494
58167
69424
69425
5851
48907
63847
19293
38358
67351
67453
11455
34135
6457
6504
24029
33906
9446
10244
10679
30834
56280
56483
67572
25907
27853
70718
70719
13578
50485
53120
54023
42672
49213
58537
63636
48751
55934
57238
33815
34685
37606
18271
18916
18932
19068
38296
67104
67199
11596
19277
49126
46001
58521
59540
10011
10018
16840
58925
13347
17967
23783
56593
11282
51109
69533
69537
6442
51602
70620
70621
59201
68424
68425
11753
11972
12017
14879
64603
72986
72988
4422
10202
33650
43142
36396
46850
62448
66921
13341
32464
13330
56233
56234
11528
62203
68665
68671
19324
19633
20709
28618
4256
34569
54116
35017
36469
63292
6374
35873
39726
51767
52025
52573
57769
19500
40553
40672
4875
8098
46247
60744
33358
33546
37333
40528
6502
72053
72054
4366
26285
34860
66369
33062
33711
33796
41472
11850
17445
53744
69269
11528
11676
24644
62203
8602
8616
12925
9223
34488
56487
66906
7548
45478
72028
72281
51452
59303
68660
68934
16435
19159
58004
60596
16087
16232
24625
16435
19159
59370
60565
31449
32947
33156
37671
45305
54357
54363
62439
59039
70530
70537
5974
65565
67552
67569
19149
31521
33253
42130
12058
29889
60897
42199
42247
63377
63387
5391
48322
71438
71446
4810
21872
44263
54850
58229
59037
59130
19329
28616
29215
30611
10424
46799
52579
64844
59516
65299
71768
71769
15298
15598
16707
57335
58317
61057
62750
6426
50419
51221
9223
33764
34727
36479
33930
33983
66675
15128
49177
53690
54861
19384
19843
19988
34916
36396
41528
43860
25669
29790
36793
54637
18126
36624
67709
67729
13671
22139
5097
45747
59741
65949
12661
46797
47037
13707
18467
18770
18784
7655
13381
17956
18281
32570
33737
36333
14874
15131
16026
32294
29252
30944
30983
62671
27829
28739
61233
65293
44268
45734
61208
20808
50809
57095
21342
21624
21667
6193
59345
71465
71468
5021
19715
45313
46583
12592
13119
28126
46827
7372
36923
37455
9106
9143
27126
64802
27005
35205
60622
63684
19057
27957
54903
8043
18644
32301
62083
28278
28362
28374
6635
22707
23465
31704
50034
51217
51521
51690
4329
46431
62577
66354
10605
69609
69677
35100
35653
39261
51110
5706
36596
40254
6453
7258
56964
21804
45242
45301
60591
21176
23657
52469
60625
23216
58877
71658
71679
28425
28497
61442
61473
37192
56029
66327
66329
8445
65133
65585
15627
43365
43437
4688
41502
41827
41847
7370
16541
29074
38812
4433
24856
36005
66413
5186
8148
11927
58657
21649
42408
47809
7032
39939
47187
13260
48002
52255
18472
68076
68078
32631
33513
49951
33459
34770
36048
66273
17809
45237
46301
5710
6833
54339
56472
19283
19354
29562
31818
24517
53992
68193
68464
4479
46385
6812
8895
12404
64550
27058
28756
71442
71443
26481
26853
70329
70331
6245
12349
12424
35745
24839
36455
39890
70332
53083
55995
63081
7497
68783
68785
32034
40177
63357
8185
32301
33236
15401
38886
38887
61182
50094
50864
52002
37123
37130
66380
24858
65763
66413
66414
16093
34226
66352
18865
19044
23675
30560
31244
32024
39284
34545
36487
49400
66672
19632
38198
38199
38457
18440
62736
14450
17364
18015
47819
16055
47026
49708
18178
19166
20532
53365
38668
55147
62967
20106
59905
64388
11305
13715
23939
25903
29498
29684
38527
62901
6991
11056
13191
24085
6533
7729
48912
59894
6247
10260
12731
16930
24031
25636
26355
26386
52383
53669
54264
23977
27735
34383
42536
13063
13384
27910
34325
34770
35576
39368
42543
42734
63372
18478
20542
54314
5296
6576
6659
12763
35258
59297
71735
71739
6108
48811
51502
38128
62861
31588
60168
71459
71469
34049
64641
67524
67551
37680
52416
54421
31125
38609
56932
57451
18428
18768
56235
63614
10317
27469
40929
40995
7048
58359
69536
69537
6160
24873
24912
28637
61448
64729
67999
68001
28359
71164
71234
30749
62566
66370
5323
21217
25693
62003
5647
28918
52840
66783
5528
20752
68778
68779
32546
42444
44559
65779
27976
28075
34340
35834
14948
26947
50474
12252
27616
28900
40301
19573
19582
41495
53445
15917
30199
30202
50886
7181
15485
41599
67706
26546
59621
63362
45041
45152
45156
70274
22201
44618
48430
35510
35903
53752
71043
71062
5363
40569
7050
23007
44015
60441
26952
28208
33754
60792
19938
27145
27368
29443
29226
34332
34556
46479
40989
42348
55354
41382
48805
67510
67519
16225
39601
54875
72537
45805
65144
69099
69104
5279
52097
60387
5941
7660
49047
65997
6090
7471
52279
57231
29112
64837
72139
72146
16849
34635
34753
37606
5451
20572
36312
5625
18139
32868
6854
32631
33014
34230
5980
36603
36604
63658
5085
22841
25314
30846
37887
54900
66753
66755
6973
36643
37758
8905
36209
40138
53038
4923
23907
43149
12520
37125
55781
25250
35641
35759
62053
5658
14588
19008
5809
9511
18190
42469
16737
22885
56922
58141
6262
20053
38270
53448
15752
16827
52176
14532
48520
58234
5075
7089
37402
39297
6882
31751
61825
71454
13048
53960
69186
69425
8761
27646
40703
49371
14129
19581
19856
30125
34751
71093
71112
10564
49906
61751
62154
7225
19514
20613
51489
7582
31150
57770
23864
33207
43901
17051
17166
17816
24865
6601
25112
70310
10356
10425
17476
12488
50292
62725
7747
55512
62879
32384
37619
38108
59363
4866
7652
15084
16247
32807
32809
32662
34193
43212
66349
7188
19522
28423
57405
35897
35913
35999
47449
72123
72150
31382
58623
66439
66444
22740
60737
40932
64337
66384
14940
38689
53708
37222
39473
40443
43962
30055
72363
72364
21395
39817
40557
22222
38330
57084
58737
32769
34057
34163
29779
40405
62834
21170
48848
51697
19441
27767
53439
5198
57898
60021
6790
21389
25961
58175
16619
67038
67039
17878
41751
68517
68518
7116
57384
67754
67756
10090
11626
49190
6187
25355
72519
72523
18416
43469
68688
68693
33339
62526
66892
66893
30525
34139
46548
72664
72665
4789
47672
52086
33485
35216
44486
61773
41846
57523
61832
61963
13041
13392
4809
47682
6169
11436
56128
25668
40141
51659
67200
60872
68241
68246
5478
4763
27512
29745
7746
17530
20624
27686
50762
72777
43404
57597
17629
17633
17648
48433
9298
9478
32552
34012
11971
16316
16490
28219
71392
71393
7035
66912
67010
32622
41465
63605
59229
63004
72396
72401
14380
19563
51090
55747
42049
46179
48377
6384
42424
45106
40821
45288
68427
68429
6388
47261
47271
56001
61399
62909
70595
70596
6736
24545
57711
61973
7792
10263
11857
58389
11828
45390
45393
6828
24822
62712
6094
6848
10319
63523
54659
54661
55303
6433
24189
55459
45187
45685
45790
70031
37372
39515
48937
55511
26630
37514
52667
20020
27803
31403
12366
32638
43970
32935
34392
35863
36051
45774
48626
51517
51541
14075
14133
30723
53376
4863
59288
69139
69149
6499
11435
11935
73228
30040
61279
69214
69219
5064
55196
72660
72661
9716
35666
53769
66303
10504
11591
53696
69692
7580
9735
24701
39454
16369
49239
69439
69450
5519
40936
41595
59463
6870
39716
67148
67152
35046
58076
10552
52226
62736
6969
16599
51422
6338
6412
20687
12339
12452
53550
56202
14891
14989
57450
5461
31975
38749
48357
55753
61553
71408
71442
15760
32835
33353
66287
14841
40359
67580
67582
50938
56532
60071
69634
34369
34388
35621
66418
10791
43562
62171
66381
40893
50310
50697
14570
33368
34177
7219
22502
42617
59991
38376
48356
57149
27667
27734
56819
57573
13178
39632
42986
64781
24590
24591
48601
55259
20290
36977
45958
27264
29419
61518
13118
27115
65138
26563
27072
33296
55582
69343
5465
33109
34165
34167
4954
5418
11579
14897
5462
37110
40609
6131
12074
36911
59002
9630
12469
43009
37898
67704
67706
12510
50169
67677
67684
5194
23882
64861
6800
26969
38288
43072
4661
30960
58053
20344
24656
31455
39117
4630
23384
42232
65880
38639
38675
39233
9659
20972
22451
25798
35846
43115
18121
40303
66967
66968
13315
68236
68336
5975
12132
16034
31994
32143
48668
20704
50364
56013
64957
71014
71019
35695
37414
40127
61814
54584
57243
57637
8138
21088
57479
4628
62660
52637
57889
69592
69593
42184
45924
68596
68597
11619
53364
55805
55883
6751
38313
67203
67205
5497
23016
25542
41722
40038
41287
41374
12153
22873
39064
40007
5353
32080
35815
57563
60037
69435
4866
13858
16176
12278
61924
71141
71171
52646
53606
53697
6557
29199
69474
69481
14145
15861
17275
59043
32676
44003
56795
5210
30732
59360
7174
13003
58909
29464
52789
58660
12644
57791
59457
31871
44604
54924
5724
38218
61598
7144
49053
54905
63772
4716
31862
37932
34322
34649
65428
20934
46870
56172
69212
40107
40115
40278
7943
11945
39133
53055
8651
12467
18712
19828
8005
23096
11802
72744
72748
32064
32316
33500
37912
6021
54167
54358
6915
34951
44991
6785
11799
72753
72757
7028
15189
15342
15937
9528
10895
10896
57086
5803
23408
45079
6842
13823
54525
64755
5238
24582
11231
17820
35327
35939
32854
39217
41604
5580
29867
54826
5072
16012
27625
37903
55472
61547
67568
23665
23734
23750
61210
16646
17281
27374
49063
5567
40214
40253
6480
11449
55642
62888
19541
21491
68534
68551
16661
16665
31506
32547
27915
41456
48850
11793
17211
17513
13110
27672
29255
45176
13131
25423
58488
17454
71378
71448
24592
25030
36651
40386
10192
11747
45413
60097
47009
68591
68595
6499
9690
11435
11726
17064
59602
72823
72840
10568
28124
30835
60970
54924
66794
66796
4874
31592
44808
12699
13131
19326
19412
21249
37478
61896
62475
66482
20773
69034
69039
23772
44246
52671
4628
32033
33772
41389
61193
11685
18248
51931
64332
30357
19342
32596
4893
33774
61193
66653
16267
34123
55778
9643
23468
58976
59680
17293
19178
52750
63562
10336
10405
16081
12893
17495
17987
68959
17398
18193
42415
45297
48128
5003
33576
33824
14205
18386
32482
38505
15193
48459
58913
19362
64752
72181
72198
25975
36553
54674
62694
6795
18090
20582
63683
30924
34885
37303
67661
15609
54161
57528
19370
50853
57396
59096
22206
62271
64069
41207
41674
4822
34666
6027
68115
68133
9646
19562
19586
20158
7048
10763
33815
34617
34685
5180
19323
23801
53464
41991
54073
61248
69459
23471
72116
72119
35654
36361
47138
36352
36357
36622
56675
31693
68122
68127
17812
28013
46579
50484
11969
72117
72121
17329
42721
58263
63141
36646
37774
43223
59949
38085
41595
54838
55365
66829
66834
56488
61043
70366
70379
23953
60687
63608
6791
18278
28351
37009
6533
7729
12910
17242
34585
42651
33752
36492
36495
64167
5891
34695
57922
29669
29813
55613
61841
17128
18359
32256
42911
27138
40117
65982
11137
13649
27302
5654
28436
32101
11671
13198
13353
14712
17631
22342
71661
17394
24444
24651
26770
27303
29058
34943
8020
29313
55999
10005
23219
55428
64820
5346
18729
59009
53609
53740
57676
4947
44868
29813
55613
67559
67614
6608
29853
30333
33699
11153
11391
16749
42964
10761
29186
39969
41648
19583
29231
30911
37838
38734
56325
60550
6900
9389
31388
58476
6901
34813
52690
56452
4780
31555
64851
67064
67068
7194
57580
59178
6256
14893
26224
52177
6931
19818
29183
29339
27683
49113
52726
6649
14242
15398
18245
5617
7540
39614
39620
14893
26224
49076
52232
31626
54919
6503
72926
72999
30595
30610
44733
21516
27658
71785
71788
22393
22504
53057
38171
48865
69893
69922
9392
9487
16442
59903
19667
28086
29778
33858
6045
6952
18471
49104
10170
30369
6017
57201
9281
47069
4765
15358
31141
40453
31042
31723
31909
34911
7818
10199
22773
44469
7070
19658
35149
38011
54663
33044
37577
27947
29405
38457
39478
39507
19608
39518
51229
5154
14085
14148
58202
7839
12067
17297
61026
19084
33871
42922
7854
56548
72615
72616
5610
13005
29566
38200
7100
68150
68154
16911
45283
66448
66460
5038
17882
70652
70671
19249
39710
54971
6238
33414
33575
56180
12383
23096
57416
24814
39736
61868
22039
22247
39770
48338
30313
41087
63001
65926
7137
32933
39997
41438
52247
52291
57417
57756
31976
39757
40105
19852
45894
6922
66016
68324
68325
36308
43263
63773
66854
30396
37264
41371
67381
57394
68144
68146
32300
37056
37101
67093
23595
54393
61681
18625
70602
70621
17163
34189
51905
57628
18360
62821
64792
20993
21365
38649
44857
6944
27996
28037
27422
28065
28338
35888
38561
41721
66028
7182
19855
39879
50985
7183
10817
59921
64563
14653
56818
4896
31042
34911
66797
66801
38176
61668
62772
28784
52621
57820
61587
29698
58773
60827
67359
5694
9506
13262
17954
55810
59743
62377
64768
21827
23618
5281
6868
42185
6467
12192
38674
54905
31136
50219
70469
70539
30306
30778
63591
27353
69117
69215
5849
53803
71523
71524
41776
68674
68675
7519
21741
21859
14788
18075
43575
66822
66824
16664
20611
69402
11905
12015
44240
58087
32041
50480
52340
5683
7240
39254
63625
30341
30674
62552
67363
45354
52246
57897
65314
57112
68157
70942
70947
26373
56359
60660
21277
23057
14479
71642
71643
7449
21791
44200
54315
6696
49996
52637
53197
11530
58945
66880
66881
23795
30377
34633
37197
18729
24839
53648
53658
70333
33224
44735
55554
26425
32320
43915
44432
26580
26806
33152
41982
6022
31807
59211
8155
57525
34900
71045
71060
7483
23103
24524
46061
39025
56341
66598
66599
14978
16158
51827
5222
6813
11242
26512
26550
26635
55437
69358
69360
21881
44513
12792
15542
7497
12157
53232
7851
25138
27013
25117
30222
35922
45188
6577
22377
41673
42184
24715
61279
61508
69214
21325
25664
55349
57285
16852
44165
45726
55426
5586
6405
40180
5578
38325
39109
39306
29060
31466
60493
44604
55996
6570
14516
4834
59938
65966
33121
34600
64771
67527
10492
24504
33228
35041
21014
35602
71919
23104
45448
34049
37906
58727
67524
5160
43043
56847
51377
53640
6466
21215
46261
50283
34348
35738
43212
46433
70421
70422
55786
65405
5826
14120
68981
7024
14878
25444
54479
12514
12521
14791
44859
14411
42704
42718
68498
8043
12899
46445
66428
6050
15605
44259
59269
7506
15993
16261
16614
11582
52459
57307
65467
10955
72701
72771
23841
55239
57386
9860
50871
55074
10853
26687
72673
72675
13345
31141
34760
38175
51761
52972
29281
58830
67591
8591
26692
43268
44977
10578
31361
44011
53865
18521
20607
57765
11577
15782
52700
65347
18673
18799
43786
58955
18464
19113
54216
16485
17501
50308
30565
30621
30626
59124
8390
18836
71814
71815
20859
68205
68221
31761
37857
37892
67574
6705
15496
64443
16786
52073
65233
7232
15900
36153
50604
16449
50756
18754
21569
22836
53611
58020
64642
65207
5528
19617
20752
58564
30077
37852
63410
67607
22350
37855
59071
68347
68352
55811
65838
70994
70995
6731
6953
27713
7568
40629
50437
51369
18472
45707
48816
35046
55897
57655
18632
30898
64429
67526
27458
27459
28984
29159
6183
38511
59285
63382
8611
12842
21033
58876
14705
56018
64017
5096
24246
26668
36273
5392
28110
28708
6892
47765
48461
50686
4915
13372
19918
54641
34946
35763
35773
6990
30332
34710
44763
9528
51438
57270
57723
26181
26622
67650
67662
7349
15694
53940
31468
36486
62688
5932
27642
30439
51403
5260
6831
24416
26812
25276
45031
56546
46625
47184
64429
64502
6652
20995
49289
51375
5919
18953
45482
12104
16115
10547
11268
38619
48337
6948
29016
35122
60540
7764
47281
54046
23569
52930
7631
43040
51043
55035
19241
19904
22181
31725
39587
40026
12647
53261
66050
66051
14899
39681
51333
6000
32075
32495
40731
14986
19808
73278
26277
47972
48944
17514
28147
38246
50614
24546
39490
64045
64721
38216
67262
67279
13422
40384
71242
71243
30613
32128
42843
67072
19156
19529
72039
72040
8700
12955
17948
23998
53068
53074
59649
43869
46252
57831
7949
7951
29944
7986
70114
73260
28910
34583
35500
36544
59237
61589
71172
71173
29942
30412
67094
18879
37555
41564
43176
5698
6478
8318
12719
8707
17885
50200
31213
51858
51877
14722
15033
17996
71849
18173
29924
11294
29942
60499
6473
7490
52692
64063
14131
14136
43204
7587
19935
37912
51763
11750
17143
21829
33853
11133
37225
63192
67096
19628
25978
61770
8091
12156
13827
42413
41212
41745
48151
26360
38569
47534
16958
58673
59767
17300
29273
71413
71418
5333
52434
67095
67114
26384
41827
43442
34353
58758
62985
66585
10901
71651
71653
45854
57733
61491
10954
49697
54311
60608
17212
71277
71279
5749
15404
22165
23272
15134
51134
54528
47818
47888
47899
10586
10952
13697
48671
7653
27170
37875
62837
16097
48891
48892
66031
19250
19592
67493
67495
9464
16945
20892
58634
11383
11476
29069
8263
11612
61456
29579
37257
40471
17189
34618
34622
9827
37173
58974
6020
11630
12110
12116
13227
48283
53305
7794
18256
56215
5214
22573
69623
23140
31627
37167
37527
38363
39728
67379
13044
13046
17875
27097
27109
35836
41259
69443
69463
6371
12309
36633
37432
12115
12586
33777
55797
8591
26692
72032
72036
6223
11573
20670
44501
4996
18426
18919
42057
13220
42606
46369
5530
18600
38094
15139
16361
55077
15047
18293
72462
72527
12812
47737
57495
5802
6050
15605
18366
66427
66429
10794
11749
17509
9158
13065
13075
6558
13080
30429
63593
23757
27206
27218
29020
17282
25545
31599
70454
44052
44537
66800
5113
40722
57416
73016
17645
17648
18195
48433
20516
22734
42557
57581
18742
56995
13150
13156
56877
58091
14238
38519
72798
72799
6572
71798
71871
7057
41348
51529
5204
6572
39545
37276
39359
39802
64867
14185
33825
54284
37889
38015
38446
40592
10090
38473
54205
73050
5062
17380
27101
10696
63264
64403
52683
68892
68894
52719
52886
17972
22088
46451
28380
28550
30434
59187
8155
55908
61226
11835
18994
53227
60812
7542
14421
21402
52052
11739
13052
53146
14719
18864
42824
47738
72354
72381
25077
59947
72306
72307
16304
24010
59367
5137
49343
71160
71231
53984
54279
10910
38202
48337
67803
29300
33358
67109
67110
5181
60833
72193
72197
13764
17994
71653
71655
5929
26843
41953
41956
15265
16672
58965
42436
42511
47833
51885
52107
71771
71775
7021
69004
69019
9186
35357
64354
10444
57570
57696
73036
7673
15770
15807
51132
6587
31290
47039
61762
15497
15544
15661
58359
40474
48679
71295
71329
9890
14100
14805
28437
48919
51560
59520
13982
16625
17790
56769
50082
51160
72208
72209
11632
50508
54080
69664
11294
28201
47096
15240
23795
37242
39759
29967
30419
37237
62369
13369
31020
35146
41859
6514
7325
23506
26169
13091
31793
56635
16342
49953
51728
57029
36021
38242
42581
46217
17234
51056
61246
16235
25195
38872
61942
5514
29013
38441
16505
58798
72130
72131
31274
57418
63983
21605
22019
54570
57416
63324
21376
71105
71120
6477
69230
69231
6517
6624
13897
63144
33942
61711
66302
66318
29955
34984
51026
55199
15457
19492
59019
26911
38671
38679
39032
11627
18681
36409
38682
38686
41475
12899
31313
40144
49769
11058
29949
37125
6592
23260
72287
72289
40046
40575
73008
73010
18194
51622
71685
71687
18024
18080
47860
30706
46353
48140
17814
18468
44299
59365
40052
56942
66837
66841
26068
39534
43535
7845
31233
61680
65574
53246
53661
20062
48323
57357
58247
11898
54124
54217
6853
19329
28631
29215
16836
20493
20814
43691
29302
47132
68313
68314
5515
35280
53641
37116
50752
51173
68957
5327
22364
22413
19670
38772
41833
33207
33650
62083
18590
18898
19561
20000
10419
19967
21545
18210
40663
72315
72316
15425
56806
57583
51581
57630
71556
18878
23420
44788
58227
17332
40273
55792
57359
5597
7093
32520
39647
26827
36842
40550
57568
68233
68335
10718
19794
54721
66795
28910
34277
34739
62205
54676
59996
71540
71541
8300
14396
43959
13106
18404
27405
27805
13826
38658
58102
60181
24802
31545
32378
40076
13829
13843
42838
7361
70854
70888
11535
53231
53661
54375
21128
24446
61249
19087
21558
25885
27412
18528
42995
44634
53850
18366
31501
62156
29447
30375
38411
64218
5114
73016
19319
34250
73014
8316
25958
36661
18500
27529
54137
54818
24517
45894
53992
63612
19716
30728
39728
13248
24315
40289
54428
5435
28579
31999
51963
19628
26946
28156
40056
25710
42449
43264
5158
8181
11522
49764
19098
71420
71423
16454
18311
45160
57699
7351
9491
33634
53009
49653
73004
29195
36306
67625
67637
28098
28438
70624
12287
58515
58706
64273
39268
50039
67714
52189
72226
72229
18167
19642
66788
66790
10332
20078
20161
59385
16642
28404
59548
7302
17686
44709
58134
19208
19533
50935
39713
43263
66854
66877
17472
43516
64058
38579
57401
68811
72222
7841
37093
73007
73037
6308
48283
52010
56393
28194
29303
7846
71441
71443
12111
21799
58008
6406
7844
62782
64948
45800
71377
71382
26483
30924
31328
6639
19225
29147
60178
17505
71379
71383
16204
16270
20806
64424
39992
63929
66767
66837
49060
49174
49179
56021
27516
57567
10364
20350
27800
28229
13163
19026
44879
36172
47981
48920
49260
7006
12284
12814
25089
43731
21249
70959
70963
68155
68157
25152
46854
57300
7715
40218
40224
7200
11560
70255
70323
52332
57121
59238
47196
47597
47629
11805
19326
71792
71862
21284
24735
58081
11813
68152
68167
21163
21376
39074
11933
64195
68505
68506
44309
64742
65400
14170
30080
58880
67585
68592
68599
19265
19381
20950
41406
45408
47002
59510
34538
35506
66729
66731
8255
22992
25436
57718
45805
50431
50682
65144
7859
25819
45102
59736
60801
22981
22999
26303
38544
6734
18325
68284
68299
15187
45489
65173
26613
28119
37469
9412
17420
53496
52544
67904
67908
10514
15316
19274
23231
68150
68170
12393
12595
29949
61971
22948
23117
58069
21910
45004
60746
23554
63401
72407
72409
57481
68562
68583
6032
18438
56162
56317
40363
50139
54908
34563
52365
61979
65322
58072
58181
58983
6486
50711
57203
57646
7118
11209
48234
16640
17267
18321
14481
18199
39203
24712
24718
25428
34771
27140
36658
34418
37450
47020
62470
42879
63545
57562
68788
68803
30904
61549
14284
14800
22558
68597
22756
22759
22977
20355
57351
71999
72010
34251
40062
56249
6960
18026
26604
45299
19538
59974
73040
7993
21294
28142
65659
34494
36345
61048
66878
29031
29848
33577
65043
37828
41915
67404
67405
21179
36023
41678
41781
25910
26318
43381
32117
36465
36699
66866
15448
55331
13792
17782
50206
65413
10678
55115
7310
47035
16492
42773
52426
72506
10046
18733
48316
63618
24716
36391
38660
67894
21798
55311
56701
27884
57824
60238
24697
24745
67653
67724
6830
24467
37259
39130
9879
30653
30775
63831
6132
18599
18615
19090
26813
27046
27538
36634
5573
16647
19224
20081
28001
28310
42982
8814
18449
26923
26500
26683
33545
10618
40585
52806
52994
57240
62595
71515
71516
7757
21854
29258
18845
27601
41412
41421
27894
43660
61662
26343
34030
60473
26922
57208
68101
68102
7408
49496
65787
6249
15183
57259
13650
61938
72574
72597
6839
47234
71157
71158
28384
39117
68354
68357
28077
36580
39389
64792
10582
15396
23377
23512
30207
30593
30600
38751
21094
46258
46263
12579
33101
66560
66561
28730
25886
40439
40547
60729
10082
41166
41301
70984
8813
33657
43574
19391
71411
71431
6932
45140
7347
7390
8357
66116
15735
28237
51848
7246
19585
20142
9409
10600
10630
15676
33258
33312
14910
28560
35326
42440
19210
20122
31107
13771
30521
52899
69167
16525
17297
17502
28800
5955
7212
14629
20284
37930
71469
71470
50944
53295
55478
37209
37283
66620
66623
66729
6375
6565
40905
55973
9895
44487
52496
71710
71711
19687
27860
27902
60196
14167
57927
27342
27559
27580
24543
29171
41559
50918
29181
46471
71214
71221
35160
54542
63022
6894
47129
57341
27157
27801
29127
61249
27267
34686
37000
40512
29840
33431
62805
5808
18871
54363
57256
18376
38135
38811
41135
30079
34497
37351
39766
31310
63015
72160
72162
7119
21314
67539
67543
9917
29449
30308
37186
58783
58808
17882
21283
41828
7204
24490
24547
54788
7817
19202
28307
42595
30515
37653
41325
61443
36669
53153
58810
30364
30399
30840
18288
19268
22114
61258
30120
31379
31477
43110
6227
29152
60712
64401
7948
41051
48824
7704
47434
52818
20283
30209
61071
25653
30339
43276
51819
19207
28397
38117
52942
18193
31458
31460
52096
30656
32526
32823
46907
8405
15848
69173
69246
14458
45006
56072
68397
23513
27063
30478
30829
19423
29389
32118
24421
24447
39130
46467
13585
13803
58498
19433
19438
25447
31448
38412
38875
39015
6409
7001
38910
48755
7224
8293
32477
12252
27314
40301
6847
7065
65090
67026
7369
12737
65627
48511
53595
53660
61899
22415
25219
30846
31125
40598
64369
72159
27772
49467
67429
67434
30834
31176
32704
62799
5450
19498
24374
27452
33283
57279
57797
60337
37101
37682
52457
6983
14154
22220
60630
32781
57354
7648
61983
69048
69049
14430
64847
67014
67015
7611
28486
44875
45059
67674
67676
11417
11420
14240
24027
61163
31473
43467
31480
31538
32211
14590
23091
23815
63670
68018
30412
39852
6015
45547
56683
63522
31832
45548
18429
35414
70649
70650
7166
47213
64893
38620
39109
41765
19241
24663
31725
32081
34741
36860
37225
65959
29762
31233
53224
61680
44020
45895
55556
68196
38391
44184
67304
67305
6708
31654
34636
34380
61751
62154
6925
16638
72747
72748
32442
44010
55186
33089
33090
33096
43370
52607
66553
66555
11143
18774
60844
62229
19347
27231
27347
30996
6918
67069
67078
7198
67269
67290
24572
29557
67888
39206
67024
67039
15548
29938
73176
73183
25492
29148
54839
19293
38355
38358
62666
25671
33416
36485
21566
46253
47299
26616
40999
55616
46080
49765
50141
61990
32436
61163
66458
11999
18261
58434
58454
36004
50048
53815
29734
72841
72843
27270
29424
61917
25156
70337
70340
7735
19591
52237
52569
7672
35082
50918
67513
8025
36533
36701
37086
6957
20182
60187
61829
7421
60991
52013
65282
69712
69717
29847
30141
32691
34014
14730
19078
42370
28743
61322
26798
31110
60226
31860
36109
11052
31573
38913
5964
35016
35033
65755
19512
27479
28261
31354
14601
17804
60109
18956
38226
68257
68259
24864
27457
35022
19558
21865
44717
45036
66437
66441
46263
47380
59596
70940
10167
13317
40460
40792
10575
35187
70481
70483
18054
18387
58437
32947
33156
37622
56790
18043
19494
19577
20610
24818
24985
27048
34878
36171
36173
70479
70504
35101
41138
67127
32303
34634
34875
41606
7250
14074
14111
62650
27609
41332
51225
6347
30585
37270
37532
6987
29832
40131
51195
7297
46696
46840
52758
26525
62481
71275
51134
69228
69249
27294
29130
38748
46295
14124
38529
62721
19395
34578
59446
65087
67490
67498
7465
32591
11864
66798
66819
5441
37341
37643
17197
43700
43705
50953
25619
33648
34931
45545
31536
35882
55994
35777
35781
36244
19301
45521
48787
57931
11581
14206
35052
54667
24734
24885
35419
36636
21674
26654
45224
34523
34969
47902
64561
67141
67218
28538
29795
44087
45163
45164
47328
60471
64860
26609
36197
53423
55557
37860
46445
37328
37632
58097
41423
55476
58889
26123
26454
27442
56732
36328
66172
67411
67481
36332
37484
61181
62479
11826
25283
34811
36344
39886
12110
12943
15713
16072
31806
39301
61845
27830
28314
36433
13464
20961
55641
7016
37776
37881
25618
34777
60680
35628
39644
70057
70058
7018
14962
36900
51007
6982
50900
52270
5604
44772
70348
18719
42545
56959
57234
37162
37358
62500
10613
45633
45690
51898
67899
67917
36752
37128
54461
67704
67722
32680
37204
34134
35927
44445
6425
13398
53023
57670
18421
54269
57520
10259
35232
8959
44905
58415
28026
32819
37062
37070
8384
8803
12360
25329
7028
15342
16150
49107
13061
42566
46154
70142
6102
36823
52752
60804
19341
60283
30171
34725
34746
10678
66293
66295
28596
29663
29786
67933
67942
24706
37423
47730
6033
20317
20585
40738
21848
23495
60816
8966
56712
28029
30180
10095
28027
55192
66713
66715
43549
44152
53778
63122
38753
39384
56036
34260
35371
35674
66246
6030
27216
47201
61086
37522
67676
67678
23813
25317
63698
68014
66859
66971
12510
23269
36851
70468
70469
5498
35593
23061
39396
37611
7812
29175
15103
33033
37681
6543
28095
71236
71237
11897
40853
61187
61293
9956
30229
33035
53683
7694
56981
65235
7798
12093
52715
34752
66318
66320
37880
67711
67716
28165
37891
57015
65770
43884
45232
48312
53608
32810
35078
64860
7061
42460
53126
53127
28897
39192
38302
39702
14914
35556
38066
27369
35285
61234
66292
66294
67089
67091
19410
38091
69342
69344
18197
54838
7010
10669
13850
20245
8688
72092
72109
24209
62128
36107
45645
45685
16134
38038
38104
67313
67420
19094
19663
19798
27968
6060
23347
25156
70337
8462
55233
38914
38921
40737
38131
38138
38283
26326
41576
44958
38912
40096
38392
54367
62691
10317
27469
41223
62623
14642
37981
57148
38327
67151
67154
38346
40582
67181
32230
66833
28839
34435
37814
46349
24355
41705
42315
38901
39380
40785
41558
36074
45733
61648
67235
29458
32920
57614
11309
11574
53409
11328
72913
72914
6029
45867
57443
21576
38696
39134
7273
30814
38967
40290
13116
43124
46002
19394
67906
67911
45586
57746
68182
68294
67298
67300
19409
38717
41100
48867
19592
35097
5927
8441
38731
65409
29093
39057
44956
67742
67854
25575
45769
45876
7007
36260
37456
28547
36774
39364
14664
18985
39425
7795
17748
69035
69036
12523
31992
49535
60126
5576
41732
43226
7650
26111
26817
39508
40517
26110
40381
45077
38804
38988
54204
5590
34006
35436
59533
23974
70208
70209
33410
34385
36096
32681
44423
46444
21361
70915
70916
41369
70618
70619
15126
39235
39237
39583
5741
35594
20331
28384
31455
39117
38622
39308
13398
15038
15040
67531
67633
12247
32061
40393
39489
62854
67542
67794
10926
39346
39349
62523
7222
39453
42695
67791
22846
32616
62797
26194
26926
18639
19036
39602
7207
41825
56553
72604
67791
67796
24150
41018
43264
6612
43456
57753
24334
39145
69948
70076
17508
49388
52256
18749
46855
71256
71257
7071
39679
72633
72667
20032
29538
39696
38836
40099
40602
8935
31537
34909
37433
39329
39778
19458
27783
55135
33281
34134
35220
63628
34916
36527
41528
23259
23596
39801
41972
41706
44272
44048
44335
47097
58807
11875
52491
68887
69140
71055
71070
6775
25233
25608
26301
46361
46578
9833
38099
42412
53429
53841
54196
54544
55731
57347
65080
6111
9024
42422
45403
5735
41654
41760
57616
8952
43874
49443
51733
9256
39520
31105
44397
46426
38456
40685
50981
16586
19143
48458
57519
17630
50934
51202
51658
9257
12248
72022
72023
14451
40741
70828
70845
10780
31618
34364
34462
30845
38506
8013
13048
65844
27994
39055
40132
27298
33899
41627
50854
41271
68147
68149
7111
38895
38937
57104
26230
53790
69320
69321
7180
51599
69579
69581
32523
32892
40355
40818
7551
13682
72527
72530
19053
25110
37123
43777
34819
36216
48364
57128
5786
25563
27027
19804
69440
69442
38702
38974
70634
70881
39001
41539
41541
55469
20842
41719
49650
56192
7174
16185
69223
69225
15438
34231
65287
16064
48013
56040
6318
16412
43627
13473
15964
43372
23145
37741
48521
41776
45081
46259
5650
29516
31237
46664
41712
66618
66639
37844
53741
72418
72433
30075
33844
56487
58761
21019
41782
56836
6823
27927
28311
30300
42462
45238
55522
33619
33976
36479
42937
45047
46041
14660
42185
60427
33598
34503
49711
52057
5663
36517
64825
66920
22513
43653
46977
19543
19655
21680
21972
32353
41528
66918
13070
28859
33327
67273
12755
38406
45054
36325
37486
37529
42542
24588
54106
54310
54323
7266
17927
42768
38180
50239
52476
58157
17848
18130
43541
6640
45295
45305
45316
49707
71361
71363
42694
57894
71632
71634
58023
69249
69250
19759
19764
20356
46734
15043
42787
59880
12451
12452
13159
55297
17493
17506
42726
9377
53105
62209
43365
56195
72072
72339
39149
42871
35463
41418
42396
39589
42549
63024
27651
56429
57910
7532
53183
71080
71081
17631
25076
42856
12202
38543
69469
69471
53057
53385
70093
70127
18556
58703
64535
39202
43831
48386
40428
42619
55270
42839
45982
25872
43700
43705
49760
17706
22537
43549
55134
55561
63122
8485
40849
43099
43945
54068
61135
61441
8317
8711
13698
32519
33939
36397
66958
8530
10264
54078
6691
11902
59262
6419
14244
16253
64157
36713
36723
36726
36730
14110
42147
43155
6132
19090
71892
71893
29959
38572
62760
32699
34760
64225
52618
57161
58132
20550
44009
51777
51808
12036
30935
43921
32071
32622
42249
70049
7234
40199
49639
51111
9048
41368
46114
19571
21482
33667
35428
43174
44188
69953
42512
42900
43077
63171
23531
45029
70511
70584
18379
19115
39605
6451
46437
48306
63148
18088
18218
19541
21491
16809
26047
70101
15346
15818
18766
50879
30641
34069
44590
38084
45110
40745
44597
55249
38025
65149
71687
71688
13133
24245
48509
8527
44517
47089
67299
67301
57439
58051
59356
63215
42409
46502
30227
32861
34781
40924
8526
22506
49414
66140
40843
66137
66335
66336
36160
42789
69934
6518
44799
45359
62278
24173
42027
42987
42374
52060
68203
68220
64090
68024
68030
44354
48599
54722
56211
34349
43222
7665
45936
71897
71905
23385
40821
45121
45288
10306
10309
26081
36655
45140
59182
38545
39462
45148
70835
5876
30189
39083
7258
16184
72512
72513
22315
54484
29911
42311
43030
69929
27282
34222
40403
67440
13758
13764
19012
45135
12368
12540
26052
12193
26760
42050
22904
36146
44360
6998
46099
46556
11183
11773
46063
9363
22835
48865
49505
41771
45687
51898
51992
62462
63033
64977
9447
45965
58869
14879
14882
15851
64603
32628
43640
62880
33421
46977
45806
63531
5809
7205
46130
46611
32478
33802
43283
66719
44705
45745
46569
54768
62762
27391
60251
45604
45815
45895
46072
7359
31630
46465
31183
56426
58967
7287
28460
70788
70789
7548
13475
45478
64702
68181
68183
23340
45737
45783
7474
25166
35793
36611
5783
26980
35647
65870
16052
38693
42608
57701
14733
44118
56494
31598
46003
62596
27281
36162
50190
13725
41009
44337
24020
45686
69995
69997
6770
10009
61118
5874
34231
45614
54920
41246
41921
44683
55227
45550
63626
63728
70109
6927
71625
71107
71119
12833
42699
61111
72598
23974
46173
48467
57545
7104
18227
46235
57378
42735
46294
49524
46300
54523
46421
51964
72320
72321
46192
46308
58509
46423
58284
63632
68692
68762
46373
66973
66974
42224
10930
46270
46843
46385
46484
70242
70243
46538
58087
68517
68528
43355
72337
68427
68522
18031
53984
40856
46495
14257
70427
70428
46533
57402
48054
51577
7539
9505
32181
48477
6741
9425
22631
49873
24446
52367
70770
70772
7323
46738
48669
56332
30188
30483
47409
28517
42138
45918
64027
18350
19200
20496
51911
53795
63858
46783
55643
72832
72834
18568
40315
47027
47072
47225
50305
57666
59150
71572
71637
13015
13955
46510
31390
36597
36905
31097
44321
44515
70072
22136
56821
7427
30491
67569
67571
35111
44294
45617
70138
5855
5939
45686
69995
11875
68831
68832
42065
44913
45677
70028
32282
41973
43078
7689
68858
68863
23991
69072
69076
36106
44270
44666
44787
5841
13939
41565
8890
41706
42909
47821
62166
66306
66307
16631
19747
45853
46952
7414
33037
33185
33820
44525
48750
58414
30373
30705
25274
57241
69507
73297
41885
43388
45300
51125
51126
61493
46798
47366
12473
41216
29999
48006
48275
24356
42940
43151
69957
15659
23703
54515
5895
41652
45714
16787
44595
45419
69993
41095
56589
62802
13595
53716
7697
23474
41987
42377
8154
14835
18631
55730
39193
50984
21606
71342
71343
48652
50016
70816
70823
9077
22489
45739
48788
44437
44589
48846
6072
48385
48822
33948
47389
48978
16118
31501
33748
38523
42164
42316
44530
31560
55742
55950
61766
7157
27286
29607
49302
50736
70658
70661
6529
68915
68987
56561
7194
12349
13399
38911
39091
39288
20514
27058
28378
60340
9489
10397
51349
51401
6535
11551
12225
15405
6423
57768
65023
67234
67236
45633
45810
62868
70110
7524
15367
16341
56182
22781
45245
45767
29545
51921
51925
52259
20037
20050
44247
63897
22234
29182
41567
62499
26446
45030
60065
63454
40075
40220
50987
51742
50037
50041
66647
66649
32206
34690
35527
14028
45771
50186
59607
6394
47411
50180
62526
12510
37078
37461
50169
44279
9962
11421
50046
6598
50199
50496
64436
51690
52138
56172
69212
69216
24998
35092
35097
38186
50222
50702
52381
52684
53327
65524
6636
50361
50374
57600
39266
39628
55619
61303
12192
12627
38543
38674
27761
30417
59245
65572
6774
55864
69685
69690
7877
27256
34607
19508
20607
73160
73161
5977
19595
70849
70850
11370
16092
16166
16445
16447
50916
58872
34308
43292
45640
45754
12922
17369
50853
59096
32456
52635
52636
61778
27406
32637
70976
29826
61457
66081
38756
57083
7442
59276
63392
7831
22098
72808
72809
13184
27004
56473
16741
34912
60413
63574
22490
32642
52682
61894
5980
41181
44235
70105
21543
59727
61871
7253
42648
47188
71739
71744
24058
57385
58574
28720
42019
43678
6197
38871
39311
59317
7647
34697
57757
64710
70894
70902
14113
39037
40990
5939
34331
34708
45714
13096
17608
31309
63850
16281
26879
59511
72659
39002
51449
43844
48102
55825
58328
44351
69996
22045
40152
51045
51794
16336
21035
60485
20930
50139
50253
12539
50808
61489
33737
42053
23623
23686
26520
54884
8871
12915
28613
58670
19343
21746
31927
39754
37873
38042
50360
9740
29617
62498
63724
20637
49675
49707
20939
51682
59997
64923
7411
10297
15483
43691
20562
50269
51710
7148
9695
38614
39127
45265
68269
68270
5982
35215
70105
70106
26245
40070
47715
63878
9445
42616
43517
45391
9144
15718
48575
64209
16717
17014
51790
54471
19203
29671
30136
47982
9128
12212
47851
60240
6360
8301
24532
59584
6067
27107
62207
16103
16398
51379
51490
6845
19989
53873
63534
14201
14202
52212
59077
28060
37049
42605
53807
21079
32866
34772
6060
23347
35192
60820
30320
31395
34654
40805
50004
51626
60480
52018
52185
52513
57802
7389
38680
54616
22573
69623
69627
22066
39060
45369
46369
21251
47173
61392
6621
54666
55151
58517
41621
41623
68434
68451
45639
70111
17743
30582
62573
43416
44506
45600
16956
21879
35752
47829
6335
42083
42087
46675
11304
54766
57807
65787
16713
39243
50117
50434
41846
57523
73095
73096
30339
51819
66570
66574
15913
25617
29202
25439
26290
33034
61122
7228
31130
67567
67568
8902
53151
59350
41456
70799
70803
41735
41749
42686
70039
51168
51713
52962
45477
45483
70035
61025
62935
68189
68204
20261
27993
60385
69795
7853
21122
21205
26174
31922
40009
10010
53761
55783
57884
42779
42944
54322
7546
46205
56322
16776
17095
54399
59598
18350
20132
25145
25156
27035
54218
55843
57779
9418
36955
64883
66606
28784
52811
61587
68350
23088
25006
25995
37658
36384
54474
72763
72765
28166
28171
28185
46462
10360
55224
62767
35322
57586
59144
60321
68248
68320
25339
25694
54943
7753
38366
38387
24772
53389
67216
67286
7716
55443
56590
12168
16608
42636
53449
54296
56020
46633
60827
16776
17236
52945
54399
7278
23107
45384
45484
6442
41164
41338
51602
16580
20655
32707
45901
22911
23124
13568
33701
59995
20064
20622
20738
32906
54377
56247
25021
33164
35191
12123
12566
43363
45828
69833
69894
6219
63512
64732
64778
25550
62167
17626
25762
36219
60314
7328
13483
56725
57429
41695
64322
68480
68495
7425
18877
26103
71877
10983
47028
55941
56439
13592
34547
63879
66704
7503
46705
50221
55320
15844
51239
59670
35003
35729
38436
47187
68587
68589
7711
30606
73042
73044
11308
66948
66957
28050
35554
71211
71229
32015
32039
62978
66800
66801
12333
12537
62587
13150
58091
69007
69009
11887
30293
46563
56625
49727
57877
69960
70033
6357
35286
35511
14015
32449
53491
31604
34850
57697
61047
41198
47178
53900
55821
53134
53141
58282
60705
25416
66732
9956
30182
34255
34531
7802
31036
50628
62790
52435
69954
70024
38892
38990
39178
9758
9943
11193
50517
20193
26573
72796
72797
35016
66894
70534
62315
63930
70039
70113
7789
13183
41209
44328
25325
25662
25665
34006
33352
48163
68169
68173
7383
35730
70880
34594
35548
41531
44970
6836
14658
35372
35405
34230
62638
16441
38290
50706
59102
13555
43978
54404
54576
42553
69444
69465
14419
21822
43424
62388
7791
42091
45933
20397
45758
53463
60099
15743
52123
52227
44203
44922
46668
54041
12679
13250
13259
9850
18050
7115
12631
27620
30926
26514
42284
13021
13196
38525
29043
38485
60205
18731
46394
65368
12559
15657
15926
56430
14286
16374
63375
28819
53853
53854
64055
67755
67757
19409
38717
70801
70804
16255
38125
51342
64981
6287
27699
35006
35933
13260
47817
53720
31948
37070
37394
14040
15244
69232
13094
21211
39048
58018
26390
58453
58767
40706
43407
72327
72328
29989
30078
67576
46082
67325
67336
7645
44665
45818
57165
34819
57128
66821
66838
50565
51413
52340
44495
46715
46779
68576
60265
60779
66591
11007
34099
45385
14104
16307
17424
59723
23475
44261
59239
62150
57274
57275
57710
24327
29133
35556
38307
42642
53196
56988
58029
21281
22535
57936
50411
57146
69431
69432
11555
14819
57907
64407
53092
57465
58248
9198
23241
40225
62884
17775
18336
35154
60646
14191
46684
47248
56666
14657
18751
18876
18988
12853
58047
64821
12444
53616
55331
57428
6891
14368
47503
52319
41291
47381
49370
71006
6585
27987
59669
22662
61582
16525
61026
18299
18602
9979
29010
37395
65136
31232
31824
39604
49228
18176
21444
25908
36796
31909
34911
39022
6507
72202
72210
33291
35497
35525
52831
31767
62066
62737
30180
42928
57488
66777
36172
49260
72802
72815
67232
67249
14007
54600
56874
42691
43221
68496
68500
6592
14446
18200
23260
41172
47403
56885
70953
52156
53031
57161
57834
46042
71696
71711
38939
50371
71063
71074
19283
19354
32591
16111
59962
66306
66308
56606
72981
73002
12291
46746
53399
6349
14367
46058
52072
47389
48950
49241
7759
50223
71241
71268
8570
23152
61028
69188
6524
21404
43140
55298
46993
47100
53000
40305
23883
29577
38770
50242
16912
48296
54899
65430
50072
50872
59916
6863
29780
46501
54404
58512
63145
22495
44523
64851
52049
62563
64253
58555
71811
72050
6545
11547
11586
19253
19562
57328
72432
72433
57192
62975
63257
43529
58590
68653
68655
42395
42958
43127
45644
7409
12524
16157
51327
58894
72149
72161
19622
22377
28728
42184
7238
10633
47174
63890
14687
14688
16758
45879
12065
18165
60302
7018
36900
69316
69333
38261
38680
58256
67554
38434
61758
36088
38524
61648
47079
57008
67084
51885
52107
59818
60315
11990
59098
22173
23293
54494
65609
62074
64210
68627
68632
20667
28628
39007
51168
69320
69331
23562
42614
42714
43521
18131
20513
28444
13699
16674
33283
51929
33389
57559
58662
60451
31583
31889
48252
59305
9790
39489
59321
7808
56835
58909
63776
46001
59384
60416
41882
59329
66103
16882
58330
58353
48272
71131
71196
30856
31043
59014
7192
45973
70175
70187
10907
17708
33178
58914
17142
51606
59558
59565
13106
19057
27841
27957
16714
64632
67631
67642
37081
49544
49907
10911
15505
54478
57492
7048
10594
51585
58359
11383
11473
50065
13259
71583
71585
12566
18438
56287
13134
13271
27023
32797
49177
53690
72382
72383
59127
59751
68727
68728
18262
19429
53156
54767
62722
65029
16972
53621
53623
55618
16454
18311
26277
66124
7045
51716
59944
63351
14149
54859
11480
11738
47472
68312
7320
28025
66786
66790
8404
8965
54468
55631
23842
59134
68017
20518
38047
38056
50146
36403
46785
47138
63649
10818
52870
39200
47576
47578
57326
13155
13157
28209
11944
13322
14361
9616
9772
9943
13937
54319
59327
59455
30221
37900
47610
57703
71522
71549
33796
66696
17088
39443
53786
54631
7661
20612
53045
65605
10995
11944
25591
17047
42479
50012
51826
6827
27940
62709
67437
19943
28421
28549
8117
34362
39704
44949
46184
20328
31262
60393
13170
60414
66134
66138
12286
13734
17201
19656
67929
67936
25871
37282
42995
43049
7000
57179
70701
70703
10454
16819
17220
44059
11788
18150
46130
6815
20149
35027
60468
48817
53562
57845
11998
28251
49669
50090
53339
58605
58640
24279
26481
26853
27039
37025
37332
52434
67114
8092
37740
57053
57269
60745
70718
70735
7934
18570
72479
72549
19382
32281
43101
55361
33286
44693
70395
70406
32486
47847
65378
71003
46547
46675
64840
22112
42323
45093
30503
34872
35622
37844
53670
53741
62740
38215
38240
38529
62583
38610
40662
50928
51436
8248
12365
16921
58364
31310
38609
57400
57451
19420
31981
33740
33866
37137
43642
56652
31084
54336
55773
67900
67902
27182
32943
42817
57110
37132
37176
37192
56029
27273
27490
60515
62043
28434
41495
43928
53445
14233
53380
55913
62586
14029
18864
31470
10404
30779
39891
29848
34022
43642
6818
25866
37604
8221
16681
63244
7096
11924
16584
17582
7428
51923
66179
21686
21689
43449
28298
28480
29227
50645
47125
47247
47274
65549
32872
34434
36052
53755
55444
61415
6874
30361
53192
59851
30298
30817
36686
30464
32155
32629
67920
39090
55255
67005
67006
6658
19910
41082
41635
6595
11696
12594
32973
7365
7496
32790
33483
6690
15359
69054
69055
10196
31461
41538
28377
31322
68049
68050
11229
17741
18214
26886
6491
18344
27590
27659
12091
18925
42681
43453
45332
60122
71554
71555
13645
53502
59357
72064
29509
31108
43466
61384
19252
19253
24237
51779
33470
62204
73056
73061
25230
36797
65024
12936
56014
56274
47999
48005
55702
17926
43435
7582
28283
57770
67561
30084
32192
64108
46710
60158
65887
42610
71714
71725
22038
46088
56584
10885
47750
47943
48540
9658
10285
30993
63478
47658
61696
71009
12521
44859
69673
69674
47426
48028
49032
70937
31570
35670
62559
16823
19644
20479
50894
14224
16845
32336
32452
46449
46530
60424
67051
67053
33102
37410
61802
28039
42080
55232
29605
71290
71291
40529
65556
68950
68967
53093
59568
11292
11467
15333
41504
53281
57383
57386
11340
26482
47175
6711
21178
21269
52328
30752
43547
53479
60703
8305
41908
64785
60930
70423
70424
62812
72565
72568
41371
67381
67384
16567
52507
52779
15259
47469
59462
52438
52628
52716
52975
20011
29110
35001
60205
18960
42386
59280
7396
15647
15844
17261
24369
25801
35282
36252
20858
49567
50314
64650
10151
60283
67270
67285
9995
29711
29722
53699
12923
55768
57498
58659
19709
71681
71685
7006
65039
69414
69426
16223
59827
62361
19785
20467
42776
19358
42158
42266
40676
40682
61204
26193
46759
60333
60365
8171
13470
17174
18015
27667
56819
57179
12310
27821
27848
29530
19045
27252
27292
59132
37987
39242
56956
42978
46385
46484
48377
57775
66180
73101
73103
7436
19608
39291
7684
70664
70679
21950
21953
22625
6729
14419
43424
65115
6804
60872
63563
10950
58432
50243
71833
71834
42573
49833
57954
18099
19507
28383
29346
67973
68075
14909
23586
7438
24998
35087
38224
30179
30441
34543
56269
9109
23128
23182
50144
24635
47255
55954
53123
54016
72825
72826
15410
19158
34123
51069
61752
62551
36234
61982
62159
62529
13645
56843
72064
72065
11494
19238
66896
23120
58504
6910
32410
42208
6860
14473
14513
43804
13643
19617
22742
55233
28430
45814
68030
68034
7234
7387
51111
51909
55202
57462
63047
8698
57329
60485
25535
26218
40942
42938
51914
52443
59266
64722
68023
62780
62817
14538
14655
56108
64576
60369
63789
67851
67862
38584
70625
70680
11003
11437
11822
63496
6523
15209
63647
7394
49960
50934
42955
63947
19357
64688
71926
71930
38813
55517
70745
70749
30704
45204
10413
10897
17262
64789
7236
43830
46514
53604
15029
15990
57447
45372
72028
72029
12121
12180
15136
10198
36787
37127
37382
32001
51934
55812
17352
17361
35112
7801
71483
71484
51493
51555
62352
8117
44309
27114
35597
35716
64736
8963
64677
18110
39361
68997
69015
6439
41002
69068
69069
17487
22053
39165
53875
56919
72167
72171
22275
48195
62163
64082
40854
61045
71638
71639
16857
67579
67581
46796
48310
50494
10605
12032
49822
16997
47612
34297
38629
44676
54944
32910
39993
61062
62109
41171
51607
46993
70206
70219
15248
53451
62655
63539
17569
69308
69310
14733
42656
42659
65232
6452
40719
51463
52526
11875
16040
50615
52491
31528
44637
47074
17503
51293
22224
47779
50230
68875
68892
15110
48552
50721
19664
23726
71201
71202
34533
37546
72936
72937
13451
24272
60680
22343
35422
56621
7710
28190
28252
28553
7232
11769
50604
52326
38920
39862
51883
56255
49704
58773
67359
67364
30739
51287
58300
61253
7229
21512
45169
63029
42860
55933
63545
18319
55246
55431
61076
42658
68937
68938
53528
58848
58849
51172
65397
34393
37469
46373
50424
9710
32593
41554
62208
24900
25567
36966
39569
52488
52853
64621
39900
40064
40502
64775
46171
48674
50792
53476
10577
22286
55053
10652
8328
8711
12721
6589
14126
14806
53411
11463
11740
31899
6850
7876
48213
59082
36560
38697
48713
65851
31822
41789
7607
26310
38078
6758
6986
15338
15366
57755
58058
11182
46270
46843
11885
28601
28602
63127
9936
58136
49511
51023
69891
69923
19914
21291
47044
54547
55252
59164
37834
64066
73078
33494
36732
56073
7669
31239
40430
61582
49522
49736
59237
61589
6709
35796
49620
49629
51826
73114
34045
73233
20884
56873
71350
71351
7629
19884
26237
40004
58425
64496
64686
10994
11003
45308
17619
22337
22343
15317
37965
43979
9757
11230
41266
21185
26789
53285
9900
10929
48122
62404
10320
12175
12911
26106
6984
40302
49992
52560
15384
19292
37872
73213
67444
67445
17668
18021
72341
72351
67635
67637
13762
13764
14655
17994
14605
17996
33609
59416
43644
44707
57624
64073
68231
68238
15559
16440
37795
44261
45591
56698
9852
36291
73282
73283
10892
15019
53883
64223
56698
25109
57799
10934
10935
11109
16477
10973
10974
11490
16712
10927
11012
72682
72752
16434
38579
53209
61687
47068
54345
6926
30445
66443
66445
17670
19472
11502
11503
47332
72974
72976
30255
30609
34316
7194
57653
11921
32042
57672
58990
12007
14912
17422
17424
12069
38829
63328
64227
6597
14944
53619
53643
9976
15048
19879
11547
11549
12608
71568
71570
6677
19544
61827
10544
61785
11436
11729
7205
41140
50825
63084
7549
55257
67064
67065
20490
28476
28590
8064
8071
18509
20776
19696
23799
35055
62557
17627
26496
72351
72352
22947
23149
49475
64152
13071
22586
72854
72855
19835
20339
29891
19386
54066
61461
9445
17716
43517
10551
53908
29831
7443
23020
44223
53447
13497
14309
43339
14051
53305
33184
34024
53492
30450
65205
67564
67817
14392
58585
61517
7684
41484
12188
12477
16147
19804
63837
73058
73059
13065
13075
47925
59544
15904
51740
69206
13761
53759
51697
70813
70817
13376
60043
7024
14882
15592
46731
59601
70937
71007
14287
17674
17694
37644
53454
58808
64828
41857
68596
68598
6591
20529
40205
60415
21337
53776
54462
58619
28199
30794
65732
18989
26990
31229
61460
15155
16985
36153
50845
11899
12057
72413
72419
26279
59740
61946
62019
46674
47577
64774
8068
26273
71791
71806
60250
71440
71449
14450
18034
34005
6654
55447
69084
14455
38095
43020
58441
38716
61332
14443
30804
16664
16687
17128
18440
19813
36301
61169
61909
50194
51205
9765
9961
24038
63965
62859
72668
72672
52218
52723
35276
35556
67169
15543
29550
47428
24992
35218
58846
40066
11737
18813
45434
57126
49869
64624
73101
73102
23544
60009
14243
25012
34120
63631
6791
7653
15485
62837
27930
30337
55427
7633
16131
64325
36715
51631
52407
69392
19219
54886
67449
67456
18033
42634
59182
28360
33858
40432
43882
32391
33847
34526
38228
37622
66859
66860
16889
23226
43202
71663
7439
17386
17772
65392
15648
21801
23507
27056
7065
35850
42761
8175
9416
64311
15634
53375
54681
31554
45875
51016
52886
53454
57257
57624
68221
68223
37687
59897
6631
13321
41961
55123
14506
44453
44477
44729
9705
11044
53488
63236
14374
38617
42010
29751
55197
62565
38848
72643
72651
7085
38850
39941
61344
7854
45628
56548
60895
7474
54243
69772
70238
21345
23852
31231
52240
52691
17991
17992
28236
31318
19255
44185
55663
60163
71225
71228
13646
46624
18900
54281
58994
48859
52298
69356
17451
17841
18053
61219
39388
40295
40760
37313
54299
54361
6855
12286
54829
42479
51826
73114
73118
41914
42687
42691
43221
54938
68979
68980
23586
31605
31611
31940
27046
27538
55836
8644
18277
49659
14542
18814
43198
46052
17068
69084
18302
18307
19152
46629
18375
71904
71905
6702
12973
20337
53494
31912
56095
71912
71913
10756
18732
22327
49368
17901
18856
19072
63848
18567
51997
57671
27243
51026
70746
70753
16095
16257
18575
19089
71640
71641
23418
70468
70483
6676
19222
25948
26359
18952
71217
71238
29378
34979
44655
62234
13074
71900
71910
57964
65979
66048
66062
38129
38319
38327
19022
28204
28232
25925
42433
44806
63478
13657
14176
14178
65117
21165
25964
26639
19669
27966
28095
23534
30203
53537
18157
30421
42447
43721
7634
21218
33122
29148
67652
67669
23402
32272
66469
19570
19876
72044
72117
19155
19969
60208
18962
30435
30704
67019
7107
15880
56053
73148
28712
72503
72505
28391
30386
30505
8575
10472
73019
11882
14307
60277
31568
53895
60201
10902
14348
61917
71014
19165
50328
68066
68067
19183
19702
20002
20382
12533
29325
71672
71673
15537
18460
43916
54010
17128
35956
51610
69402
52255
69345
69358
8521
8663
28558
30605
31328
52667
67658
28381
54369
65469
48676
50984
67466
67469
19058
28677
29870
60232
50391
59288
65331
56604
56860
59229
63004
13847
25045
49546
73124
67022
67042
35789
41483
54969
43496
49960
59686
23126
37366
20176
44754
39695
49031
49314
51423
14437
17853
30559
6819
12870
13492
7441
21517
57389
60763
19825
29071
41457
48331
6738
70631
43484
45107
56479
7957
30215
66986
66987
11710
29250
38814
39733
21840
51467
63994
21868
68780
68782
6762
19520
28365
42418
42505
42551
42855
21860
34977
58084
22137
23362
45263
62815
12669
19557
37150
45731
23478
23914
71953
35654
62999
66902
66937
67066
67071
19748
28352
65579
22764
26394
52050
18493
19842
20499
23041
60292
23054
60141
60434
13150
13221
23194
51432
38512
48804
60765
23435
46990
48335
69120
26286
41772
41783
44181
22019
58457
60784
11555
23492
68942
68944
17306
20166
29596
29920
18726
31000
61315
64062
21585
27294
38748
7200
13884
23494
23538
6830
19151
31132
60940
18587
18663
26922
57208
24693
24820
25294
36251
12967
27318
29555
61424
27477
35030
13451
21728
55537
60910
18013
19577
28179
60911
10745
11934
25401
32959
7330
11732
24470
25096
13463
17766
33306
47435
12500
14722
18869
43681
16784
49681
73128
6997
48968
56794
8800
16689
43736
69348
7069
30788
34298
71422
71423
67325
67326
15747
55750
58436
58954
7855
18478
21353
31778
56589
71405
71407
16669
60676
69302
42974
43004
43708
66132
6960
13602
42805
69966
69968
6881
20604
62460
63629
19147
25889
27703
27787
25869
41018
70069
70070
13763
33777
40123
25220
25904
39145
26118
53540
56770
15311
16804
24953
29550
40426
40556
57542
63630
16830
26840
40637
54857
7121
62735
72652
72655
24564
25241
51553
51683
10821
37518
53301
21315
61736
13825
51383
64039
6794
19288
60022
34128
52321
58899
17250
24149
68906
68907
17229
17352
19093
63740
52209
52214
56143
60769
18519
22426
26650
41599
22173
58146
23472
42105
45365
61189
17254
59906
46478
64016
42747
46355
58433
60951
26085
26598
41553
62743
18428
56235
68303
68304
36295
39938
45428
18958
36290
54750
33519
36388
36445
37937
22997
23946
44710
23802
61025
68204
22487
22772
41566
17963
37135
40699
59027
71881
71890
9516
19439
43525
52578
36428
68460
68462
6811
27293
36134
62232
38024
38218
38232
45110
42861
70556
70564
8990
44221
69275
69277
30022
38202
47567
59806
19195
19678
23997
27424
28583
70758
70759
14539
26341
41714
27699
67182
67197
8613
8617
43353
14301
31566
31873
46167
49924
53943
59059
18605
24542
48649
70970
70990
12336
12347
12348
56445
27930
29228
29232
29236
27763
48717
61399
51440
59569
67436
17459
38486
62674
34833
41830
49323
50529
34433
55516
43574
43853
65894
28801
29341
40170
50385
30847
37311
43921
22854
44232
50332
60345
28171
46462
66768
66780
28326
37554
37607
11869
51473
52832
42517
43709
44681
19229
21255
17482
24022
28013
28157
28167
28357
7248
22633
57401
12980
41323
47254
68096
19805
28546
55524
59162
27819
37338
24177
53929
57088
32098
34726
27061
38735
43357
55999
56222
73039
40352
51324
64405
10323
34326
62801
62905
16430
24133
25708
51784
28830
29053
32552
49951
29292
69470
69472
14139
44853
46842
50040
33078
33260
45691
7601
22644
28413
53270
10183
46854
7110
32685
67739
67741
19632
38457
67101
67353
61310
71416
71417
30384
50238
50446
59237
14991
56448
69367
7238
8447
44069
68379
26464
30043
39715
54827
14712
18781
60427
40281
58125
66766
66767
32929
40479
54970
16323
51814
51825
55945
30823
61165
62934
27357
29165
30518
72952
72967
6923
21311
27584
30359
18269
44863
46118
46512
26047
33852
34054
34394
24900
25567
38294
24369
25801
66863
66868
39042
41414
44119
46166
19110
40215
30509
61477
67818
31382
31493
58623
64817
7313
54046
61807
68866
28188
28782
30519
32989
34953
56362
65065
38999
55981
62097
62110
7149
42426
48124
6983
14154
21891
29977
33311
33408
33706
62923
8000
52275
27572
47823
61804
65808
66962
67032
55330
72382
72399
19346
21145
27347
30996
9960
17521
61558
63721
22201
44622
46195
63050
67816
67826
31497
32821
44516
32334
38961
35986
64877
28076
55475
18957
45989
63461
17015
31569
22417
30948
32460
47674
47189
48370
65663
6966
23892
21216
68263
68266
31609
44830
60639
15664
44216
30471
31605
31611
31677
7669
31304
61575
23874
47336
50713
54230
7153
27418
27700
34572
9528
34831
42645
57086
14957
14996
30510
60055
34592
48482
26615
31635
34460
7528
47517
47555
61834
31658
31659
11741
46603
58993
27697
27874
32154
32178
56325
60550
61701
16582
17560
47163
64020
13890
14245
27010
57630
66097
71557
37205
40343
47959
62883
33786
55289
33840
18087
29155
32801
9153
32736
33186
53513
41159
46012
70344
70348
15970
50216
68929
19640
20194
43949
45889
23313
45947
46393
58059
7133
66933
66942
49216
50990
51711
53800
15808
15984
17461
47575
49786
52994
57849
63323
19575
20085
7249
41540
41762
43462
27565
28324
28353
33056
33083
58211
13964
68215
68216
12431
15582
33140
37980
27489
59642
61908
19518
28369
55620
28551
71968
71969
10989
29467
32906
54377
24067
54368
38913
38916
67071
7109
55332
72430
72442
46657
47444
61892
68289
42031
50692
19723
27345
27539
41840
41892
48051
71939
71940
56195
8099
35882
46415
29847
34014
67327
67335
7900
15207
32703
32705
18486
30929
50478
64771
57173
62143
72794
72798
21216
22614
30340
31671
32082
35934
56797
66258
66260
16658
72756
72757
12791
57408
33613
43481
55924
56474
17162
35242
35583
38064
33088
34535
35188
20519
23396
26479
62194
34419
41994
44372
62135
21233
21427
27628
31184
10530
32611
41746
50561
40844
67494
41781
48366
55895
20753
40846
70592
70615
32450
32784
59663
65656
15162
50902
69172
10283
26606
18888
48827
25788
36109
54924
66794
50662
73128
7371
71293
71330
8283
44032
44047
46542
7084
31339
40442
41530
14908
31617
41413
68610
68614
16696
35626
41353
14841
31767
40111
40359
71267
71279
49731
52708
73148
73151
33614
33616
38472
44608
50554
51567
54831
68476
68478
16440
50866
54509
63991
21227
21608
38584
41318
60465
46187
48467
7131
15538
44243
61952
31848
31852
31859
37610
44212
71973
71996
11040
49054
29941
67679
67699
22388
53400
68312
68382
24696
33339
36374
12023
20260
41461
19575
27828
36414
42356
56522
54392
54729
54972
15192
22620
66605
66608
19177
19693
36590
55475
37563
51593
62443
30780
30781
37583
48255
15205
58293
15209
46876
7165
13082
36658
42501
11227
11392
41229
46956
47186
68870
9998
17221
58258
69270
14879
56385
25493
26357
36998
9116
10465
12044
37075
64469
64545
16001
53170
37130
66379
66380
31131
34941
66258
30187
30770
33240
64070
55377
67226
67227
23783
34659
72077
72080
52176
73175
73179
28395
55509
28400
37466
42310
19096
37485
47124
69116
7340
49284
50008
37512
62634
64776
17942
52863
21642
26901
37639
13062
19959
44890
39100
52458
56218
7674
41017
55699
61813
14402
31580
28858
37664
37753
37759
38301
49976
41295
12599
21599
56951
23046
52120
56231
28085
38691
38974
41347
11940
11946
57366
10450
11756
59489
37275
37302
37899
17621
23754
23894
61883
54981
7088
55980
62749
13974
34897
57469
66363
7171
42430
66551
16269
18844
56347
65364
9160
53107
19447
35296
38074
41817
30157
37896
17459
38092
39790
31770
19653
72554
72555
39672
40590
63288
21430
21449
30581
65558
8876
38119
7668
35139
35151
46161
52540
61343
39986
40101
56124
10348
10378
50207
48757
62957
66735
66736
11596
31542
69294
38907
39695
50672
60400
38611
38672
42835
38510
50793
12962
13147
37034
39001
55469
70618
70635
14262
14703
16908
19264
7747
67132
67136
23709
46661
49374
59557
15204
31885
62981
63011
71286
71288
71338
71348
20370
22987
59733
70636
70638
26931
38894
43535
37007
40469
55963
63042
24506
24511
38517
40201
40196
72806
72807
38836
40348
40365
16632
27447
27694
38975
41605
68207
68218
16583
17383
8630
40736
55867
17145
48232
58344
28191
39618
40981
41105
12654
42454
57960
57970
13648
22149
23387
14709
40207
40684
67622
17951
18018
39144
11310
13554
59770
65025
13798
14221
14659
49731
54728
56054
21545
26738
59385
60478
33690
53602
55329
13777
39062
39089
38891
51144
69668
69672
7848
9455
13008
17480
38818
39370
39371
39862
20158
70989
70993
39063
39542
11600
49592
63044
11257
58912
61151
39239
61774
19356
27704
28084
39621
39278
53512
57460
15432
39687
60391
66872
66979
38424
38621
41661
56153
39742
39762
40418
39748
71371
71373
7247
25924
70225
70226
39477
39809
39923
23431
44967
68572
39475
46892
52047
15530
50866
73185
15953
33464
57362
7167
32860
33552
10743
65570
68973
68985
13175
27254
69176
54510
55029
73143
73144
71105
71106
26698
46577
70500
70507
13030
51588
61375
73017
68193
68300
11564
14183
33789
32890
52827
64203
31881
39560
61846
11291
20719
51762
10618
40585
49740
40222
47105
65610
19341
60538
38732
49268
7326
48379
65542
12508
47753
57233
42445
44619
61448
64729
25925
42860
55933
56482
19445
29558
7172
67505
67509
7874
16960
32411
32474
11436
11646
16821
30986
33213
34053
14815
15682
62342
27157
27175
17630
51658
69532
69535
8409
65353
9559
41345
41906
42943
65869
71607
71609
40751
42160
24653
71871
71875
7766
44059
63609
26962
29894
62185
18624
18690
39172
63450
39633
40477
11064
36954
40889
31458
31460
40569
7243
41633
34605
45762
61529
63703
8850
11989
50884
55909
59098
44683
51299
64472
70630
45261
49280
64588
12202
12206
38543
56063
20303
27955
31104
9669
22710
43688
22971
37002
37898
39482
40510
13439
56586
21408
41312
41845
10879
47643
49253
49307
7272
68812
68817
38086
38336
42268
62674
19521
46552
10486
14035
44862
55551
28198
28548
31588
60168
39506
44690
48334
55828
42272
42276
42451
34923
41524
52699
62356
63470
37413
41510
55947
11562
13515
46794
56569
38097
52630
65859
35299
38516
7267
21949
54347
57819
62020
9224
13524
42499
55631
28011
28050
28348
35554
42688
42916
65633
65632
70574
70582
11788
46495
13587
17656
42704
42718
48746
53292
18360
39461
40291
42778
68049
68051
7263
28390
68188
68189
14753
26546
57555
63362
42894
44751
45265
53752
60444
63415
65791
42523
42687
42692
43581
24480
37674
46430
12498
43021
58273
33837
44564
49217
53398
13344
43958
72014
72016
43511
43782
45358
11801
57153
62072
29329
46036
70670
70671
40458
67787
7237
49344
58569
68824
42623
43386
43960
12680
15901
19513
28849
29247
29344
44281
43850
47727
62131
55472
62984
21511
72344
72345
43379
52440
69111
69145
32360
55444
61415
72734
72738
34665
37279
71252
71253
25008
36680
66381
66382
11384
44032
19913
44283
68799
10565
68386
30384
32663
50446
50650
40287
40412
42549
26676
26746
51745
37736
44168
44646
68800
7575
61373
67509
35398
54442
14292
14822
44911
45167
27611
33805
43935
45992
46278
64412
54525
72221
72222
43377
68721
68722
14073
15324
26395
46048
53903
54166
37746
47931
62614
68442
68444
34517
53546
55184
63995
7259
13416
23836
16400
17467
31634
56310
57852
10468
53944
58481
23622
26701
26978
56513
9637
26206
26225
52182
37293
62616
66390
23800
24705
24902
7269
29152
44661
56061
50268
58467
8296
42707
59060
17732
46372
43883
45336
7363
23842
40950
67968
67970
44669
44783
45429
23951
52487
9735
34187
39267
46219
52274
52941
63421
44496
53332
64762
16137
26040
50467
7305
17486
69038
69040
18637
25905
65949
12197
12205
53286
57276
37982
67576
67599
38222
48388
49729
64052
62431
68767
68768
7625
19553
28005
56576
38768
39118
41446
56012
45813
58025
62761
62898
21022
22705
27520
29448
26620
26967
35262
36649
43797
43799
10988
52839
53236
54531
42377
45563
63160
42887
42907
44286
30787
45985
70409
70444
55229
62557
72394
72647
7494
18683
44631
54881
68462
68464
12535
21852
45220
48746
7762
11504
21964
57311
60586
65650
16977
17662
17665
24096
24106
41853
53958
34845
45709
45817
53143
51886
52436
53303
7631
22051
51043
61794
15635
16133
63399
65494
14373
23676
9478
14635
9044
33321
55482
11568
14212
16970
64032
7668
35138
39192
12023
47086
22648
46909
16949
37485
50700
7423
52351
52371
41145
48750
53836
21976
23299
23329
23331
44323
44877
32350
47166
51855
47186
47231
52361
19642
57323
32229
51016
51778
13394
47252
72417
72418
68851
68853
16466
47621
54635
55740
26552
27042
24634
16301
49528
55234
22896
29454
29982
31241
18345
25516
58178
39053
65149
65161
65697
11022
44578
53961
68573
43192
43389
45324
56529
12176
45101
48325
54537
41150
41356
52026
23758
72364
72387
61895
70980
70984
7909
14887
50906
15553
27264
27271
34943
48647
49281
49294
16106
16528
17609
60803
31444
31854
41570
14576
18798
42694
57894
45739
48788
66582
66584
10312
45271
45325
46711
11379
49702
51842
51882
71889
71893
31827
46094
46556
15731
53534
35028
54678
59038
16442
58720
59903
7355
13495
16107
50018
8620
50245
50479
53474
7841
41763
55966
73007
49264
72415
72420
24564
29450
30202
64222
15459
45977
64174
66159
14530
50171
50175
50179
67052
67062
8270
14023
16265
53644
10957
48902
51446
50203
50220
56145
60209
62122
68014
68015
61892
68288
68289
32792
32794
35237
47911
64382
12838
18996
64025
73083
10887
17296
29037
29360
13335
64953
65618
15159
15916
29832
30995
51263
36916
36926
37437
41433
47276
52355
7486
14006
37160
69530
9737
54965
56289
16575
17515
28468
60192
16365
38252
50655
61735
7690
52338
54351
69267
11397
50451
52137
17676
17699
17900
22081
19463
57069
63774
16879
40389
40400
54430
35833
41234
65094
20251
20254
20922
71042
71047
15017
16744
45471
50762
20656
51107
51295
11048
20758
28257
30616
38273
65565
13136
13271
39045
12529
43094
50456
57056
23607
33382
53203
36757
40104
58534
64988
26528
51658
10322
10356
13019
10408
51227
59670
8084
14338
55831
69489
15098
16043
16310
38693
41631
48894
51454
56469
32408
35407
35459
51855
39849
40147
40595
44139
58166
42014
72680
72753
19919
48584
56582
70148
70149
51606
59558
73186
73187
50014
59564
11188
13301
52885
16313
56123
58147
40246
51662
53826
54165
52395
64324
65243
8641
14887
54764
14913
43470
44012
68605
45553
13935
15288
52159
23523
26663
58019
19927
57651
38340
39946
40141
51659
38186
40844
41803
52235
27790
55585
24239
57019
57834
19238
39977
62526
52369
52482
64411
26072
26192
50523
62621
42971
65195
68274
16186
16875
62741
64415
32109
32846
52257
57717
19110
20349
48574
63150
50539
52549
53870
18782
23311
29783
47803
22380
24452
59538
11766
15845
55762
72949
26390
58071
58689
58767
57936
60212
62972
38764
39518
51767
9482
9799
17708
58914
35092
37194
40613
58528
72064
72075
49492
51417
69491
69494
18479
52762
57928
13185
19017
57299
23315
30660
47516
51810
57031
65170
23213
63393
38050
56277
65648
25302
25310
67630
67698
7605
52909
56223
73032
58213
51122
52493
59036
7464
14527
24247
68343
42730
70641
70642
12491
32027
72173
72208
20881
38940
39646
58704
16394
47661
50775
63101
24754
24958
28762
17630
51109
17687
47820
54032
59319
20833
54685
69347
69353
16303
23787
53477
53747
16195
57728
70323
70327
39073
39816
53693
25890
58399
63755
64136
52618
58132
67244
67246
31337
53862
67868
67869
31634
54438
62673
67053
16358
48563
53924
54887
46031
58203
64954
43879
53961
68573
12649
46394
23676
23678
69039
69040
25973
27581
48683
62127
43747
60616
9940
10188
42724
52422
18853
18856
19072
57205
21560
21871
40191
40870
57516
10504
11591
51761
53048
15067
18787
25268
57193
38219
61053
62307
7488
54754
44424
63161
34300
39256
12720
13155
13253
24535
15229
27038
69528
59053
73295
40575
58201
73008
23730
26802
41451
61621
52541
52701
64621
34009
34642
66827
66847
27333
29025
43757
48761
14312
16078
61519
68872
13009
35378
7838
14533
55447
33700
35237
40664
23951
52487
12932
12959
23163
24670
54195
54563
13259
41052
54776
10303
48485
72719
72720
16664
17128
69400
69402
15624
17987
55218
12258
43231
53776
54462
72158
72218
16264
48480
50553
23947
43577
53481
54545
37109
37130
37137
56468
60279
71377
71378
25073
59233
41076
52666
53426
69014
12516
34697
57820
60442
50536
52639
52830
63222
18863
51503
61399
62909
25637
26364
66616
24677
54001
64799
66172
52243
55561
63214
30668
30737
55943
7807
22672
40866
42598
43558
51452
59303
17210
26493
55971
63656
7572
52860
56731
63999
9940
14838
28060
37049
7973
49965
54221
47185
63701
64516
68399
29936
30047
30048
67124
9485
42823
47509
48180
19469
23519
59246
63661
63836
72813
72814
11810
13875
42900
42971
14295
16534
42182
58411
28638
53584
24281
25094
60941
18168
38892
40323
54826
37996
42581
46217
61295
49745
58891
61735
69416
12862
46996
70868
70869
10343
10426
31570
64227
28301
63685
40367
44371
14437
17700
17865
57464
13263
14387
40864
37097
40342
66242
66244
41234
49271
65094
31728
45010
61919
27139
45966
50700
57970
68865
68868
12753
64526
42843
55138
56364
62736
12101
13678
52463
10488
40341
57393
58988
34986
52296
73178
73179
9904
10105
10185
30688
8543
31155
49255
56503
7889
9493
17777
63579
25893
25895
27433
38440
24473
26712
35096
30175
30496
34527
39909
29135
29910
48314
69200
10891
28819
62468
12266
12499
15753
20825
41685
57647
64501
58437
66101
72065
72102
30040
48475
52057
61279
12809
14859
56111
57359
15160
16359
46087
58206
8098
30234
58586
8644
21162
49659
65534
21513
24695
27661
62907
28267
40626
61878
67150
9517
51808
53179
7999
47503
52309
23328
35952
55585
67210
19317
35056
7724
26509
27015
22200
51881
66185
15775
22115
26432
60373
13423
37220
54946
69017
33580
67795
67797
13942
17804
42819
39432
45248
61499
61947
62081
72804
15225
51565
59483
59485
23474
30272
43659
63213
21283
48745
53004
32316
37581
37647
52084
52415
54491
57869
36187
46393
48350
58059
16300
18171
18180
18188
7692
57254
57711
60141
14662
55864
16299
51941
57561
14367
15259
26240
68355
30659
39850
48016
58122
54026
58647
58985
61472
12756
15675
59643
18647
21410
25722
56101
30519
32989
71445
71446
11643
58199
61874
68765
10037
18163
39719
14538
64576
71653
71654
7826
10210
18577
61525
19196
23639
23726
60162
55857
56009
8436
21805
21908
26595
11349
62082
63983
18650
46033
54435
29981
30937
30949
17609
60803
72535
72536
28004
43886
45064
16311
35987
52790
59418
46158
46572
47952
40548
46068
50176
57141
59193
59526
72507
72514
14521
14696
17360
51282
21543
71168
71170
40768
48806
58822
58823
19374
45261
59127
59751
16133
63399
71471
71472
17315
43851
44159
53740
43786
58955
71649
71650
22292
56251
59112
60257
17339
22074
23418
71227
71228
51967
59032
71708
71709
50494
69201
69205
33615
46541
58249
62919
18586
19611
9493
17530
21270
43613
72607
72608
24691
40786
62223
64125
8176
16496
57071
71563
71564
14913
45321
68604
68605
30579
44606
45432
65277
19767
27961
71356
71358
35322
59144
71751
71785
54929
65342
69033
69040
17843
24831
33641
12147
28275
54074
52018
57802
71548
71560
12866
12998
30677
43390
10854
15096
14529
18664
57125
30453
34720
35250
71716
71718
11450
14306
62867
20996
28681
32311
57882
38806
38984
55901
28044
38105
41803
52235
15008
15512
50756
28351
50015
17170
44494
58167
63883
17750
59955
28228
36281
36696
36697
18127
39056
40812
58658
11905
12015
41751
46463
16759
54445
55687
59961
16336
49459
63113
60094
71046
71050
18791
57783
58591
61665
17117
57765
7671
56388
69125
69126
18969
19018
8405
15848
49548
53211
42587
46233
52494
39281
32020
34895
50878
70873
70945
14745
18713
57407
66155
67509
16600
51176
57889
30818
67798
67804
38303
38308
39855
47407
56889
65142
35847
39957
56076
40273
55792
62129
18648
18963
18965
40226
28113
28158
28159
60175
23478
23914
24145
40408
50437
71092
71097
26801
63694
70299
70317
25004
42863
22586
28587
61486
62141
23127
66559
66635
25190
27845
32641
68240
29519
29528
57242
61657
47280
48545
13280
40720
14079
14102
44463
65527
20274
57264
55209
61574
64575
23614
23742
26979
28377
54809
61476
14436
45823
68579
68582
44786
48720
57345
58675
59426
13106
27203
67219
67220
46530
50792
62708
11455
51475
57194
29137
38726
52574
57864
15345
18287
52760
7741
31409
10727
16205
60014
64418
29734
55648
55960
29873
39393
39452
61815
51071
51686
64186
35025
35141
61936
28441
28457
42794
13767
28114
26891
71395
71465
15462
22102
32777
71013
36865
69075
69182
40267
67590
67597
66340
66341
44995
54334
63102
36799
43301
62283
17262
64789
72461
72462
21213
44936
45658
46997
11492
14231
54475
49602
52338
52599
26760
31935
44602
24380
55323
65737
36915
64912
67931
67932
38291
52197
59911
35406
40178
48791
56068
13269
18870
65935
15169
17238
34683
38913
38916
55358
16891
44815
69425
69427
16180
33231
44034
45919
7866
7897
61707
51458
52718
58082
11876
62364
11262
25333
56387
63652
18928
44461
44744
68845
27306
27876
60001
55131
60587
62651
31512
55460
11867
64242
7922
55309
63460
65130
10743
49647
51468
58272
14143
14510
18525
50372
9882
37471
13643
22044
43613
39875
62697
45509
45806
62762
66060
11532
13301
57807
65787
11867
52902
55312
64242
12495
34574
58186
11483
45468
58428
39472
71071
71324
9740
9953
29864
41266
14371
25772
44572
53919
28100
50962
51092
58973
40296
40297
41007
13140
55371
20727
23451
40576
45786
68927
68928
48750
56971
58046
58414
44853
57661
48419
57022
64400
68862
68866
21068
35646
37531
61220
46593
17977
30356
34532
14635
34240
34246
9420
10475
19133
45461
63890
66127
68386
16847
46222
46709
58968
11210
13560
57681
71564
71569
39344
40442
58546
63924
42629
44583
50573
57838
30962
59756
59761
65044
9540
29112
60865
64837
19807
33946
58789
60409
29856
32713
44150
62903
33560
40255
51639
69044
11123
20873
65570
68973
54633
55202
61451
53529
63464
72900
72901
19232
27627
50576
50755
18763
47091
51309
53021
9981
45086
58346
64066
24894
26358
26414
13853
67727
67730
41208
44904
42457
45939
45972
61093
18138
67971
67973
10802
10936
50764
48659
62140
69353
69357
70803
70805
12429
17055
38840
39415
65290
50702
52822
65530
54141
64189
64378
8687
18257
21572
50527
10965
37398
48555
63312
13398
59151
59275
40855
72367
72371
24137
44217
34818
64836
18048
66075
68775
68779
21864
40670
45277
68567
68569
12318
51895
59225
41477
45666
58606
10551
53308
58848
58849
28757
34442
34537
34539
68333
68336
17067
18759
48381
64352
45311
56567
57484
25554
59333
66995
12200
12982
17827
62242
46021
56107
66392
66589
10799
65112
38285
67680
67701
12622
65807
65983
37961
54298
11017
15707
51849
52857
37313
53974
73113
22809
44476
53511
57247
66578
69870
34078
35586
66100
9878
11062
50023
53001
14047
16651
18283
60428
16214
16495
27686
50762
16854
48100
49637
17130
33372
67559
14308
59331
71922
71928
20535
28379
28380
59187
9857
9926
34060
12613
12655
50750
58238
68526
68528
55442
62839
36911
72714
72785
16203
16291
16604
18415
12520
37125
8899
11337
22039
39770
39577
60091
71756
71760
9810
35197
28750
28820
20183
27058
30457
20691
26083
56555
9451
12014
12745
56454
69472
11658
42553
54264
24525
24571
25187
7881
26909
46321
14531
37055
53799
53801
60897
22713
22733
9055
22801
43254
69848
35231
36296
36650
61643
16659
18586
58926
22632
24043
52462
9037
22402
22585
24081
25209
25218
70074
24115
24196
25182
61109
8532
8534
51380
55662
13929
15143
26172
53244
11923
22598
56688
70121
44495
47536
58000
15212
56874
60676
28748
29316
29318
31558
25738
35655
68468
68487
29856
31453
33652
47524
54640
54772
55045
56403
10060
11816
49546
73126
11953
29480
32923
45756
32986
61427
22500
33710
47325
50313
50643
34324
36813
37152
35317
59769
65304
13886
13975
15019
15303
29042
35062
58758
66585
46156
46193
26287
32891
33504
34582
13599
17760
45452
52547
33977
35790
43485
44163
25637
33840
43232
45138
64531
65012
11261
26255
37215
43924
26589
26830
33641
11823
17519
17529
51639
54613
9079
29471
31418
47295
8093
62408
69453
69457
54162
54418
56106
61577
15455
33869
43261
69872
13526
43914
64462
72268
7951
35786
43924
69816
44108
47517
58000
37266
73022
12219
33046
33477
43908
32798
34063
18279
18522
54335
8606
51772
57028
26764
30011
20236
24840
44510
45338
50906
62197
69161
8041
31238
45345
45569
18468
59365
72063
72081
8306
45855
64815
72023
14162
59105
69165
8030
45571
55328
60752
9149
9170
24246
26150
12899
32301
49769
13147
34522
34890
9680
29996
42992
69873
23864
32923
43142
43938
8029
22413
22415
43975
30117
49595
63678
29659
57534
61531
62727
13722
14248
14262
69122
13255
46704
69009
69010
13970
15062
62198
69365
52117
72646
72648
8924
44432
14047
15256
62575
69371
8957
47323
55419
69859
47364
65797
65910
71801
12750
15455
32888
16939
22321
51641
64213
9042
15025
32922
64769
16320
72503
72520
14943
17842
18259
69107
25717
35230
47906
48434
10621
13174
51893
64593
65375
25965
36399
36699
60683
12434
54571
58633
65428
20374
21310
23061
56505
8606
11522
57028
8061
11548
68574
68575
15757
28325
50935
50584
63253
72725
33647
50629
70574
70575
15521
36847
33675
37760
49941
11277
51585
13318
31682
31832
66823
16457
43903
43906
63998
41625
44522
56842
33615
50931
16595
22238
45909
47582
50931
10582
15396
68422
68429
9056
25651
48011
69847
22806
53910
53911
69787
11505
11508
54078
58820
12053
12150
16529
49348
32536
35623
61638
21730
33689
33698
46812
14142
14173
14433
14949
25414
41763
49325
63631
20234
55849
58948
24332
54300
62797
24046
46879
46881
55429
8104
12950
66001
52852
63677
63909
11627
53632
54700
55487
14628
43759
55814
60460
23123
44108
44872
68580
30854
35804
52894
58311
18291
19495
27456
56171
14958
16021
63624
73029
10526
15990
58650
11060
56182
9125
12701
16011
16335
12578
56005
58323
11558
19274
51966
59577
47296
56517
63679
10167
11317
18381
58479
29403
55001
72386
72397
17522
19264
52071
11073
16212
34651
52665
8022
51752
51757
62254
48012
48145
57803
60206
13088
47850
56670
69344
53434
63824
73302
70097
73261
12705
37045
48019
47301
58514
61160
66946
57784
58810
58829
59371
10084
11352
54761
59777
15471
22322
47773
51641
29188
31445
33448
33874
23655
57913
63709
11825
55750
60198
45567
46879
46897
47440
30412
48839
67094
67099
25181
34750
41717
61109
57490
61644
66173
17276
14364
52319
56616
9368
9965
11982
61665
49519
50272
56004
71399
30008
30871
49523
61708
58323
61709
66128
69628
12894
47659
61565
8152
13879
54019
51418
51425
51558
56647
8152
13879
52251
55374
62296
62297
62381
41167
48028
61401
15720
17547
18115
62366
11276
55413
62291
62296
11318
17183
62378
15517
40164
64001
65739
11023
49364
49396
63615
42736
43781
30497
63374
66158
23095
23769
48598
20984
50890
62420
44485
57689
25569
40877
47518
70234
20841
52595
52892
10047
15953
15954
73168
25454
49958
53782
57771
24932
36859
37080
8712
34925
50821
52478
44488
46650
63036
11562
32633
46793
56569
22416
22923
69988
12139
26257
33247
9198
10445
23241
31115
9857
31034
54564
58220
11093
13962
53728
33362
34041
53492
46684
46751
46947
68570
37029
61739
61811
44292
44797
49307
57216
33507
35752
55581
64048
9295
9369
64137
25217
32851
54525
58597
10400
34043
9676
45564
63616
65608
38636
22897
45735
61208
70137
44591
45466
45664
45670
56941
65548
66010
11215
11378
12294
56202
8128
8203
58571
71592
62273
63732
70067
70068
11219
20768
49819
50414
48842
58080
63796
63914
8062
8113
13861
71604
9963
58242
58320
72864
12666
14179
20162
71618
8451
12458
62776
65976
15091
16132
16151
51398
15007
16623
64748
16557
17504
17512
59518
16192
33730
34917
50732
25368
52284
54300
13676
53533
13236
56968
61456
16033
48295
49424
64282
8070
12583
71596
15151
62102
72845
72872
15881
35152
38487
50839
48627
52743
59539
72740
8159
13273
16197
16367
20806
8094
50148
71598
71596
71611
8076
8081
12806
13212
9352
9437
10693
72726
10300
51148
55833
58875
8079
8081
18933
20853
8079
19619
71359
9476
44520
59950
72708
9475
10671
10687
10776
19767
71358
9412
9434
11927
64300
20680
9372
9386
9551
59023
19144
19755
20615
20668
13718
31665
69490
8225
20206
29297
71369
9487
9569
58817
72692
9452
9474
9489
10223
9526
10252
10842
72706
9470
10673
58392
72686
9339
9354
9387
72686
10752
69611
69613
57650
57950
63741
14596
14837
20883
12583
12670
58121
8101
13101
21186
55260
56592
57604
57893
22107
56459
56694
56825
8101
13101
37683
56516
56750
13413
13415
55262
61264
72202
72203
63090
64185
72642
14101
46681
48146
63452
10296
56955
66086
12069
63075
72571
72572
12062
63261
72627
23316
40076
58005
8453
12611
12655
12672
12056
15203
64359
72627
12937
13531
63246
64181
38944
39365
62977
63249
55461
58137
66429
66442
12651
40162
71571
15186
15189
16260
63787
8311
14512
47327
68327
8128
19077
60354
71575
12467
18712
8119
8122
60355
8123
8204
20838
44340
44752
53743
62860
10732
63521
63982
72585
12818
13234
18778
12651
12818
71571
63775
64206
69656
69658
9360
17285
52393
72585
8190
8198
20162
71602
12619
12825
14668
58501
13069
71575
8130
8134
13256
71577
8131
63208
71578
8132
13252
13299
8134
18802
12589
14907
20201
50677
60372
60440
14848
15055
31540
64428
15060
16528
51323
52796
16558
18483
22251
44798
57430
8267
12836
13261
13693
50610
51380
70596
70659
8142
8159
8321
58560
12704
36323
50704
51357
59524
68932
16224
24926
70410
70411
16472
72456
72518
8150
13034
26273
71791
10501
10875
45457
72499
10532
46743
26900
63285
64281
64772
8317
16070
71793
10510
10533
61155
72492
19377
52431
8351
12692
18011
71835
10543
12099
63788
23661
9335
9342
9473
10624
9473
10484
11894
72474
9318
59085
72473
8267
71791
10531
17462
64148
72468
10487
58629
59103
72467
9402
10866
14925
72467
9339
9470
9538
15137
12728
46002
50692
9336
55392
64808
61696
63527
71008
71009
56798
57602
58870
72445
12391
20773
30494
55336
13523
14288
15720
18042
13527
45210
46197
63134
47790
72273
72344
12837
12840
12557
12837
18326
18800
57776
59820
10584
12902
72412
17430
48572
72424
10560
41614
41898
63115
56709
63099
64440
72426
8180
8343
13723
58554
8346
13127
71832
11520
57028
20233
20672
66018
10781
15032
39530
59498
15453
55226
55324
56736
31509
40144
49769
55219
55220
56684
56701
51620
56867
58184
58949
12396
17413
18319
56663
24756
26513
54947
56868
12817
13746
37835
10707
63318
64394
72375
13247
13861
42129
71604
12822
42241
69478
69479
10657
52341
52516
72624
9272
14143
49394
60117
35238
48686
64299
64333
12822
13721
42241
56105
13746
20854
71600
13249
60352
65988
71615
58501
58542
60355
71573
12824
18807
60354
65599
14459
19580
44278
44498
12634
12635
12683
39920
63307
71571
12823
13240
52661
59198
14289
18052
18073
19399
14287
14410
17835
43311
14340
14449
14469
14795
58576
58582
71831
12641
12835
71593
13490
43327
43348
64539
13498
54248
72143
72250
14441
16126
17541
58613
13534
14410
14437
14483
13513
17710
72629
72664
12835
13256
58573
71577
8462
68772
68779
17685
44195
73235
73272
20207
20363
20541
28455
20207
20363
61350
65579
14472
51964
64426
12810
13122
13228
71598
10421
21797
60210
8479
28936
44952
65001
12625
18761
20538
9017
57486
65391
72005
12638
23644
42355
65992
10671
13302
60670
66089
45166
65280
65701
54206
54289
65217
8515
8544
12987
72264
26922
44698
65251
68102
9179
13568
44964
59995
8864
9175
12874
12986
8460
8562
60537
65835
9180
12914
23490
36028
41993
60411
65300
65343
8239
12675
65979
8459
12652
12931
8453
12611
71619
71620
8896
10427
41824
72245
8877
12930
58419
72255
8858
9429
54248
72250
30078
32592
38399
57844
13629
31073
56927
57885
8450
13465
43170
71623
65982
66052
67423
67425
14829
15107
26352
22359
23041
24990
68134
43284
58442
71733
71734
56939
57220
57632
10266
21136
57573
60505
8454
42589
65857
48803
64618
64756
72201
8490
24996
12545
13539
59731
64460
13724
54747
64949
60776
65025
65029
72186
45143
66021
71608
9072
59754
65040
72200
11310
44937
59764
72186
12855
17822
17971
64750
8265
18738
20162
13500
26485
29189
55236
14179
60255
42654
55241
57533
71662
8321
71820
18148
41901
46114
68965
15432
37599
56049
57565
8333
69421
69491
8409
59787
65747
71741
22702
23912
57388
60874
23557
23677
45015
54538
43139
65927
65962
14246
18935
50204
66006
13498
59693
63272
72143
66131
66132
68005
68009
12887
19194
19645
60868
12924
64320
72412
64439
64577
64976
72141
18278
41818
50820
64975
12159
13499
13521
59984
53604
68165
68166
9084
12830
72253
72254
12829
71813
54453
58762
64684
64907
14386
29129
42807
63217
14029
14384
14729
59445
13586
14734
63096
63331
13624
14732
53399
57324
8292
12829
58549
59061
13616
14764
42623
14342
14765
57261
72076
18017
29727
43579
14736
42713
54062
45770
60301
65419
66092
33593
42154
43941
13646
45304
45310
58435
13631
13641
59479
59578
71681
18557
42043
44747
8788
8799
9107
58669
8795
13357
64484
72061
9093
59241
64503
64665
64676
65105
8369
8671
9242
72051
8374
8379
43008
72058
44037
64145
65695
65897
8457
8781
64492
72049
9873
45078
50323
8473
8782
52372
72033
12399
56603
58280
63110
12708
42305
65937
71823
40152
51794
71245
71247
26158
37886
57054
8318
13034
12832
8406
12761
55631
72026
12743
12784
17418
72033
13693
50456
9220
12483
13309
13335
8430
53149
57466
57480
12027
32927
57353
58900
8332
28282
29748
65951
12622
54415
56975
65600
8349
12728
13095
57767
12726
12832
13334
15082
57350
58336
22367
23446
68533
68600
15071
23445
59716
65383
8387
28162
28281
10767
53644
54472
58425
58533
59624
71984
12532
12836
71820
14551
18834
18838
65936
65937
17661
57373
57378
58275
56997
57365
57507
58247
17159
26371
57336
58230
23724
56991
58092
71954
10363
57456
59097
64743
8345
12840
31342
56984
57846
61554
8346
13298
59283
12686
71831
12756
18016
65135
71936
12754
37183
58045
18591
32253
43124
40299
44237
65388
71936
9111
12541
12732
12782
17918
43430
63336
13673
64494
65105
71981
12623
12624
18502
71579
20925
33550
56661
31948
37394
55412
57411
18615
39045
8811
45045
71810
43267
43275
59491
60464
8362
58565
67667
67668
13781
14266
18547
18976
8804
27008
8364
45045
55658
71810
8664
24047
72052
14315
14500
44760
58431
8457
43007
58558
72049
8667
8671
43007
8369
8671
13579
58527
58550
8452
8458
8781
12370
42816
43018
57116
71858
13798
14597
14659
14725
14604
19478
58577
71851
8452
10324
12360
13896
14718
18884
42888
18879
37555
70343
70346
10323
52668
56923
37720
58570
71845
8456
13518
14738
12684
43161
60243
66111
18893
71838
65901
65957
71826
65895
66001
71617
71619
8931
10423
12793
8396
8788
8799
65976
19015
31955
39069
65878
65951
71412
71433
8945
9107
59086
64504
9093
64503
64859
65483
60260
65806
26753
42197
48773
57922
66308
66310
8396
8399
59466
72012
55571
58012
65882
71804
8816
57132
65629
65953
8397
72027
8434
12761
63662
11103
13880
56018
57725
8785
43623
63662
23143
40289
57097
71765
30469
31783
65253
67082
41237
56574
59470
63368
12677
47257
50703
59175
8406
8435
10478
52967
8427
63662
8408
8979
12764
36934
8779
63638
65703
71759
8411
8472
43958
72016
8782
12743
72033
8414
43943
60115
64667
24075
46626
57281
57343
58425
59622
64662
22297
31762
56192
56960
8418
43253
58631
72018
9117
13688
57266
65125
8423
13469
13553
46101
46634
49818
51185
13978
54447
60004
60110
8422
8473
8787
43253
8426
19598
8426
8772
40350
51262
58474
65642
8916
52656
60140
71705
43253
64509
8435
8477
72026
8435
12423
12743
8767
9200
64550
72031
20355
53312
58639
13727
60459
65363
65365
13311
22722
61039
65146
14546
38866
60455
71704
8788
53282
12784
10293
22228
8783
13351
13563
31311
14081
18982
18986
14135
19006
26103
71876
13606
14489
14490
26857
13633
44388
58526
8458
8931
9114
12370
14566
58827
59431
9108
58550
60138
72039
37183
71506
71508
42981
46091
48137
60073
16266
56965
68379
13865
22342
28494
71661
12240
51414
67676
42694
42840
71634
13359
47190
8457
58238
66020
45119
55525
65866
65860
65869
65971
71609
13579
60138
18012
12360
72060
41801
47675
50750
66091
72246
72247
45620
65854
71837
18208
8464
58687
72151
72152
12977
56644
58523
12632
19225
19228
66046
8766
33167
48861
48869
41035
46279
64627
8470
12830
12860
72254
18887
43670
57063
57250
8853
41802
72238
8782
12343
12743
8787
12965
58693
58946
72034
12399
63110
72389
72444
8916
13797
65227
65436
52205
58002
59972
59985
12423
12759
72014
57234
59277
65423
71543
8484
45981
62482
57006
63193
71246
71263
18463
52722
60214
52780
52878
69102
69104
38821
38857
57201
57244
28833
30591
44952
58055
62609
65856
13303
30537
57041
71513
28074
44847
70509
70580
35535
53879
57228
57939
42799
43366
58697
60534
44100
44971
12753
64769
72281
72282
65218
65478
65843
71495
42561
57800
59821
59848
58521
59822
71698
71699
9194
9451
59639
64830
59830
65518
65746
66004
12831
52474
59835
9194
9467
43643
59639
8506
48514
59051
72267
44363
59859
59926
65411
8885
12968
12969
48514
59146
60274
65590
71477
12637
29214
65421
71494
28524
28708
29314
29366
29878
31210
40783
67341
9252
12969
8566
9246
21969
72278
28230
28804
40431
60245
8513
12964
65190
72271
28806
29731
30425
31398
8513
8514
9247
28332
29296
31162
31215
8885
12968
8516
13433
65190
8885
41819
72264
9231
9234
72270
30534
32004
61819
71410
29739
61586
61767
71409
9231
12941
64540
72270
28783
30038
30904
61549
28733
28777
39160
20351
20461
28772
30474
8646
60532
70747
70762
30957
65688
67751
20209
20348
50272
71400
19928
71591
71595
66438
66445
20232
20319
49741
71389
20321
49819
60269
71403
10281
11508
20545
20846
56930
65544
11154
70594
70596
23202
24553
63111
64816
11154
50731
51503
10376
20521
20538
65970
71611
20206
56947
56972
71369
10942
47044
49651
56928
15239
19052
32102
32560
20394
20707
20864
71365
20324
20879
56999
71364
8571
12940
54428
61119
20557
49569
59768
9247
13414
72265
64639
64764
71780
8581
8585
13344
14360
8551
8554
8656
13544
11537
32671
34085
57294
8552
8554
8824
9199
17212
38845
56082
65078
8552
8762
72274
8880
72279
24971
39336
39544
57139
8830
49949
50367
50450
71319
49576
50172
50368
71316
16626
18203
49342
23622
23673
31136
50347
46153
49856
64979
64994
31137
49517
50086
71301
49590
49669
49703
49968
8583
10420
59534
8564
8568
13033
72272
8566
8582
72278
24070
38830
40017
68589
8576
8580
38385
38397
42913
71283
8576
9208
12949
22357
39472
39568
71071
19457
57830
61180
13248
44548
59072
8961
9148
59376
59546
28723
38396
70973
71215
20838
21992
39920
40162
32351
54678
8880
31625
49918
59659
71259
32040
49597
49606
71262
40790
48814
49716
56129
8582
53243
8735
8765
13567
9200
58632
8774
72232
72247
27856
29174
31072
41203
8765
72014
72015
8590
8853
12921
54734
28702
28808
29282
29800
28535
29338
29672
29673
28461
28526
29356
30330
8854
52735
64703
18099
29238
29346
38791
44157
44509
67085
67108
20269
20280
50520
71178
21447
40245
61628
71176
20268
31513
60177
9816
20276
20296
56902
27981
28485
67311
67418
27980
62950
71197
71198
20283
20801
28332
61071
8602
8616
12870
12920
8868
20313
20933
47317
71150
20920
30781
47128
64117
20567
20936
49549
71149
42123
53861
11572
32146
33577
60724
20442
20948
49382
50767
20251
20441
31104
71145
54734
72238
72239
20255
71736
71770
20258
20917
49773
61798
8614
46520
8617
12981
13437
14338
31665
54239
12207
18267
46288
30538
31064
39102
61656
37875
38430
38633
71116
50234
62882
8622
8623
8631
12991
13022
58656
8624
58656
72259
8625
12971
72260
8626
14296
58607
17869
58656
28670
38819
40094
61744
12522
12640
12861
13024
32435
32704
38859
57050
38450
38453
71073
8634
8638
8633
8634
13046
72258
8638
12866
72257
13454
18067
35195
35366
38289
39391
30550
38443
40668
71121
9761
38798
39747
71066
13455
65438
49901
50061
50284
71054
12671
49902
56930
57014
49983
50208
52224
8645
12869
12955
19905
16127
17527
49553
50463
28684
49766
12972
43390
13047
27226
57052
27265
27282
40027
54832
27283
28911
34031
57430
72204
72205
27277
29460
67611
12612
69251
45949
54872
70278
70349
23113
29737
29912
38360
8655
8762
63348
8656
12955
28734
28820
29275
31578
27827
29505
29513
29853
28655
28661
28798
28879
30919
65715
70976
13944
29657
36115
70996
29518
29519
29611
70969
14626
19515
67622
8674
8704
58531
8931
8936
9240
13067
21151
21200
27842
49462
9106
20754
65206
16902
21084
45624
49384
21572
49306
49316
49389
21191
21244
21598
70957
58558
8673
8701
58559
72037
8805
8809
71799
8809
45045
9080
17484
23421
58539
21037
27594
46263
70940
11723
58854
72717
72718
20115
28321
49483
70932
19862
21542
27619
27824
20986
21160
70701
70702
48216
53111
57702
29459
40514
60470
61545
21477
21552
70942
8832
27916
70864
70865
20975
21465
65111
70923
8812
12369
12845
58858
38722
65003
70921
14394
17761
39126
41780
70897
70907
25354
26248
36940
12072
20202
28389
19706
20544
20884
56873
51524
65582
65849
66048
64763
10289
15153
40791
48819
39792
59790
70764
70768
29106
39143
48662
49028
21035
50583
70877
19634
20973
32744
67571
72274
72275
8704
12849
72037
10442
11147
47789
56305
48643
49092
51530
70860
8817
72052
31718
48610
49074
61561
38624
48913
60560
70861
13697
8709
59163
65580
8724
9241
58561
28825
29054
41646
57309
71793
71794
53102
62244
14101
46681
47994
68754
39111
39304
39566
56983
21405
38234
70721
70794
26342
27234
41733
44288
8719
13577
53265
59466
9678
35429
40605
40618
8785
52149
49286
49292
49304
70819
48552
50721
60013
65198
27326
48636
49461
70821
38570
68248
68249
13367
65580
14198
50228
50520
71178
27213
29467
49024
60563
32163
55988
58229
15758
53018
69298
69321
27152
29430
32481
35001
29583
29584
40658
67175
11400
14226
30241
54904
14942
18803
35315
49327
8735
8765
12759
12787
27272
27284
29995
61606
8736
12423
43289
22662
67771
67773
27289
29464
60857
8740
8746
12783
12945
12768
17966
72019
28972
61284
61328
65326
29420
32777
61257
13680
14388
27441
32903
21265
21306
22645
70738
12322
13553
17966
58631
8747
13057
8753
41807
65554
8751
8753
45054
72021
21263
21539
50686
70737
21080
29117
29436
60989
9227
13032
43431
8753
9227
13028
41807
72020
8756
9227
13033
16662
20027
20055
21506
21609
9208
51789
22373
36603
36604
45727
44785
47710
56808
57064
20899
38292
54743
21103
23089
23090
27602
21048
27638
70712
12949
72274
9201
12985
41819
72264
18401
38638
55143
65658
13563
14600
33168
53419
12952
58632
59031
37762
40908
50708
51512
21143
48583
70662
37968
39335
67537
67538
49732
53159
59912
12952
59031
64715
19919
47814
48039
48045
8835
9184
59534
8837
12941
43376
63708
50534
64773
70645
38697
39124
64918
65657
27898
29490
38556
39132
12764
71918
71935
38637
38668
39211
41351
64490
72060
8787
13092
14361
58408
38681
39116
41568
48900
12787
24796
25404
37330
37562
59086
21133
48699
49133
70611
11316
29622
30694
61664
8944
8945
12801
13357
49102
49372
50784
70608
21109
48766
49205
19109
48696
69108
69113
8936
8945
9240
8800
18363
69347
69348
21903
24464
60936
61207
26583
26902
35116
36430
72027
72056
18347
18398
9106
43007
64493
72049
32071
43240
62902
70048
10324
26155
60869
37955
38577
58565
17886
58559
64118
24435
27431
27775
27875
24414
24441
24694
26956
19291
22783
64179
69739
8811
17886
17394
24443
24675
24699
8812
71799
59061
71799
24427
24455
24431
24812
22269
22445
26675
60851
13794
42821
9242
58527
58531
47453
57234
65459
65825
12726
71795
23585
26591
44350
51368
10756
21635
22327
47896
10424
55351
59028
9605
11085
12305
64560
8880
43307
17052
22239
23563
44180
46720
49378
52432
52754
21761
22175
33754
70489
21647
21648
21654
36111
21714
21767
21877
56925
11106
22516
60053
13629
21652
47788
70487
23304
23552
49334
12987
13022
13414
21735
22170
61012
70482
8836
13432
72232
12938
13420
72261
8896
58608
72245
12860
58672
64083
72254
33244
44993
55398
70458
21682
23574
44739
48505
31178
31182
39222
58622
21318
29737
29912
65915
44809
47792
47794
56776
9192
13434
43335
58616
42175
42467
42927
48544
47910
48425
56813
70437
30752
53254
58523
22186
56809
70437
52815
57890
73269
73270
58909
60968
64998
22161
33288
47809
48431
8854
10315
18124
12211
72238
41802
44680
46083
63416
9084
12915
12986
72253
10036
13592
62964
12218
64468
72242
21890
48109
60971
9429
12218
58419
22060
44689
44715
45179
9175
9209
10399
12889
58135
59695
59696
59706
8870
9209
72255
26939
47803
48157
70379
46498
48063
48455
70646
48444
52212
71574
71636
12921
30878
8870
9429
43277
72250
58419
72255
9182
12928
72246
21889
46439
70365
46504
48408
48582
70364
48607
61183
65035
70364
36446
36522
52724
58420
36117
62228
43348
58618
72244
13146
43296
44269
33111
33776
65712
70339
9246
24391
24408
24724
26094
12960
12985
13031
17941
24967
35203
37578
39391
21442
21456
24396
24735
72271
24795
24800
26795
61004
9253
43376
50968
58608
24622
24646
24725
25153
10815
22097
22251
58390
8909
44822
46037
24376
24410
26858
27030
24510
26856
29145
61223
8896
9182
9195
21681
26448
56316
60582
9200
14676
53243
63708
22634
62224
65905
70288
26473
65977
71867
71868
21671
26669
70285
13263
21670
21936
40864
21658
21938
23755
70271
12164
60871
64844
13512
22237
28410
56345
20732
41838
57245
68730
58342
71722
71998
22607
56931
71366
71607
21707
22273
22663
70262
22017
60773
65711
70269
41562
70345
70346
21664
21667
22059
29473
21662
48373
55629
62464
32643
32646
33565
66303
16610
17310
44620
46162
34857
44827
56453
9092
65072
71970
64782
71701
22802
24067
40017
23000
23212
54529
48219
48402
48526
48535
12851
12885
41907
59609
47946
48218
48535
70218
47356
47724
48528
70217
12478
12737
60154
60155
26475
46977
47048
11999
18261
52372
58946
12380
12479
16049
38693
19031
59570
65626
18885
42228
64875
42244
55558
65151
44587
48383
65871
70191
20700
25774
56737
69811
42071
44846
44945
48367
34857
45952
55532
70239
44854
56295
70184
64485
37589
47793
48479
61043
47708
48093
48384
70170
22259
33856
47966
48238
35060
41867
65072
71970
46175
46567
47758
70156
33683
48383
48465
48501
19781
25024
45472
69759
38295
57347
33516
36735
61048
62544
26243
34789
70129
11923
22514
33115
70121
22526
22738
47015
70120
13673
64796
64806
71981
22515
22814
60831
70126
8968
37689
68954
22683
22999
35650
59332
22366
22686
71562
71563
21221
22499
22658
59238
24071
28061
34403
25417
25652
69859
8960
57347
65080
22669
22824
37236
42499
53282
58827
59398
60381
25337
34843
35495
66269
8965
42499
49783
50822
69742
69746
56567
25183
25185
53567
25514
25522
30774
70062
49443
57510
69206
13382
22047
53839
9488
11979
23721
58817
25243
25408
49958
25320
25511
34028
34029
25418
25420
70045
25256
25286
26289
37279
22331
22868
25407
26176
58648
65061
65065
71918
53073
53970
58929
59649
51915
53290
58821
9078
58648
18030
46589
64862
65120
65131
71916
13720
22253
22324
70286
22609
26675
60798
70011
9519
57868
58003
21806
26400
33801
70009
22617
22743
34562
70009
45868
46463
68520
59331
61966
64876
71922
22360
38437
52347
69989
8992
44238
22414
22841
25407
69992
30517
53243
22920
22923
34511
69984
15148
21540
53234
68815
14213
43199
43221
63155
22431
22865
36872
60650
13648
23399
23617
60586
34248
58624
60980
64993
22245
58459
65402
12866
64620
72257
72276
20125
52904
58481
60062
24293
24360
25374
69977
13515
20748
39286
68819
24304
25206
25377
25822
52816
53452
68931
24289
25171
69965
24895
25151
26358
69965
24901
25165
53648
70333
21001
22995
64071
69794
24881
24887
34701
69963
25238
25627
25850
69952
20698
20720
50822
69742
25242
25687
26301
69948
24338
25214
25223
25361
47044
57524
59750
72228
59340
59437
60755
60772
53414
58593
65387
25365
25376
34676
69940
24326
25593
25623
69951
25200
35408
35466
69969
12284
33689
33698
44494
60667
64986
72194
72195
12757
23744
26333
59657
22478
44452
69926
16868
43583
47539
69918
12966
57259
69227
69231
34793
39595
58067
66848
11374
43767
44101
31016
47425
56529
69917
43311
43323
44187
44457
46991
47416
56525
69915
22498
47625
69901
9171
20944
45958
32183
34881
45083
56654
44241
45833
49832
46902
69886
46901
47165
69899
44434
47370
60662
69901
19839
26764
45569
59437
60762
64925
72179
45346
62090
70089
70091
46808
72281
72284
9049
9053
58460
64887
43503
43919
69921
20902
22502
45841
69868
43250
45406
56741
69874
23079
45407
45409
56541
37233
48297
64768
72196
72197
30863
33219
33418
36635
20024
45903
45905
47332
24223
35112
35922
65026
10314
59722
64768
51303
59435
60490
60624
22500
46881
69848
46882
46897
69847
20655
33290
33462
45901
22718
22811
46894
69836
22398
26272
46994
69849
57514
57987
58674
58676
26242
46852
46890
69834
44535
46889
47300
69851
37058
44411
56358
69827
32714
33127
37010
69820
26346
32842
33823
37241
53444
54439
58494
72216
24192
47056
52714
45436
45442
45470
45573
45121
46540
59636
59637
9074
65109
65110
71932
21787
21832
22753
23614
30962
59753
72182
59049
60656
64778
72185
12406
44237
60777
22575
22806
25651
69847
22530
46873
56633
69786
36665
40591
63638
64697
65065
46964
47012
69785
23696
24611
65270
22636
37696
37739
55509
53936
58917
60409
22281
43321
45768
68700
9212
10416
25579
44410
45312
69766
45309
45882
46767
69765
35727
43033
43034
45474
26119
32428
32526
69763
33014
34230
35228
66239
20462
57745
58853
59217
28551
59530
71968
9243
64780
32908
53552
60450
11347
52163
58862
60408
9112
47010
59545
33872
46830
46950
46975
22627
33901
46954
71723
16392
32255
53578
20850
28179
46466
60911
16488
35461
45719
57284
24940
58254
69624
69629
19539
19613
19672
69896
59522
64786
72340
72342
16356
48232
62400
73011
72050
12801
72056
12802
58548
72039
18972
43999
46198
16354
16395
49859
49891
11622
12548
12919
13065
15466
15130
59625
60593
13067
64489
72060
12504
12515
43243
60091
10113
10122
15601
21325
30692
12248
64665
64676
65085
13882
19870
47718
56814
11571
16004
32899
69659
15991
16414
56398
69661
16404
38482
64031
69659
53391
62354
63853
69722
9881
16018
16564
69652
15791
16250
69655
14854
16249
65248
69650
16013
16530
69649
15948
58983
68388
12134
12490
12578
69629
12496
25000
56168
69626
12484
12693
16021
62404
59624
59625
64796
10310
12694
54281
59829
9900
49002
53219
69615
42556
44579
55105
58043
13787
26631
42538
56311
14726
50009
61709
69628
49973
51192
51630
69605
50063
51692
59564
69600
11092
16924
65556
20006
20120
22626
45864
49980
50897
50909
51603
12785
59241
65741
51676
51933
53125
26683
33583
40910
70330
9155
9257
64815
72023
18717
54148
59763
64316
59398
71976
71980
26668
40454
45580
18508
47494
47667
69572
20046
47540
47900
48076
47570
47676
64567
69561
33362
33499
45560
64815
65080
44718
65080
72025
15450
50942
51634
51703
15452
40375
57032
58351
15466
51642
60103
15467
15548
51590
52176
58420
59454
72053
72057
50919
53104
53435
69526
41389
43985
66655
66659
47061
47114
51265
52978
12435
12993
57459
64742
15790
29751
55521
64520
15469
15791
16003
16335
11293
31095
35565
36366
22410
47846
48136
69521
45580
67645
67647
53511
57247
25588
46932
47664
53802
47845
48993
56040
69506
47553
48041
58122
69505
10416
21632
47442
47447
69504
14575
47873
53539
69520
9211
9424
13457
13548
12857
13349
18065
9454
23728
42677
12772
12777
55734
61888
10282
66091
12915
12930
58618
9253
12939
49984
11958
14019
15200
54592
13436
43325
59467
12171
12204
41430
64972
49845
53037
53467
57880
12472
12598
13611
55723
12221
16629
65010
72140
19102
44070
53386
9258
12221
72140
12947
13031
13455
65438
72252
72491
10427
12928
13490
18852
20959
41153
70199
21022
22755
23275
69733
67589
67593
43399
60053
72279
72278
13031
13543
58683
12372
16080
16148
13477
15825
54439
58744
16164
16207
16360
16479
25461
25755
25756
25761
20972
22966
43835
69738
16621
16628
49861
58995
63348
65296
72256
16298
46828
47825
62592
9453
12990
30707
10286
12830
58668
16924
33887
51215
52031
20512
41386
58361
68609
15222
26588
51247
60635
50601
51509
52583
24187
57909
12962
24119
58409
66366
16969
17256
47618
47928
17949
58030
58555
19205
30136
47930
47982
50543
52327
68147
36434
44718
72024
72025
54414
64449
64959
50887
51623
51933
53842
10396
45315
48094
21859
22542
40885
29194
58929
60649
13433
43376
66205
69778
69779
60503
60517
64685
71929
9247
58609
72265
28639
64482
64677
47160
64482
64483
64849
12513
22135
48242
49251
47598
66124
69306
28591
47637
47715
69309
12793
72061
14738
58505
72041
20754
72052
65741
65742
26122
41904
42328
64471
21872
22048
43294
72279
12868
43501
43914
58667
64538
12927
13023
28148
48396
13379
13380
13906
17146
22932
32681
32688
35172
13548
53781
58609
72247
50851
51256
69395
69406
12241
14323
53299
67460
12466
56382
67908
28639
41063
64266
72126
12307
13580
26283
12990
13568
18065
64551
10593
12327
13336
56838
12858
33644
48353
48358
22655
22656
22925
69832
9279
9365
13436
43325
17137
47052
48549
53978
17015
32183
34881
55380
10339
10539
42577
58672
9450
64535
72715
72720
9451
43328
52132
72248
17268
29135
60268
69200
17062
30745
34769
48305
14026
18848
63271
9362
10852
72466
72498
9276
46066
58223
60747
9276
42498
46046
58223
70391
70392
53610
58410
69240
69241
58886
63214
72565
9282
9283
9446
17113
17116
17133
64382
46887
48004
69183
9284
10244
64414
64414
72709
72711
17355
23854
9292
10732
17285
72585
32627
63779
64134
9541
9542
72698
72704
15732
53779
53812
53945
9295
10242
58864
72697
9788
15164
28768
63561
48278
57584
71989
71990
12035
58314
72587
14892
19019
29812
52879
17231
62994
63759
72850
9371
16100
16122
52385
52451
12100
13659
14898
52292
34229
54385
54440
10746
16111
47034
66308
10448
12080
58733
63784
9362
9403
10616
10852
31357
31507
43265
58885
11997
15978
18075
31446
10851
10854
15971
63082
10693
10697
10717
32242
49614
63313
9354
9552
17356
9313
52779
58400
72724
50774
52188
52558
66022
50512
52368
53029
64430
21418
22195
51233
51554
19998
47366
50765
52047
9352
59950
72726
15835
17000
48359
51466
59904
65374
66677
66679
9318
10481
54028
58710
10688
15031
48609
54028
10688
72473
10204
10481
64391
72477
9327
63131
64306
72362
34533
59075
59878
72937
17193
48276
48456
50829
15064
32980
33473
36424
63138
64339
72975
72993
10238
15141
16205
32927
9346
9428
10525
10713
63137
64298
65294
23672
23679
25023
25880
20659
35988
46745
69846
9392
9400
11979
12040
12411
46749
62769
9390
64440
72424
72426
10771
66077
71621
71629
9335
50346
64389
72477
16571
72476
10492
24708
61202
10751
11952
58843
9475
38574
43345
9405
10486
19310
46512
55551
10204
50346
64389
9343
50346
9346
10305
11894
15640
15643
17102
48365
9346
10204
50346
72477
72475
16707
16801
17048
56800
10713
10856
17393
72472
9350
9351
17393
65466
9436
10303
72719
9358
9359
10692
9375
9554
58864
64408
9383
72685
33389
52757
60451
65048
9442
9534
9542
24424
10481
10856
58710
59090
9436
10696
59085
58400
63253
63784
63820
72582
20821
45289
46756
46916
10612
66088
22843
37870
9366
9367
9447
9366
9367
9446
72710
72712
10680
48309
58399
58591
10242
10845
32494
9661
10881
64211
9375
48775
58890
72687
72688
9376
41679
54020
55650
19496
66214
10176
64523
72805
72828
52915
58185
9541
9542
58844
60310
36564
36857
39214
36781
39418
41240
64883
52385
52451
72546
72547
9383
9387
9551
9548
59555
9386
9387
58392
72686
50693
52808
58966
66115
10280
72688
9538
23578
47894
48434
49460
36762
36942
9423
46716
62783
50355
55313
57823
63806
9397
58817
48560
50651
67991
68003
9395
43897
58412
72489
10223
64830
72491
9467
58686
72251
72252
9400
72693
72932
21508
22064
30562
37716
9662
13412
57999
58896
9809
51214
60867
64976
65000
65045
10778
58418
72474
10776
13302
27084
53205
58325
58447
9470
72684
72686
10757
17770
63354
72500
12151
59703
64468
64469
52141
52641
53272
55456
10532
16945
46743
15114
15118
16492
63386
13016
33502
41929
45219
9415
13016
45219
70403
70677
10507
12790
12888
13577
13686
63664
9449
64307
64441
17019
23668
59407
66085
13802
22620
66605
19386
20751
57732
9428
10525
16501
45138
65296
72256
10591
12896
13424
43340
10588
17478
64440
9453
58702
59254
18098
53198
17588
17764
17778
18285
9452
59639
64830
10305
10422
64580
15409
15590
17816
19370
9433
9476
10949
9476
10694
58713
72708
10217
10692
59950
9532
10628
63290
50668
51347
64405
64407
58732
72723
10697
64410
72727
10697
10698
57895
24055
31545
40076
10094
11609
37408
43492
17806
18114
47500
10672
72704
72705
9444
10697
10698
72727
10695
58721
72720
42622
43356
57080
10857
50404
10286
28613
30878
58412
72488
72489
10807
13491
48485
72252
42492
72267
72285
12914
26442
42674
9459
59639
45200
46433
46543
15080
18373
22338
25923
20305
20944
45724
69878
9467
10806
58686
32067
44164
70413
70447
9465
17419
51326
58426
43383
44205
44959
42615
42735
43526
9474
51401
16233
51346
66074
30435
31636
46513
57946
62345
10491
51376
68884
68941
11841
11877
51081
69593
48053
10493
10612
72494
72498
10493
10595
10612
58652
58655
58711
11319
10768
10686
32563
33427
37028
49951
9482
9486
11774
48270
9483
9486
11965
58720
29421
57186
60160
60576
9483
72919
10808
72934
12408
19323
22818
56899
53041
60482
58385
10808
72934
9518
9569
9494
63037
21519
21772
45069
58084
16782
18791
58591
54120
60675
68750
68751
19639
44314
10223
72490
72491
43224
46629
64047
68545
9499
9500
17354
11009
11080
30679
39671
9499
9501
9546
72694
9547
10227
9501
10839
58768
58861
72677
17505
20847
58413
9507
9508
58890
72687
17727
46605
68522
19708
46473
68521
14929
46496
68774
9509
26687
72675
9510
9560
58398
9510
10729
17384
9546
17929
54034
68546
10146
11840
71578
71646
17736
46472
68523
9518
10459
58943
45864
45865
51021
17673
18297
69716
51771
51811
56731
9829
13339
45311
58434
9540
12876
59707
9523
9526
9539
9524
9526
11934
72706
9524
10224
10848
10740
72702
13619
43624
63643
65297
10275
26246
42666
42703
44315
57744
42793
43611
44966
63152
9531
9539
10225
72673
72688
11927
72495
72502
10264
62941
10265
10672
14711
10735
46073
58903
64141
10735
46837
58903
61455
10741
11731
11928
58992
58392
10842
20295
55351
58852
65752
10220
9562
10727
64418
30727
45570
45776
22449
22756
22882
52050
9547
58395
16966
9549
18550
72685
9551
9560
72687
32352
33637
65635
58398
16205
72683
72685
13530
52884
66058
11979
64134
18566
18643
44780
45750
17382
58816
72212
72216
18995
45948
46017
51586
11955
57280
58163
63596
19888
20960
68330
58395
72687
18829
45547
58978
68321
16966
48775
18603
18634
21410
48341
10823
63202
64198
64361
18601
20213
20946
45778
13197
18332
54487
68316
18495
48422
56142
68315
9799
10457
10459
72681
10455
10459
18503
48987
63618
68305
9572
9573
9785
72918
12030
29726
72911
9574
9739
11212
29726
34265
15429
58376
58763
58820
20353
46575
68542
68553
9749
9776
49274
72916
9777
10969
11228
58795
9666
35702
54444
58801
9590
9591
72730
72741
45755
58978
68251
68321
18688
23324
57914
59174
9590
9591
16025
16272
19824
22399
22421
64165
18608
45584
59202
68295
18628
18747
45546
58021
31074
42967
43095
56498
42893
65116
70231
70242
44676
46256
70675
70677
55860
65200
16053
64007
9594
9812
34512
13872
13877
71623
71624
9596
9803
15305
9616
9944
9945
72906
35703
58366
60842
44770
45881
54234
55845
10132
10184
15924
59819
9600
60725
72181
72184
9806
11310
65044
9602
53480
72149
72150
9792
52784
53257
42752
57717
58878
59529
9606
21850
71965
71988
12386
64807
64956
13366
54565
58102
9608
10809
58837
72921
10441
12045
50807
58385
58591
58719
20192
29597
56542
9613
9627
51636
57792
10284
45596
52163
54170
9651
72898
72915
9615
9703
12052
9618
10441
10836
18697
58859
25540
36133
41088
9619
12052
72940
10719
11191
72923
10163
18776
55379
65471
11106
12972
21204
22516
9798
11412
35113
64585
10180
11180
59661
72941
10164
12621
59831
72909
9628
9629
10164
22196
51975
52453
58034
9651
35113
51054
9632
11670
15924
9633
9650
59831
18529
48999
68110
18707
18937
54426
61713
9633
59819
72927
9652
72938
18934
20005
59970
63531
9793
10176
57991
58918
9770
35450
58350
64176
18665
26921
60692
24004
24298
45847
69879
36773
55923
55932
22481
41839
42140
11050
35705
58373
58804
18554
18849
45480
51064
53015
57239
9687
9817
11053
58241
9648
9804
11157
58883
12631
28416
15327
15827
53024
72946
9649
10164
72909
9805
11161
72894
9652
11446
10179
11412
11727
57695
42126
45214
63197
66070
9798
11412
72908
72915
9855
11299
15954
48873
9674
9855
9880
16907
42857
63391
68056
68063
31278
42056
63396
22496
66219
9674
9737
73167
73284
9809
12040
64205
9664
13488
18135
13428
52773
52783
58788
57999
72262
72329
41385
52267
52431
59973
9742
9824
11557
19178
45490
45498
63562
14252
42455
43000
60070
9671
51936
62591
13585
51772
62379
69174
47443
51597
51862
9845
54498
56369
58220
9826
37288
58376
73157
73165
73283
23058
25609
34062
69807
22597
62410
73027
23967
24565
25748
25749
36079
39597
41046
14898
29916
55368
11953
32620
35817
42411
42850
45488
45531
24897
27579
45920
69741
10013
20571
35677
9685
9813
34669
35570
35587
66358
66360
11248
11714
54049
56439
9820
58368
58735
9811
9910
11015
11661
11521
16698
59746
11253
34849
37896
38139
38148
39693
9693
11368
11435
15426
9694
11495
11641
11102
11368
16343
39575
39590
49268
20505
24761
54585
66205
18160
64578
9709
11350
49077
52193
9702
9703
10836
61665
37245
39246
54811
67890
26080
26117
40316
67890
9705
72940
72942
9705
9964
26854
26862
36376
65691
11002
9909
17780
51644
16190
26871
39065
67880
26189
28134
42179
67876
11986
17246
58736
57113
63273
67865
15274
15290
15749
37143
26584
27946
39562
50695
23018
23020
64592
26582
41538
51368
67862
48842
58080
63600
63843
32867
36051
66301
20212
20229
20836
32866
26105
42191
61031
67858
26048
26225
60692
67857
26213
42286
62743
67864
55422
64020
66442
66443
53806
58802
62007
63850
11968
13916
49948
56159
9834
18050
11433
11519
58755
9734
9865
15370
37288
10614
44439
46027
46117
30435
31808
67019
67021
10275
10335
11934
11952
13793
14221
29805
61462
32100
33557
66237
13096
63688
63723
10051
15441
39629
62378
9824
11557
37218
38600
62911
9882
54888
56331
9855
58356
38599
39296
40316
9801
9947
63729
16243
53391
58411
62093
35705
54444
58373
40881
62335
63862
11970
12705
38482
48017
48233
52950
57448
64076
11362
53904
54130
64080
11709
53212
57390
60876
49824
49933
65644
69391
9801
11148
72918
38738
38740
71323
71325
58346
63723
64028
23052
39400
67789
67793
38729
38737
70879
70880
14799
28748
28765
63637
61487
61864
61875
62132
9758
11519
47767
15871
58751
64121
25419
52694
54397
64124
64126
35269
40028
50055
20813
39409
9781
9922
63959
72907
10093
41364
68682
68687
16995
18421
53975
58368
63236
11188
49496
52626
62501
12369
58858
59410
64118
9781
9945
11461
58858
64118
71799
71800
9915
9931
59793
9772
9947
52290
63956
9859
10516
65013
50065
63739
72903
72968
47973
58748
72980
73000
9783
10272
9778
11363
53554
11228
72902
72903
25942
55651
62969
67669
13756
21528
52383
53669
11415
65472
36082
70319
70320
9801
9918
14240
60727
63960
63961
9791
9947
63958
23596
26161
38594
67889
25957
26156
26551
67642
50818
63761
72848
14569
58771
70328
70345
36196
62889
67892
11148
72917
72918
13493
53237
53480
11165
72695
72697
9960
11427
17521
63910
27019
53612
53801
53969
11155
58241
72938
72939
26818
26832
50058
55676
9944
58859
10455
11967
40828
68019
11212
11342
11978
16963
58787
11079
33660
60842
9805
10165
10149
11194
59756
59772
60725
35973
54094
55817
57539
33045
33136
38968
39613
15797
65516
40748
67596
9988
10972
11011
9821
61969
34856
35587
35932
30513
39429
57244
65106
30448
31744
38527
38884
32138
61604
61605
9820
72939
72943
9822
11079
73221
73225
30468
53732
61370
64403
63952
63965
9822
9909
11079
31882
51644
9888
45028
63094
64577
73229
73230
20407
22451
22496
10073
15370
58763
9834
16319
37199
29257
43083
68235
10176
65172
52797
16232
16238
41772
41783
68921
68936
11827
35091
38212
64019
9882
56331
66927
66928
21042
21062
56623
22956
24508
25014
33799
27395
31792
38463
51471
32163
57623
58229
37013
67305
67324
39913
40020
41662
41777
9866
10070
15370
59749
9845
11499
55011
56062
10028
73140
27521
54075
70755
70759
9849
9850
73156
73158
9849
9850
10281
10401
9930
11531
37292
10030
10035
27808
47829
36283
73163
73165
21476
22953
41153
10824
40920
69696
69700
55413
63874
73025
11356
13800
9864
34523
57763
30224
43491
60191
10659
15860
15992
47942
48859
49126
9989
22079
24892
35187
27057
31032
41660
62721
16562
63666
64561
11348
26435
9930
10073
73159
58518
59807
60052
63893
15941
49961
58219
69632
9980
16664
57146
62401
18657
19985
61713
61714
32946
51371
55884
65584
23961
24878
45473
69757
21286
44074
46280
32500
32503
66613
66624
26763
44635
48980
48981
10830
18777
42134
56163
28196
47346
47520
61175
10461
19427
38242
67371
36291
73283
15798
15931
15943
15100
22063
47904
69571
69574
23010
24771
25700
27487
9927
11032
58801
11101
41243
58584
67431
32659
42161
43539
43318
64072
64320
26962
29894
34944
66934
18388
71195
71198
11934
11952
72705
72706
9981
36782
64014
30052
32791
38153
38251
29887
30015
31519
61656
29040
29842
32218
45217
47083
50003
58358
9898
9899
62009
62467
38553
62010
62014
9970
45762
12484
56852
10184
59819
72925
72927
38230
38233
48995
55816
19463
39101
49961
9907
9908
58770
9907
9908
11175
51636
19465
27675
30050
55514
72900
72916
11010
32398
58335
9988
73199
73222
9913
9914
73231
73233
9913
9914
11253
58742
35685
35449
58790
10016
34207
41194
41468
48772
51434
29675
31549
41152
11328
11360
59789
28089
28620
28689
48939
19859
47331
55570
69608
38460
54836
67223
9945
50517
72906
25161
27196
27377
34429
11471
29220
35785
61151
27156
27387
27835
54931
16905
16906
54730
34849
54194
9930
10039
73158
73159
9930
10039
10401
59749
11597
34207
58350
11197
17375
63537
72801
48543
51972
58724
11403
64150
72865
72866
56292
58792
62059
11217
63867
72811
62282
63735
63862
63864
61579
62286
64192
10090
10514
54213
38045
42745
19320
57595
69515
12047
28490
29205
58369
9945
11461
72908
9962
11200
11423
63915
11148
36890
37934
38145
38314
27915
44167
50858
56161
21951
21961
43645
65145
11254
35448
58335
58790
30835
65636
11478
61388
11403
50800
63754
64150
29349
46967
46975
47365
29918
29992
11200
33299
63996
24973
57497
65148
58896
62394
63905
63749
63940
11424
64163
50842
11443
57596
62118
9965
63236
10042
16636
48002
48302
69430
11961
53013
53576
53577
10828
49017
56335
72891
33640
43610
43940
43941
63703
48164
54168
63746
73112
11079
11254
35541
58335
10071
58372
73084
73087
14591
50277
63707
64068
34158
34197
66636
66640
55611
56508
34821
53707
54729
60669
11270
12397
13480
15780
32019
46155
62615
63884
69400
69432
51721
48941
64004
73071
13750
53738
69465
38560
62601
66052
22034
28563
34440
12289
54144
55834
11226
46587
47070
47110
10043
11721
21930
26705
26918
37690
40916
42032
42285
34521
37434
67010
13374
28461
55530
67008
23553
48287
55527
55575
11147
30658
34530
61381
66607
73241
25846
34702
66994
21933
34008
36543
48212
12020
62375
72648
28032
28632
38563
11628
26222
30011
32926
51954
54138
54287
54288
10004
10042
11982
29229
29150
31339
63924
10057
72937
72942
13717
52032
69455
10143
10550
27321
33050
58802
62014
64857
31787
37468
60391
66979
26481
35008
61016
11273
37834
64028
11113
64121
10023
10075
34101
10037
22644
55243
33618
62644
66674
66685
47526
60734
35450
58335
30689
37679
56329
62658
10972
56216
32147
37509
62619
66915
53133
57477
58343
58360
27286
36577
37975
65879
10028
10070
11499
59749
54194
58373
11331
20069
54330
52421
54528
63920
38037
41384
48882
61715
35062
36798
37200
62206
10039
73159
10067
11499
37218
49940
29587
37227
49262
10032
10077
59777
73212
10096
11051
73208
35063
45856
47450
65624
11273
62400
63863
64028
16956
37227
46447
46584
63879
35677
56919
39686
55564
67928
67932
58220
27636
32268
41380
58800
12122
16654
53370
56204
10057
63974
10106
10972
11206
11597
11624
16709
73203
14908
31616
31940
46104
18055
20987
49934
56384
58356
73168
42901
44835
45431
61564
32971
35303
42183
55343
24934
26007
34776
55457
17120
17183
63899
11065
36629
52887
40837
41287
58868
44825
72676
72743
24442
47991
63139
64473
13867
35645
36364
49643
29304
37546
10060
15724
16939
64213
25635
28021
31187
34893
64188
73138
14044
19915
26473
65977
11023
63615
70730
70731
28021
28211
44276
66780
28932
30344
66787
28925
32252
33882
43033
11519
50517
58755
63959
11071
11372
56071
23227
25856
68671
68675
25846
28742
39987
37218
73159
11716
18918
22073
11103
57549
61689
62327
11531
73157
10077
11050
73212
73232
10077
11050
55027
28155
30140
54900
66755
34614
10080
10081
11051
65165
10080
10081
11729
48032
11061
48241
73208
73209
18291
41195
56171
34133
34279
49619
58407
54708
73212
73216
11581
17154
73119
73190
17178
27844
37286
60544
24110
25137
26505
43427
11521
11523
16816
73174
23100
58785
60999
63404
56024
37429
37931
56228
62194
11145
11186
23988
23989
23337
24463
62419
22064
37789
62024
32727
65906
66697
10097
10103
34614
10102
11272
48246
10099
10100
10109
11490
11645
11496
16709
34954
34956
40507
51682
10103
36007
58882
73208
73231
10971
11213
72673
72674
11110
11587
72913
11587
58833
10108
50111
53522
60028
17479
27647
41835
51890
54004
32039
35267
66648
32069
50037
62639
66647
32077
37647
55148
66664
10117
10118
18922
28216
29223
29503
29478
29501
55427
66619
29529
30740
43266
66617
10122
10719
11181
10465
11191
16090
72873
72874
29487
41567
53931
66612
19390
29489
43309
66619
11743
16943
47326
52858
29006
29721
48462
66591
12723
13647
69699
10511
17192
19129
57808
29266
29379
62949
66583
10131
10132
29747
37003
45739
66582
31452
33534
40925
62766
10142
10465
11414
11416
50868
53048
69396
10136
11001
11691
48250
10139
11670
11691
15924
10139
11406
72928
29923
31439
32328
38150
16868
32338
33406
66553
10184
72927
10178
46841
58943
65172
19411
32342
32451
60385
11000
44831
10549
67402
67417
32445
37431
37950
37954
28944
29123
29136
66514
12976
13149
13251
10148
10149
16305
11161
11691
17554
16751
35100
35826
36698
65219
28081
28528
11174
72951
72958
11232
20727
40193
28082
31307
33892
53425
28998
29441
30523
66501
28970
56740
62530
66483
10159
11109
42964
28967
29170
29789
66485
11170
16751
11663
47973
51510
58748
30752
42731
53268
53479
10163
59146
65462
65471
40619
56136
58883
10169
10934
16477
10179
10935
11153
72896
11321
13803
21018
32422
45621
45891
11157
11461
72908
32273
32432
29369
32212
32585
40540
28838
31122
31371
44526
11883
31475
57824
64404
10180
11041
59661
32546
47518
70233
70234
11165
24638
24649
32786
61156
11984
16748
17354
10201
72898
10440
11727
18136
32439
44543
51286
29309
52083
69121
69127
23971
32635
58684
10272
11100
38909
55353
25670
34017
37450
66419
42745
43518
26287
45031
66409
16902
21161
32945
24072
34408
34604
65676
32553
34863
35853
31962
43715
63799
67923
33504
34639
36748
66408
29343
35605
36746
36779
42197
60369
63789
37114
37126
70151
70174
37201
37293
37369
36799
36928
66392
10201
51054
56119
11153
50406
10210
18577
43901
11488
51054
57792
59090
35929
36950
40889
66361
35453
61024
66361
32789
34669
64634
66367
28197
35808
55455
61029
37213
56375
61027
61887
35612
62094
25251
35628
58887
62469
25491
25501
26387
37154
25496
33290
66278
66341
50406
72898
72899
10302
10698
53732
72727
33163
34842
55443
66345
10691
10693
72726
10468
11896
15097
16109
10284
12373
65310
65327
12022
50556
72698
28106
49959
69544
69546
12025
12324
53231
11430
10225
11757
72702
10271
72673
14564
33883
44072
48163
16967
58918
72694
17382
58424
58495
58816
10457
49077
58943
72679
10235
10809
10906
50807
10232
10235
11775
72922
10903
11181
11771
10235
11181
12045
50807
32645
36819
66295
72921
29544
44036
46529
29178
36803
37363
66279
63188
64418
34827
46032
58607
32919
36725
56410
66278
33329
36810
56326
66277
32627
72690
11307
11312
34601
36429
10850
10247
17247
17252
57679
10248
10839
57679
58768
10248
11755
72678
10249
72677
10257
58768
58861
25588
26385
45773
56706
25475
35894
55033
62126
40839
50838
58989
10255
10256
11753
72676
33344
37265
63124
66241
10837
10853
72675
10257
11794
11932
10837
32815
36827
37070
66291
36994
66227
20293
20784
20271
32219
37094
10807
27099
63990
72713
50764
72700
72701
14582
10949
60310
21855
56951
10284
65327
71729
71730
10271
10844
10970
21359
22761
60400
34292
34748
56747
10971
11757
32398
21229
28775
49064
10368
10500
10702
11880
50838
15343
15543
53484
23172
24041
36830
59829
65943
23759
24979
59859
10375
10842
59613
18050
22185
28613
10563
22220
60443
54809
68051
68052
12915
10695
26088
22333
22431
49089
36284
48452
10426
35670
12159
48779
57980
21905
41148
65937
26595
60256
14998
48704
39494
58844
58901
15385
54326
59771
18509
20450
20244
27345
11908
71269
71270
48058
58922
69515
58732
64403
72723
10695
10488
16724
52858
22190
10328
67883
67889
26970
65466
46960
63721
64192
10328
26300
26694
30985
10315
12898
26106
23057
30230
68142
35431
59727
12213
35115
12173
10834
50773
51410
27352
40913
15645
51532
65341
11196
39039
64055
72240
72241
10322
18122
12900
12911
63149
13518
14486
31580
63351
28508
28716
41015
41016
19121
23521
24016
26161
36193
14603
43018
59309
58873
59963
64201
43129
55912
61282
60453
60481
10384
51302
72969
72973
10336
10405
10425
11838
14711
58843
10515
10341
10509
10875
72499
12905
30446
51455
10806
42579
27858
10871
11847
72482
10344
10346
11987
12002
37462
41372
10597
11848
72482
20519
20797
21726
10871
17485
10521
12976
13299
20485
65588
28265
58413
10354
10362
10398
62355
65185
13633
28199
48203
10355
10394
10398
72484
10355
10867
41791
12009
72485
72478
72479
52291
57417
71772
71773
45200
47807
56714
20340
20567
61572
55248
56603
57453
36830
42365
10363
57456
59623
10500
21298
57913
10366
10368
10766
48355
10702
11991
72453
11847
11848
72480
72482
10498
35983
42942
46340
10371
10861
11876
11992
10863
48519
72454
21225
50286
56905
60844
62192
10377
10380
10762
46713
20295
59023
20090
32219
50720
54391
72455
34395
53045
10380
10381
11992
54391
58867
10382
58867
72455
10391
10860
72456
15966
17321
37560
37902
11081
11464
52764
10386
10783
55208
59886
10389
55205
22325
51546
65905
10389
10412
10475
28099
45461
20027
20030
56232
10393
10886
59018
10709
10762
64256
72457
58867
64256
12002
59083
59952
10398
12897
59623
72484
25873
46414
58439
58688
72492
59952
17480
64083
72256
32309
32504
33829
31034
21471
26402
57521
21806
22617
34562
16129
48369
48654
50329
57473
35113
49207
52290
17261
72978
72979
38397
39546
50152
32016
49890
61071
13273
58090
10413
17262
65367
10469
12172
17475
72552
72553
48033
49148
53906
58668
64083
18193
43548
66550
66565
18193
32348
32986
43548
26738
62910
12981
13437
72232
19493
23571
57392
19492
58544
52645
60869
51170
13054
18122
65318
43327
72244
31430
56278
57669
31582
31616
53845
57076
54555
55961
61776
72888
53325
63516
63761
72848
18477
32341
61000
53111
53661
54409
49045
52325
58126
49642
56440
69980
69991
18446
22242
54910
69715
10516
10518
42236
19531
38115
61074
62140
29363
29534
63540
67350
11053
57695
72941
58719
15963
16406
57252
10557
10623
10687
58629
54774
73038
30165
30208
67589
10570
31731
37306
11226
46587
48624
68090
63818
63821
72583
26192
62099
63763
72867
12048
16390
41532
10452
10453
53260
69456
15223
18631
69493
13453
15223
55721
23213
45276
10808
11683
14837
55721
69457
10723
72681
12100
14840
49492
69494
72692
15902
16759
54445
62290
11062
19879
53010
54035
55611
55876
69464
38483
61137
67202
67206
33242
33554
34202
67921
11959
33269
35994
67942
14954
62503
69889
69919
17338
56964
10890
19492
10473
29221
34269
41288
41497
25012
49758
73005
27521
27641
54075
26049
31958
34068
43604
65367
72459
10782
10783
58842
72457
15886
31777
37549
37559
52413
53211
55273
26286
26403
34648
45022
34448
43828
59325
64644
72473
10483
11889
15891
69679
11915
59547
69677
10710
10711
11873
10529
10649
15891
69679
68725
68726
10773
48355
50720
56923
10557
10862
64148
10671
10768
60670
64420
12881
50225
35353
55392
10628
63290
10561
10628
72498
72502
10876
59660
66156
72497
59660
59937
64148
10953
12032
15135
69678
10766
11992
48519
37525
37747
37807
59937
10502
17776
72500
10506
10524
12895
26486
33357
41280
42806
51256
69395
12897
63354
66156
63354
63664
12303
12447
58653
42560
65208
67587
10510
10872
60124
24476
72499
14622
17060
63056
11600
34176
45914
73045
49696
51306
55592
55794
19289
54205
17485
58671
10517
10518
38546
41536
43763
49752
10533
12008
58439
72492
18170
24983
43984
67913
11840
63208
66057
14101
15698
46126
46592
31701
32152
67942
10871
10875
72472
72475
53605
57319
58649
10545
60666
63497
67802
11616
43137
45381
61593
13893
54143
69680
22765
61121
62046
10557
10623
10852
72496
72501
58637
60124
12199
12900
12908
72478
31004
39349
62523
33586
40927
41841
67938
26425
43915
66577
69871
40383
54791
56570
12860
41802
11939
15180
50724
69681
30835
62514
30124
55699
53302
63569
69493
14599
55688
69454
31386
39774
67783
49827
50902
56324
65543
23144
38260
67837
18813
22709
23092
10550
40558
42977
10567
26311
10744
16128
10553
13144
52837
12198
49820
69387
15213
31768
41151
67358
19837
48998
52695
11683
14837
15099
51417
10776
11387
20463
50966
10562
18884
44678
56290
41670
41672
59088
13686
17770
12847
34650
43662
20004
43870
43911
67256
44069
49175
60717
14111
18457
49686
68976
41225
42647
30874
10622
52958
56704
72447
17856
67295
67318
16929
32289
67736
67759
10577
25589
31005
55053
16271
25951
29916
26351
34434
67498
19899
33233
52448
54575
62374
69452
22334
35225
37827
67588
11188
62501
69265
69266
25872
43700
55584
29265
37573
37795
55036
21434
24273
30081
40240
58880
48570
64307
72411
13914
49141
64034
10924
17885
55168
23534
32188
44697
56343
17430
64325
16724
63097
64296
15102
50511
63412
64432
10611
53240
53349
40185
40240
67591
54469
44081
62052
10616
13686
46716
58464
72427
12006
59879
72483
32517
33897
34643
59427
34376
34464
37794
67477
16131
17550
43545
46274
51869
54912
17218
22888
61288
13174
50464
10605
11915
15135
69677
53487
11853
11941
13821
15135
10608
18940
35504
69708
45688
54664
69706
48572
64291
65560
11379
41340
51842
69195
12896
53350
53356
42136
70116
70117
44649
46673
10619
14105
61180
51397
43543
43544
46284
13585
51772
23152
54790
49786
52652
54386
59945
10626
10940
15996
32227
54939
61168
72466
72468
10629
58655
33666
36612
51506
55108
13168
54797
69168
34514
36250
36405
36494
13686
16462
38574
72488
72496
10632
21959
68564
68565
22672
40866
22775
24996
10754
24513
61288
72353
32491
35297
36957
36962
36957
39572
39578
63142
64294
65294
72361
10639
27390
27612
29701
35746
38274
62792
63303
64284
72357
13748
17313
43515
65315
10789
46877
60920
65069
62945
64275
64277
72373
10786
24439
39280
66449
11778
48812
69011
69014
23943
49210
49845
53467
19787
25782
35688
39554
10668
36597
36945
11862
11939
54132
11285
14623
55019
57423
40449
52852
52915
69278
11752
15045
33564
11752
12966
15045
52010
35509
45619
54304
62684
36204
59025
62155
34480
36501
36879
10658
15041
52375
64244
64377
39256
61436
10765
14596
54274
54472
36880
39408
59854
12028
52790
58660
64200
62561
63028
64253
72581
32927
51083
63188
72691
12033
18184
51112
64214
15133
59606
63054
17248
58879
58956
60149
36942
38961
60864
12023
31282
69134
58190
62846
64168
72370
58712
10694
59073
58989
64414
72711
21559
21871
23592
23594
30123
35044
37750
65899
60933
63055
72630
72635
18383
18810
19055
53596
37361
10680
58843
50404
23931
36985
36988
37027
10847
11766
17277
61358
38532
55043
61938
72597
28855
49338
63342
12531
13202
28038
34112
45965
50404
58712
59103
58627
72469
16567
45965
53096
48309
53096
60106
10717
65328
72721
10693
10949
72704
58228
58732
58228
41982
46106
55188
32882
36598
36599
40732
31911
39088
65878
59937
15029
38728
64157
72355
15325
15406
18457
61182
31273
58463
62890
64234
12394
16061
50297
32250
49670
62959
13302
25298
63140
10710
10782
72457
10778
72474
10778
58655
33386
33388
63469
72471
58544
59090
17340
52375
62850
64277
12226
13614
34816
42773
22170
33367
48080
27858
58721
48465
56516
56750
12045
72923
62991
63759
63765
64099
14575
19850
10723
11967
33180
36515
49077
55757
17311
63076
20501
23037
34718
35070
18550
59555
36639
36976
37289
10837
58861
72675
10796
32807
32865
37361
10732
17285
49542
63200
44459
51527
53662
58871
22835
25270
49505
69923
72575
72580
11308
33000
37986
56059
39443
53621
72595
55198
61412
67117
67118
34707
49450
51321
68974
10745
48324
72702
11457
52134
58856
22875
47947
62029
49645
62049
12079
12189
13640
58389
72700
15078
53823
66309
10822
28854
63226
63829
12102
38728
62779
62905
63121
64574
72409
72410
14541
23026
36975
66557
59073
72705
72712
42413
43363
58193
16446
37276
58200
67950
48798
64967
72355
32563
32796
33461
56218
49000
49468
66156
72497
35273
40984
40991
66811
16212
19124
34075
35802
59254
72263
72267
29279
39804
71213
58867
72455
35190
58352
67034
25835
31875
35413
52048
16706
54591
63002
54391
72453
14596
51417
69491
16149
64425
13331
17637
42235
63237
32174
38118
62772
18814
43719
48429
10779
15031
63091
72470
10866
43345
10801
43602
43993
56745
11164
13749
34075
11130
33350
58910
66641
46713
52264
54028
64392
26351
43893
56754
71337
71346
11873
58403
72459
21446
25437
59676
62683
20602
36447
36626
56675
19810
39289
63567
26970
63990
64594
11733
24121
11593
12010
25967
17339
22046
33233
32625
35799
66383
34694
39658
41165
62363
34197
36855
44429
10795
12089
13491
17343
33422
61141
63586
33179
43419
45901
10835
11250
12034
15364
38677
38910
41318
25503
61385
62928
10894
11431
33649
11906
50760
18523
49012
68097
68098
13193
32606
66632
10811
10946
49825
66638
58694
12089
72715
11965
11774
72921
36888
36992
66533
73238
29056
33449
66640
32954
32955
58857
65815
10818
12037
57352
58338
23062
23978
44210
48548
23341
35201
38402
11112
60987
64738
66807
72394
72395
54573
58911
53956
62992
63333
72846
11978
16963
73226
73227
15236
61353
72846
63054
63327
72634
16031
65318
50448
52124
57965
39403
39585
53526
59854
23798
39749
62048
10828
14407
56379
63888
24250
53418
33959
40379
40508
66519
16288
19007
62372
32179
39370
39371
39727
36149
41588
42717
64250
15360
39157
39978
40129
50466
63021
36605
73196
57783
72940
17384
33668
36065
62629
63014
11984
72677
63779
63782
63820
72689
11952
40839
50838
72688
10898
11377
52678
57312
32627
49542
10848
23367
48324
15332
55762
11757
17561
47741
59153
50838
58989
49780
63251
64396
47812
11213
57644
63251
12604
17342
50355
72473
58713
72708
72712
12074
64789
65523
72462
55141
56685
56761
72654
10861
29003
72456
11995
72454
11991
48355
58629
17489
62364
72454
25570
45033
52849
64261
12259
12356
69232
69234
46713
50720
10869
17483
72485
48635
63290
64300
64313
36287
57456
72487
10874
12006
12009
72483
11987
10875
44828
51073
61242
63089
17412
19122
58539
59623
59937
72486
24288
24908
64187
10892
64223
69368
69384
59239
62150
10884
16471
72929
72930
10884
16471
63756
15122
15125
23575
38654
15122
15125
18229
25890
64205
42470
47858
58681
10887
29024
16472
59018
11919
15047
17262
72462
16958
25241
37140
59767
11892
59019
64789
54051
54735
57199
15303
51235
36360
56675
60683
66866
43595
43997
56745
18345
71779
71781
18345
57723
59228
12074
17077
11371
72175
72212
33029
33049
33251
37069
54707
59506
68471
68475
43793
64576
28319
29420
32777
10904
51582
11771
28016
64135
15234
50736
51576
57175
10908
10912
72919
10912
11762
11764
10910
63497
67802
67803
16402
30067
12232
14420
15506
11770
72920
10914
23929
35713
65541
23953
55105
58043
11778
14119
14345
54885
25825
40281
63929
66767
39648
52841
53162
55644
32209
33548
66693
10920
11035
11118
16800
11120
11239
11542
39697
39714
40116
47941
11101
43392
43965
65491
51065
65556
68950
10952
19915
47730
55709
67900
65688
67751
67756
11966
58841
59810
41155
41990
44783
15967
52362
56852
68674
68776
54098
72895
72960
13423
48681
51601
55464
10995
11944
45654
11170
11412
10937
42872
10955
11857
27249
26996
50413
53520
62340
12184
43587
62789
46219
52274
54797
34682
63560
67083
16303
53747
57524
26900
27115
29836
31235
14645
35851
55548
59047
10958
11723
11907
58901
26271
33449
36460
15043
39494
47401
33380
34148
36691
65328
18555
18654
19181
50582
50615
50625
12724
59065
14697
37299
17047
64628
42872
66169
15960
48815
49466
15960
41521
58852
60184
72717
11857
27248
66112
72703
10961
12438
42376
52989
12437
43625
55062
33180
58841
59810
13951
17298
22914
27502
11107
51124
33082
37399
63572
26974
34355
46719
54522
19625
23977
63830
66597
15340
30432
60277
11244
15750
10971
11213
11754
58981
11453
73199
73200
11358
11453
16708
10976
56119
63617
11393
19936
27227
10984
32190
61730
11408
28488
53771
62264
10981
24657
42964
12511
14826
26990
63306
11391
41326
54365
14331
35492
55179
54516
54551
11176
30351
64108
19936
72899
72965
10987
16305
54095
17213
38854
13180
34377
54395
16632
27220
23127
26271
36458
66635
36761
37933
59177
10994
45308
14345
21487
30582
11679
45129
17995
59631
19226
29147
33812
48057
10998
11027
46225
11026
32082
34233
11820
19286
72674
72744
12044
72926
11690
51033
72928
12052
57688
72940
11735
72999
21852
47167
72605
11178
36617
72998
11115
15748
17653
48072
22479
44115
45403
25003
36780
39214
66603
54567
67113
67129
11203
11216
11358
11490
11013
58838
59810
11241
11791
17228
11383
58803
63464
72901
11490
11645
73199
23261
36910
36952
11249
40975
50953
11172
27260
13447
51036
51596
61929
22067
24907
26918
48159
19125
32483
55630
19728
44967
68572
27600
56829
11025
11183
17275
34798
28015
72924
72995
11027
34519
54925
34227
31095
32861
59064
66284
32862
33494
31826
46024
61539
58169
58173
66450
66451
11034
11275
64177
11035
11118
11546
11586
11330
11524
11978
73204
73205
11575
58251
63884
69432
11039
11078
61718
71165
34051
34781
66285
16710
49857
61618
11520
18392
69414
11044
11053
58368
16022
50609
58868
31576
36509
59679
11190
57688
32414
40566
67154
67224
49962
63488
66205
69779
32414
38129
40566
66056
40559
44690
61367
30824
60211
66144
11068
48246
59777
67069
67071
11190
34797
39027
40655
66598
11577
11597
16709
52700
11063
41386
58361
14697
48158
52399
36729
55966
39557
44211
52514
53012
15976
42413
11436
16821
50540
57859
13191
35125
35453
35733
34632
36395
54220
30970
53959
54292
73093
16935
34774
50624
69050
15363
56025
73212
46113
49472
54123
14015
41189
53491
57013
58804
73211
73229
34240
39362
40681
66224
31814
34075
22131
25636
47514
47957
14377
32896
54381
64595
30959
51469
52919
65068
40159
40923
65228
14198
16710
71167
37538
54567
61734
27227
58835
72969
12366
34051
34781
59064
11405
11442
38854
72959
53650
54906
69284
13575
58782
64807
11486
48612
49061
49071
31049
43868
51469
65068
16199
25994
41214
55087
24810
26000
58746
62414
18779
19007
55389
61700
17178
37286
71978
71982
20809
41303
15484
23133
26419
62321
63710
37722
55430
61248
43260
43338
43948
62679
13878
14119
14275
69012
11128
25832
62262
67031
33617
33845
34696
11587
43395
67432
11495
63866
64006
62034
63895
53907
58319
64153
72798
11456
12216
15250
53777
32825
49911
54911
65011
70220
70290
11153
16846
58833
72902
13653
52524
57704
63742
23798
40217
66806
15871
34512
11360
64121
11335
73131
73132
14275
54530
69012
69016
13007
33532
52836
11120
65347
61499
61947
62028
58826
25473
57786
58316
72806
56189
56526
64178
11185
34707
31679
37849
62617
11146
12016
15044
17729
16799
62036
62037
62183
33724
33833
63325
66658
56758
61804
67032
36612
51032
61983
69048
32447
47951
66643
29857
59523
60720
67357
30658
47789
53924
47161
48839
67094
11716
51934
56274
24213
25350
55717
60908
36785
37192
55948
56377
12609
29199
56438
17273
53718
72735
72756
55632
61859
71202
71203
11316
17222
29622
67087
52059
53469
55981
53298
55594
59687
72949
52033
64130
30620
30754
61609
67364
28143
28554
65066
53916
58997
13902
16406
52287
14184
16593
57741
62246
54329
57237
61119
68123
13665
14405
14408
17889
48751
60815
71509
71511
49407
62909
11446
57527
59831
30381
37249
48834
67344
65472
72909
14515
14609
19240
16471
60952
64099
64144
29515
33995
52099
53081
11670
72894
11511
11513
26424
26807
30377
37305
53877
62829
19124
62342
64408
16189
31664
39698
65984
37586
53552
60450
29566
40624
31337
41840
42172
42181
11194
72896
23347
25154
33678
36776
12536
44768
11397
19083
41326
72965
15805
65731
11488
57792
72900
67372
67380
11264
26086
41926
48051
72960
33408
62923
67157
67172
11414
11416
72925
12128
45089
46339
12044
15601
11185
47053
61182
20873
48818
23857
65066
33804
36049
54842
55305
43803
47104
61607
68090
72941
72943
11959
17111
15234
21143
31267
51576
13937
25349
64129
16751
72894
16872
20623
49827
29196
30831
62239
63556
63568
25699
30253
43925
67745
40246
54103
72820
17001
11208
30026
48052
67745
11206
11587
72913
15750
58770
63464
11682
28606
34609
64112
11451
13495
72420
72421
58925
73222
63535
64156
72817
19330
62077
67743
43864
63641
11324
14307
69054
50114
50453
63703
73077
59789
72918
11761
31991
40535
61972
63574
11399
11611
12339
11488
15264
25473
62058
21254
48900
55982
55983
20703
49814
62284
14228
14333
18110
69015
14291
43290
52662
53589
11404
14347
69013
61512
62148
62285
62538
25645
26203
62273
63732
11440
33613
56474
31112
31740
13550
51061
69019
15750
58803
40993
42173
72910
72914
31208
35344
45733
14138
43622
62221
63577
69397
69398
12398
52836
53979
54628
11238
46720
52754
69045
22592
29849
29863
62527
13114
49035
63931
11357
15528
59814
13556
49035
54611
63931
56667
59810
11243
12449
69275
12345
55331
69272
11363
58833
61534
61960
62059
63725
11247
15353
55986
69002
11400
57428
69272
32650
53838
64216
43700
48204
51081
11256
14391
57282
69002
48233
64076
72165
72170
17780
73220
73221
12470
13188
14357
69004
17309
57878
66067
73063
73064
22131
22551
47957
56609
13855
55852
69686
69687
31958
36415
42191
37211
50931
16880
33335
62395
11302
11763
11958
23047
40993
41923
54804
22418
22908
23832
23833
47355
49116
53796
57030
17218
53691
60252
61288
37915
47136
11304
11306
12003
41277
62397
14573
14730
31217
59056
36007
58742
73013
73078
16160
19108
51754
62254
23729
35702
58801
16880
62297
73026
11282
15408
51109
22410
47660
56408
23281
50505
54348
37198
37843
38196
59934
58760
67805
15387
26041
30423
31461
60369
42637
51205
69308
69405
14526
53274
53278
11287
11288
12795
44501
14618
57259
69227
13599
14618
17760
11290
11291
14544
48263
13609
45452
55078
55078
69467
11338
14228
34782
53769
40072
47161
36509
61124
53072
57944
72239
72312
12091
12792
22472
69229
12747
13773
51835
52028
13151
14567
11301
11539
69222
11532
26283
69256
64038
72920
72990
62261
63530
63661
63836
11305
11589
11306
69256
65674
69257
32315
36457
64064
33154
69221
69238
12265
12294
69275
32416
64064
25818
33210
42287
61116
31783
36011
62040
47944
48199
54911
65011
30495
57008
11321
56308
69172
52085
53861
11430
15676
17550
11325
24737
24769
39622
62773
69174
18304
35785
62012
30191
51721
62346
11450
69049
39685
67183
67248
30497
31776
39768
41154
41429
47327
48439
11390
41504
48673
69052
48269
58787
23191
41655
52772
42312
43160
64355
67478
11334
11338
46749
69032
11339
68997
17653
73289
73290
13559
64142
69034
11510
25562
70283
11339
15356
13462
18110
11381
43164
43878
11584
32966
43739
11344
23732
11474
14229
15336
61354
20141
11970
12705
50775
62306
14222
16833
57327
68996
48237
58138
62434
11557
58801
48027
63889
58736
72679
72680
35679
37139
62288
65654
48599
65165
73216
41437
41842
42575
11581
16861
17154
50915
11497
19737
20613
62696
54730
55094
73139
39676
11380
43809
43998
67850
23806
43559
47251
35973
73094
73098
11380
52928
34239
47971
56496
62170
30179
56269
67003
67004
11400
30241
53616
28244
47909
56246
73217
73228
49232
63120
63389
16175
55938
11377
58764
59335
51919
54769
58804
15893
33352
46514
68169
29378
53354
62489
33622
41549
48773
43974
47082
64132
68159
58424
58796
11399
69274
69276
36186
69166
11453
11721
43162
43911
47175
29855
31049
40069
65257
23978
44210
11495
15447
63120
51198
61672
62007
62008
40330
50108
63711
13810
29515
33995
11474
12359
14229
69032
11458
61354
69054
11734
72897
15349
57572
57576
59586
72899
15712
34317
43079
60539
34916
36383
36523
43860
14993
15310
58174
64084
54365
72959
49421
50753
13001
56535
15353
29349
47365
69784
69801
11443
50842
58320
58819
26072
63822
11479
39361
69015
40256
72960
11679
45129
72928
15322
15323
48211
62655
63532
72810
72814
18494
18521
73164
73166
18629
56415
65692
65700
34159
34482
46525
67515
20434
43858
62679
67517
11959
72925
11693
59836
11727
59819
11742
33299
12202
23808
29292
53459
30131
37974
50465
67537
11421
63953
64163
11423
63915
72803
72863
58320
63801
11815
15247
61482
61882
62474
15247
61848
62115
64130
63911
72815
72816
48657
48856
65191
26213
41546
42286
61886
58412
64442
33436
41536
11899
12057
15073
58463
47766
47767
64122
25343
47766
47767
49260
11641
11439
41098
50846
20773
53640
63286
69034
11717
37144
14931
44043
13937
25349
63956
63957
11454
56578
57620
15173
44059
46593
61256
68132
49824
52194
63448
58241
58799
23049
44976
47152
68368
41441
47318
68071
68139
11740
31858
40765
11452
14307
61300
63380
64315
52739
51992
11457
40256
58992
51388
11459
11686
12215
56578
11460
15359
48673
15250
16115
53360
15397
64585
16489
62271
62335
31903
31904
55642
15813
17215
36275
11467
14228
14333
55178
54696
57975
68733
68744
15329
52236
52448
54591
63002
17322
24039
59923
53554
58795
63739
64977
58362
73080
73082
29617
29726
41863
72911
11476
49688
72968
15333
41504
39761
40969
68840
68843
64131
72969
13983
15810
55251
22206
14347
17425
12246
53178
56432
11778
14346
26594
69014
24528
25029
25042
63493
36937
45674
11486
48612
70858
70875
44335
46030
46286
51660
17642
60325
14594
53529
14430
28009
29010
65136
24782
38121
48777
55408
14343
14689
16078
23353
45302
49432
27906
32958
33531
11624
58375
59808
40369
71376
71444
13967
24049
53405
68844
19629
47983
56423
19682
44855
54588
11543
69897
69898
11543
19964
47679
13416
46696
54370
11531
73156
73157
33168
48778
63611
11627
55487
72660
72669
11531
58763
40417
48392
48398
68292
47359
47665
48202
60962
70563
70564
24175
44016
56479
26422
26427
60962
38273
39776
44177
54059
24009
44283
47158
12144
44203
44292
57216
16385
23841
57387
57390
23863
45026
48370
48800
11742
69412
58793
59897
16931
59746
73173
11935
64177
73227
22775
62843
44015
44121
44976
45012
40529
49698
51591
68950
24345
24584
12026
15137
32925
36626
59769
65304
11539
11541
24780
24850
58152
58264
11614
23034
23847
67981
12324
50632
73046
11784
22549
11871
33468
13336
27721
64655
12327
13336
20512
26444
64232
11589
25903
16720
32829
73204
34882
47603
31609
70150
70153
20792
24810
24954
32085
11547
11833
73204
73210
44582
44927
53533
11590
11659
11833
11578
58964
60321
11553
53313
18412
49908
50237
55092
13340
17391
64655
59653
19721
51149
60674
69643
49940
11940
57570
73036
43879
44219
46718
23486
33570
57819
16948
40126
55594
15808
20187
20216
64040
65269
68847
37299
45688
54653
52710
53199
62687
11604
20464
68971
68986
17202
17250
68907
15968
62447
72759
72760
15554
28328
69933
69999
15986
16413
56191
31810
36712
12795
14149
11585
12085
13595
47835
69428
13207
13402
15666
59030
59793
65902
66120
15542
52421
69249
12848
29192
53711
69283
15788
23417
45441
53813
21809
23159
54271
63851
53949
64596
12460
13340
65347
65366
13595
60967
65787
12608
59946
52111
59411
32762
34327
44549
64941
45592
46723
44579
54360
60011
70134
25772
53919
54315
11701
16301
73202
23472
45495
55257
67064
21070
49410
66069
61287
73049
34060
50589
44335
52903
63807
68734
32345
56608
62294
14192
44856
46129
51028
51155
51815
59902
19973
44385
47158
52626
54036
62925
66090
21596
23118
41140
17797
66650
66752
26042
28033
60832
12255
14475
42129
71602
71604
23440
23972
48833
23071
60840
67980
18790
52271
52272
66077
41952
42951
61564
24996
25436
45507
68385
22124
47358
47695
47949
52841
55704
12663
54380
54384
63584
15180
51954
54287
63584
12543
12560
43112
18436
34108
48922
34206
64030
11779
54236
12125
12136
56024
55284
15695
37207
45530
46663
47877
49240
64195
11637
15793
15382
47996
57311
70265
11633
12107
54278
11647
15793
44983
47152
63932
13929
21968
54653
41145
54092
54427
58046
11730
12168
55840
50937
51830
53104
63646
11640
11647
56104
11720
12077
15002
16878
11720
12688
53618
54277
48059
48064
62370
12176
46655
49397
58375
73203
12882
58959
73210
15002
53311
11659
56998
73170
47728
47877
49249
23919
46809
59535
68822
11653
11654
11656
15746
16837
51159
11720
12076
23127
36639
36816
59683
11658
11662
12122
11694
12901
73189
20474
34505
36595
60638
56216
58375
61833
13731
51159
11664
11667
11717
50840
11666
11673
48630
24554
47834
12050
18417
59677
51255
71208
71209
24345
25856
46239
68671
72927
13403
56102
60782
11674
21963
58739
11694
12105
35323
51046
64290
47727
72794
72795
21496
21844
11678
11680
61785
58684
72926
27414
47834
53461
47053
49686
63500
49242
66965
66982
13509
69494
17159
61062
72886
72887
50112
51637
51671
11687
11689
52168
53284
16745
17224
36617
16246
53360
61785
48250
25343
49260
49808
64120
13532
63960
42553
56204
37507
42600
63557
63720
28591
69309
69404
15857
36268
52137
19086
37617
37624
37849
11700
11704
30361
11712
15857
69294
69296
11703
52137
72966
58856
72962
11705
17214
16742
52134
58856
15850
59373
69374
69376
11731
48359
52134
11925
16023
36339
36984
57387
58520
64369
30550
40223
61346
43969
48860
53483
61239
12296
16732
59851
16931
27782
59746
22587
64216
15751
64944
58372
63946
18417
58168
23584
54986
56228
62163
29726
48460
59397
52928
73199
21322
49664
52698
53750
11748
18216
11726
58790
73221
73233
14554
16931
51080
58931
17780
53322
12383
37266
65366
73209
12107
15793
69669
17000
51046
11955
18345
58163
52284
70076
70078
50406
72899
41098
42868
72998
19086
37624
66857
66859
43656
68035
68037
25920
47132
68314
12656
55610
55840
29012
20208
47399
48935
63960
11771
28015
72924
21383
58992
64293
72964
18556
58898
65313
72717
12067
12072
30150
72714
45371
45537
11903
16559
72718
28389
65352
21965
27093
56334
13048
17176
17185
53960
12526
53891
11761
72676
12017
58252
11794
60893
72678
72509
72513
57906
11929
66104
71706
71707
11760
11808
72743
11820
56264
72744
12017
72674
11763
11775
72920
11764
50950
48221
47812
72497
72498
59590
72947
22263
28559
42225
48098
14975
15168
15639
53527
15168
26472
53527
23042
58840
72920
72922
26061
33111
49026
61054
17275
53784
72999
72919
50950
72922
18328
53178
62416
68311
44485
49190
53111
54629
11898
55781
47985
48095
56788
11957
28016
59785
72995
11784
11789
22294
23102
12111
58008
58183
11807
22595
12043
12083
58849
31470
71878
71883
11997
14831
72318
72319
17404
46244
11807
68230
68234
11996
14921
16112
40891
17254
31370
72752
14435
17479
11917
41139
57194
64546
72676
16490
17284
44825
72743
29130
29955
46295
55199
24772
39906
53389
61023
11806
16569
27849
11975
19288
49072
17125
17270
39944
68158
67910
67912
11804
11942
16426
12703
13266
13550
57572
15191
53020
72744
13145
13310
19322
15969
19296
19393
11936
16316
60608
64889
73114
73115
13835
42512
13515
56569
68819
68820
34287
45653
61608
23188
58009
17350
46571
52341
12696
12697
62539
15714
15724
49681
20903
57782
57882
12007
14912
72543
72547
16529
54139
55772
69621
12017
58252
22288
22621
64402
46063
63443
17765
17777
11825
51859
57142
60198
45352
66122
25261
28018
58123
62716
64747
45665
13827
16325
61709
12744
49229
71188
71203
61729
62161
66546
66602
23949
28386
62223
64125
56998
58826
45063
46631
49163
68310
58598
72227
72231
22487
23954
11856
31386
63497
12008
13054
72480
12246
44075
46631
56432
12976
18811
12034
64324
73193
11843
16081
31475
41739
59879
72481
11915
16882
53487
17975
46603
47328
68073
51397
59660
66156
17485
58671
17485
27381
29276
30929
39176
13716
55262
72647
11919
59481
59920
64173
21968
48158
69706
13845
37299
22580
22581
37219
70122
19131
19609
51082
53659
16402
47468
72701
15043
39312
65338
72699
17579
51296
65284
65780
21570
22285
22880
64615
23062
44210
46514
46612
11891
15891
44025
45006
45446
52824
31674
56277
17297
20202
21125
72789
21140
49870
45899
52818
12153
22873
40616
50354
25198
64046
72528
58865
59886
59922
64005
39397
45957
57294
14922
29360
63981
72524
58726
25198
27379
58865
64005
50625
11995
15770
15807
64324
44058
44087
62247
68138
15698
46592
46780
49308
48519
64743
14428
57978
64986
14306
39086
69055
11885
72554
57418
62410
41739
72548
24859
27640
35709
57181
48332
48496
48568
57650
57950
64716
11891
14700
69679
48778
61927
63614
11939
15174
15949
56243
64594
17106
32915
46698
58726
72475
34001
58354
63984
65322
17338
31585
37228
40803
54774
12102
64157
11904
17515
42120
53917
17517
50712
53913
70675
53895
56990
59130
54813
72699
60192
68517
68519
12022
50556
50764
58904
40054
56978
58875
18681
23393
56465
16228
65530
13701
40203
73006
73009
11913
11918
58353
61678
15136
29889
50205
53767
13821
17051
17166
17755
49977
17513
40620
54650
13799
28099
72460
12016
25058
59880
11924
55846
59796
11925
16023
36342
36343
45286
56748
32042
36245
36337
23367
27247
52568
58856
72961
72962
16024
52613
57211
17976
52243
63214
20368
34571
34671
52986
11972
64546
46712
61611
31870
48269
11937
17363
56264
16316
15923
20746
35108
35636
69679
12518
73035
13845
13893
69678
11950
17560
40871
19942
20013
31069
41292
14363
12693
15772
54774
57570
14717
52907
52908
68972
24531
26451
68702
15923
20746
67492
67494
16426
12932
21481
21617
29996
28447
60377
62802
57708
57714
12053
13801
16529
49948
41552
64135
72989
48280
72990
72923
57173
62506
65166
72794
64143
72434
72435
11966
15938
64038
72990
25353
25705
33697
58887
48484
49447
69409
16442
72752
58914
49209
56005
42149
43303
69653
69657
11972
44825
15982
16030
16163
55860
53028
55565
63963
69640
17227
24829
72753
42007
66966
67037
17247
58736
72680
22543
11984
11986
57679
58736
48941
57815
61594
73071
61666
64136
43626
52951
53935
61594
72679
12691
12701
13208
69638
46841
59083
72482
35352
46921
62005
11990
48506
72557
52569
72519
64148
72468
16722
17322
52237
72519
38024
40358
50843
51625
29003
52237
14846
59509
59930
14823
52609
49583
59054
60269
12766
44245
37297
45619
54205
73051
16757
16764
12006
13275
17484
19122
27884
72554
12605
44848
47960
64097
17412
33495
59723
58671
72480
58539
72485
20342
68766
59635
62757
63279
72417
51348
53938
61204
58068
62751
63279
53429
55886
72880
17854
46245
17555
58995
52568
57906
58981
72703
49768
50130
52920
53702
20851
44800
56753
31870
39260
48269
53876
24424
72700
69135
12491
32027
63030
64631
12261
73276
15141
57353
16031
64361
72571
53371
59349
64199
12031
24875
35004
35760
48460
63958
38656
62628
14697
69610
12034
15365
16851
64214
57817
63320
63821
33205
47631
54339
58343
58911
51214
63779
65516
72689
19992
20831
42557
45956
50538
55182
55640
61794
72610
15200
16641
63061
13377
16760
53308
72924
72921
49948
51200
54105
55784
28183
28270
29204
16461
72513
72780
62988
63825
63835
72853
48261
48265
61067
16732
29208
51245
17111
16325
53585
63762
64207
72852
45090
45278
56450
12060
12061
63344
62654
62890
60896
62853
72617
53235
58197
72390
72401
12062
58262
72627
12062
53090
58222
12261
54045
73276
73277
17351
44620
59138
17353
44514
52559
47927
57557
63233
20202
59925
61383
61385
63498
46829
63076
36287
48506
72487
72557
24314
24586
24659
26263
17509
72716
29300
33358
33546
37557
18293
13639
17337
27236
72788
12077
12197
69443
57276
69670
17500
47402
53917
72767
12328
14215
16128
59593
63013
63992
17043
42993
64164
14919
47834
53461
69445
12084
57012
16959
53528
53587
12368
53867
69221
14390
39067
67740
67742
12327
13301
52885
69240
19488
44954
45921
66173
17509
63990
55330
57325
60994
62873
14897
69228
12101
22650
64173
72528
72637
72640
17300
28431
29273
31324
12096
12099
13637
51796
13590
27665
36867
66286
66301
50592
64263
72374
13649
55730
55368
69496
59920
72527
15073
62781
22666
48532
56620
57503
53360
61785
69437
14920
56204
69445
52306
58042
64716
65133
55612
69664
31624
35161
12545
12551
59732
64606
12880
54482
54490
12707
36010
36215
40984
59735
59736
72197
72201
51342
64981
67783
67784
15157
19032
15713
42636
53432
41586
41900
48782
49122
12120
12569
52286
13901
42367
42830
50698
12152
12748
30244
12566
20761
12203
12562
12154
42413
13787
42278
56311
56497
12127
64338
23337
24050
26396
37000
13954
53055
61632
19732
47091
12137
59729
68939
68944
14726
58323
61709
12132
12492
12496
12727
12133
69627
12134
24940
69629
12143
12492
40257
54095
13954
54242
73050
14906
58074
12725
15129
68621
68623
45571
66435
66436
53955
57199
23165
23201
63111
45465
57928
59359
72124
12578
24925
23475
47640
68513
17798
17800
45207
46677
12907
59044
64460
72266
60801
60817
64607
58462
59401
64906
32851
49651
54547
12156
16325
69630
64539
15167
53679
39829
39999
13827
29738
12570
28343
29256
56155
15976
69611
52930
61032
58462
64903
65121
72127
59713
59714
59704
60834
64468
72130
51160
58455
58752
64616
12552
13702
53709
56275
15367
55802
69609
58127
60873
61306
12555
13758
14131
14661
16535
26106
12575
46383
59087
53381
69669
12171
12204
38986
41620
54606
57733
72836
72837
40847
41427
12918
17452
63234
18124
42577
72240
12191
16119
54507
54601
13019
16535
72241
23251
12181
14931
45588
65271
15561
58327
68617
68620
12215
16121
24216
36013
61678
61869
67904
67924
12601
13752
61888
62129
13945
65226
68846
68847
12220
47482
54882
57059
70372
70373
69440
69477
12188
16656
56083
12606
27295
12811
12191
13024
16119
18480
69449
69451
69469
69480
25485
45284
53622
18511
57155
62367
12470
56064
69004
69009
64593
51610
55138
62736
12912
13054
18122
46449
68637
68742
17810
63906
14056
12553
14780
70824
70839
13607
69447
69675
38674
63772
13492
49560
72237
12606
16115
16740
53544
13640
38674
58849
18132
38942
43360
68711
12921
31080
72236
27064
40289
59160
59735
59736
59738
12240
15468
40701
51414
16740
13651
53284
69438
14572
38943
52817
43348
64539
43980
66566
66572
12243
51264
62789
43335
60830
13901
14517
18907
50698
22125
23011
45326
49412
13042
41835
50132
12349
12997
14918
16236
17419
12963
13607
25716
12229
17287
63095
46834
47029
57818
12306
13135
13572
54535
17328
19902
15532
15540
49897
33793
52705
52714
53159
54684
60966
70328
70330
37013
37189
37193
37778
12460
53297
64998
17234
72981
72988
13580
27721
63776
13445
44192
53214
18427
67713
49339
63022
67459
15211
15843
17234
41055
46739
68531
15035
18971
45766
63887
15035
63887
67985
68082
68311
68312
40405
46368
55712
28639
64481
14710
29149
31645
30005
38716
61651
65212
12530
17207
55715
55727
27323
31029
13734
23808
47021
47046
58310
64592
64095
47101
47943
58681
12659
28453
57619
60113
13680
65512
14051
53305
55378
15692
53966
69066
69072
34176
57738
30241
49480
54802
53538
58649
72414
72437
26757
58339
13396
15753
64095
12449
13396
19306
19314
68370
68377
44124
45796
64487
12270
46698
68990
68991
12271
15650
48365
15572
15644
46698
12274
12408
68789
68790
12274
12408
21694
21977
22605
23671
12277
12374
68998
68999
12277
12357
12374
13135
16833
29415
30110
49778
12282
13564
72438
72439
12282
13504
13564
55421
16425
18112
18210
40663
22460
52377
23548
26778
56662
49764
69426
12416
15371
34920
73291
59443
12359
13133
15356
46749
56744
63746
63849
17313
17875
30266
46704
31658
34213
52819
52820
12336
56715
69005
69006
64095
69274
43420
46523
13706
15857
16728
12336
17435
56715
57652
12470
13154
14389
56064
30021
32524
33091
12661
26847
35209
61620
12607
12813
17428
59113
12534
13596
19946
21130
17995
63143
12536
70424
70459
59323
59446
71914
12374
13576
56342
12318
69224
69258
64247
26156
45580
56956
27239
27492
27859
12433
13582
53703
70700
57738
73277
38567
53912
64149
69293
49644
49926
53289
57363
13570
16873
33043
48653
12317
12321
12781
72017
12770
13344
72016
13580
64753
13235
17249
25903
12350
38406
72021
72086
12322
12944
60047
12770
12990
13568
72283
72285
34176
56477
56559
72665
72666
12327
56838
69222
69240
12957
42241
63334
12534
13596
27555
39953
54673
54677
56477
56559
20717
23839
29732
53117
13406
14330
40729
40810
12833
14040
12459
13410
13615
57652
12338
53918
54327
54372
56394
12338
53918
73090
73091
53932
54112
65345
12452
12342
56830
70235
70237
17444
22246
32913
17418
44245
52372
12347
12348
55986
57428
12449
30243
53616
56865
61416
63342
64240
69006
69273
12444
17435
12353
13027
44906
13570
16873
18184
51112
12354
14295
58255
58411
13032
17171
43431
13257
48196
61992
42459
56865
60926
64240
55378
15555
65240
28118
59453
12418
24245
72058
23667
52589
52773
58769
13141
27151
48814
50585
54754
63592
14105
52085
52651
62773
15107
16794
36366
13449
49103
49114
12460
63989
17886
64490
30487
38321
53725
64847
12380
12479
16226
20796
60141
38583
24007
61872
52900
61945
69070
69071
12378
12379
20747
59069
12475
12507
54393
54393
69688
69689
16043
16047
52147
53306
58099
60180
12760
58080
63681
63902
34350
47585
12385
56665
69900
70092
21893
49930
56480
52720
60604
64560
19962
37505
59438
71924
13556
55440
69027
34179
40237
56674
12403
22639
51544
60564
55335
69028
69039
47086
64569
69132
69133
16995
12421
54962
63383
58677
60706
61241
63678
62766
72440
72451
12400
55336
53640
56671
63286
55711
29694
34179
13066
55288
62256
46781
47035
47086
64569
48643
56832
61070
72032
72282
54414
59698
64700
64778
65110
14272
46722
58511
60090
21262
29194
52709
57574
12853
16727
64446
13486
68999
69036
32029
41058
52678
72173
12417
20603
61703
23666
54381
16085
53925
54917
69181
45977
73290
53912
46749
69032
69036
17998
36964
54535
13216
18777
57619
60113
12422
53574
57337
54962
72436
72437
43958
12425
12427
12612
18712
12428
12464
69251
69271
12428
12464
15475
23235
35745
12430
12432
17486
12431
69035
69038
12432
58870
15658
23666
20009
21234
57833
52657
53639
69025
16281
19826
64508
12439
34953
64665
12438
13575
52974
71915
71938
56362
64814
12451
17221
48354
12442
12445
60512
63405
13427
44603
44840
12457
53744
64283
13427
41048
44826
72022
72024
12450
12458
13855
16896
56585
20825
13359
13574
58653
17561
57842
58083
65129
12455
53251
56859
57955
12456
13188
13255
57955
69003
69010
56571
13577
46746
53442
13612
14048
17121
40729
40810
13719
22358
22899
48529
47010
59382
59559
64946
12612
22309
33964
49504
51878
69166
15201
67912
69251
69252
29065
31109
48462
60779
68110
68112
13255
51396
52140
55499
32669
40926
55949
12593
57811
60103
60457
64777
49985
61681
12508
12880
16179
16608
30645
69441
69442
64859
65481
65483
72511
72516
13206
14969
57662
12485
16897
54416
14701
64021
73097
73098
41883
62725
12501
54851
56585
13774
14726
49002
12490
13780
14726
69628
12752
71811
71815
65630
65692
65957
66178
58323
69628
58071
58691
56168
12828
60135
65377
65487
15056
19235
21317
54272
24283
51853
65155
38348
69627
57618
65790
65921
66003
16010
72618
72652
51010
54896
12722
18983
16021
73029
73043
12733
13130
65910
28788
40049
64781
65078
12550
71752
71756
12948
13868
71249
71314
12507
14516
48498
50738
54390
13863
48103
48108
53382
20837
41408
71654
71656
51127
57759
13882
15761
47718
48785
56132
12550
48307
60081
22536
52621
12963
14791
16337
42009
73035
14504
56275
57816
58951
12525
62509
12561
49737
12524
61993
59314
59540
71695
16337
23050
73037
12953
17201
42045
66157
66170
12823
59327
65662
71746
12532
13693
56397
56447
57865
70183
70185
57056
65274
18744
45519
61821
70720
70721
69230
69233
42594
47863
12538
55378
14040
14052
42397
52830
64678
69223
69234
12692
18806
40055
12616
54606
57536
57733
12544
12548
65778
12878
59044
12549
17048
53348
73181
14873
55468
60858
64603
13158
71836
16801
37147
53351
47752
59589
12878
32621
65022
13760
16119
58061
45247
46522
54271
63851
13769
13966
14707
54590
55862
59825
59832
12560
43112
54590
55862
71490
71493
14875
46784
56434
12919
13129
16893
56144
69674
13731
17810
53370
30244
58353
61678
69683
12565
60153
12567
14724
13129
71834
12572
12574
12686
20761
54416
19550
31100
56198
12572
18502
18802
13291
58566
12578
53680
58254
69629
12575
12577
12646
12576
12577
46202
58797
13127
71580
36052
53755
20662
43103
61971
73070
12582
12583
18509
20680
54410
55387
45264
61890
67333
67337
42576
44980
53515
53615
20747
59069
12850
13121
14792
53261
12640
16119
66044
15928
61862
62784
52722
61862
62784
12592
46827
54410
12597
63073
12594
47984
48907
51205
57811
12596
17073
73105
37093
73037
13112
55387
71597
12627
38543
55949
21040
57180
60610
57228
57939
64639
13729
30031
12850
14792
57964
60352
12771
15449
37113
56845
12612
31713
61874
68765
68771
15165
19804
12768
13557
53505
13229
56128
17332
69477
69481
18709
44539
56163
65895
18719
47453
34944
44109
56099
65842
12616
14625
31442
14644
32811
43759
45531
55814
33924
63133
69510
69542
42829
59077
59840
65203
65596
65606
57527
59836
59837
13838
13840
71590
18802
60440
71579
12821
29545
51828
51928
71504
20265
20266
65693
65765
66003
66004
12641
22505
13922
17996
58577
20158
40364
19229
59361
66047
13249
60255
61456
71615
12641
13069
35072
58571
52023
52045
59516
65299
59849
59853
60290
42219
42991
43207
33573
53115
69643
13243
13069
14537
19077
14537
19077
59133
71575
12823
13240
59455
12679
12820
12824
18706
58566
60374
71580
26151
65849
20677
42109
45815
46550
60020
65292
71517
18797
19112
66057
20838
58600
12655
65522
33469
47073
54737
13230
52323
68150
54136
62067
69662
15908
53367
57857
19117
20094
59572
68065
13223
37835
71603
65969
65970
66018
48318
12672
65821
12664
40123
13763
15174
54380
12666
42151
71618
13117
12810
20365
20854
71600
12670
13228
49923
18752
63618
22298
50722
59975
65761
20753
21406
55998
56236
18777
54784
60113
13226
47675
65824
19751
57691
58357
24633
57891
13284
19014
41939
65948
20652
71444
71445
12682
53241
44346
53228
13243
36069
71592
13283
42562
57800
18592
45620
65818
59283
32672
36437
65898
65940
52088
55854
69666
30794
43674
65607
65833
56046
58193
69612
16011
16075
58219
23222
71816
54200
15147
65943
13095
50692
65274
34533
58246
64150
20402
53171
58246
36188
62345
72251
72493
12702
36061
43094
12702
19326
58560
71792
15995
69655
50456
71821
53300
54577
13034
47864
33480
34199
34249
35308
25830
40991
65928
65936
71830
12714
18330
43139
13261
18899
58024
58679
12712
14092
14211
46177
65956
12714
14091
65963
71806
13272
58090
13634
17669
65392
66133
13310
19322
36323
13310
13698
23413
71792
29609
29611
29903
57089
12724
53176
40952
46363
12724
13697
71794
14722
71849
71883
50327
50796
69694
28860
13784
46203
47144
71793
16034
65839
43124
71818
12744
28707
28711
49229
16034
59815
16991
20785
60393
43112
58994
19031
47364
55571
13170
18835
12736
53886
59803
13931
65804
13309
57665
58884
60146
52362
69615
69616
59822
65201
66118
71699
13089
41896
59725
71797
33208
35795
37511
28541
28696
54742
55757
55886
14518
52282
64093
64010
71774
71775
58353
62337
15733
60644
64827
22782
43317
61591
14190
57796
64350
13335
62725
65618
44238
12856
56097
58040
12783
12945
53922
64934
71935
22678
23853
59656
13578
29298
53124
60589
43623
72014
18494
36283
64692
13524
72027
13028
18064
41807
58632
26376
64863
71912
27490
64690
14350
24123
44200
53436
13630
43268
30024
30720
64002
12944
72019
17418
52372
72033
72035
12965
58693
12776
61513
67713
12779
13752
56844
12774
12780
56433
59142
56431
56844
72830
12777
55989
56433
56844
56845
67717
53368
16376
22359
68130
68134
55734
69476
72885
22929
56846
13056
14360
72017
17590
17605
44226
53505
54468
72026
12788
64493
13056
13337
17957
22335
43623
61102
44123
58601
64491
57322
57512
17995
45654
72046
21521
21836
68556
14897
60967
64504
72059
23908
60557
60558
12953
21352
58421
13373
30542
41918
59163
60145
60150
60407
60457
30021
32524
73236
73237
13350
13574
14610
59400
72057
18840
43231
12804
12835
60372
60440
14006
15269
42281
12807
28217
71359
61900
71597
20551
49684
66018
71370
13736
18552
55734
14193
71600
12957
56438
72009
72011
13381
53505
53922
58009
59951
68152
20846
54260
66010
71606
26327
35672
65982
66052
18738
54784
42121
71572
21992
40162
56968
60352
18807
71585
18933
20853
29297
39993
63873
58571
19077
58542
65804
65805
65832
65920
17846
17885
55168
63455
60140
65309
71705
59724
71797
31080
58536
71532
71555
14211
45125
69225
15195
18318
18951
20354
71577
58679
71820
36898
13096
62317
73079
13093
18800
32253
71817
50243
28209
50243
58554
71834
35860
66080
71770
14132
24524
55845
58497
65950
41896
46609
13035
23404
58858
71800
56290
71877
71884
51010
52884
43230
58527
58548
71584
71586
23766
58786
59675
19622
45255
65434
45112
20554
52689
59326
65512
17615
17993
59760
38381
58045
58079
43399
44964
60559
50665
58259
16762
52066
68464
68541
58668
12946
51327
61806
32873
57348
58779
64716
65133
71506
71514
42131
45964
65036
70394
12989
14290
17869
72261
58073
51758
54340
63677
63909
13414
58456
13544
22516
72276
18189
46520
12964
63434
64612
72269
53293
53420
57500
60659
40557
41000
44605
56209
12930
58419
18423
18461
27529
59482
58458
60867
64833
12977
18060
52801
72199
72269
54605
58061
48785
51376
52799
54394
13229
15412
56128
16332
26054
62002
70342
13219
20434
41251
50779
23849
23936
24037
12902
12924
63281
72412
28802
28890
64829
58653
72045
72046
13008
65296
42492
58694
59953
50018
51461
61294
23696
24610
50697
72558
50221
57432
68957
23096
47585
73021
17551
63354
72500
72147
72162
17551
59952
12911
42579
46417
17463
72478
15746
59946
43546
59532
22501
61573
61712
69818
62722
65004
72183
72184
32848
48650
22647
26312
40104
58534
43152
59051
64549
36188
59953
72493
14973
15885
28263
52696
15885
23525
52696
17463
58439
59953
48208
59532
63121
63281
64500
17357
47119
58651
65381
55703
66346
66361
17475
52433
59194
71835
71836
18189
30877
72236
12934
49977
68983
18134
53263
58523
43546
64252
13042
50132
18060
52801
52812
58416
28259
30365
59050
58618
72244
43328
43897
64830
12986
41801
50319
65987
24387
61326
26673
42828
44851
14122
44022
68981
17402
18128
63246
72233
13871
49616
12984
59179
12939
12975
12989
58456
59072
71512
71765
58612
72245
59753
59754
64971
51251
55892
13557
72017
45054
72019
13024
69446
69449
12960
64620
72257
49591
49852
56141
63348
72272
56955
71610
71617
34311
58744
64640
13043
12966
57259
13515
20895
23962
46794
13544
19531
47626
47938
12992
56105
17948
19905
72277
24371
24583
61326
72263
13460
15246
66032
45071
66370
16072
51251
58461
72271
58631
72016
54642
24663
27519
61623
58461
41819
17861
48985
49141
13454
34827
72260
58073
53338
60812
53186
58449
58597
13420
13426
55869
53254
58687
17550
64291
64441
59929
60948
72241
15893
46612
62065
60537
72234
17819
46449
63505
12984
46288
64181
72233
72263
72255
13543
58683
12991
13022
58683
72259
58636
72261
45039
13455
72259
17332
57359
63334
13583
19251
13306
57068
12996
35251
62845
62852
72366
72385
13001
13319
65345
13044
13046
72277
49708
53756
61221
13001
13319
69255
69276
15405
23627
49378
53078
13006
69225
69226
64836
66649
66662
37515
62733
45125
56297
51377
52739
61983
18683
35851
35969
27245
29769
30405
30479
14999
23952
56222
57766
73039
73040
13014
13164
72311
23356
53072
72312
14339
44022
44329
63221
52466
52512
66309
66311
33441
37876
57761
66036
18570
72479
54734
57944
64434
72239
13186
45519
50664
14290
59050
66747
66763
15947
17881
20584
38058
72329
15427
25433
65315
72330
63029
72086
13033
72020
15475
22217
48354
15036
18315
54267
72021
72272
23413
46609
60043
71798
26674
26938
54507
54601
18687
18794
70498
70565
13039
26904
47316
71870
31642
53404
72108
18135
36459
58156
72303
18078
59425
72347
24423
64434
44221
59990
64550
43312
51698
43337
45138
63093
65012
72258
29141
32395
60532
16891
13050
32387
39943
63408
18945
30738
54971
36284
36340
50544
60316
54136
54288
55718
53696
53943
69692
69715
72478
43282
47819
72275
14353
43257
13469
13553
17966
17149
44855
44856
54696
19890
58585
72117
18005
58832
60167
32628
54737
14388
20553
72107
13064
52689
72107
19805
46216
72108
31428
22763
40237
64485
72061
13139
13220
22066
58573
38085
41012
42539
22587
54049
61484
13077
37977
13074
18531
43061
18895
19050
71966
71968
14077
19037
19561
20000
37520
65916
65920
65960
66136
17884
18912
18961
55788
28860
59065
71861
29573
29606
71012
60080
71871
13376
23430
60200
71870
14292
42760
55319
57886
13086
33583
43118
70331
13917
24837
70333
13091
53729
19410
19594
65495
13387
46609
71798
20795
35125
40887
52869
13494
16362
13322
34659
72077
57767
57776
71819
68151
68158
56283
18996
62655
63539
72808
72812
15575
32761
34109
16844
23234
23503
46720
13186
13196
57342
71599
44946
57511
60255
65852
65987
71615
31178
31216
31372
58622
13115
21423
49079
51739
67527
67529
50625
69138
69140
13953
15231
24094
63133
23757
27218
70775
70779
29970
37325
46025
27430
67200
58121
63072
71599
13114
49035
62719
16844
61226
19984
32513
50635
23222
71816
71822
18758
20854
29836
31258
64724
23087
43741
71667
45500
48296
51296
20652
18767
49923
56955
56136
59259
13133
17055
62769
49893
50685
73304
32918
37760
53725
67012
46202
71832
13560
15336
32818
71836
65882
65909
66136
13132
71862
27037
36061
71888
13136
20354
71888
13140
15195
71889
13142
48571
65778
71885
33508
63297
64433
13214
42604
48134
62769
29565
50676
53503
71906
24521
35564
53523
30278
49820
52201
13163
52229
71862
50557
53925
34867
62566
13149
26793
46455
71645
55868
71646
63750
18494
18521
63902
18326
37290
71885
19684
24870
30301
61716
13156
52910
13723
58554
46591
13253
46342
71907
40055
71817
15710
64704
26763
26981
55395
58906
23545
29870
40221
60982
15939
21167
57147
71861
41799
46489
60948
13167
32672
44574
60096
21358
21373
53748
57831
49563
60095
71742
13174
15424
60488
37967
39531
61301
46177
17373
25058
55846
22042
26249
58470
13176
15863
52212
71636
22212
17312
69178
57666
71637
13192
14744
53582
71675
39533
42088
65567
21588
21589
21592
55267
13772
15848
69246
18485
18495
14996
51464
59526
42961
32261
36868
56824
63392
66131
43056
63295
13245
19185
28453
71676
15634
69003
23273
45519
63295
71666
51065
51075
54203
20564
18868
59150
71637
36854
42287
61116
18977
19060
43792
59125
13231
19067
19934
18339
71601
18485
46600
13209
47167
13200
18911
51191
57772
13211
17408
43520
59137
21846
34853
51142
56177
56179
18755
57169
57883
21313
49743
55937
69286
13303
57090
13405
13748
17313
40581
43306
52080
35035
59964
13341
30949
33319
14917
17645
59135
28217
63590
13401
65426
71521
71522
13220
46023
55912
56177
56930
19007
52923
71676
19755
20534
20668
28527
13707
41126
43042
31916
55400
48128
50586
69000
69007
13223
18740
28453
51336
18368
71601
18743
21324
31151
33868
25321
55993
60576
38225
42128
55378
56401
14193
57342
50896
23231
58026
66026
13232
71642
48444
71636
19127
50944
52277
53287
14201
22834
13580
19251
13861
27238
42120
59138
18811
18896
59388
71642
13707
18784
19001
43039
17707
59856
60179
65266
65722
18678
42133
55988
59261
60253
71593
26153
55770
65722
29883
51336
71672
16760
16959
69475
69490
18709
42134
71605
57097
56968
60430
66051
13252
13299
46383
60374
71578
40233
71903
48546
58500
65373
71737
46591
18894
60372
56392
58255
13352
14040
61111
18706
69345
69422
13273
46391
52135
68774
57157
57164
29609
29611
67328
70969
32537
38405
41768
67907
68996
69013
22985
25785
52927
52931
16078
50810
68871
68872
65931
65936
13271
27023
19044
13273
58024
71806
25154
36776
13280
19015
65878
71127
71129
33145
43057
46487
55302
36136
42021
42347
44748
13296
18312
52222
64384
53313
57580
16568
16577
18412
14082
18534
58797
71645
43161
71761
71764
14044
44458
59257
13289
32963
36112
46500
26727
35042
60925
14405
14408
72096
72097
16429
19073
71906
19233
61621
66900
15184
16666
18482
50821
18502
71579
13393
32811
45531
65427
54711
55191
56463
56690
14727
59448
68549
68550
49866
52489
68507
68519
16274
16585
48801
55470
57268
65362
58576
71831
13750
54131
56508
69265
66088
57049
57229
23897
32762
64941
60006
65262
65619
71475
29118
41844
13308
18341
14082
18358
40411
65742
22465
62546
65672
17595
59310
72118
72119
13689
22291
22293
37377
13315
24378
45610
20043
44425
15848
49360
49548
52943
49360
52943
69175
13379
13380
45548
23235
35745
26879
41844
55533
38848
55489
59541
22991
72078
22439
62134
72599
72659
22863
47313
47574
60737
13399
17249
44309
34094
34638
54149
65998
23711
23717
55971
63656
23416
59631
65389
72116
37214
43955
43956
55628
13332
17110
54171
19559
33760
73086
73095
47374
48930
54690
61676
49644
49926
57463
17949
14353
22611
50187
19246
46812
52075
65039
44245
56567
32462
22863
60737
69887
70099
56584
70368
70374
43289
43554
67535
67536
17956
18252
37135
40699
13348
18209
50092
36907
13471
43307
41918
46523
13567
56958
58408
15739
59964
53292
45220
53634
57456
64743
72486
72487
57368
60557
60558
66167
72057
13656
51943
58653
72046
63603
72045
43421
45282
72114
72115
13551
14333
21487
48895
42483
59989
72116
41399
41677
44904
64651
64667
66168
71983
13575
71913
38628
60152
60594
13675
27441
72042
13383
55796
67468
67469
14871
50975
69349
69350
45897
55126
66706
66721
35378
38216
54953
14369
60064
72041
56471
56573
14392
61517
65580
27140
71871
13590
53908
42874
46214
46581
63955
66823
66825
42204
55346
59955
18043
18185
65492
53083
55886
18014
18224
19805
14710
20466
59326
72038
29149
43230
58559
17846
63455
71798
13389
26904
31642
59410
60050
64118
71800
53650
54683
54906
58215
13401
57025
59284
65244
13395
17877
58289
42402
42438
56522
16968
20138
53657
53314
13398
53023
59111
47186
48436
59175
61362
14548
59192
13405
15642
17731
72604
72605
15855
16996
60546
27663
13970
20460
15652
15654
16837
51154
18174
47870
72303
14296
57999
58473
72262
17434
56715
41929
47033
56056
63221
13488
51211
13716
48601
58636
15266
65130
23828
53471
58698
58747
59343
59344
41815
46963
19401
22032
37242
61893
13432
16048
14489
14490
43450
68699
14294
15428
51726
13447
61929
13429
13430
45027
49651
53747
63363
17869
51211
41147
18060
58416
60691
31310
53346
72162
27548
53349
57390
57540
60703
72168
13531
63246
64537
59413
59426
72140
35890
40745
55249
59052
17355
48309
18125
64181
22281
63240
59921
61290
16673
54074
59348
72189
33238
54253
56598
52108
53272
55456
58126
13444
23511
37298
22409
22690
23501
17697
65376
72311
22245
64266
64674
30408
19270
49805
49836
22153
68070
68086
42910
52874
56860
24129
56489
36153
50845
72738
72742
55445
58216
13456
72258
72257
18067
30266
34827
18065
23422
18169
68542
68544
42089
53882
58191
38633
40623
42110
18927
28503
56818
63306
55371
40413
68759
67710
67731
62319
19418
68834
68836
19418
21700
21721
52547
53880
54762
56441
65554
72018
14450
17794
72344
30517
51435
21995
22670
23530
47955
41740
58777
58778
21960
53204
57290
63363
43269
64518
50353
56278
65247
69695
53169
58495
24537
54371
58738
72209
58445
58753
65184
13555
55288
15228
16504
16537
13528
13963
13976
14280
72450
72452
13487
14823
17150
30446
39143
13572
17748
62769
15978
44187
17402
58156
28275
59402
64607
58618
26088
64535
18129
72235
52783
64794
57602
59015
59635
61300
13497
41769
44053
24478
42257
43270
57980
59701
72128
54455
54810
62969
48784
59332
70089
70107
59695
63272
65000
65045
13505
14812
22825
51379
56806
64579
59512
72535
72546
13507
13508
28418
28426
49570
56999
20712
49570
50377
13510
13511
15223
14840
14851
15099
14840
69493
69494
14297
21796
42722
13514
14785
53783
14476
53647
58224
13517
13754
17709
50325
33297
49916
59943
14740
17867
51716
63351
26371
55454
72893
59713
72128
72129
13527
63134
68624
68689
41823
72300
72301
53282
53495
14411
14818
17903
60107
43501
64543
64745
45212
14017
59242
13530
69283
69284
54400
55321
18125
57527
58799
60727
17685
41697
44195
14788
57464
14486
14794
43507
72298
18823
54939
55157
65716
58455
58752
64623
72229
43575
60110
64426
41815
59730
59734
14185
36049
37888
54284
18428
45830
54259
62738
43327
43348
72242
72244
41819
72274
17948
56412
58690
59425
14452
17939
43483
44943
26277
69403
69712
58794
16340
28413
59203
72163
54583
69013
14332
54530
69016
48509
59764
60776
21056
53979
62719
22611
60047
46488
46662
47693
68509
13560
53717
64142
48759
57826
69243
69244
18185
65492
68771
68775
14362
72015
48247
54580
21802
23429
54477
65117
37254
64524
67748
67763
43257
21463
45699
15417
15421
62587
13576
22635
26858
27024
54684
60966
17866
63603
71915
68999
69001
41916
58345
43008
58550
53141
57606
58278
71991
16389
57833
70598
64247
14848
23445
53452
65383
61404
13587
13668
17656
14734
56444
43669
54912
55099
69237
34925
55926
69697
69698
40155
41261
41357
34540
56460
42734
68698
68708
32217
51839
52143
52164
53867
19315
21126
14425
43450
59368
63116
53528
53587
54905
69467
13609
69028
69029
16085
63095
69179
69181
18144
26438
14342
18144
43440
13647
51980
53914
54902
28944
28948
44510
45338
17939
26604
16560
53286
17210
63656
70353
70357
15181
17926
18027
58507
13721
20265
17391
56822
63989
17682
66446
66461
17419
72507
72508
17434
53442
64572
14403
42744
43360
21445
28087
59361
66047
52605
54126
57218
69261
13628
14763
72074
14736
18108
42713
42793
14342
44978
46010
14763
17683
43275
14763
14765
42715
72074
56715
65540
13626
59475
72871
72883
54146
54208
59473
21015
42799
17683
53318
72073
23491
60541
58454
64562
64703
13638
72094
72105
13633
24977
58526
65399
23759
17655
17772
13636
18313
13649
29199
69474
13641
63096
63331
17283
17351
59138
20265
14423
43701
29760
47303
60716
71419
23395
62742
13646
58435
68474
68477
54163
52394
56551
15383
60602
69473
45127
54051
57732
53167
69473
16923
59399
60464
14553
14568
13655
14739
39201
14327
23668
17866
43420
72044
13676
14194
68574
29324
41922
60148
16684
53302
63569
19728
44967
59251
44022
49977
62893
14213
41914
13757
14329
18874
14372
14754
64876
64921
13668
42066
33336
42637
47974
51025
14384
14729
71851
71878
31326
13670
27330
27440
43408
14751
27209
32897
42765
44830
54341
14423
23668
64668
64804
14845
15074
17711
13680
72040
19745
44931
43231
58561
60138
13682
17314
27498
42807
42957
45126
20553
14385
60144
70763
70766
19434
51293
42810
42915
68209
68210
13904
42810
42915
60054
17656
42078
17863
40168
43233
43246
13689
58038
60723
15729
22869
60704
22317
22339
22550
52650
31150
31196
58939
17795
59243
72320
72328
22988
57861
68347
13728
14503
16263
60120
71796
29066
71794
59034
71763
71772
13834
51955
54288
55806
54754
56120
14798
26674
60112
65207
65503
65697
18800
40606
43300
50938
52349
55506
72966
72967
18771
65886
65892
65893
66002
42020
52551
59206
60330
43655
18161
19695
40409
40858
59656
60039
66167
71947
16517
21180
65285
13850
58271
69129
69134
17249
17302
65674
53744
55229
23219
61248
69459
54241
55837
55839
22326
22760
56642
22002
24042
65177
39993
19264
52071
52897
22946
67410
67421
23937
25144
25147
14500
44760
72297
72536
13831
55956
13798
56175
16147
22425
13849
30891
39664
53241
63906
69444
23731
33992
40016
15233
49172
15181
14022
52616
59110
16120
47193
13742
22344
22512
57215
60006
60270
60274
18543
18948
18957
45512
57675
59685
65404
71565
13817
19111
23088
22511
57632
13802
18410
64081
14867
14868
63798
50995
56418
64593
18368
60366
14692
49921
50214
50216
15666
17968
21792
49698
51591
54264
63551
14480
55304
72395
72402
22425
56371
49945
50211
51142
50213
56179
71528
13757
17678
59357
54073
57023
69466
17679
53502
13769
43204
25596
55133
56275
69441
69448
14662
18751
45135
13765
69685
43204
13864
69684
42818
52510
57720
60242
56222
57972
65276
29993
49722
51036
51596
71662
71664
15996
50944
52842
69169
52633
52856
53288
52444
62190
69245
18515
52030
64010
13780
53219
56154
18908
42797
43199
63639
22782
25765
32888
69803
32685
39570
40825
45153
45578
47095
18908
43199
68441
68443
56168
69626
14131
14200
58963
61485
73273
13785
28215
50751
15129
21495
45226
13786
29087
13788
13791
19391
22140
42870
14653
63480
71411
20651
20685
58452
15439
38114
41234
70898
14653
18993
29223
13793
18838
42884
13797
65192
65401
13797
65192
71700
71703
19246
25576
52078
65840
52656
69609
69612
58220
73139
73158
56159
66128
69630
39408
40460
13807
42884
63489
16366
54239
60701
13956
69617
73307
13824
52924
13809
47491
47672
69982
31414
48020
69800
36718
51631
57049
58057
63741
65295
42890
54122
70211
70230
14558
26673
47345
52925
14272
26673
47345
60090
14009
41089
41993
25632
52315
54073
60974
25995
52963
53174
19017
44851
46722
42306
59274
71622
71640
13830
13833
13844
57196
15891
25293
65671
73309
57302
57382
14522
14557
45988
50419
65358
15152
71964
71965
50009
14669
18578
18941
52464
57299
18796
43675
71633
39053
57518
42828
45482
59276
71630
14702
44611
71633
53162
55102
13836
13841
47934
13874
42830
42949
13849
52909
53241
55770
65517
18314
52349
55506
42830
68271
68273
52011
55435
55688
13892
65563
14682
60147
35498
45688
14649
18775
46846
19332
49625
53814
13865
14577
18775
73030
73100
20088
61595
42840
43170
43719
14252
62319
24957
49004
56306
48874
54144
56744
73112
54416
57874
13948
15293
69528
13859
30216
47713
15939
72781
72783
35404
55888
65461
65564
58600
19237
41041
44619
48026
48116
64922
14700
15174
16511
14197
60254
15179
15275
52634
30496
66987
67055
20885
49554
56141
13873
14680
40150
61853
13873
14680
31633
31881
35404
44836
14649
43717
46052
55712
13875
50698
18907
14725
19048
50698
14649
46804
53380
53724
55913
46865
66095
14705
44679
61724
18877
18884
34655
22260
47729
14512
59168
68326
68327
23488
57819
13894
13894
15256
15304
13985
14559
45257
68049
16669
54600
54614
66182
13890
13892
18796
18801
13891
71632
13892
66061
68007
42838
35498
69680
15254
13896
14718
71877
71878
56290
14059
14647
40973
44596
69369
14484
14520
69088
14025
15269
15270
68255
68273
14127
22216
56288
13906
13907
22444
55346
18641
59169
13908
14954
22933
62503
16661
42904
32278
40877
42904
57673
18607
59148
67830
67832
14688
16382
53132
69702
14988
16631
16700
18323
18626
19406
19896
69341
14578
18198
73154
73155
16788
17861
49898
14376
25433
72260
72330
49209
51200
69631
25165
25734
43118
47364
65503
65626
65754
30660
47516
62409
68508
14027
14511
42041
42042
25834
44746
68178
68180
14499
59416
26275
26284
37550
37788
14632
42653
58853
59188
14956
14962
15205
15870
14003
19072
63848
13931
18837
60260
65806
14690
14693
18988
71656
53563
13931
18837
53820
57132
65629
13933
13934
26109
38010
16069
67874
67878
16069
36378
41926
15095
14625
31442
63659
18697
66534
66605
14569
26349
58771
15997
27541
27963
55874
35277
36379
36628
13947
58066
16315
21868
42820
59412
14166
27308
35749
13950
49729
65269
14645
14987
55395
59047
14601
16588
69541
15227
28106
69544
48629
52499
65226
25572
65026
14636
15839
65908
30220
36299
62446
73041
46946
47087
15472
53379
55780
13958
14008
45128
55535
48009
70179
70195
48017
48754
69653
69654
24950
35884
61394
23627
43560
53078
53462
51075
61763
14614
14735
57116
58063
13966
14593
71662
71663
14014
21089
44193
44744
13976
13977
30476
15577
18402
28222
62087
14330
31687
44428
46826
52758
68827
14009
44363
45373
60306
15710
64704
29559
34522
14144
69368
14012
13981
13982
61371
13979
14810
56705
14811
72317
72318
43672
64329
69237
69241
13991
14280
71852
13991
43013
13984
14554
51080
14555
16667
17225
14552
42654
71655
13987
13988
34241
55996
13989
66791
66793
13989
31564
31715
31716
40852
13993
13994
67138
67140
13999
72093
18553
18654
63794
37896
38079
62144
37603
38157
62144
14016
35791
35799
64091
25847
28014
15268
18179
50797
69366
34026
49250
14000
14424
14562
14001
43013
59447
14562
17658
17774
14644
45854
47980
57733
32139
65856
14005
17617
63038
14010
22078
14336
27038
22594
46528
42114
48009
56261
60060
14011
14012
14017
17805
71853
14017
64978
47864
48017
48754
53446
14593
14661
45411
41242
65378
64337
66383
66384
71852
14279
14641
42886
14587
17105
51315
15258
57569
59053
16588
25602
54482
58103
53848
62347
69421
14264
14285
17842
44110
16700
18323
18571
19028
14608
18638
19021
26276
42888
16439
17208
51400
55749
21925
22310
22988
14033
14911
24251
33803
58811
61112
17532
19547
20694
69127
19373
48012
49322
33609
43681
50372
47305
69315
14235
17842
44110
15733
25075
53444
59474
14042
55591
67078
67079
14182
34194
34541
36110
36112
66898
66900
63593
14046
15263
17874
60033
54383
72331
72332
14144
69369
18362
65007
69338
14053
14054
18859
59027
14051
15244
69232
69233
14052
14398
15244
18983
59420
71881
14058
14056
56454
69471
69472
16817
29292
14186
46050
46570
60973
18982
44491
42822
68222
68223
14061
19705
71352
71353
16986
20184
42301
40194
40199
55026
43067
60157
63216
65497
14699
14715
18861
43202
14066
14076
14112
14069
14110
14719
14120
14122
68981
68989
14069
14077
20000
18590
14071
14072
15387
15373
16918
63912
16918
73130
73134
14074
14218
14326
68978
69051
14241
30584
30725
14077
14081
71882
44491
14250
49789
63689
14300
45113
57407
14246
71845
44491
71881
14648
18883
15552
16887
38777
51163
38777
51163
73192
73197
53067
57371
14590
32220
34840
43143
20114
34655
60120
14089
14090
25453
69719
51709
63802
69723
16393
63666
63802
14092
14095
65956
14094
58090
19599
47936
52277
54878
14095
16070
26273
71805
71806
14097
18881
18901
42228
14099
53762
59573
64184
14188
16699
17164
18388
20494
53765
68752
14382
56388
69126
18713
50302
56360
16330
52451
56308
63927
14269
29755
60157
14433
14530
14949
17618
17718
35315
69106
14775
14112
14277
17969
68978
71882
71884
17964
38603
39012
22593
65701
65740
66096
14224
14326
58635
68978
14117
18558
57250
15621
43670
14171
16832
62027
69067
38174
69011
14339
47119
14130
17989
68949
14339
17044
14533
21803
69085
67314
67419
14532
17987
68958
68959
17068
64852
14295
48196
56305
20188
59013
68848
68851
14383
15903
27824
51277
53724
68947
14341
14783
14241
26391
56580
19902
54031
69073
18907
42971
68273
14655
14273
18380
62770
14356
40192
44373
44428
46853
24908
24918
34544
64187
14531
63179
68148
68155
16892
69081
69082
14605
33609
69369
31561
65450
32141
37621
55566
62803
14356
71255
71270
71958
71960
14547
54642
18380
19261
63672
14160
18271
18976
56421
58758
62949
46219
63421
69170
69171
70497
70501
14761
14772
69157
16170
16828
58364
69058
15642
18141
14285
16101
45960
69146
14164
14165
49652
52857
69195
69196
14887
49983
69163
32963
35145
36110
36112
14266
14588
71659
14588
14660
23216
30923
60298
14168
61459
71657
18739
19000
44542
46222
46709
56089
14190
49448
64350
43969
69340
14193
38651
60366
14276
15292
69082
58003
58434
58454
59128
20722
54330
63630
21838
44931
14418
45771
69087
68556
68574
65852
24149
35464
68907
14580
63199
68059
68063
34190
34192
55591
14232
17264
52704
16807
17326
18091
37773
20862
44740
46574
14595
27564
56131
16814
51684
53762
18709
42121
44539
71605
31154
38036
23358
49430
68508
20464
51365
53736
18339
19728
23429
68572
19095
33922
68908
14577
43717
44614
71622
18781
14581
60445
14670
18710
55709
64571
14707
19008
45421
18778
57666
18778
58501
71574
23140
41120
68898
19002
19088
23120
18489
35075
35078
15629
16843
38090
14214
14217
52737
52983
42828
44611
64707
22388
45063
46631
50506
14212
14565
35482
16070
35464
37677
42797
64900
15725
57431
20265
20266
42241
14220
43064
53263
53266
52733
57431
15574
69051
14595
41339
68928
18826
52970
53267
14696
61176
68997
34621
39191
63347
54938
68980
15533
64215
73181
73183
53401
54796
69280
18831
18949
26051
44384
69052
65342
69033
54932
58876
60367
71736
16078
17264
50810
14242
50125
68947
20408
52498
57316
57769
15945
18259
14648
18883
19055
26793
37555
41501
43176
43341
51254
57173
61851
18929
35399
37607
63305
31457
63951
48516
20860
68980
57366
62509
31273
72413
72414
71625
71632
66109
14343
14689
49921
68929
15067
69124
14656
41233
41861
52388
14761
14772
14706
29693
30430
61477
19078
60075
64243
71628
14723
14742
63038
39086
52732
55009
14305
20065
35209
20871
22100
42791
19059
62330
17061
46958
61945
69071
20862
46120
46262
46574
19041
65232
70149
70176
14761
50081
14265
14508
14755
71860
17069
69107
69142
14723
21140
14646
19008
52837
60072
69387
69388
52886
58808
18854
63216
18394
53881
68378
68379
14409
14463
22454
69085
29822
44851
16198
69056
69057
16844
54833
14345
30582
16769
56547
69157
18590
18880
71882
18833
41933
54429
61650
14424
14282
14298
14794
17831
17715
17883
44206
14349
19227
64193
72818
43649
45924
65434
69142
17712
18037
14325
17879
14311
17867
41823
18051
18085
19297
58656
72259
52619
73268
73269
47412
56989
43515
44995
52069
40154
40384
51829
56288
18068
72260
63347
70440
70449
16324
17838
14778
17711
72297
72301
14745
16822
65527
38779
40389
46959
35389
48672
57979
69053
18177
22033
35241
36973
15858
32394
60428
20117
33760
52732
69048
15397
59438
64991
45230
54622
45027
57881
17547
20185
16970
68930
25690
38268
53270
14315
14779
14845
46913
14317
14320
14434
59190
14321
62366
72294
63480
71411
71415
47087
68904
68905
14321
14412
41563
47473
72293
57657
59123
71498
71510
54060
63256
14443
16417
24125
72295
14789
43522
15324
32336
42767
63112
63358
14453
14505
18047
14432
18265
43316
16217
14332
17743
34774
55178
69053
55020
14335
56139
14749
26438
15269
16618
62450
14768
14771
17606
52557
53402
17357
18035
44911
14984
42253
26382
68871
17204
18071
57808
14346
69016
26594
53460
28319
28926
67373
28488
46960
62558
23286
65108
68563
51290
72339
72343
14684
45786
68928
60047
17678
43267
58528
59399
23775
43245
43628
64615
40194
51024
14389
15634
18003
32034
42790
14739
50390
59341
62881
43257
72015
14362
14363
61102
72013
52149
64059
68923
14366
18001
54688
39201
43234
46014
68381
26282
52518
68923
14740
18000
26155
33896
34524
62620
24256
68577
68578
58706
59334
64725
14377
54158
54381
56339
61803
17904
17905
50390
72098
17881
18068
46032
69037
69038
17707
26629
41888
60086
17599
18251
19829
45379
58529
14392
30542
41909
72042
17069
46653
69107
19579
41215
15033
31470
19020
19426
20017
14720
68490
68498
14421
68369
68373
72113
15349
39089
39410
57878
57955
69003
19890
14394
14396
72092
14395
17791
14396
17792
19161
72100
14815
40529
49718
52891
15022
16365
26040
57777
17889
18343
43020
43483
45323
14446
14789
18132
42749
14405
14770
18343
63366
42066
15049
15255
69371
37213
53418
61776
16519
31319
26276
50186
69087
14843
17689
16409
46913
14759
18144
43365
72072
15287
15297
38785
51177
14760
63436
66133
72062
14493
59381
72069
41863
64160
72816
72911
14518
50198
69089
53039
53042
15540
34569
72954
18688
14496
17019
43234
72099
42078
14735
60079
19029
32602
18041
42803
48292
15348
49731
52708
65222
59046
59348
64635
26590
37268
42999
30988
56470
14488
17672
17690
53502
54163
16883
16892
18115
58613
24423
41835
72312
15209
44546
63647
14442
14477
41890
49524
22206
29864
73219
14464
24312
69088
59190
72294
72315
14483
72290
72324
14481
72287
16258
16259
16556
17572
14486
43326
59197
72298
51716
18712
44309
57459
14830
18066
54081
58908
14482
63975
64786
72348
38972
41643
14490
43461
63232
14460
14816
59243
14523
14817
50179
69081
14770
18343
33890
36513
36664
35779
44017
68160
68164
22225
46279
68141
19488
70210
70211
51964
63244
72320
28807
56693
66630
66631
18080
44320
46077
59448
25577
16993
69086
14816
63446
17712
45768
63116
14825
17863
17903
42766
17534
21438
45915
46654
14482
17740
30338
16262
16900
16904
17522
16685
18036
63119
72323
60004
72321
72325
18356
68161
68162
19813
28853
36301
37409
17641
55092
56535
14785
20431
16764
40743
53966
69066
19066
59388
53407
14487
16417
72342
72343
43311
43323
55672
16417
17695
52423
17831
18200
46010
59381
59368
60435
72335
14762
43360
43608
68651
44299
59366
17984
63439
72070
14757
14896
17086
41370
53971
17768
66085
72100
19025
43013
56769
17217
48274
57560
14592
14604
52456
16112
40891
14750
17658
72094
72095
40705
51343
57188
60348
14597
19006
58806
14625
14643
63659
17652
17795
59243
14613
17887
63038
14508
21140
43123
63268
43018
71858
17317
25061
53485
56575
14511
60117
71847
19021
59280
48830
60123
18356
47121
14525
17658
17659
56103
17454
19738
56147
57759
14597
14725
68255
52281
30178
31467
32748
16222
52281
69090
44518
52925
42304
52924
59278
14530
16892
53411
14559
29377
72092
72094
14623
53276
53279
59469
71716
44057
62145
69418
69419
45522
54757
68107
14683
15633
16146
53810
69083
19593
19730
28219
14685
18857
18906
68270
14585
18698
42854
60410
18894
58573
17994
41408
25465
43615
43639
16169
25268
63689
36854
37289
37724
14667
43170
17391
19259
64655
69222
16366
49053
17998
36964
44089
57888
60436
71687
51134
55735
56393
59292
71522
14714
17376
45869
46740
29298
71993
71994
42016
61466
71900
14559
18751
18988
45844
52517
14555
15252
72970
72971
14615
24044
68926
42370
59056
42304
42828
71630
31322
15947
16560
69446
69447
14607
18928
33741
46223
72093
72095
44110
63798
23440
41445
16970
14652
17323
59389
15954
16319
59561
14867
45960
64138
27032
42909
23694
33149
15832
52072
52242
16368
58515
14702
63668
64707
34716
49759
52122
58922
63869
42840
61478
18714
42215
14582
40793
45726
17271
34716
52122
37282
61585
27990
31098
42982
18198
59812
18921
28245
43793
71652
44006
45134
50323
14691
71643
71644
15672
17160
73297
15938
48268
54592
71658
14935
21418
21429
54587
32436
42883
14594
56581
18040
42889
71850
23226
57533
68926
69453
71896
25828
48669
68912
16246
55680
69456
48869
63223
63269
14603
17660
17899
71856
14614
14755
71850
71848
71849
45103
56659
60127
18975
20821
18859
41951
42042
19666
19737
59272
60869
17208
51374
55749
24207
27044
34648
45124
17617
65220
71853
14742
52309
68924
19100
37167
68897
52324
55560
70193
70197
15183
69468
43019
53594
56803
63420
43141
47856
51769
26294
37167
68896
68897
27373
68911
72155
72166
14663
19895
44405
64182
65236
18867
30036
44699
63722
65668
68159
68162
14715
18861
68055
14631
18855
42934
16375
20786
61584
18857
68210
68270
35592
42655
58879
14992
16359
18940
54664
16863
19142
20129
34012
47878
56270
57062
44075
48908
48955
49163
14654
17196
27564
68911
18874
41965
43316
72066
18003
18874
41965
59460
20114
43168
14998
16552
51291
14644
47980
56275
14798
16719
35965
18547
71659
71664
42822
44707
63379
18569
62210
14667
58057
63741
71513
71514
18895
42826
65961
71900
52981
59431
60577
71652
46709
56131
68909
23722
32333
41237
14826
31229
28326
35899
36763
57608
59439
65440
69672
69690
45723
57724
60011
56912
63299
14679
29812
42840
71634
46799
52579
72138
72142
62319
18943
42829
71574
14674
18572
18924
14671
20869
40018
18710
36966
39800
42981
60073
70404
70406
14699
26936
28465
18529
18941
43009
14678
19079
26942
21969
72278
72282
17182
42135
18794
23449
23652
18950
43719
71629
32005
40157
14793
29835
42852
65036
18796
18798
57894
22520
59017
63179
17157
18079
35482
14686
14729
71878
14718
18906
42888
18940
69708
69709
58206
69709
14692
14694
31229
61460
18676
19066
42854
15970
14694
31322
68050
43050
63486
43745
66067
69002
69022
57109
54193
53235
56592
57949
58197
58204
69684
53430
54107
62016
60147
71635
14844
16769
50081
14708
44374
45488
64729
53216
29498
35488
43206
61552
18765
67999
68000
18867
44699
46216
52689
25401
25076
35962
35967
57249
19049
47256
52409
50492
58013
33147
33256
42967
43095
46030
46286
49449
18877
44678
42067
42718
42807
14965
18545
36461
51258
31470
44477
19073
43111
60153
42952
16977
18541
54561
14750
17658
59250
59447
18220
63668
64243
23720
26082
53604
68166
57282
57955
65540
65229
72096
72103
17899
46638
42701
44079
29738
48122
66099
14740
18000
14757
59339
59163
45186
46481
49015
14755
59242
25872
43308
45976
69198
19002
63648
64043
69126
17913
17914
46149
46152
17720
17923
17962
43274
30353
30366
44697
56343
14774
17939
45299
31319
43408
70775
70795
17544
43233
43246
63444
41693
42800
43452
59334
72176
72180
59452
43295
69623
73310
18387
17903
50618
14773
43440
72068
17669
17703
59240
16908
43433
44197
72292
50047
43360
68651
68711
43275
72076
14775
14864
16317
69165
18027
42805
46075
17730
17922
59471
17924
18285
43440
68491
72097
18143
69161
43437
60005
72068
44943
51290
55848
14777
43329
59524
50226
61970
14779
47473
62366
17547
17711
16654
53358
54601
16538
17544
63518
65532
14790
16186
16198
69057
16993
36205
16324
16536
37049
17710
61143
19910
39973
54060
63256
15921
62347
69420
69421
15978
14843
17692
14923
18414
45738
47062
61222
66050
42048
46201
70454
17883
17936
63778
18035
18109
42753
61308
66044
14820
29389
32118
43649
72004
18171
59040
59521
16125
45834
59884
72762
24078
26236
55017
17852
18200
38627
64398
19198
28575
53765
14813
14923
69084
14808
31943
47092
72545
51354
59632
72542
16391
16526
17494
59499
14811
14821
18181
46683
16398
59512
66110
16875
16892
69082
18037
43321
20809
52649
63244
64553
50173
55442
69083
17689
17863
40168
50696
51347
63637
71455
71460
42754
55319
14828
55319
14831
17880
42724
42783
43401
43518
42769
43322
50341
28503
41408
30166
59633
67374
43144
64426
16612
16900
69058
17840
44103
24168
26332
35034
56333
17752
19169
48209
61235
43378
43502
59522
72340
14851
15223
14838
17715
68657
68658
15117
16324
38045
16297
42723
65555
53302
27268
40746
15059
31214
59509
16904
17510
69122
16112
59930
14921
16220
61624
18378
32597
44794
15013
72544
52444
52918
59945
40911
45040
50712
52654
53302
16234
41494
41616
51328
51505
53730
57360
61964
14855
14894
63666
16037
16562
16563
46033
49114
17563
63261
64244
64245
26228
51305
72758
47193
56105
14895
39515
57051
64274
14889
15199
57658
58334
15092
16197
16204
72732
16196
36542
37303
40328
53837
56512
69158
16769
16908
16825
16826
18439
20088
59907
14901
64353
14976
15594
15878
72979
45527
48375
50986
50786
52587
57810
60229
15220
15853
51240
69137
69155
15853
51240
51540
14959
16236
17419
48938
55726
56446
63486
67774
14881
72983
72984
54479
30573
42729
55528
65447
15845
25444
59590
14883
15847
56244
49048
63825
63992
64363
17511
49048
64102
64363
50765
52047
69063
69065
20752
51309
55791
68779
63780
64211
65516
53265
61102
72012
72013
16592
72368
72383
64243
71628
71635
69152
69156
16037
69648
69650
16190
26872
57123
17898
50390
64385
15134
15123
16032
39501
39869
56395
14938
50208
54764
69163
14938
40516
15840
18354
33270
56560
15115
15840
62391
69351
14985
20457
40810
69365
30876
36870
37754
39245
15011
50648
52828
16495
69137
69141
14909
44763
31940
67029
62603
66967
66983
66433
66434
15024
62920
44016
56479
29991
61614
16342
20468
49593
57029
64634
66367
66369
17408
72302
72305
16233
64687
46708
48630
49239
16654
46708
48630
72296
72538
14924
17331
54891
16875
64852
54927
72524
72525
18133
38644
43345
14927
14929
45098
46493
14928
63511
68676
14929
68774
17954
48630
53358
23171
61869
14933
43503
43806
51533
56428
69920
69921
16160
19108
49660
69210
30581
51233
53668
14953
19080
31959
14939
52226
56364
60072
63225
69143
14940
15921
56366
49118
15749
36605
56047
62336
15945
17718
44008
49088
69109
53804
55121
62859
14947
26947
56512
37530
51519
55467
60882
14948
14949
14951
69158
14951
36401
36568
50175
69081
15119
33095
36741
19590
28383
32132
23039
19382
32497
66832
14961
14959
48938
68881
56022
62437
73031
51326
52535
15210
56380
70050
70055
20286
64343
63492
15210
24226
43235
56380
23950
15977
20844
40473
18433
41450
47819
56412
72275
72348
27986
69317
16201
44548
57041
15863
35291
71636
71639
17241
24530
44939
52261
14975
14976
51532
14974
14975
72977
14976
17261
72979
16976
15647
16208
57219
72758
72778
16159
72735
72742
52834
53679
69687
69691
26005
27007
51389
65386
15001
16197
64007
72732
15804
28175
43571
32890
35357
52827
64354
69085
69086
15277
17121
69363
24462
34250
34264
16719
34618
35514
47168
69499
69500
15000
15128
16592
16718
36619
47613
15062
18361
60405
15777
46087
69709
41856
15269
15270
62450
18179
48003
52697
54027
58926
15837
51152
15268
60405
62198
62707
15520
15972
16206
53618
69670
28224
35917
41507
46637
15005
15008
16247
59495
15006
57219
59884
15008
72778
72783
15088
52763
57928
31943
47092
64265
16074
51327
61808
72835
15071
16498
16510
17427
24685
32382
39601
72537
15016
27074
40403
15059
39601
27253
34222
40611
72777
72778
53927
64139
70824
70825
15178
20457
53475
59628
63242
71982
71986
21744
45220
15814
18604
19972
17411
17422
51340
16503
51435
64770
16131
46743
50705
51354
59048
15573
48363
61173
72393
39991
62932
54933
54937
56638
68946
59080
72469
39499
39807
56754
58577
71851
16559
18216
27237
20231
54153
58933
73016
73017
54687
54703
54704
55281
16680
30461
52454
15272
26228
58440
16680
52452
59151
64244
64245
64362
18681
36764
53632
47406
47406
59880
72767
69231
69235
52744
52754
17077
59920
49585
54072
61720
15288
62876
69313
17077
27498
59920
21873
25559
58938
47465
53178
64400
48570
64291
64301
44091
49328
57155
15057
42150
19418
53453
55163
16509
59512
66110
15059
50704
59504
16225
16117
17542
44760
16246
53260
69438
69456
31687
69367
41414
59048
65333
32981
33476
53973
15109
36978
40826
47193
53368
56080
15069
18684
15080
16792
18212
57193
69123
69124
24255
31165
31941
52828
19882
40826
53002
57393
16112
72296
72297
19857
26402
29072
38849
24721
26624
54636
58309
42269
44888
58707
58718
47034
52512
61042
52655
62838
62979
17397
18372
15082
50745
71959
71961
15083
53384
50745
53053
58729
15085
16285
15111
15511
15527
15529
48139
54326
15529
16836
43691
54326
59359
60016
64748
15090
15111
15940
16390
15092
16154
59488
15974
51398
15979
20106
51300
64388
58222
58371
63261
63360
15283
15288
66043
72639
72707
15098
57701
22278
49495
15101
16041
17330
66927
66929
48552
16287
16459
33075
15105
21822
23724
53042
26672
58382
15275
17121
61239
17532
19547
25923
31695
69352
16753
18374
65007
17316
22278
16038
51405
16039
25371
33148
51447
15114
16080
55500
49615
62900
69349
36610
37341
51749
58097
20883
58216
15120
58111
66339
66344
16229
52426
18237
46690
64103
69290
21998
23569
16684
55837
19134
19188
60860
68782
68784
31556
39000
62778
48533
62931
63356
53609
15649
63715
27618
59628
63242
16874
58440
65465
48789
63327
63340
72635
63340
64189
64437
56393
69678
56046
17526
29001
29596
38718
53779
54635
72589
18406
19889
34555
69287
17356
15143
15145
56437
53217
17563
48503
62806
64377
15898
26172
49864
25000
69626
73043
54281
71838
71839
17099
52686
53852
17099
21567
53852
15153
20843
50802
15163
53873
63925
53008
58853
60181
48588
15637
15645
59539
64238
52269
53336
58950
63758
49985
52286
17231
52003
63760
15160
53822
53443
29210
59878
63974
23152
54790
56298
47527
53835
54452
62600
63761
16115
69439
69440
15167
16511
58204
62337
16589
28715
72738
72977
15170
15823
28263
52696
15594
15647
15869
51227
23436
55637
67695
67696
57596
58172
62114
28191
40981
66772
66788
15177
15183
69468
69470
15181
20719
55078
15179
15277
51750
52712
54380
69681
15183
16626
50903
69598
17845
52142
53102
15964
42780
43369
50573
15973
52350
68372
68380
17149
17168
18053
55195
15190
59914
63787
72762
72766
40871
72770
39437
64081
73240
16207
64423
16272
16367
37480
51280
59000
15197
44985
72577
72578
53849
58394
61124
15936
16200
18072
52307
65516
72689
72930
17108
57990
38320
56382
21665
54146
63803
72873
37490
53090
64236
31339
32580
69316
46528
69319
66335
66339
55754
61149
66262
66266
45823
24097
44218
15851
28269
15214
39295
62786
37335
37339
39300
19440
49197
57356
60852
16626
49728
16743
25444
54373
55968
66194
15884
16602
17273
53718
15847
51048
64603
15592
25444
53155
15226
21920
61272
15225
40126
15929
21918
51247
56348
69541
15293
15742
69529
15293
16542
16579
18524
51207
57741
15245
69542
16901
17279
41919
58322
15351
50903
53208
48579
57077
52262
52299
58116
58305
20751
61129
72573
15351
42281
58296
36594
54335
69509
69510
32324
33575
62672
30419
61566
67317
18475
18476
56507
15243
15321
16546
56973
16468
62025
69546
21744
28106
30211
30220
38430
38918
63508
15322
62058
15405
55092
56535
69254
69438
69440
22405
51872
61976
64151
16816
56867
72971
15255
15256
69370
69371
15255
15256
15570
15357
15536
73211
73214
62403
73296
15260
51753
18309
53173
15262
51684
58965
65171
16699
20240
18061
18103
54383
58136
64087
15751
59795
73170
44800
62375
29559
37034
66362
66363
23816
69364
16533
16626
15422
39166
16208
57219
59495
20457
62198
69364
69365
15276
34986
63580
15277
51736
37143
73178
73195
51738
21275
64172
65489
15283
15288
69312
69313
15503
51067
53024
72948
27615
28435
29104
15573
59684
72391
72393
16801
17399
36853
37824
40359
42461
15287
15467
17399
44219
46718
58310
64592
15294
71276
71278
62080
62741
64415
69528
15600
36853
15296
15402
36690
39643
51176
69523
69525
15298
39743
34736
30009
30014
58836
60996
16799
63868
15302
47956
69366
64223
69368
15304
69368
51034
69370
34206
59808
15310
69312
15317
32292
33012
52997
17450
23176
23727
27215
27730
28045
30053
57638
69314
51857
58279
29219
42728
47871
64997
15314
36900
63492
69316
69314
53196
54573
57470
59378
35509
45619
15319
31443
31869
34936
51443
52997
66537
66538
17392
17495
57432
16468
35659
65350
62143
62543
64153
16992
15326
16383
17969
16992
17823
15328
15593
26410
15330
19775
48673
55179
15334
48470
15845
59687
72949
72983
15334
51067
15356
53024
61358
16759
47978
55624
46980
59729
63797
63894
50945
50948
16468
29482
59813
66139
35388
48672
57501
62113
63508
72764
72766
15504
15811
56696
51274
57506
58984
65154
51539
52890
59373
15505
15809
15811
30910
41262
62092
67430
54728
73285
41229
15559
15560
44243
15734
52979
15749
19024
36562
43745
53396
24084
26262
26265
35891
15917
56047
49552
51583
56602
32074
62772
48672
60277
39697
49730
30358
31619
40472
67502
31430
63950
54512
58804
73211
15365
36562
64559
15755
50662
69607
26274
58344
63844
18187
37756
62394
63905
15373
73291
15374
15375
48520
55375
17388
53728
58234
18861
28465
60460
63203
15378
15646
17388
68946
45189
68948
39789
49733
68906
68912
40733
41439
68031
68038
15398
30206
54894
47734
48474
65650
15565
47709
70264
15559
15560
18437
20593
49923
15424
15694
16834
69180
15526
51537
15390
15391
59671
23210
27427
49435
50548
15653
35128
17407
34224
52403
18491
50209
71910
71911
15395
16797
34224
68977
15479
53681
58987
54893
68979
23366
60277
54937
56638
49749
56638
66153
15401
15403
57303
17368
15477
51105
15653
38886
60686
57122
57163
16383
38886
68975
15408
16865
73292
51468
56649
36162
63826
29756
31916
37797
43165
16932
17142
23911
16866
16894
48205
59558
18652
18852
21494
25760
53337
55146
55153
55529
40394
62997
63823
66191
15784
20493
44058
63693
68138
68141
15769
57058
64208
16617
62080
64415
16856
62775
19148
20456
62682
24263
64604
68615
68619
16872
50464
22644
59203
15447
53322
73217
43515
51797
52069
39407
50185
51829
20141
59812
51775
62175
73252
73253
15434
50913
51840
64552
15433
37600
57565
66870
66871
15563
62488
73120
15439
37194
38114
40613
25274
48131
48160
60852
27725
56911
62726
63615
30274
35155
35562
35316
67487
27568
49435
50548
63899
69186
69190
33491
55271
64754
65529
15464
15544
58987
33879
33880
53694
58923
15463
47773
53864
73135
15449
15468
36300
37113
42353
51644
15710
69273
69277
15519
37491
50943
71109
71110
15452
58351
71309
71313
51330
51725
15454
52958
59684
55226
72391
72448
15456
45533
42992
61591
69872
16501
72461
72472
15459
16918
53681
73134
15479
73136
55260
57893
72399
72401
16915
47915
61338
61481
27750
28852
61658
15480
16793
73135
15480
17147
48085
16438
17169
70063
70064
59559
64777
51108
51922
15519
40555
16002
16414
53207
36227
46958
69071
69086
15479
64174
49209
51106
19355
50920
58933
63324
17160
57241
73297
57850
20851
31712
57566
48118
69522
69523
36164
36202
41407
47773
58987
73133
30558
30817
30870
16030
51827
64238
64286
16851
20493
15625
15633
17063
15486
15534
37002
37141
40716
16928
18996
51629
62457
15507
16802
37140
51272
54011
58970
61842
64202
15494
32910
64104
15503
51067
59690
20778
53774
57036
30885
30886
52321
59094
15585
53841
61907
15573
56736
59684
61019
15854
50199
51428
69536
73133
48204
34938
34945
44266
51920
15552
16856
16947
52016
15503
57506
59689
72948
29797
37657
57102
51274
15505
49897
72956
72958
15541
54478
51101
51686
64454
16753
41249
58379
69337
15633
17063
68958
68960
15511
15535
51405
15512
16248
15535
16724
21378
64306
64321
16746
17078
23848
23982
15832
46656
60988
66127
15778
15781
41231
42976
20730
23300
63949
15739
53642
55606
61111
67709
67713
16053
50309
72739
15772
30606
65242
15563
16798
51840
59745
33488
36811
41375
43912
16859
48085
73122
15526
47897
51537
58359
69537
73134
51840
59771
64297
16800
54067
73207
73121
73123
15559
16440
18437
43714
51219
56619
67927
16804
51649
17399
51177
56800
37141
67706
67708
72777
72784
54364
54512
56602
51156
52637
59809
54285
60613
63349
15721
15742
19413
69529
54116
72953
34736
43571
55238
69244
16804
49897
62052
18166
19318
19437
33613
61869
66076
67924
53430
54130
55817
16815
15709
51058
66139
16572
50711
65585
71519
19313
51207
57595
17040
61243
64957
24997
41658
44738
16833
48435
49349
15557
15663
64096
73120
15667
58780
73118
29527
54891
49001
62188
23327
24536
54157
20550
44009
69210
69211
16859
73122
22275
47997
70264
22149
47707
48497
22594
53355
57774
15568
15754
17035
60689
17179
64096
17862
22594
69300
32394
21484
32665
61037
61715
54889
57967
56702
32336
35388
69050
29987
43394
65281
27339
27810
48172
48917
18327
19861
32100
56950
66237
66241
16361
55269
55593
15809
54478
15925
33510
36154
51182
15658
60825
15584
52825
64511
72550
72551
56397
57865
64104
17277
48470
15588
15593
15607
17020
15614
59580
72952
17048
56800
73180
73181
15677
17166
16734
50880
65123
55865
16944
19421
59667
15696
39661
40410
63929
15599
52165
52973
69578
15610
72576
72595
51177
56800
15600
16824
37143
52165
34798
30713
51224
59663
48578
51239
64678
53155
53298
55762
31905
31908
15608
16998
63475
15611
17122
72952
15922
53996
38312
53630
61125
17124
26410
72944
15811
48896
58984
65154
15683
15686
20716
15805
53192
72952
18405
34411
15618
34646
18422
18475
19398
47600
46922
51215
15620
52889
71899
71901
15621
42826
50206
42886
52889
16922
37956
51178
73177
31982
33914
46695
66941
15625
46922
16146
18980
21845
64258
53920
72338
72339
16927
35007
35048
39854
15662
15788
73121
15652
15654
16936
17165
16277
56246
59841
62259
16924
17063
68960
16941
55151
59057
63400
17403
18727
18910
57883
15639
16985
50845
15640
16146
17495
15877
72738
48520
17037
17104
17985
48538
16056
65305
15644
54258
15877
52743
45189
51277
66153
16981
20923
21750
18113
46685
53476
15651
54889
68990
48680
55375
68961
73169
73175
16903
34223
16839
59683
15657
15847
51240
60546
72982
72987
28254
17055
68593
68608
15703
16920
23149
47897
58987
73133
15779
15799
48139
15671
50913
64552
16858
17146
32410
52231
71989
72001
72326
72327
15671
15705
49351
16661
16858
17146
66824
56744
63746
73102
73112
17815
43303
63105
15799
58268
69507
69508
16898
17188
48653
73191
15684
15689
16531
16596
36934
64708
16945
64442
49977
50853
17350
59080
72372
72469
16627
57830
61028
17862
18432
23067
49816
52156
53031
68350
68352
16810
17094
17438
15690
15787
15689
15690
17154
73119
17291
47122
48765
55579
61245
46796
50413
52880
39656
73116
17155
50915
16912
45500
48296
65467
48820
49099
53971
62876
64103
69290
69313
16916
64114
32926
66572
66576
29364
34805
30726
30736
34769
48305
48146
15745
21251
41895
50803
16346
41075
49793
52198
15708
33898
56973
69542
32424
41609
16791
52352
63719
20007
34932
43092
50779
15787
17155
73118
32640
59587
63521
64217
27451
50953
69195
35659
57569
69538
59813
73294
16868
16960
33456
33457
16457
41375
63998
57272
49539
50948
17263
29366
29860
55538
33376
35918
62598
62866
19320
57595
58673
69577
69585
16440
37573
49555
73213
17844
53888
15726
28237
69531
15761
47966
70259
17653
73290
17161
50898
57784
58829
15735
16542
37160
16928
30191
51629
62010
16625
17596
19025
56769
16035
22570
57903
17129
22007
48470
17175
29767
53933
54635
53293
60659
15735
42281
58325
63579
68757
68764
16848
17198
60142
73201
42199
63377
68047
68058
21640
16673
52757
53937
60809
53932
54372
16537
16542
52638
56566
58881
43727
43877
73257
73258
38681
42038
16823
16838
17209
59312
17041
22321
51174
16846
18980
32829
35637
51922
53711
55597
15785
17161
15786
16784
49629
16786
44057
49115
49790
20147
28087
49343
51820
53355
53553
37662
50895
32815
33463
51415
47700
47729
18497
30791
31897
31933
15764
16014
16270
16520
16605
23748
55957
16842
38777
53866
73192
15767
15768
21377
51927
17039
19644
50894
16937
62775
41858
51619
60542
57758
28392
49887
56259
57152
15773
56303
25000
38348
65242
52396
54229
17199
22277
27169
15778
15781
41306
42607
53244
69707
41245
43400
16843
54326
43978
55335
62397
67431
67435
17191
58805
65366
16833
49349
68996
68998
16843
54667
15786
16783
17035
17059
42479
49351
15795
73119
51193
51802
67168
67170
51947
72658
72666
47893
53207
26545
32951
51193
51802
53432
17180
49709
59617
15799
17155
50915
28165
37891
71275
71283
64205
72930
72932
15932
16242
16708
16712
17198
60992
58792
61512
61947
72804
15803
29208
53583
64278
16721
51167
72950
64278
72951
42070
44472
61153
73258
16600
20025
39286
15818
17225
49688
64131
19069
35807
37994
60702
16728
63589
72973
16659
19886
62391
23210
24586
62365
63966
24672
25101
29439
16484
18175
20446
45216
51018
65731
16628
49861
72774
72775
31526
38412
38875
48915
53187
53484
48912
51540
72976
72987
15862
48912
51540
33656
37835
71602
71603
15846
58738
64640
18352
48659
62140
15909
16944
72957
40869
47130
15830
16951
15833
21963
16726
18630
34559
27577
15834
15835
37585
15836
72945
15836
15906
22007
72944
16552
50380
57006
34838
37736
68796
68800
56270
70367
70432
16045
49615
15843
64368
27092
33339
61723
62526
17232
15926
53155
54439
72215
72216
15849
28299
51048
56244
50794
63222
60858
15929
17216
20729
59485
72985
72987
15928
50496
50723
15862
60858
16996
54399
59598
18347
56863
17753
18839
43248
19290
55076
62995
48251
48835
53784
51240
35222
59120
15865
15866
64254
16781
22623
15867
17256
64339
17242
23525
72975
52253
56543
73167
73284
48578
50813
19467
63492
69316
61388
15873
15879
52765
15896
50604
33513
34044
49951
28718
37398
48410
51479
15940
16461
16581
63412
51532
72737
51532
58516
72737
16781
52326
52771
52253
54728
56543
17245
36552
36554
16985
50604
53527
17559
50781
59539
72740
15887
15894
72976
72977
31954
37332
67112
64237
16152
16481
16482
21387
53822
63877
69705
45131
63701
68329
68399
16152
21387
69410
69411
47247
65549
15895
15896
17273
15900
16159
72735
15900
64349
15898
16568
16577
69633
62496
69704
18412
63832
64599
69633
72734
28188
51489
17244
38817
62147
41215
47604
20934
50124
54123
27373
27564
68911
68926
19775
51243
15912
32041
63805
64115
53223
62067
63584
50879
51018
51274
26962
33129
51519
55467
16493
53083
53841
64379
69153
69162
16513
48198
66622
16513
34132
37177
48198
17522
18377
29309
52083
38812
48196
29450
16201
54584
57662
71516
22005
44691
51242
32803
33927
33942
61711
18116
62625
16953
17288
72980
19460
38030
57491
70545
70546
29260
16957
51510
20201
51428
51242
51249
16176
16449
17336
72782
15932
63832
69652
15933
63853
16568
62354
16277
59841
69710
69711
51501
65575
66935
16194
51399
59887
15993
50740
72764
48832
51315
15994
51404
53581
15942
16616
69632
15943
52000
64599
15955
31179
52447
62699
15952
46653
53341
53448
61542
18480
61993
47851
60021
71766
27101
59019
72713
15951
15961
16108
59518
16258
16556
17335
16130
17701
18259
16319
37173
73166
16018
16252
16616
16011
16250
16252
16616
17512
59518
72782
72792
26289
29745
16450
40086
59476
62050
56129
16285
16557
16109
16390
16218
16428
45231
41741
59877
16247
57147
32099
36195
59641
16244
63624
73029
16020
49076
52232
16569
19345
59688
15980
50189
63248
16151
72732
72739
45834
57147
15979
51300
56411
32037
48156
64357
65151
49348
49965
39686
51258
43323
16268
50776
16165
41917
51792
52734
16029
51827
55842
16019
16260
38305
63787
46123
46793
48625
40827
43341
44688
45037
16404
29930
15991
16002
16404
15994
16607
21167
72761
50413
51155
57106
16253
16405
50608
47732
16000
16001
48492
72781
16335
16414
53220
55477
55478
15998
35836
36081
55874
67202
67452
34520
64146
66737
66739
16587
50740
58239
50553
16003
64031
53446
53434
64206
69658
16067
48459
49201
16822
45113
33433
34117
35037
56721
16009
16178
16360
57519
16181
16274
48801
43021
53612
64375
16013
47861
47733
48040
16280
47726
47849
69516
69519
16017
16250
47733
69651
16018
16252
48040
69651
16648
50735
72766
16280
48347
62447
39133
16594
50513
50860
67463
67483
51953
58966
66104
16030
49662
50551
53328
52542
60701
65362
16029
16203
16291
64237
16158
72736
46829
58402
52292
55829
55837
16156
48428
50330
22573
69978
69980
18546
18586
19883
32999
16213
16530
16286
16467
37407
33134
33139
51320
16188
60013
17330
32352
56330
16251
16530
16563
48040
16609
17315
28972
58155
72365
22338
65660
16047
16050
59924
17402
49942
51211
16050
16052
72511
16051
16052
17415
38290
72510
49662
72741
52121
55838
16193
46905
53763
64723
16058
16059
16076
16060
16320
59924
16226
72503
53576
53600
54962
16236
55500
16140
16211
51210
55549
16302
30659
47762
16066
16071
42601
16088
16139
16622
30575
70869
70903
26086
31368
18674
16073
16076
51451
61956
59652
72504
56098
61806
72836
39101
43306
59652
17569
38567
47974
51025
16080
16148
32712
63322
16609
55665
16229
17422
16084
16086
53674
16502
16773
50557
16087
16088
41626
16238
72539
16238
51459
31429
31441
38712
53834
63803
16164
16479
72729
72731
18442
48891
34510
51044
58006
69407
69411
45824
68036
68106
16097
28244
61755
26771
51501
53354
62489
53334
56709
63108
63401
22596
66110
16116
17842
44008
16103
17531
23648
16312
59640
63791
72605
72606
16498
58074
63894
16398
34245
62757
62897
72415
16286
17335
72782
27428
48763
50571
50734
19176
47821
16117
17545
47378
72293
16121
56438
43843
45844
64255
72534
31382
31493
36585
63873
69479
72886
40273
17424
62920
52632
54907
61035
17839
17844
18042
72295
26228
57219
72758
17839
17844
18115
59507
60002
69480
69481
17476
56418
72481
46653
69106
69107
16473
51319
52992
44545
65259
67369
67371
16136
16137
16432
53428
16384
22696
16384
41753
16139
62447
72760
50735
72765
58936
16142
32973
16476
26259
37948
49711
51171
51766
69210
16382
50515
69701
69702
16153
16481
18424
17987
30645
56083
72505
72516
57474
65325
16973
64170
72764
16206
47023
48945
55547
37948
48945
16197
16206
26010
48129
64357
64282
69114
69119
57790
61808
64237
72735
36153
18407
69208
17184
47883
53906
55583
17637
17675
19820
69127
16203
59550
18217
50739
57251
71991
71992
41419
52013
17305
23791
24893
52203
16795
17701
19109
69108
16822
62197
16921
17026
40588
25314
25348
25407
69990
25450
48893
16174
16644
49270
50130
63882
69552
69586
18424
59846
16574
72781
58190
63164
65326
16181
16479
72729
55798
57857
23051
44043
54474
72763
34952
53249
59905
20018
20142
21482
16461
63412
17026
69059
18675
19130
19261
51292
33182
33280
39825
55707
64274
16587
16607
52350
33119
37011
50743
69199
69204
16200
23748
55958
36185
62020
63194
34885
36558
40588
62770
53646
64438
69018
69092
69152
59072
71512
47025
50309
52584
72739
55959
72733
17356
16952
37480
52788
58440
17559
20876
50836
17569
47988
48187
61932
62071
52695
68953
16302
47762
16561
50677
16216
71750
71751
52554
58964
65329
40810
69338
69365
44929
69721
69726
42182
44256
56305
50704
59509
59524
16418
32670
51464
50011
55672
58196
20129
20356
22116
45935
54338
59504
63971
59924
72511
19154
48399
62349
16294
38447
50694
16231
16232
16231
16232
72506
72543
51340
52426
50705
16475
39023
41811
17371
33670
37668
31692
63410
67606
67607
72504
16307
16497
41940
28599
30000
66748
66816
16249
16396
53383
53391
16396
16564
63853
42182
53383
44346
53228
73030
16418
16420
22560
40617
52168
16283
16744
63802
69723
69651
16564
65248
69650
31273
58463
16867
17250
17272
34716
45787
54745
42970
58626
61104
57133
57165
58164
16613
64856
16349
16551
64856
53170
16264
72764
72774
16612
16617
17510
54429
58806
61650
64170
65143
49937
52283
54084
22775
62843
68380
19135
36030
61044
54114
59488
17362
58341
55959
33277
52424
55363
59477
16282
16642
65200
72728
18312
16991
52068
71394
71398
19998
19999
32597
50174
37444
56225
22063
24628
25725
47761
35480
35505
62133
23770
64247
69253
55860
59550
72736
43607
50762
16606
50706
57959
59102
16286
16449
16451
37578
53731
66689
53582
71605
71675
16290
16489
47646
63871
73065
73067
16355
19707
59099
59698
71931
71932
16462
55394
57344
64431
51326
51450
66074
16683
47838
59757
61932
16682
48254
61932
65307
16536
17540
53807
26592
47824
61455
54374
71787
71788
17717
24124
59040
47822
54499
27625
48013
72220
72230
16306
52713
58915
17554
24254
16508
16474
21066
49422
53387
50126
51390
53584
22560
40617
51448
34143
72135
72154
16514
17528
59634
16337
47062
57762
58117
68195
68302
21544
51497
55878
52339
59035
24964
33438
35307
37735
16422
29891
46254
47448
34681
51017
52407
49278
51813
51824
17715
66128
21752
21851
25559
25592
53434
57692
69658
73302
63600
63681
73282
50195
54451
71776
71784
16508
16527
72540
16334
16458
48531
49340
26058
70340
47859
63822
72866
72868
16455
17574
59936
70876
70878
25716
16421
16524
54456
72550
29517
30541
33412
37095
21274
57535
68789
49965
69607
69611
71296
71300
48021
53876
73228
17319
17405
41626
72559
59716
59999
72544
72545
30278
52201
52217
16348
50382
57752
72529
51374
59102
72531
16353
48595
72787
26172
53563
54403
69707
43736
62575
69348
69371
41626
41696
72539
72559
17503
65323
72529
32663
49872
50650
16357
16601
72751
61746
63863
73079
16599
53718
72756
53649
69714
69726
16758
48458
72588
72589
32896
64595
18415
59548
64547
72751
25348
53909
53911
52077
16679
48263
17890
64007
53017
57239
49756
50537
52255
16575
17562
22590
72769
17567
47290
51385
17366
42578
45228
42630
46284
47278
65566
24452
52467
64905
16539
17649
45042
64746
47752
65369
71688
71756
47923
62217
70459
70460
21600
32035
33587
42388
16387
29574
37226
55838
56568
34223
68977
69434
69436
42731
60690
42565
42762
45994
46226
46682
46849
62063
16507
16545
28106
49959
30049
49413
16461
16411
17436
50299
65307
69399
69410
24627
64561
47501
47864
40459
49533
49872
65248
50154
56191
57692
59484
16400
17543
43555
16403
16407
16438
17169
32912
57724
63497
16408
41563
72313
16413
16413
59484
69661
69726
69727
16408
16425
18210
59190
72315
17545
43555
17674
17958
42881
16515
58427
59499
43510
46460
69659
69655
20402
72935
72936
19612
28174
58888
16566
17316
16427
27969
51471
56285
16566
72514
72515
16526
50463
72556
16456
16540
72520
16424
17468
43516
72552
52825
59634
72550
59183
64221
56286
66983
66985
16452
47780
57252
16516
28174
43177
25621
25646
25424
57560
63233
50467
55702
49799
51070
53664
63882
53712
54539
58611
71972
71978
18748
47265
24578
24592
53485
56575
41718
44405
16441
16448
51462
17498
50538
27417
66633
66634
27417
29594
55124
16448
17318
39359
39364
61955
16448
39416
52539
57962
16451
71124
71125
72782
72784
16603
47772
63595
27481
27851
55911
60958
69558
69712
49340
72520
72521
16458
49340
59992
41196
63973
35366
38067
53731
56079
56197
67944
67945
16571
48553
42605
42719
43540
64250
24943
25974
33539
36476
27028
34885
51505
53730
44464
54733
54787
51405
72780
72784
69539
63562
63794
68080
17552
51451
60000
72522
63926
29004
63981
16480
50682
59488
53703
70699
70700
51328
70886
70887
48945
53250
69404
64585
54432
69544
58913
51319
63169
65144
30354
48220
62071
16485
16486
17409
56206
23572
54331
17406
59654
16487
32382
41940
50303
35607
57876
59528
63871
63947
55878
58863
16518
21304
50303
72561
34816
64262
55727
55995
56397
32925
72683
72684
50677
72424
72496
16499
16502
55881
23445
16500
59723
72540
16502
33495
72539
19492
65367
41696
59995
72284
72286
59701
59717
59984
37581
37771
64836
54432
21304
59507
52385
64428
72546
49877
51341
19032
16514
17528
51323
72534
61022
66342
17472
43516
16518
50299
50303
28289
71906
71909
18724
45624
49553
72556
18286
72097
16605
64424
17452
17477
72552
21815
64229
70287
70294
52816
63894
64154
16526
17433
28731
17527
59507
59651
72541
58431
69630
69650
49697
54305
73116
23502
46019
55603
18203
47168
69500
51709
69723
69727
17697
27813
44053
26724
45182
46137
63381
17537
46170
63157
59992
72526
16543
53443
69705
22860
55838
69701
16547
16548
44430
16546
59686
30220
57959
16551
59489
65323
50727
51998
52349
69637
16551
41532
59489
72779
16554
71258
71263
29897
33613
56619
66076
16556
50615
51520
64749
17336
18517
31640
34988
47402
25716
61993
19750
51520
48013
65248
69652
16614
52219
58239
72769
23890
63832
19279
51241
29135
47368
60268
33388
64431
58920
65133
71514
26900
27115
67768
67770
17336
53408
17341
48758
19382
31936
32497
48517
49864
49889
17508
44620
48758
23168
66337
53581
72776
72780
16583
16586
16591
16584
16585
51421
17525
58237
37766
58204
69683
69684
57241
58268
69507
57519
72747
53609
57330
18091
51207
69511
70814
70829
41931
57757
60472
54305
63349
19853
36594
63133
69510
24950
34548
35884
53148
16601
16602
69523
69593
16646
17281
16653
25718
47780
53194
17281
64547
72733
72760
31585
51351
72510
22590
48492
54390
32670
17508
50397
65332
16612
16617
16921
17026
17029
17333
59697
72787
48476
72774
38852
40382
47105
69651
18323
69500
30760
57320
57974
16621
16628
51421
65143
48480
41134
48348
49044
41930
59408
39092
47972
55938
72093
72111
69187
69189
17373
18964
29112
16807
18154
34424
69498
23976
69499
70739
70741
31882
32235
42353
73218
16648
38305
48347
51305
17364
47819
56412
58690
17217
42404
20663
22734
40718
17365
50574
17358
19143
48458
50739
63066
63079
63083
16690
16767
55681
48457
59550
17014
54471
72950
72970
53664
63882
63886
40932
62598
62866
64091
53221
59542
19854
21361
27621
62447
72759
17838
38045
42735
52422
52157
52231
53147
49978
33858
40432
66779
66781
16655
61940
16658
17289
17290
53544
56863
60428
69348
60022
19884
62900
18263
43282
51789
63348
18263
51789
54267
48005
57557
58212
69436
32402
58696
17845
69695
69698
16715
16717
17093
29298
58345
64669
56874
69300
30839
31699
45875
18443
18445
20603
73169
73170
50145
58740
52245
57243
59034
18435
56500
69305
25332
29557
55710
16686
16750
22752
59595
16997
40597
55672
69067
53587
54097
56372
57656
61968
16685
72323
72325
16683
61866
69399
63577
69397
40155
16688
17095
17240
58386
62401
16691
65450
20786
47278
69290
16693
56084
64565
72996
72997
38689
49115
49790
69420
16761
16767
17096
16984
47933
49867
53396
55986
57282
57324
33912
41354
49237
26228
38305
45834
16699
24328
59573
18223
47168
24328
58754
58793
73172
32999
69349
16718
16725
17203
34553
46740
50305
54345
64022
16922
17014
51178
51790
60072
62625
69388
16811
63033
54067
20302
65097
46659
46807
49888
50832
51890
73200
50435
71294
71298
25297
26299
16716
51245
65349
17093
29224
72972
51080
57406
35849
18980
59814
73206
53583
72951
19591
25355
59923
16786
51057
54481
60938
16943
17278
69288
18595
19881
16954
63337
64959
54619
72966
50335
54319
59302
65340
50768
58734
69098
69099
43063
59008
71879
71887
53773
63589
56391
57631
65397
16736
42869
45937
47541
48918
49021
24555
50880
56497
23577
24465
52950
17120
30567
61180
16757
58321
62423
69073
30031
35012
67831
67841
17214
64314
72961
57528
59908
17118
64289
72964
23847
23856
54824
54830
56658
57277
58943
72679
72695
72896
72897
17095
73002
18354
44467
50975
69350
40780
69339
30876
37754
67673
67690
50011
52282
66041
21368
51753
68285
68355
18384
20034
18940
64285
55839
57012
17236
53490
18513
53992
16765
16969
16983
55681
69068
16767
47618
25535
26218
29009
46921
16770
16775
51561
58267
62080
16988
64254
17066
17265
47632
56670
16774
17289
52765
17036
17134
53631
16775
16779
72982
72997
50391
50582
53514
57636
18349
49757
62451
69417
51561
52771
72754
37223
60937
62796
63055
59900
63138
58385
58720
72933
16784
17161
73137
73128
16819
17220
23873
45272
69564
69565
41891
54580
55421
16794
18675
19727
58364
16920
53317
65019
18372
31227
41249
17147
48154
50952
20433
18259
18889
49088
17199
22277
46706
48110
17823
54893
58635
50059
64297
73122
33470
62031
52700
73205
16805
64456
16988
17003
48268
58267
43434
53351
19979
58952
69112
17325
39743
51178
51189
45262
47602
41901
59932
51649
64336
17439
56713
69213
69220
43688
58279
59536
16815
17164
17165
16888
73176
51620
73174
55757
56063
56454
32344
49724
68954
68136
68137
28260
28400
37887
54900
23973
65165
59766
29450
51553
19980
61595
18789
20083
47394
16839
17165
18700
40588
69056
17053
27684
51189
64184
26756
38577
51707
28429
39512
17086
17123
41370
16872
69187
20917
31057
49263
65178
16843
38090
16838
73169
20479
73188
51154
35703
58366
17100
54010
68966
68970
51154
73175
57525
16935
68980
69050
58770
72902
19064
19141
68908
60992
73206
16886
38081
45281
18071
19129
64123
64324
38078
48027
58813
27353
46750
55337
69215
43848
53451
61522
34966
49001
51606
73187
64559
35197
40748
31506
17147
59745
55986
57282
69002
69006
16940
59617
25322
25508
43251
61053
18978
41220
17192
31627
64040
16899
17057
51202
50965
59766
65164
39789
68906
47032
17079
36865
46875
69182
17739
17877
51969
53314
53514
57636
69138
69139
53964
73194
73198
51308
69155
16883
16974
28283
57635
61439
49187
49929
51150
73186
48269
53876
54473
71307
71308
39863
62376
16910
31409
50940
59547
62337
64415
60390
71111
71112
19644
20479
73188
73192
34753
67016
67033
50894
53866
17165
52176
73175
50492
68056
25214
25619
33648
36653
42123
53805
73089
21148
59565
17013
47047
48445
48475
17446
69616
69686
58958
61681
63692
33043
51143
73190
17630
51109
51123
52083
69121
17248
52638
58956
18724
68154
60686
61064
68993
19264
52897
41014
73145
73162
41014
50589
54560
36283
48873
73165
41313
58397
65410
40975
69193
69194
17006
48551
68962
71485
71486
18394
53881
56572
66193
17565
29309
52071
69121
56002
63555
64564
17036
50464
51496
17018
17291
56172
56713
34920
35865
39669
41761
23886
49581
64330
72950
17386
17984
66161
68967
17158
50853
57303
52785
53766
62209
69278
24438
53431
61220
62014
62346
32018
54866
61792
61958
65583
51151
50896
59558
73187
17386
17984
72070
72075
55067
60989
70778
20860
32452
51684
58965
73169
17188
21148
51198
58749
62008
63845
49922
73138
51143
54667
53728
58234
68960
17000
37585
51046
72963
64308
64321
51018
59580
64326
51522
53298
55762
72949
51038
51115
66184
69323
69378
17010
47124
53934
46690
63587
69289
69290
16953
17288
22023
47025
50309
51510
58748
40299
52596
59099
17599
17815
41905
21664
61273
16978
47973
64368
51147
51272
54096
57012
34602
47032
24926
35468
42586
46233
44263
44513
48694
66174
51773
32954
33705
56506
58857
16971
57391
70801
70802
16967
53821
57991
58165
19243
62757
62897
16982
72991
59208
41096
41099
57547
53629
56537
61132
36384
52222
72763
17130
28837
30934
19047
49492
54084
55368
51216
53527
19466
57373
59619
61246
72980
31578
31902
61819
53199
62599
69071
23507
70256
70508
16983
64339
72993
16988
17003
47682
19694
19705
28424
23620
35059
39473
28430
45451
45814
45925
52189
53335
58453
17235
28241
17969
58635
24312
46958
22023
48853
58739
72963
17073
53941
52945
69069
17100
54010
62670
17388
54933
68946
68961
72961
17375
62239
63801
17087
17416
21367
68963
17105
17423
32915
61064
68993
68995
51691
68969
68970
17007
17429
17431
17008
46987
68962
17092
17100
68966
44273
55985
59142
65263
46778
47041
48490
17012
17017
63770
69220
17013
47047
47052
64264
58931
48502
66805
43571
51167
51790
55340
63270
69218
63770
69216
69220
39201
17024
17122
50487
53970
71941
71942
17023
46800
46818
52731
17025
48314
69203
30361
53192
47040
50494
69205
17029
17260
47038
53972
69204
50903
64533
69598
69599
69058
69059
23727
23736
23888
59892
18243
46623
47305
50405
53641
67264
17034
17152
63733
68987
17390
17392
47063
58780
73137
54917
64114
17038
17999
68995
17042
46953
68988
51163
51927
73192
19024
35637
50958
64188
64213
17376
17378
17395
17350
48609
59080
17140
17369
68989
17375
63801
72801
72803
21377
49929
73186
73191
49620
64336
35222
59095
21267
38855
44029
57968
68983
68984
17054
17824
39238
64371
73177
17458
17470
21696
17748
35954
62844
62938
51123
73292
73293
17259
53897
60026
63768
50012
51826
58780
17196
68910
68911
41002
47620
69069
30742
48628
61162
33887
54038
61937
17653
50958
73289
50521
50829
53720
27254
63747
69176
62178
62599
44110
17085
30282
47060
69202
17083
55069
69184
17181
53959
61831
63921
49762
17075
17079
61161
69182
53817
63899
69186
17081
17172
17193
17194
18293
22406
23858
17186
17187
46856
48002
61458
62597
17173
63009
69423
46867
48328
53952
69177
55075
69189
47306
69318
69319
46867
52978
69177
49099
51691
63475
68970
53633
55043
17098
55104
55337
69215
17091
17308
35244
61897
17306
35338
67173
17094
17431
17438
54471
72970
17098
59932
72997
17236
47940
72991
46957
47042
69734
69751
47122
69216
21604
21605
63475
46970
46980
50257
64154
17396
17495
54258
17985
48538
57445
61064
17158
17359
17369
17108
72994
68991
68995
40869
47130
67528
67530
55681
72992
17144
18104
57841
62893
29929
33419
57221
59661
46948
48538
59671
48004
46999
48004
61161
17116
23560
46999
69190
48004
69183
55413
63796
63914
58168
73001
41067
42239
42261
43762
46999
64088
17124
40743
69066
69067
51243
64314
52344
17225
51302
65349
72973
41373
51431
53927
64139
61358
72946
72947
40262
61439
20087
24000
35972
56230
48387
55069
64382
69184
55069
55075
17266
51496
53722
18447
19065
51191
59114
17138
27374
58863
72750
48299
63768
69217
17535
55878
72746
17144
17759
46450
57841
17357
17359
17379
17144
17755
17841
68984
54501
27093
70292
70293
68982
58749
63845
73009
66823
17348
25261
70044
70059
18159
68744
27815
50831
23140
41123
66042
17378
17390
47068
39919
49963
55759
56729
59618
73119
21129
21944
24432
24899
41367
46116
48538
55454
33268
58268
49922
31652
46357
57698
58007
65141
59579
54398
33697
58887
70079
70083
46451
68744
68745
25853
45561
33689
53258
47790
57553
63029
47817
48456
69423
17190
53960
69425
44220
47790
57553
30567
55075
63883
17181
53959
73093
73096
59628
60170
48154
49198
50952
28990
49187
51150
54017
57539
44627
44638
56442
17185
63898
70375
70382
53817
37188
61161
53817
63009
49929
51143
34443
34612
34982
17194
58167
63883
48032
59793
64176
18990
26294
63009
61364
22585
24081
49930
56480
17204
63056
53756
55584
62462
63033
21901
37684
53642
61111
72598
72606
34716
59208
68849
33894
69287
69288
19064
46709
27248
72703
72770
40397
40742
50489
55745
56447
17320
17498
35560
55750
65321
23523
61090
50848
57872
39517
41390
51994
72895
72967
52764
53788
51249
69378
69379
48302
54480
42752
58878
60367
65621
47213
17445
62375
17226
31789
50147
33241
51516
59890
51695
64290
72971
30495
49513
61014
72749
17246
42014
52193
24221
40788
59598
60546
64089
72982
63757
63763
59598
64089
44691
50806
51460
59619
20528
52068
61958
72997
47940
49440
52945
59894
17256
49440
52945
59894
72982
53490
20408
57769
59206
17256
72974
52447
55101
54554
50839
67464
67485
50516
58934
72678
71692
71715
65400
37677
62627
70438
70439
58934
62689
46837
58903
63012
42014
72753
22263
40957
48098
63168
17524
19143
50574
72747
48832
58267
58937
72994
28908
48299
47060
48329
69202
29260
61092
71189
71190
53720
69345
69346
46834
53928
63079
72639
72640
22826
48299
69217
17271
17294
52122
21242
68154
68848
68849
38816
51411
17290
18236
19865
24048
50791
72995
18234
52888
57528
17680
18242
46623
42655
58956
24908
26414
34235
53794
70453
72788
72791
62690
72749
57817
58334
63780
63820
63828
57818
69179
69204
72945
33530
59784
59784
72756
63770
64264
18417
58168
73000
73001
68333
19005
63997
65269
55909
59022
59104
72560
59018
59922
72458
72785
20929
22711
65026
58842
59922
64256
72457
19560
28499
23780
44702
45826
46053
65400
69258
69259
48088
51293
64235
72786
62197
69124
69161
23794
24943
52917
17308
70778
17310
18364
72793
35121
61631
42849
53396
17351
72791
38829
59976
41054
53534
53722
52463
61328
51338
24599
24961
55767
59992
17410
51459
72522
51473
52832
59641
66705
66709
72518
71976
71977
23547
54521
17326
18235
56624
50143
17688
19107
49726
17421
57812
69068
49464
62930
33978
37966
17497
57925
58872
56438
51467
59518
72792
64289
64293
72963
72964
37407
72779
17512
52674
72789
72513
72517
20004
57594
64362
72373
50555
58237
31712
36764
58898
65313
24392
48507
53794
55399
28731
48089
64235
24808
28288
28676
29487
24865
49647
58272
68986
23634
60964
48622
70365
70367
52516
52674
24223
66106
58918
65172
35357
59555
48344
50757
53726
46953
57109
65194
65497
20583
25085
50992
65150
17365
72746
65311
72748
47169
51281
51386
34154
36022
45603
17374
38887
56649
68994
63027
64582
72839
72843
33466
38469
38872
17374
19370
56649
68985
59796
72775
57396
68992
52676
46953
17381
17524
50574
17999
52409
58651
68989
17393
72472
72719
17558
53169
58119
17560
40429
72773
17451
17455
17759
17841
59234
17421
18655
57812
61945
17407
46698
52403
68990
69221
54258
29107
52367
45869
47068
68988
48365
68959
68991
18373
69337
32348
55348
64215
45202
59135
72302
18465
45057
65551
72262
71668
71669
18150
68412
68414
17410
52859
59022
52859
53674
57967
18174
43538
55881
59654
72561
57473
64614
31851
51354
51222
55287
55415
62766
17416
20399
48494
50706
57701
17432
50383
54822
55290
57438
60990
44828
58634
21391
69070
58267
72993
72994
55020
28810
31020
38733
67470
17474
27884
53922
72019
72087
46987
48362
64440
55104
56815
57960
68963
50673
69005
69008
57324
60238
63127
36287
48506
59097
64268
62670
17440
24715
48445
56713
64264
17475
36453
64511
72553
39378
52605
53580
64327
18167
19642
28709
40883
55162
56830
31153
31338
54851
56585
17535
72745
72746
43547
53257
72149
17452
17477
17543
45211
23604
23706
17453
64058
55195
19602
19606
17758
59442
68745
18342
68374
68383
17458
17818
22239
38086
62712
45028
64252
64320
64996
19328
39286
48625
47812
59660
72497
72240
18329
53517
53667
66441
46330
48245
60731
65418
17467
23356
44170
18201
72314
17475
52433
52825
63412
64432
72512
72776
17471
17808
26555
46579
52796
47119
58651
68917
68989
49119
58427
72562
64593
72479
65370
72313
57427
63099
18112
18202
58686
17482
18105
46579
18114
19675
23696
41791
72558
38767
39487
18196
39581
58654
64743
72487
50843
51625
67300
67412
19100
61297
68897
68924
17493
18010
18114
46961
63127
65444
72555
26707
48622
57062
50916
59010
72525
51374
60902
62826
63423
72619
42120
72788
59022
72559
72560
17571
21125
63994
48595
52548
51467
59710
20178
17507
19661
17912
58447
62080
69059
17589
37441
58873
29198
40304
38151
38249
67438
17566
72768
72776
72777
45040
56779
65587
17519
17965
58447
58217
40081
51318
67351
67352
50462
64192
17535
17558
59548
64547
48344
72745
50574
23854
50299
51490
72533
17530
19416
17549
46717
54456
18704
52083
17541
40663
43393
59183
52581
70202
70216
18823
61173
63162
65716
43393
45042
60028
25012
34120
73005
73035
18342
22182
58146
25273
45230
59597
43391
72315
51323
72534
72536
43216
45182
64255
65370
25727
60883
66313
69938
51073
60896
60898
50463
59650
60002
59083
72484
48369
50329
59936
44984
45116
59201
51033
49861
58997
72775
19116
48801
52222
51389
65386
67654
67670
22909
52584
72748
64053
48758
52256
72790
64226
28463
57904
65464
18684
62393
69123
62483
72791
26224
61066
19566
66228
66230
64149
57556
62158
66330
58725
48595
52223
38960
58231
61284
72365
17575
59923
72521
25355
48369
72523
41414
66074
17578
64682
72306
18101
58991
72331
65301
71485
71489
17581
54334
64553
72333
17639
59243
72328
51421
59796
17584
17834
18021
72351
17693
17922
72346
17586
17721
22029
72088
17720
18337
72346
17588
22243
43324
72090
17723
72088
58979
72849
72851
17591
45084
72091
17756
72084
17593
18233
71874
17594
46096
71869
18233
44458
59257
17624
17910
18204
17597
64161
72111
60046
72109
44890
45282
59070
72114
17997
72121
17601
63105
63260
72120
18204
22081
72118
50034
51690
69381
69382
17604
17751
59365
72081
17615
17703
72079
17681
17917
59236
17921
17922
18337
17681
58962
59236
72085
63633
73075
73079
54875
63971
18164
72147
72148
17612
17613
17822
64750
17614
17986
59461
17614
58406
72079
61201
72085
17751
43255
17617
19040
46096
65220
51609
51661
69125
17620
37400
70012
17919
22556
70010
44792
68226
68231
25439
25685
34039
17993
35517
59253
72082
17897
43303
72119
35333
46500
45896
45927
62516
17638
18145
17629
34996
59947
72307
43538
72305
26936
71660
17633
17635
38627
72304
17634
18140
17635
59947
60031
43541
72306
18187
25077
43530
72307
18711
69128
17877
72352
17876
43407
54334
17932
17934
18180
72349
37319
51130
31224
61873
32017
57042
58079
18199
58888
64746
72310
17649
72305
19243
61199
63279
22233
26302
57107
72304
72305
59033
72309
42380
45176
56240
63235
17719
17874
52125
72331
17722
17876
17657
17677
64385
72098
59357
59366
72063
17774
17888
72092
59309
71855
17662
46235
25178
22138
33994
42572
53397
18571
41927
49870
18541
20777
18231
59159
71874
17783
18231
59159
60003
17698
17953
63228
18192
52864
58275
18285
43440
59214
72068
18285
22243
59214
52578
56265
69713
17835
18377
18711
29309
17677
17898
17699
59366
42801
18874
43302
72066
30242
69288
69315
17756
17826
34766
35990
55536
44852
59213
43624
60959
63643
66539
69906
51886
52129
58862
54153
67985
67986
17786
20440
68497
68498
43316
72066
72067
17859
18036
52125
63119
23260
43522
17834
17955
43319
72291
72292
17867
18042
24125
18013
18185
44848
68771
18183
17717
18145
72351
43446
72322
72324
49327
69106
38697
39202
43831
48713
18182
19479
17705
17706
19494
20610
21874
49646
68525
17870
52133
72681
72919
59943
71260
71528
55134
61372
21051
43321
17911
18030
68526
19481
49566
54081
44930
68650
68651
17739
72349
46653
51609
17833
51098
72333
17721
17921
17933
63635
17932
17934
40706
43324
62495
63338
18063
54476
57994
64659
17726
17727
17728
17737
18066
58908
18191
21748
17738
17851
46605
17944
53920
72338
18141
40706
72327
17920
19532
46536
17735
23713
46403
68515
17735
17736
17746
17747
46472
17738
17851
17851
46538
68528
42698
18145
18188
17849
18035
58678
26189
39111
29327
42684
68492
68493
50624
54530
17786
18803
19978
49327
43992
46482
46655
49397
23713
41889
46538
45108
22635
17750
17956
62495
72089
63336
72091
17988
59253
17928
64077
64574
17906
18268
72082
17925
18027
26857
60435
54398
62893
53772
17802
18004
45282
59336
22796
46440
68741
22796
19153
54762
18004
59336
72109
18343
42819
42807
56862
60107
22029
72068
72088
17766
17965
68764
19648
68762
19648
47435
17773
43234
17965
19648
20692
45222
63664
17856
19140
37237
37779
58528
59399
17792
50254
19025
72093
17779
64161
45222
53496
63664
68760
68764
17924
22029
63338
17789
56769
58790
43537
59304
71750
71754
52293
59281
61462
17784
30476
17785
57340
17787
17789
19109
19975
17790
61371
71872
19164
20440
48335
17790
35154
72111
18009
35258
44553
59155
59297
17943
18034
21511
17934
18045
41331
51514
57651
37768
43492
46519
17799
17982
68735
17800
17801
54050
18105
23549
18266
50254
36197
53423
70567
70568
63254
63259
17887
59242
63038
54556
68737
68738
17808
17981
68748
17811
21696
17837
23549
53470
58061
17836
17837
68737
68748
22532
23068
46236
17988
43248
72120
72121
41805
58272
17818
17960
21696
68749
17821
59442
17828
17836
31208
35328
48983
17828
46440
43255
35128
21696
68748
68749
18049
22796
46440
17986
17828
54464
68742
17960
18034
26496
65425
72352
18140
18195
48433
41769
34681
49888
17871
17874
65303
17935
26496
17868
17960
23624
17981
54058
49524
52423
59665
18066
68528
68529
18039
60965
72294
50353
53154
39545
17852
64398
72288
17852
54518
56989
72337
72342
18097
45111
48130
68523
43541
17855
17865
72288
41889
17860
54518
17859
17860
46428
58908
57464
17865
58991
34374
53355
69298
43322
46477
54187
55851
68547
72322
18225
46523
43433
44187
58473
19480
21874
46496
17872
44995
51077
54334
18032
18063
22047
57994
18095
18067
27663
72350
23713
43311
72290
72292
18181
60110
48771
72330
40985
59520
68658
72298
25057
25284
55866
71853
71860
18009
19025
18286
37480
64423
43015
46915
71873
23692
30833
44890
18481
62382
66182
29606
32515
40680
38167
45045
17897
17910
41201
17905
18069
60079
17990
18204
41933
43123
59249
17916
41905
54688
18001
62881
72099
18001
22081
17907
23416
62177
18839
24014
54344
61236
62713
62754
60003
71872
71873
17990
59310
58089
68527
18100
27084
56594
44296
45968
46151
22111
44296
61943
18623
53993
58583
61612
63105
17918
43324
34823
37400
60798
45291
54347
56982
43319
56969
17955
72345
72346
60005
22654
68446
72071
54025
58507
59368
19169
72408
72410
20582
46478
52863
17935
18145
17975
47339
68072
68073
44244
62032
63338
72328
45323
56139
17942
41862
44320
46077
20757
23526
24597
24654
57984
60492
60776
44965
53781
63671
21512
57553
59471
63970
72341
17953
63063
18049
57262
58358
63767
19660
19661
45159
72275
71807
71811
40891
63971
72536
72538
68551
68553
17953
43531
63975
72341
59040
43274
65425
18158
17967
50092
72083
31580
37644
43507
59429
60794
62986
68742
19661
46454
52914
68763
17963
45169
72345
63635
72089
70882
70892
52914
72018
56958
72077
43407
63102
72327
54261
19660
46308
46432
68736
17980
42670
59442
68745
68749
59234
59374
61201
66161
51694
63439
66161
48935
56355
62812
63447
20688
27084
56594
68758
68763
18468
43248
43446
72081
17993
22991
34659
23549
68743
18105
54556
68737
19360
46677
68736
59490
68994
68995
51694
18839
45189
63713
65320
18255
20563
37234
67680
67687
72080
18876
65389
43681
29830
43421
72114
56342
63968
46948
72041
72058
63260
18010
22026
42726
68738
44285
18280
42685
60457
64779
65639
43448
43622
49639
51024
29295
29315
34353
18266
41905
43421
65435
56103
45207
54556
18900
36828
58994
43007
64493
44797
68524
27910
42472
43282
44220
60504
60627
60634
43286
71436
71443
18019
46470
68551
18086
57378
68552
18225
41909
41918
46523
59471
35788
35856
35857
18074
18232
20353
68553
44320
63671
19275
19455
19965
27783
26857
72071
72335
22654
18088
18496
19273
19541
21512
43274
45169
46646
58089
18096
54279
68548
21762
68772
18087
43287
56989
72322
54690
61676
68066
68078
70559
70561
19059
33217
40880
43603
63335
65297
60661
46374
18223
47168
49875
57641
18047
43378
43502
44576
44606
45525
43144
52135
55791
47083
47090
51950
18052
22742
18058
54083
35530
72101
72102
20314
61820
18057
43314
63034
44319
63231
18208
24147
64659
43196
65563
58788
18102
63905
18634
18991
54513
58199
60637
59031
65554
72020
54265
20584
58607
18286
46638
23148
41308
41860
19157
60697
53562
57845
65509
18085
68769
68773
18089
19790
46304
20589
52609
41534
43801
62536
22101
42318
42485
58715
56412
58289
72348
41367
54980
18081
53390
68518
68520
18083
19424
52864
61649
59557
68538
68549
18086
58275
19298
23958
18094
46470
24401
58682
18222
46235
46477
55851
59959
69497
38086
42268
67101
67102
40691
43530
47081
20764
18103
18232
18871
20384
70385
70397
21952
58457
60791
71466
71470
41830
49392
18103
54383
64682
38058
48771
60033
46510
62322
68982
19306
19314
21388
23324
57980
59699
59700
72128
41709
42865
48104
42754
42760
43355
35509
37239
43331
45225
46171
54556
49118
54470
62347
19839
24566
37207
45382
18119
19361
70695
70696
19349
21614
18121
28786
30251
40303
27720
34104
18504
49696
54105
55784
41802
72238
59534
24690
36303
36305
67738
67740
23204
58156
59179
43353
49259
60031
64682
28749
59345
59346
42763
59103
72465
72467
52970
57498
62394
72329
18512
24834
31522
31624
46395
67476
27391
63538
28996
35338
61397
72350
18279
18527
26026
69508
18337
43437
60005
57261
58465
59753
60475
72182
32206
36852
53218
46113
69212
18152
18160
57975
68733
46599
46604
21717
53080
53441
64871
19301
51656
53226
19300
19304
19699
37766
62246
69512
19300
19301
22670
23530
70291
70296
42450
68002
68004
40699
62032
35530
44856
68986
19301
68731
19304
19699
68729
23588
54572
68727
28413
72163
72164
53222
58430
54932
71735
71736
19712
37248
44565
22376
34792
38990
43224
57364
43991
57587
60721
43378
22048
22061
22062
24049
43103
72302
19376
20878
68727
31678
64355
19298
19629
68750
52505
56987
56448
60405
24124
43378
46683
43255
58406
63228
60948
72241
72311
20493
20814
19577
58176
60033
65303
72334
54383
72332
44244
21627
72234
20582
46480
46611
19724
54265
68522
54561
57373
68552
38025
59581
63544
18199
64746
62200
64511
59463
67273
67275
54078
58820
72304
18210
46562
72316
40663
60028
72316
55473
69563
63105
45491
46236
58093
46159
51804
52195
62807
20320
20326
20847
58413
54083
68772
59461
63654
72084
29327
42684
45053
45319
41249
69337
69338
30187
48364
64070
31368
54804
27539
48051
67868
67874
58854
58904
37480
60119
18219
19429
19287
54453
54767
19478
59169
59445
44160
64487
64666
72055
18616
39144
45853
42471
59162
72110
72043
72044
21406
37151
41478
63000
46304
68553
68554
48074
48451
49148
60760
42820
59412
41985
70410
70415
64978
71872
23843
68548
59161
19100
37089
61297
23168
34424
19396
19399
54088
30242
33894
69288
42798
65092
70183
70191
71853
71874
19267
46893
47535
69344
35071
36490
36838
18243
27986
26529
26643
29075
19688
54894
54938
29312
34449
53130
67828
18406
34555
46690
50112
69584
69585
18878
23420
68561
68581
18431
65646
66182
69301
42149
18281
38406
72086
19963
37165
54040
54164
54076
55706
55889
69665
43248
43446
59310
22761
48851
49316
56837
42050
43889
53622
19279
21210
64739
72035
72036
18501
19774
72272
72273
19280
54453
58762
18276
18313
23692
72236
72237
23471
59310
72119
46700
49280
27684
73173
73177
43194
51456
71018
71020
18274
18275
38275
19565
40552
57837
24185
45139
59328
20995
70925
71166
45019
33268
58268
42472
45327
53922
72087
18365
68286
68298
44741
63476
20376
20792
32085
54663
50514
51664
55890
27880
68532
68533
20517
71000
71002
60436
60455
66118
40830
41314
35789
35796
35921
61648
58874
18295
58488
71866
23691
26960
71891
18298
21812
66031
18298
62511
69716
69718
18305
18310
71893
35796
61648
67235
67237
46548
61143
61395
18303
18306
60403
18308
19152
58085
29220
50453
59786
37291
44670
71886
19260
53415
19260
20790
68530
44175
48315
68530
26240
38649
18615
37290
47992
53551
72763
72772
54163
49864
50727
54403
58933
63324
66192
19747
45853
47505
20122
47698
56283
59000
19600
55172
18726
19156
68286
52655
64185
43177
58567
60056
71909
25136
19565
57837
68313
18331
19565
71889
18352
19873
20833
44091
62367
68313
18512
30473
31522
65429
65912
65963
18694
19833
59482
18430
57022
62416
24745
24927
27299
18666
19055
26793
55868
21997
29018
59715
28546
43119
56969
59257
60137
65977
71868
18403
38651
18347
18398
58115
18375
58579
23294
60231
70716
70717
19994
20082
44414
68064
18363
18937
49130
68078
52251
66095
42006
18375
18812
62958
71904
18718
19034
48687
68085
31078
69352
18361
31078
44596
21230
22503
22906
58432
68083
18569
71904
61866
69399
69400
31910
57111
37566
18374
64088
69340
56863
52674
58333
58725
18418
24193
58137
38613
38616
39575
18403
38651
19179
25228
48876
68331
20061
21410
48838
68332
19138
58485
68324
62871
36660
69351
36978
49623
45362
29093
39094
39105
18704
35459
37320
18390
19101
68064
18651
53199
54790
18456
18660
27168
68079
18569
18830
19537
19933
57828
18955
19115
54148
18489
67507
67512
41922
19199
20496
18390
20086
45858
19114
20094
19776
20084
58326
40250
19563
24187
44069
46632
52429
52716
56510
69482
21252
22643
62305
25161
70571
70575
18399
47278
18402
20833
69347
30623
31175
37901
51894
18404
27405
27410
63587
69289
71600
71601
27376
32902
19860
19891
69289
19099
62895
64965
18409
26021
59007
61636
48790
60183
63546
39354
30526
61561
61688
62596
49889
18418
23053
28108
68298
62178
69057
69084
19707
59550
45088
46239
57801
50846
18419
18493
18420
28105
52408
41450
49774
68297
68299
46142
69408
69410
71673
71674
29250
54492
41591
41592
48099
18511
54487
62367
19398
54614
69299
18433
49779
48949
46142
48220
49936
18445
18476
60749
19888
20960
24906
73185
73213
18756
50302
53617
51610
38532
54063
54724
18446
19061
49924
19891
47613
19165
19994
20082
47309
20003
50575
71670
71671
49732
51237
52705
58915
24703
26956
60789
20840
64774
68770
68840
18452
45701
68081
18453
64479
67986
45701
54153
54293
18928
33741
68841
68845
18755
59114
71669
18472
54596
68078
18549
47053
18464
18708
19949
54216
19120
23608
26746
37949
54145
69595
69597
19209
20310
19962
27426
58916
60500
65210
69153
69155
54148
52484
62253
63212
29325
43039
71673
19060
44186
71680
59366
18551
18689
23108
58948
18471
22540
45719
54362
22884
58486
20112
20084
22120
53156
18551
18718
23108
54435
19276
65646
62382
27582
32475
65009
68593
68598
21517
72124
72125
53470
58061
51095
57406
50067
52124
52142
18517
22097
34629
43134
43397
56648
68316
68323
50679
54610
59967
63887
35551
37039
37146
60449
36094
18731
57892
71510
18573
58567
19451
28234
63712
19209
23053
48873
48419
68316
18498
19431
45494
31898
31937
19273
68544
19045
28289
60059
71909
65679
68317
68322
19268
19429
19758
48869
68306
51306
55774
69619
30235
30957
46282
56849
18507
20308
71161
71177
18611
20502
18732
47904
49368
18825
46722
18520
31488
32251
18619
46405
68541
19308
19311
65768
69509
51837
60315
18518
19314
45777
52612
67051
67060
18519
21374
21388
21480
45777
18694
54818
59561
19311
33608
19114
19117
61608
19308
55373
65768
71847
71849
51095
57406
63718
33924
54335
69510
25871
43784
48858
68111
18815
18816
43657
71627
18532
18533
18573
18902
45362
50209
40411
46363
71903
18579
18936
20001
45718
20112
45707
45711
45715
40409
40858
54572
58641
18539
19051
19947
68075
18946
18948
19930
18948
19051
45711
45715
46661
59448
18592
18893
58576
18544
18959
68074
19977
45715
68076
18970
22510
67948
47430
54685
18930
18699
18702
45522
65772
48818
68975
68976
53821
60014
68087
68088
57359
69476
69479
18554
18849
58947
68084
68088
52750
63794
51984
19059
40880
58756
18901
43065
58017
19377
40251
52628
25466
51952
52712
53116
18954
19045
48571
18565
18882
57250
19175
20300
68338
19182
22503
22906
58112
19043
60058
18640
20300
45839
71498
71499
47019
47069
48282
71648
27813
65230
66186
18620
20110
18882
19050
18582
45518
54757
68107
20495
54778
68106
18581
20495
45518
18715
45794
18708
19949
68111
18717
45717
22750
23172
60677
18582
18670
18722
39526
68112
18670
38758
31238
31507
33538
45569
18715
32309
42663
45794
19710
26957
18665
26921
36568
54801
47288
49003
60183
68091
18881
18806
58582
18597
26569
44319
45055
30128
49219
50121
57858
18604
19540
36660
18663
39562
41302
18701
44134
46250
18599
18602
20000
43109
38144
18690
18829
68321
18898
44782
18692
19179
65660
18863
20987
52408
68298
31266
41932
61972
19822
19824
22399
18612
18865
18627
57916
65156
68296
20308
20507
37094
18875
28312
33515
44795
18759
48381
51708
69064
20353
24061
46575
18619
45046
59493
32942
46576
59493
68304
46409
60425
18670
18722
43009
18622
18725
46409
68543
46411
54042
54568
18730
46408
56235
68319
68323
41261
41354
57854
18630
19546
58379
18750
58179
68294
18721
18764
68302
18870
45623
62871
53167
63788
31128
64502
19845
23094
45534
18851
18642
24538
33298
61643
19182
19888
41906
23094
45747
68318
18639
19039
54207
19175
20043
24378
18855
42117
19212
66888
66890
45534
54424
68335
32203
38636
63580
66184
73195
73197
18995
29257
46017
27575
68319
68337
71863
71864
18654
18849
19336
23108
24347
18653
20022
69056
24017
40697
52900
62280
69070
52710
60860
27951
45711
45717
18658
54426
18689
23108
18689
45710
61714
68087
21054
44414
54596
19130
19134
20022
20091
20112
45715
68076
68077
44698
45700
54785
59915
26889
37322
53596
59287
71648
21576
32932
38702
38974
18671
18672
18809
53596
18716
18717
20110
52464
18810
42591
18673
18820
58955
18679
71793
71805
18700
20089
18677
18680
18998
42854
65424
59244
65817
71531
18680
19137
43786
59255
55196
35019
45254
53900
55821
37734
56250
18787
52071
18686
18698
40854
42997
24222
59271
19079
23673
26841
19306
54186
20234
45760
68323
24241
54176
65346
68320
21410
68332
68337
25063
40978
42196
43048
54137
18696
22154
26958
67863
26928
63296
67859
72906
72917
18790
65424
26959
54800
68099
19244
19261
26569
68469
68473
26578
54757
21426
28121
41943
56213
20117
19085
21072
24192
60619
60406
71585
18718
68085
68087
59763
68108
58600
67901
67903
18872
62393
18756
23248
42192
42218
66575
66578
20001
38683
54770
54426
23155
47236
49018
54216
68097
45732
66053
68307
18903
39020
46408
53993
54042
32945
68117
18730
46408
59493
24499
68288
18919
65637
71669
40875
46527
62620
64853
65859
68304
68543
59067
71517
47903
63842
45731
61820
18736
28105
57258
42454
58026
66029
61820
65156
34174
40153
71031
71058
58877
59439
61459
38525
38651
27128
38695
59131
18744
61821
29553
30394
62338
18919
23273
44657
48610
61492
18912
18961
24658
24961
18764
48651
18764
45732
51011
51019
20333
45546
57145
37150
68307
68308
28280
37308
39638
55732
31145
68184
68190
23087
31167
18757
69125
47394
57193
69123
20365
42151
66086
52304
19847
20358
20206
20233
19715
46410
54147
68540
46843
68776
68777
24194
19237
21530
44374
65731
72957
72958
50148
71598
71610
18769
62738
46408
59493
18771
18977
42122
63174
18773
44656
54222
71677
42306
59152
71640
34975
62104
28494
43717
57996
59935
59996
56114
71572
19060
52923
56187
19088
42000
44541
22342
22205
26557
48071
30510
50107
52402
60055
71679
71680
35401
36324
41994
44372
18974
18999
43198
59117
63809
18792
43664
52271
18872
63809
42997
71644
72931
72933
43719
48429
42012
66728
66730
19079
56348
53113
59319
67985
67987
71632
18894
59119
59133
18801
55863
61471
58566
18819
24740
24741
25156
70340
58579
60143
40606
63307
71573
25543
55103
66397
66399
18820
42632
71647
18830
40031
71646
43655
50209
71911
43656
63020
43170
59337
40948
44556
71897
18818
44556
66068
18818
18821
42370
42591
56921
59260
71649
19078
42632
60075
23120
28415
72378
72393
19018
43710
60089
63216
43064
53277
53280
19211
27575
63450
68319
20213
45631
45755
58978
20056
20213
60133
60143
26056
42188
42948
71810
19072
64231
65961
71900
71902
71812
66134
71808
71809
42015
65961
59253
20466
43230
58548
32139
60054
18843
19040
63571
18847
41936
44554
56203
73086
27425
41787
50891
18847
41936
63271
71846
44758
59444
44758
59280
24347
19181
52750
19845
25722
40697
62936
42822
43032
64231
18956
38226
43658
18857
41981
68216
68217
59169
55940
60927
61418
63008
45607
59420
48803
59734
59738
59743
71660
28537
38929
67511
67521
48697
18869
18897
43109
18951
20509
57056
71821
30605
40238
19002
23120
18982
23843
63237
45871
59132
19027
19039
26960
41408
62568
65195
44499
59678
41571
44915
18881
42147
71879
43063
18887
60056
59087
18901
43065
71879
31850
67067
67068
19050
71908
31188
51387
52560
19107
18891
19001
23216
71679
18981
71674
19003
19074
42192
44656
30985
40347
43061
43670
19934
66057
19037
71890
44684
71892
41148
65962
71835
71839
59008
18969
71910
43009
68112
68113
44541
54578
59271
61045
38055
57956
67368
67370
41981
63211
19006
37042
63433
18910
19062
57883
42057
61365
19071
71671
67884
67955
18914
18915
18916
31236
18930
71651
31249
42153
18930
18976
18921
29838
42153
43793
32001
51934
61749
71673
18999
42997
43790
71638
18922
29503
18993
19004
19013
29838
71668
19949
48786
52010
69228
69235
19118
20495
29299
50751
18975
25901
40178
56068
71659
22938
52523
62037
63641
42057
61365
71674
63517
45713
59258
71841
71845
19947
45713
49116
68085
18939
52879
57011
19137
60075
68111
68113
25271
43473
47939
56367
19067
59133
71576
19947
45782
68075
32586
32914
63408
19947
18997
42543
42768
42972
42948
68045
68061
19019
43664
71629
55808
71819
28096
28664
29277
43675
68006
71633
27292
56424
43200
64316
68108
42892
45563
18959
43072
67623
67638
18967
45781
18963
42041
71863
25054
55866
31636
42437
67053
43679
54207
59426
72139
72140
19033
44879
71864
18968
59444
66108
71863
19977
42423
41939
42047
45362
71905
20844
40083
63697
18973
42423
50144
68620
68622
20231
20234
45710
43205
43790
46858
46862
42180
56113
19141
58504
59120
61045
71639
19001
56995
18983
18986
27230
27458
27459
27739
42435
56185
71881
71883
18992
28292
60266
60439
62568
28329
61548
19129
31487
68896
19180
20300
19168
61467
53338
58443
58598
45361
45368
62346
32602
66072
53421
59255
71644
66077
71621
19003
63174
43041
41110
19062
19065
52122
62349
60120
71675
61552
31244
32024
67835
67836
29223
60266
60439
71670
19446
20927
45494
54290
42654
71655
71662
19065
29503
71670
19035
63593
71868
38919
62050
25300
25463
33628
33681
65917
42016
61466
57011
71628
27499
43059
60144
45607
26953
28212
28442
21459
22564
22774
34711
63580
66184
30429
71861
71864
41951
59027
71890
33609
59416
43450
68699
68700
41939
42074
44458
22134
28715
39602
52228
71866
49114
54435
68086
30429
71864
25423
58488
43109
71892
48803
59743
72199
72201
41951
42074
42827
42869
65229
42611
46043
57059
65199
43076
59132
60059
66116
71891
71886
19066
43786
61471
71650
49495
49937
29755
63209
45869
68918
68988
71910
45718
68077
62672
66696
66698
36931
66377
66378
52525
54898
59266
71518
20830
33211
34519
27393
27397
29398
31161
31980
52456
71678
50575
59059
66031
31249
43041
63648
71678
60697
68910
63287
71643
19112
42829
71659
71674
34841
37448
40859
35182
57691
58357
28292
71432
71907
42215
60254
71657
57235
57667
68816
68826
35291
40854
60410
71639
71627
61272
19081
28219
71393
19590
21985
71391
19166
19516
46552
34762
36268
52137
34893
37755
24254
53395
57257
37863
27714
67209
67221
19089
44541
58504
43109
66116
45094
56485
19095
41220
46222
22788
23866
62076
19801
60228
38810
54156
19160
58952
52444
52918
54395
55490
19522
19574
19633
53392
69208
69213
52888
19114
68097
31402
43633
48682
19958
21293
63709
52782
55998
63000
30579
45432
67969
67971
45480
48932
54155
68083
19109
48696
20550
51777
41560
21248
21808
57295
19114
49020
19991
43200
36384
48459
54474
45653
68098
19119
20005
57952
20495
39020
68106
33771
70584
70588
21815
21976
64229
57824
64404
35779
40446
45919
49724
39535
55704
55889
21754
23286
34977
53436
52382
69169
69236
22477
47564
69788
69789
68910
44794
19604
26312
34832
41755
59260
71628
71649
72459
72475
19187
62280
66296
66311
19953
20105
69074
69079
41755
59260
19901
58094
66016
20534
28266
71393
29967
41220
44962
19167
20139
33922
19146
19150
71395
27243
28876
32396
51026
40369
51892
71376
26009
67211
67228
19157
32757
33133
19597
40356
25091
25132
68530
68545
45452
69468
69486
20188
48669
19966
19971
20137
24499
57909
35895
36030
58809
60543
20228
45228
19162
50254
59336
72100
72115
29668
32453
32586
46989
64444
49162
54297
28291
71421
49733
28292
39326
63471
39582
62732
20163
25978
49013
71426
25819
53275
53464
53465
20153
20210
20406
68900
36121
36698
39289
62811
51061
59140
68336
26216
34695
59962
19631
71430
20038
48890
68332
24660
41906
58982
61465
71429
20667
57034
60223
41126
43042
19602
56468
65579
71378
20091
20105
69074
19214
20108
19714
20709
56873
71351
28383
60573
71462
19192
22034
65398
71462
19385
45074
71204
19194
36953
71204
27943
71205
19196
71205
63265
71201
19198
19664
56893
71201
71195
19200
32403
71195
71196
19202
37459
71196
28359
71234
19204
71235
40493
45506
71234
19206
60421
71162
19208
20417
71160
30035
67328
67330
28325
47930
19833
19533
47930
71235
21031
23094
68318
24538
33517
62421
22296
28454
28785
19902
21391
19659
19785
32480
19956
39664
44679
73100
45583
61307
71509
46148
59147
70456
70466
27542
48023
39172
54232
27610
51225
55873
61799
25964
67648
67663
19224
19971
51779
70918
19252
70916
19226
71225
35036
71226
28488
63661
72814
21261
35036
65122
65122
71158
19231
70472
70474
21756
21887
35170
19923
50748
41451
46500
66899
38287
39872
48676
22108
24139
54255
44775
59306
59449
65181
27906
66900
19240
19606
60271
26940
29151
27920
29014
29121
20138
20022
69056
69060
19247
29699
67828
52077
53510
31285
19535
28700
29342
52601
67142
67148
31106
51552
43686
64753
27621
19586
70988
28051
28349
29246
31086
25736
41285
62667
19257
19344
42873
19350
27677
49206
28129
28342
41226
61263
27696
27721
56822
28258
45061
20022
26948
27449
60159
19265
20950
19349
23365
23767
23772
59430
33460
46898
69076
19446
22821
19278
40838
49320
19387
69389
69401
19272
29520
30996
19347
28633
68551
19289
27532
39696
47600
53764
69305
19530
31542
70828
70829
19282
20924
32230
43796
44837
19435
29521
51241
41884
48770
20795
54767
64684
68535
20904
29149
58559
60050
53020
58252
58981
20764
21491
68534
50579
51966
65139
54548
61436
73147
22496
66219
56211
62188
73215
38367
38372
19296
22300
55149
19469
20578
39167
68511
19403
19325
19396
19325
68769
28134
28982
41467
56983
45521
48187
53963
56507
19307
60283
46503
50799
51425
56647
70620
70636
19342
26465
27907
69511
19311
57356
69509
19376
20878
54379
54751
19850
40567
47744
19437
19690
59959
45659
19316
40320
27555
38234
19404
40841
50788
19712
19747
39263
19808
56257
48058
54751
26977
32641
48245
19326
19412
21262
19714
29172
32960
19629
23127
42536
19334
54120
68751
71210
71212
28072
30026
46813
27198
27532
49539
49689
30472
30927
45248
19635
68770
19440
48169
54751
57356
20198
45480
58432
41049
57642
64628
38774
39003
39372
39787
38774
39543
39787
45922
27783
29537
70717
27555
70723
27558
70723
31099
21504
30107
19403
64739
70692
19435
29522
70694
19348
70694
19361
19652
70696
19378
70696
19367
70698
28176
46930
49656
50377
28674
29085
57072
61251
67243
67245
19363
57416
73016
27515
29521
70760
43411
60531
64863
19476
19630
70914
43686
64753
69253
69258
22026
45207
58509
29564
30962
65040
50920
73018
19579
47806
70939
54349
54975
55029
66194
19690
57595
69515
51668
58378
70950
37665
40349
47740
64532
28134
28982
67876
67881
41805
19939
27907
28081
70793
51008
52716
69415
69482
49323
54941
68725
19376
54331
40409
41829
58641
59751
49950
51008
30107
46191
70698
19904
19909
38332
70950
22776
53677
58113
19426
25555
70764
31863
24965
24986
65216
69927
19864
22784
27536
20937
54108
62021
34055
49820
49836
47011
57334
71827
71828
27620
28643
42309
70985
29082
29157
32503
29087
60439
19438
27677
42001
70763
19402
21420
70754
39616
57027
26376
71912
71916
50791
39231
66315
66316
41450
60786
54079
68769
19408
40004
62405
22040
30664
39751
19449
27098
22539
70690
21499
35056
40824
34559
65495
19410
19546
69342
19408
19972
25936
26519
51600
64695
19491
25859
52934
26724
39626
57700
39259
40318
54791
56570
26724
39626
53435
26575
46629
53993
60403
46672
29261
37118
37868
37960
60498
52169
52590
58516
28468
52219
58997
60192
60307
71454
71461
19425
19472
68538
20924
49220
56994
23365
70763
52972
19430
27385
60144
70766
19433
30051
71022
20927
46384
47512
54082
27549
42001
27498
58874
64235
70692
27494
38699
48742
70674
36820
49206
71021
49881
48132
19442
27704
70761
38478
70757
31934
46342
71907
71911
19445
27424
54075
70759
19449
70757
20911
35298
43556
27113
27169
70515
70522
27700
26298
30701
34082
73262
22699
28120
46863
20017
27682
70766
21530
60460
68000
71626
20032
70794
19458
39484
70790
19850
40567
44565
69503
39629
69188
69190
46900
70784
19461
24255
29426
70954
35107
39975
40541
19900
65058
70952
27675
31725
38585
71025
52455
53121
54179
55779
57793
59826
31014
38585
61536
68550
68554
69317
43459
43525
69696
69716
47555
54082
32716
33855
54220
56100
19581
25121
33857
70979
20924
68536
24554
32953
47834
54254
44236
53420
58105
19831
42158
42777
19571
70912
31024
46035
47232
71851
58406
72062
72079
19708
49646
54265
58541
20997
22166
24508
62830
33384
33963
45692
45923
19486
19523
33857
61710
20163
27888
29749
19495
40388
70982
20605
20617
57924
19580
48525
39532
62541
69728
69732
22308
23930
29244
45787
46931
62136
21797
26432
60373
22537
43193
70984
20698
20720
24897
19960
27211
28020
19499
19562
70991
20158
48024
70993
39683
67134
67137
20950
38739
25702
65286
71145
71174
49330
60183
68091
68103
19505
28452
38797
71463
28590
57806
71207
28544
29599
35166
44823
19509
28577
60573
51950
63673
19510
71470
42690
65724
71463
19605
20535
32989
71445
19513
19514
71452
30519
71445
19603
48293
28558
31063
67618
19518
19610
27982
20409
20603
61703
19519
71425
27983
43410
71450
19521
19522
71423
61857
71425
19615
19581
47604
19525
71423
26946
29749
71427
19527
20382
39326
71432
61363
71434
19663
28359
37459
60228
19835
19846
68287
34411
61074
19567
29146
64159
43928
71231
19785
32480
60172
71133
61359
71453
71457
20350
28229
70714
70729
53596
71647
71648
58963
73273
19626
20290
69892
19881
19894
69355
19758
19545
28349
31086
60467
56791
70295
70297
19545
28335
71237
19791
71239
19882
40780
20103
69061
20481
20823
21489
23463
51034
51665
69370
69381
19551
19573
71232
60163
71228
35032
36314
41319
49233
19554
29147
71228
28322
33812
71230
19987
37562
69839
45628
55579
56548
60907
19665
24261
21290
45179
61620
69135
19744
20352
31778
71882
71892
27830
19564
68287
19827
68285
68284
35232
36994
54388
68411
68413
27930
29228
66624
66625
27612
29289
29701
67230
43420
59989
19988
19575
22848
38415
71226
29256
59551
19615
27888
70988
53463
60099
65407
43193
54176
64165
68320
27619
70910
45236
66173
70980
21445
49343
71231
27534
43935
70986
19960
36433
70991
21482
70985
70989
28407
66743
66755
32217
52166
60152
60171
44562
54140
59505
60174
19643
35168
28266
31959
19596
32326
23392
47173
50630
46893
64695
20668
23403
43268
58946
53287
53337
55529
55431
72440
72442
39492
39497
39528
39555
19738
31354
19609
24927
36167
28188
44421
28767
71448
40340
54419
57188
60348
39922
46552
55620
40004
49867
19650
19880
47387
28492
29400
31108
58140
31855
46619
47308
60295
20624
27378
28500
54037
54044
28295
60234
71359
19704
20867
28421
71355
20362
28295
51719
60234
53290
58381
19744
20352
29375
61352
25003
29872
36586
39392
39323
56686
59025
20077
20944
45958
19635
50791
59669
29749
54120
19851
22984
42777
27483
35914
71426
42268
62308
28423
71420
19636
22235
67560
20840
39286
20973
58939
61600
20077
45847
45958
62939
22984
27453
42777
64969
44660
54188
68756
28506
44898
45890
25610
54943
61213
69911
37726
34440
50965
20490
28443
36953
20937
50358
20476
26434
36821
20482
35027
60328
19672
56351
32170
37455
39384
67954
20950
27884
58427
60238
19772
20149
24210
21970
22612
56791
38294
54247
19685
30500
61488
28810
35139
38733
56805
22026
58509
42726
28098
28438
38682
41475
19756
28575
45830
20613
48293
71448
34499
45505
46524
44686
48272
60228
71131
28335
46021
30189
39085
55756
31174
40227
43576
61443
45836
56660
28656
28662
50425
50427
28656
28666
57151
71085
36287
50697
64268
30384
32588
49522
28638
50426
50826
71080
27943
35027
60868
20497
29671
31997
71162
19681
19814
28747
71159
20147
20417
71160
21914
57975
64578
19685
20489
61488
71133
27942
50160
67673
60169
60172
19689
27780
27979
36579
19689
36579
40635
20860
32452
67229
67231
44565
69501
20048
43234
54688
60041
19770
20160
50358
50359
20676
28511
35914
29172
61357
41829
43346
44172
56586
60888
19702
60230
41655
53226
57931
68734
54069
68731
23255
29137
57468
59318
23642
23924
45521
63471
19765
20819
50358
50359
20165
27483
19714
60395
20709
52505
72736
72751
21874
58541
24532
59312
59576
48780
51816
59116
23019
58569
68815
68824
47496
69501
52662
60722
69912
71353
65699
30875
67385
67386
20585
20908
22889
69830
20087
45906
46726
46161
52540
35032
36314
70603
70607
25006
40574
69645
20851
22309
31713
72644
19725
19726
21748
46473
58541
19766
19729
20477
21985
19999
20089
69061
19745
19730
20172
28219
20926
51120
51723
57029
27877
19737
51624
62696
26126
39246
39339
39444
19736
60279
61320
65594
48155
60239
38746
48155
20248
49598
49829
28552
60271
61473
49815
51066
56141
42085
50380
50386
51152
20702
22045
50182
51794
28498
56117
53961
20702
31271
50217
71246
47496
28297
71380
71447
20322
28424
63484
20201
50723
63482
25321
40037
52509
20398
20653
42301
71354
19754
20203
63517
28456
71394
71395
28359
56107
28238
71030
71034
22821
68534
54309
64022
19761
20512
53416
53422
40888
58762
19763
19765
20340
20160
50358
48391
54309
59827
19766
60236
19796
60187
20919
63517
19769
20565
28304
28385
20447
20488
28586
48566
71139
28444
29238
71466
19779
19789
19793
19778
19779
20121
20152
22114
68535
22007
26410
19777
22114
23446
22387
61258
19788
21346
20488
19786
24280
60332
25014
25731
25733
62383
64071
69794
69798
22280
22282
35045
54459
20367
22474
43415
71131
20150
20151
60169
36938
41978
66453
20121
56901
60169
20121
20489
71135
23843
20122
32895
40671
40688
20149
60468
71135
31537
31893
45275
33923
35413
46492
66807
28563
51986
19798
19801
20090
20503
19800
20932
19801
20439
44686
20436
25819
53275
68791
68792
29671
39128
47982
30031
28346
23514
26666
70317
70318
44239
44483
58274
57372
63885
19815
19821
23927
45366
36121
39150
29134
57908
59067
35315
49327
69106
69112
71012
71016
19816
19817
20143
42018
46539
29296
54806
20417
20799
29492
66614
32106
40625
50432
71094
20117
20695
33760
42533
46539
64611
24381
58179
25928
26145
36322
39163
41750
41752
19828
54771
69252
20323
21368
51090
57459
58493
19835
20459
20471
22491
69805
27453
42309
19838
38985
64969
19836
36896
64912
45379
20347
36885
37959
43874
51693
51712
19851
42777
19840
62089
24566
31412
33538
19843
19844
21554
24185
24193
68284
19864
19851
20067
27575
54424
68289
19852
20366
24211
42137
45911
57265
69803
20366
24211
68300
68301
53539
20068
45046
24128
55373
69512
20078
62865
39428
57184
25121
27824
60219
19862
19863
24869
26046
38648
55898
45784
55505
62965
31823
69292
19873
31963
69292
19877
19864
21542
61428
60278
68769
68770
19869
21579
47432
20353
20384
24061
54209
20065
20103
20104
47429
19877
27908
22280
22282
50636
22007
26410
72944
72946
19874
40181
40576
53393
62140
69353
48753
56986
20599
50332
56268
19890
41909
27619
56851
52205
55993
41487
61720
20944
45906
60818
69341
64695
47430
69354
19886
69354
29498
38527
67816
67818
62405
69355
41593
45383
57847
59355
19891
47613
64380
20263
20024
41309
45828
63819
20024
20657
45829
69835
19972
25936
64374
60011
70064
70134
34559
65495
65661
19898
19906
21515
19912
22085
20004
60297
60766
20298
26940
29151
47399
19933
28329
29760
62517
60299
70952
30677
43390
21571
27547
65058
19908
27514
39980
19911
29086
24454
31725
60535
38589
56095
19912
38332
60220
27546
60299
29018
63045
27783
55135
22008
47763
48044
48416
60197
22178
48924
65973
35286
40628
41937
49182
29329
30990
39204
41579
32887
48743
49191
50728
21601
25356
25866
35933
50754
64880
70601
50571
51513
58743
70591
35032
48984
49233
50748
21095
48984
50748
70606
41369
49122
70619
49414
65777
65893
19932
21147
49231
49371
45512
68075
42881
43507
72291
40703
50746
71576
71642
37647
66662
66664
58835
63617
28292
39326
71431
71432
29466
30047
57690
26465
27521
70755
19961
20033
28583
70759
29601
31069
63018
70761
27496
29601
39792
20362
28076
51719
21613
21614
21621
45494
54290
68532
68544
21405
60194
70721
27518
27644
29451
65710
46452
28023
62403
73296
38205
38640
60465
48737
48752
56914
57178
20108
19958
70716
70728
42428
62289
63871
73067
54851
63692
69686
22734
35359
66199
66218
21534
23655
22603
27910
27828
71230
27521
27641
28081
38109
64919
54121
72821
72822
34747
45903
27532
29537
19967
20140
19969
21361
27453
60248
70916
28315
28316
24910
56645
68029
68044
20140
62405
34838
37226
37736
22089
48083
19978
20259
69113
20026
21609
27514
70949
19985
61714
60821
69112
19986
58271
69129
19986
50302
60505
61405
61740
70689
21509
21522
29086
20026
20055
21509
70955
21251
47173
45707
51661
33631
37024
69841
33667
27463
27819
61345
24230
25596
25598
25660
21054
39605
20524
33710
50507
61661
69060
69062
21057
45858
20060
21115
21116
70714
21115
27659
29111
20742
35359
66199
69842
20104
20019
20433
59970
68109
71429
71432
47613
64380
29977
38683
21045
45849
50822
28122
67496
67497
20010
21108
43179
49416
20010
27604
43179
70700
70730
25104
29429
40265
20041
22179
70691
27676
28633
70760
20015
20074
32668
70733
21398
38322
70722
20588
42166
46792
69796
25555
27499
34998
20103
69061
69063
38270
59157
61291
20027
21504
29161
21504
21518
21614
30107
22567
23119
52395
69523
29086
70949
20028
20030
21506
21518
21049
21427
27628
56067
21232
49379
27231
27629
50666
70693
22746
70790
27706
28080
70796
20036
53966
58321
20039
20040
21146
70691
48446
53971
22717
69862
29175
21145
60320
70693
20041
21208
21231
27734
70691
20230
32006
50418
60111
45750
68336
21115
21534
28229
70714
27279
27322
28869
29080
35274
60173
60305
21411
38686
41542
60502
63260
72099
72120
20055
49391
70708
70955
37330
21571
27547
38538
70953
29438
48308
60268
69200
21288
61291
70718
20055
32875
49391
56232
45760
65346
46247
55086
60744
29015
33886
65980
48443
50533
56239
70639
23407
27662
27800
49100
56101
68315
57376
58208
21021
55512
59176
63293
45629
63679
20694
45730
54176
56683
65346
20068
21554
70911
34021
70913
20722
23642
41655
21181
38717
57391
70801
20072
20073
21207
27757
20074
30980
31404
20074
70733
70736
22328
42567
54211
62387
20779
34420
40527
69878
69892
20081
20080
20090
20436
65286
20130
71163
71174
20140
21339
54690
68066
20088
41461
69128
24377
20137
38415
60208
20094
20272
21057
20305
46868
69129
50507
69060
20130
61661
69060
38711
57678
69780
69781
26955
47302
59116
68103
21514
20096
20097
70710
70711
21078
21597
50666
21078
27626
31184
21040
21041
70702
70734
20108
20109
63651
21187
49490
60521
62444
20102
20939
50129
59997
40139
50960
59901
20433
20433
20108
63651
20506
24422
20111
21552
26402
29072
47166
38683
21477
21579
27168
37419
44559
45769
65779
43682
61650
28347
47398
70933
21542
27619
70909
70910
20694
22958
35832
20832
28576
28598
35832
46762
71134
28401
20409
20603
53912
20222
20349
20780
20781
20127
20448
54599
20893
22694
69730
69733
20916
68842
68843
52659
57973
62361
20943
35528
70547
70550
28307
46297
50946
50949
71035
20721
21042
56587
70203
21455
21465
21557
70923
20140
21339
21545
70917
47252
62740
57973
68913
55285
57884
20145
27611
20415
54806
71159
29288
29290
29608
60189
27545
34728
70986
23863
36996
60819
65663
20793
71160
24328
65171
73171
73172
63265
20467
60172
71132
56901
60332
71132
21346
56900
71134
62682
68914
28452
38008
48807
51353
59832
65596
65600
45701
55849
20445
21346
56901
71134
21919
21923
26698
46577
20828
28304
21425
21551
71602
71420
24596
71155
71156
20867
49812
30004
35338
38718
28509
62577
66354
66365
20201
63482
69139
69141
39593
51138
51176
57889
39593
49980
51138
51979
38294
38769
39887
57018
20477
29303
71392
20461
28527
52068
71394
20176
24301
68391
68395
20176
21430
21440
24301
65558
28421
28456
20614
61350
71379
20962
61320
65594
71375
53020
58252
64221
27227
29069
59586
71390
71396
28562
28725
20699
61357
71353
21051
24478
41823
20190
20199
20200
71350
20222
23139
59487
62349
47121
60822
63722
65668
20394
57039
71365
20193
26573
51662
54302
47225
52659
54552
63207
28506
68190
68194
22967
25480
65176
69756
39151
40491
40612
46910
62430
22906
48849
61768
61784
71350
20377
28366
31293
32583
20205
20561
27961
20205
20546
20650
56972
20206
71379
71380
45144
58112
68324
20343
56996
61347
20216
31487
20230
29318
49559
71455
22619
38582
45926
20219
20306
20609
20849
23332
24377
44892
58326
20781
22485
25525
40435
69728
20888
56996
59979
64766
20888
60235
71404
20221
50090
61336
71385
20636
20845
28251
68900
20321
20766
31262
71403
20227
55223
56780
65745
21051
24478
72299
25771
34062
47098
55131
60614
56921
62343
45926
69792
69793
28139
67814
45496
68082
28569
63933
71388
20235
56947
20237
20538
66018
20678
23598
37358
56947
71369
71370
20393
20638
20707
20713
20241
20782
36733
71150
24328
65171
65261
20309
20413
55719
20637
28264
59092
21040
21041
27692
27724
20413
28202
31970
20256
20247
20933
20936
20313
28135
50066
20250
31142
51066
20250
31142
71314
71317
49903
50438
31895
71144
23077
25771
47098
69807
20338
60185
60587
65095
20579
20921
31104
21033
52559
65622
61595
20258
20917
71140
71142
20444
61990
20440
64395
64444
63237
20988
69796
22941
35922
65026
69856
42238
28482
64848
65114
71151
69478
69480
20268
20587
60177
71143
71175
20270
28334
61628
20271
21535
20282
40245
22380
59538
28041
28303
49438
50656
20275
20796
57736
60443
71728
71730
20425
20577
20963
40543
71174
71177
20279
20437
23632
62718
56895
68787
68808
21535
50279
71179
20430
21447
54806
21582
40543
71177
20800
27985
21017
42934
43089
21017
32221
41955
43089
47306
47191
55746
68360
68361
26671
29865
36931
56526
25814
47363
57828
20297
45836
20302
29761
71167
71168
20302
29761
61871
65097
20328
40309
35553
35590
36606
42312
20425
71175
71179
36977
45831
69892
24255
27707
31165
21029
21409
57367
60836
54513
25352
49511
63979
69891
49543
20441
20309
20936
31970
71149
45906
69882
20766
65583
20414
20957
21346
20415
20430
20933
71150
53463
54283
20447
20567
20912
20447
20449
56900
71136
20558
71154
66053
68296
68307
30660
30685
44489
62486
20318
20378
28419
20627
20628
22881
20389
20560
66014
20329
20387
20626
20329
20540
71382
20768
61759
20381
20886
42246
38275
53173
20327
20379
20381
20330
22569
56988
57862
20332
20387
28265
20543
55758
61759
64961
20635
71389
20644
23697
55203
20346
23368
56883
57091
71383
57746
58021
68294
52164
58099
60180
61775
20606
31929
67787
67788
36362
43838
60076
28381
53500
57977
20391
47150
62706
20344
24656
68360
20341
58139
20567
20828
60448
49253
49744
60823
28202
28226
71400
45379
68354
21018
22677
54166
58492
20993
28384
63158
67936
21276
60235
71404
63686
21298
27662
29303
71392
71397
71407
71418
20509
20616
46671
58360
21001
23022
57482
60983
44020
46059
55556
20361
20372
24939
25933
20373
25549
60611
69791
24205
49333
20527
28255
38094
38131
38459
62316
56955
71617
46576
59012
23012
25221
47564
20369
60202
34273
37166
52986
22474
22477
20374
23016
23061
69810
24205
24938
25344
47564
56505
69789
25803
69812
20383
24330
25804
69812
24949
36602
53310
20556
28271
71350
20380
20537
65598
20543
20886
71364
20653
63484
20559
63471
25802
62046
64166
20547
20678
23598
33435
63289
24468
43423
49783
69742
28569
23819
24012
47158
47159
20559
65598
71371
20526
20785
28241
71375
33429
47164
60185
25157
49580
50226
59889
20394
22231
28366
21043
22986
45865
62541
21018
58492
68195
68197
22399
24381
68297
20699
20867
71355
21367
63312
63572
25477
41316
66213
69729
57780
59170
59292
65128
64163
30183
34906
53235
56703
20977
40351
50020
58429
31346
31380
48829
20780
20781
21432
24516
60386
69739
24530
52555
69291
69293
51065
51589
62564
21055
22958
47354
69744
20906
46944
47275
60838
28226
20449
20453
63394
20799
71161
28315
28316
35432
71155
28325
27029
27981
28485
40095
21447
32016
20429
25245
25793
69758
28041
28303
50603
51476
20494
27954
27980
62950
24417
26995
27013
65737
24417
65737
70301
70338
21582
40894
23467
28398
61390
29290
31857
37012
60189
31895
60182
25471
33799
69758
37094
40245
20469
49338
25488
25785
45916
69756
30382
55400
25714
25899
27460
20439
71163
21661
56881
56895
20443
20932
36346
40462
20443
71130
48303
20580
40462
21150
29533
65283
20580
71130
20579
20921
32696
20957
28482
71151
68727
68739
20565
20916
23613
54276
20912
71152
20593
65970
25166
25758
25761
25762
31099
50169
52582
67677
20486
20912
20456
25603
38398
40579
71289
62430
20460
22491
23106
25043
25422
23077
25767
25770
62198
20891
71392
40255
51639
40540
51000
71040
49647
49714
20467
36346
71130
71132
20904
29149
24280
51120
51199
71296
61372
63214
21248
21808
69642
69646
25422
25764
25767
25659
34772
66205
23035
23188
47080
36191
41407
20476
23032
39958
65904
55733
71390
20570
28598
56894
53866
25081
34718
45873
69780
23479
68591
68611
20487
28304
28586
28482
60182
60332
50225
52461
54394
49787
51675
56135
28135
50066
60186
28385
60468
71137
28385
56900
56929
71135
57804
28437
28575
55632
71202
49540
49969
50029
54760
20496
28698
27968
71164
20499
23041
24475
52483
58036
34318
45867
46844
20505
54585
69780
20894
20943
71161
20894
20943
27968
20902
43594
45371
64788
20686
69778
50470
52307
59887
20575
20894
21328
33691
39841
28186
60322
49770
50234
51088
62882
50235
50294
50295
50490
52359
28749
29238
30434
28794
29259
66113
38956
39646
63011
71286
20663
44258
69840
27936
28909
51764
67240
67255
20587
40894
71174
71175
20587
40894
60469
23130
23132
55017
56665
22312
22541
23130
23132
20659
20765
45956
30488
37982
40355
64987
20615
20733
51892
20532
28352
20615
65537
40210
51295
61332
20742
20877
22927
69842
20614
56468
60239
61350
28297
28455
20805
20877
22907
22930
26891
71395
59345
71468
59505
60174
68232
68237
20653
60246
71354
71369
23075
25043
25659
20636
40807
47137
31341
61768
61784
20549
50027
56952
20864
28366
31293
61768
53915
57014
60344
20561
28419
71372
46583
54043
54279
39920
40162
71571
71586
21341
54368
60161
52860
42943
65969
71609
28453
60113
63426
20554
65512
72040
72107
34560
38408
55944
56066
20886
60395
71352
20558
20951
49550
30204
49569
20560
20879
60246
71356
20832
28576
71048
29602
40231
20772
63594
20828
71136
29415
50483
61604
32711
51373
56892
57438
23098
24815
69842
69843
50252
50452
51373
56892
57937
54862
28578
40398
56008
56974
20687
49960
50937
50941
20799
39128
25112
27143
35041
62647
60469
61604
46646
54082
68509
27955
61798
65286
71145
35989
39159
50429
50689
22933
23063
62503
57999
58896
20907
69833
20831
22529
45629
69844
25702
22744
56700
69782
72324
72325
20738
45867
46805
69783
22703
26220
44232
20594
20657
46852
20776
54303
20739
22692
45829
32162
41438
50170
71108
20816
42593
46015
64936
20816
42705
58171
64936
40091
50447
51648
37686
45831
63979
36739
36840
37841
38241
26163
26667
43072
50153
33902
36399
36465
26190
63645
32351
43331
20812
23903
31849
37199
50210
50914
50966
57105
60235
23896
51743
57146
69431
50210
50966
71046
71444
71377
28241
23752
28186
25809
43331
54304
20750
21703
21989
23530
20750
21703
23331
56791
20690
25659
25768
56669
22717
44096
45911
57737
35415
45629
69844
65543
45142
52971
55768
57498
59415
20635
49508
20630
22870
22890
20630
69888
69894
24039
57925
59010
22851
27599
61697
68420
68435
52631
53610
58410
20770
62398
69894
50484
54558
58641
68746
20636
61336
20638
50403
20845
28251
60269
61759
23839
61817
62551
71305
23573
43346
20643
22297
31764
60164
56988
72003
72007
28418
31764
31344
47605
57880
68805
20872
47605
54057
65279
20649
31758
67766
67777
28279
30633
38885
28419
60164
43577
65382
61222
28277
23677
49845
53037
66337
66341
51014
60267
71252
45905
46890
40615
51113
57212
59006
47293
69845
24039
29004
57925
30118
33850
47740
64532
29949
60642
73007
25074
37024
20685
44385
46700
20666
23406
36904
37036
20839
67953
60363
65212
65537
23936
24037
24198
58291
52571
52576
23600
24853
48000
58005
20743
20697
21065
23002
69733
20861
23031
46821
69782
36761
36878
56341
66599
52998
55475
28520
45825
46072
62500
65647
20692
46309
68761
56966
61900
40212
41119
51765
61311
22881
26220
25696
40419
49770
54273
20863
57455
69778
40118
53206
20830
33548
36241
43052
57131
20836
69779
68043
68044
46454
60758
37946
39726
39887
67929
20695
69127
69131
23924
47605
60419
31024
46035
59527
24485
45852
49010
71355
25150
43743
69809
24791
38586
45132
52848
20710
71247
20766
20849
71403
20940
49815
23112
24897
69740
69741
23402
30120
31480
60358
40181
42085
56986
71254
59673
31340
48061
49841
45216
58628
68739
28584
49691
49842
57091
59092
60358
20715
23646
31755
63382
64730
67762
67779
49472
56172
51304
64128
55872
71362
71363
23808
53459
36601
69740
22959
46945
69744
57542
68804
43734
56774
62415
65371
37269
37423
38749
41358
20822
45162
56789
57541
38889
50261
51359
52717
40053
51785
20729
64587
69379
69386
22005
57040
40064
40564
71266
39899
51252
59127
63343
68728
28564
51624
21926
24024
68829
68836
21698
21885
21926
24024
30750
50392
51726
38779
40189
55453
63679
69844
20907
45990
69833
28422
31990
38945
56034
28422
29498
38945
67816
20765
22681
28785
49684
65876
39529
61894
71284
71285
30750
51047
61817
36026
49985
50085
20840
39761
68840
49985
50085
52834
58958
23329
26499
54108
61353
57921
48762
55920
23898
58568
49690
49943
51074
56004
49558
50269
71036
71053
25291
26210
39894
55828
63697
44240
46606
68526
31320
39482
51231
51232
24216
57874
49582
49850
50276
50414
29696
49814
71402
54453
68536
35988
20768
30748
34330
39654
39740
21527
24092
68916
22853
61704
69895
20923
53412
70256
70267
23850
23859
59428
50999
51199
51262
58474
56660
62236
69895
45133
50148
41862
44320
49554
49903
51066
29843
40438
53699
68900
68902
28226
49910
71400
49617
50086
51074
71302
20785
20962
28564
20787
62876
20962
71375
71381
21323
21480
68374
68376
48639
49473
49993
70819
45061
54290
68532
20958
51099
64597
71086
36165
53310
28087
47234
71158
40713
51113
54419
71095
22120
53156
52225
60443
20923
27056
53412
38019
49747
71074
71075
60421
21255
21335
71157
29296
60552
50234
50442
50479
24000
25295
73267
28605
50240
51076
71097
20820
46748
69846
64423
31525
50437
61333
71092
50980
51370
53938
51215
49518
49905
50343
71301
20857
20858
42427
61464
31929
39252
40223
40669
73193
73194
23550
51672
59560
46039
66105
36618
40555
67674
50026
50275
50475
50923
20937
28563
71139
22655
56719
69832
22815
54520
56459
70455
21486
23479
44935
49949
50083
50315
50398
54817
55597
36264
55685
55787
61898
31308
40547
51427
71045
71138
34395
50073
50326
34227
52809
33710
69845
50452
71034
58115
51353
65596
71493
71588
20889
45253
50998
61302
38072
69793
36627
45132
52848
23406
39686
67932
59669
51740
51752
31263
49919
49609
49713
50801
39334
64961
71385
60344
65443
71382
71383
26552
26813
27538
29696
71404
20855
30217
49566
57850
49606
49607
71262
71367
56966
71358
60366
49646
68525
68529
38714
39873
20935
41719
49654
20935
49568
28764
43694
62586
34318
46844
69783
70360
70361
22744
23031
69782
51164
71364
22661
48010
66218
69841
39276
49567
50314
28277
24803
25655
60707
69857
39919
50485
54023
71993
72009
46468
46509
47901
50799
60682
68730
38887
68975
20913
21142
39588
39913
71281
71557
49662
50309
35988
69846
68725
71371
29468
29473
54332
57614
38954
56978
71269
50324
50407
71530
71607
25852
62408
56987
61768
49841
50394
71249
71352
22960
39944
52344
55990
32131
71397
56871
60282
49817
50340
51206
60398
20926
28527
24476
61155
64326
20949
22485
22755
31997
39761
54276
54599
23982
28406
28513
49361
23820
25676
68026
68027
26697
39246
39684
40316
38451
39387
71078
28489
50442
50479
71032
50241
50278
50301
51076
21537
59991
27967
28681
44432
72037
72038
20907
20908
22656
22628
61133
22692
22404
24221
23605
25383
39167
46668
68511
68527
45061
61258
49549
25038
27427
28258
47483
63578
68531
34560
55944
67369
67439
23428
23932
62299
23039
43472
65216
69923
28295
33941
38016
42758
71142
71143
71142
71144
26479
59405
20957
63394
71151
28772
65137
23162
45088
57801
27502
69829
69856
49160
50248
22829
25295
53511
24280
55719
27855
49472
71261
71368
61572
22034
45202
50111
53522
59033
71041
71064
23433
49436
38822
49753
49754
49778
24757
27528
32204
54951
71163
49921
50216
68929
68940
21031
63450
28612
49510
49736
49775
65283
70599
70605
22456
22694
23004
28135
56503
49383
60401
65178
49755
50139
56967
30589
32134
38760
56156
50262
50267
69138
69147
24527
41050
52053
61392
61503
50526
51677
51701
22584
63468
70201
25066
68331
36312
40670
54625
38934
21535
50149
49537
49879
50131
50295
42298
45401
66016
68325
20968
21083
27842
54680
20984
21362
38678
62420
21036
21151
21240
49168
50641
53675
60463
30415
49040
50892
27402
34983
49021
50875
21104
22965
30480
30491
21023
21075
21200
70962
21454
21584
70930
21367
63572
68963
68964
50087
50932
61079
20982
49047
49060
60485
30909
34305
45832
55474
26476
41286
42851
58062
21324
31151
34808
55038
21172
30897
49179
22947
49475
68858
68859
70921
70922
43195
49860
50106
50286
21009
57179
64062
68305
22481
32732
34295
28331
49281
49284
50481
21004
42520
49661
21005
21331
50007
52355
23125
23476
49397
21366
45892
49879
49891
50650
57152
49283
50008
59394
69870
69877
22956
24565
69760
22952
43835
69740
21323
21374
21480
22176
21023
21090
56833
62390
69795
49174
56021
57078
62390
22995
28327
69788
69794
46028
46268
48616
48618
49481
49525
21158
21364
21546
27823
38463
51471
66981
66985
31544
36097
38635
41834
21160
21414
21599
21047
21102
21104
70200
21012
21364
57108
70928
21158
62910
21338
21498
60521
62444
21015
64805
65102
27844
61791
21159
21203
51528
70960
42946
44751
45725
24527
41051
52053
23967
25750
25754
42746
55656
62697
39532
69732
21071
70944
21026
21028
64045
64721
21026
21028
57293
59972
71556
71558
40552
51753
59462
68285
57610
65272
52373
72223
72224
21034
67027
67028
23107
45535
21043
45865
60719
69746
60312
66106
31635
38540
48889
70878
21083
21191
21091
21094
70940
21074
23089
23090
27594
21106
21108
27723
60466
21132
21108
49416
22965
44873
46859
69732
31855
46619
68067
68129
35832
36601
69745
21596
23116
46244
61652
22589
22957
66219
21611
54915
57057
21052
49423
70713
21062
21355
56623
70203
72301
27522
60308
70709
21059
29905
49428
70959
27951
35832
46762
69745
21058
35839
54580
21514
22525
45840
54404
69030
21607
70709
21607
60308
29845
61702
67758
67759
44873
44878
22934
50709
51338
51409
21065
23002
23013
28327
62383
69794
21067
21077
21160
21155
70699
70701
21085
36442
66932
29905
49497
24780
58264
21091
21152
56855
21195
71927
71942
21075
21151
49500
21091
21196
21436
21152
49499
21949
23247
49410
21141
21155
21414
21233
28775
42139
57455
69778
27200
27205
27657
21523
27658
68557
68558
21240
57660
70962
70963
21161
21221
21242
35646
70573
21153
21154
32875
49391
21154
21249
29905
70959
21190
27309
57430
44263
53405
66174
21182
70943
70944
70944
40648
50746
63620
70707
49143
49406
60304
70705
21152
21333
21226
27637
49165
49404
49405
49823
51195
35508
48033
48447
63898
51442
56828
60476
60483
44797
49376
60911
49354
49355
50497
50607
21103
21107
21184
27892
22508
44873
70200
50688
66219
69738
22244
42621
52533
54993
43179
49396
21497
49503
50688
21110
48603
57833
70598
60466
70730
70734
29109
49186
50532
62943
21524
27571
28142
29468
21114
21524
27572
27797
29468
70726
27800
23245
29111
70715
29111
35305
37117
40632
46498
47763
21121
25007
25907
27791
30213
30214
67120
67122
21293
66054
36986
44664
25016
46069
48443
70639
23125
23515
24614
43992
58333
58725
21130
27803
45120
48029
49188
56825
26769
27152
29476
24386
62203
68665
21288
61291
22222
58737
59375
26503
26665
60509
49132
49408
70610
49402
49407
50571
50734
48749
48782
55975
70616
21139
27807
57988
41313
44089
56870
72388
22179
22539
49125
53387
24531
26337
56764
70663
39001
41307
41541
56041
21146
29589
21208
50746
57185
70707
21377
49929
27150
54680
62298
70961
49005
57156
21607
29905
21241
70955
27638
41480
27632
49391
56853
70708
34840
44519
57079
31045
21439
49462
62298
49422
52334
21450
27823
52693
39997
56160
49993
51702
57171
36844
39093
21356
21461
39140
70817
52350
52480
49304
49993
50227
70819
21630
24419
24989
33132
40038
41374
21438
21479
45601
60485
70875
70876
21174
57521
62420
21187
57322
21176
21194
21269
68114
21177
22911
21178
60625
23220
41657
48366
23561
56094
51605
70799
21192
56833
63800
21184
57322
21338
27904
55252
60511
25067
27904
60511
27311
50890
24419
24989
27005
60622
37366
52328
62388
72204
72206
21198
49500
21196
21436
52398
39023
48904
49285
70906
22911
40872
68115
24192
52713
52714
29063
56855
49370
62875
71006
71009
49499
70957
70962
37844
53663
58871
62740
31033
50881
32491
36957
56452
21203
48612
49071
57078
38624
70858
59891
64620
22520
55785
21207
21265
27732
70738
21273
70736
21210
21212
57613
57976
21212
57613
68151
68152
23462
24087
57995
42068
42071
42152
56152
42658
51341
65333
40947
41077
70966
70977
52207
55922
57071
22935
45927
70225
70237
21221
22346
22640
30963
37053
57168
21526
39030
39215
55617
21234
49418
53387
32054
52866
49123
49417
60092
21235
21622
70703
23157
24437
31532
21231
21235
60320
24457
47118
68162
21622
21413
21613
21413
43179
57170
70710
24186
48776
51578
30958
35497
35523
36073
38523
42104
42190
42316
21522
29422
21509
61896
70955
22658
49384
36314
49426
49427
50684
21245
38538
52058
21515
29422
21247
21300
65445
35126
37822
65271
50699
52158
35394
38047
67249
21423
70130
70132
48610
49074
67774
67778
41032
51595
28642
60552
21260
28642
35431
41671
48448
68129
68132
35971
41789
54431
56054
23010
35300
38454
55690
28316
38725
21533
56910
21296
21394
61889
21394
27572
27797
50686
27664
39951
48759
55214
55245
57826
57134
57613
22210
23211
68125
68127
56011
44660
45866
21443
24735
45446
48898
65403
31404
39951
50817
21533
23790
56910
50345
52380
49854
56004
57105
23084
54359
58049
21279
38863
52883
58482
21280
42821
60132
53820
57132
58482
21282
62972
37680
27352
62623
68120
68124
39211
48923
24366
68327
68400
26547
29133
48931
48933
21292
27853
21394
21396
32605
53341
24988
46093
70405
21293
27659
27791
53448
21524
29952
49868
27808
29458
57614
21396
55818
70737
27725
27732
70734
70738
21624
60195
42498
42599
42950
70391
21302
32635
35126
35352
46919
55365
23971
27785
59005
27408
38201
60196
65658
41940
46320
21309
30987
61412
64924
21336
55818
70737
27653
39018
39724
50718
49386
49428
50778
70958
21623
29027
39835
25802
53372
27702
38234
70794
21406
43812
70650
38837
47050
51128
39251
62896
21809
46174
56944
21566
27602
70942
22108
68833
68835
28049
28067
28933
32872
49267
51592
21360
57861
21477
21566
49486
68856
68857
53748
57825
66771
66842
21553
50835
52585
40728
50597
58815
37500
39189
50820
21332
31090
49282
44061
64039
69097
69098
48623
49525
52365
49533
49997
64597
46258
49499
39965
39971
71055
71056
28642
35479
71155
21541
27794
60331
56934
21497
50901
59385
70915
21341
22713
41673
28142
70727
70729
22561
24063
25592
22713
25998
58381
21347
21349
22707
25998
28340
31134
35325
35390
21350
21352
31231
21353
68592
21495
50457
63715
21353
68593
31600
32052
39271
39274
46110
48464
70202
49438
50016
70816
21358
24534
37680
21448
27786
49310
50672
53923
68339
68341
62865
21478
21574
57521
28043
31127
46318
52693
70929
21368
54602
68355
38649
65298
53173
28640
39468
56903
30030
31064
38396
39102
38710
70639
70640
38375
49306
49444
57092
21374
48884
49065
49336
50883
40002
62952
48205
56923
63131
64272
24178
46923
52086
69799
48650
49438
50602
21382
21595
28321
70932
21451
21453
38722
40256
51695
25843
27380
36097
21465
21554
21584
27607
41374
70813
46142
48259
21389
23251
23360
46482
49397
50550
60860
23955
25937
67446
67450
50642
50658
50659
56904
56209
63852
70642
50817
70735
22177
57823
72661
72663
21412
60538
70722
30085
38730
60317
64970
29044
70645
70647
60196
65658
67228
67230
21404
21523
21772
21787
27658
31133
40320
70592
57072
61251
71221
71223
28438
51557
52373
53215
65042
39181
62749
39953
70720
21597
49380
21501
23221
24372
38646
21418
21670
31133
24809
53275
56854
68791
25911
50626
52520
70755
21622
56819
49245
51425
51558
55980
56201
70849
27717
37731
51548
27624
34113
60481
49233
49426
21610
21474
46110
52581
70202
21430
48614
49261
49265
50801
44973
62430
62682
21575
42985
50492
56185
23244
23377
46364
29427
54609
59029
61403
70944
70948
34563
52351
61979
21466
52581
27150
60560
21442
41264
21470
44878
46110
58081
65403
68390
25529
26418
64355
59551
71225
21475
41059
70212
21538
22167
39358
50888
22395
63536
28684
61871
21454
65003
32848
48837
49304
28321
49457
21595
59942
21554
60278
70911
21457
52336
57107
22902
57100
68120
22610
56610
27786
50831
65081
70822
48848
49438
51697
38589
40844
67489
67494
41346
41811
70887
44167
50858
70799
70800
27909
46110
46654
50644
61149
62181
62441
30439
41436
41446
21478
21557
70923
70924
21474
21476
21478
21557
27909
21473
57107
58737
22939
40293
21475
70198
59676
70198
41091
21564
38678
30654
46275
22184
23163
57801
70979
48666
49030
49154
49155
25843
41759
23304
50621
51600
70864
21488
21489
55020
21837
21490
22707
47009
58791
68591
46470
51915
58902
23721
58817
72692
72693
25759
25924
70226
23184
24372
24580
62203
21498
62402
70945
70947
40770
54963
21572
49389
70919
70927
21608
30895
52392
60329
41072
47347
48925
59433
50778
50784
60304
70697
70708
21881
56935
68831
21713
28918
62231
32875
21770
21842
21873
21878
21512
65425
28710
46943
60998
68064
68065
21571
29572
54477
65117
68556
59354
27748
70697
21843
27658
54477
34977
58213
60536
68563
21837
68591
60193
61896
21878
22753
21863
54991
67177
27336
29262
25828
47225
56332
63551
69465
69466
27664
27723
27725
27732
23466
43000
21855
32668
38322
22018
22880
52906
68813
21977
55014
27659
70716
21582
21567
55267
58096
68816
64788
69866
69868
28003
31162
71176
21541
49429
60331
58109
63045
68781
70732
70737
60219
29761
30463
21997
59406
68781
64657
49471
61237
70929
27344
41136
50656
52009
21549
60714
68780
21654
59369
68788
25815
27486
54626
60276
62865
70915
70924
64039
21679
36111
59191
68788
73172
73206
38849
27714
35747
38539
21560
62718
68787
21692
68786
21562
22780
36369
37877
22798
66869
66874
21564
21579
21603
70938
21566
70942
52780
60718
64608
58070
68815
21570
22035
23836
24709
64125
68184
22018
70951
52687
41102
44727
49466
70600
70922
70924
32247
63391
65578
39035
38538
56885
70953
70957
51602
56026
70621
27908
21591
21595
27624
60481
22836
22942
23011
47920
71179
48644
51455
70823
34021
59941
60470
61545
70750
21588
57661
57871
23115
24773
59506
68471
58096
21693
22019
70822
70823
21594
57154
60453
22785
52906
55602
41784
51131
51196
60519
70931
70930
59506
63084
27630
70711
29422
70956
27692
35301
38615
44793
24767
54009
54012
21604
22583
58070
41167
41247
70938
53234
58625
38947
38952
27632
27638
54915
29161
70697
32407
49230
32407
40703
39134
41395
48724
27630
27748
27748
38681
41568
49070
51446
21618
63045
43469
68688
21997
51497
29999
48568
56808
57064
25639
26408
34562
29564
27734
30987
40514
51248
21625
70729
58532
61420
70487
21627
60537
72234
72246
50102
56920
23311
26557
48055
55386
21630
21903
24729
26988
24402
27090
21633
54235
58646
21635
47896
48993
60714
21998
42820
47889
48994
21638
26686
70248
70250
21923
26602
26677
26698
21702
21921
21942
26891
28266
28444
60203
21641
55204
62424
23427
53642
57462
22187
35181
21646
26950
70374
70375
21646
26950
46351
46443
21647
59369
35508
63898
59191
60545
60699
21929
33288
22055
23178
60626
61214
24577
27755
58592
68667
21653
21866
22191
21731
61420
70487
26767
41598
22269
26675
70011
70013
23581
23587
27113
70515
21958
23366
46232
58551
22022
22272
62386
21710
21938
21964
22022
21937
26748
62386
70269
21663
60855
21665
55698
62187
23592
62718
22016
54332
48373
55056
21711
21943
53290
22016
58532
21681
56316
70260
70261
24458
24459
26720
31252
22249
22254
22003
32307
70286
22003
22253
22634
70286
21680
27093
37719
70292
21811
23319
38293
22324
22445
22618
33904
22003
23521
26669
22001
23521
64229
70287
21694
56899
23593
60855
68787
21685
70295
35045
54459
21811
23319
60572
21685
21686
37719
21685
21687
56336
70295
22612
21687
37764
22128
70279
21689
21690
37719
70292
21691
70281
21695
21829
56334
21695
21826
22012
23640
54833
62718
22625
22631
22785
23661
21706
21699
21701
21706
70263
21700
55163
21702
23189
70248
22054
21705
21707
26652
21705
61078
70296
70297
24569
24614
34243
68669
22273
21709
26652
64899
70263
21942
22015
22273
70262
21829
66027
70263
21954
23618
70272
22558
68594
68597
21937
22017
35998
22064
66710
66782
21716
22054
21719
21722
21723
70270
22737
53082
53084
21719
21720
21726
23320
33687
21722
22021
26640
22042
22061
22142
70254
21941
26748
33687
21725
26601
30044
48111
21797
21915
22156
21827
53412
21729
24130
26722
65620
22669
21753
22058
21732
22189
70476
21857
60195
61727
21736
21774
22069
26706
25431
25950
27685
49409
21737
21738
26706
21737
26605
70470
23303
70482
22046
34898
21767
56925
68828
68832
22054
22072
21742
22669
22588
37057
26701
26841
26942
35266
21852
47167
24209
27727
48683
38450
24463
24556
58630
21750
26479
33591
70514
60569
70508
23587
33591
60569
21754
22588
47791
69424
69435
22820
23233
70512
70513
21760
21775
37858
21760
21761
26733
70489
21925
22988
23301
52623
21775
21862
22175
26762
21928
70472
21775
21924
22047
65492
68771
21866
21875
21887
60781
58564
21779
21880
50984
22073
55807
61001
63576
22056
23535
24387
24670
26269
65586
22187
35181
38350
21772
22065
24948
47770
56627
23426
23443
26453
21928
22068
70470
21778
21788
60590
62359
21842
21861
54402
60523
21784
23298
70495
35146
67469
67471
23309
36277
58643
70499
22160
23309
55180
21783
21785
23447
21784
22160
70493
21785
70495
21786
21788
21789
60595
23529
36129
44796
46148
70466
53436
58213
34075
35802
52776
46240
48313
49188
70464
21795
23386
23439
23576
21898
33250
70510
42155
44934
70449
26601
53407
55264
56755
26437
26445
52101
21935
26984
52904
57288
23239
60569
45069
59251
22453
22553
50769
44207
44252
70512
70516
23334
33822
23141
23146
41123
49892
53174
63700
30588
55965
66952
66953
23609
47922
46167
59059
69716
21817
24016
65905
23774
33980
45073
56677
22123
56315
25335
54365
72897
72959
23322
26140
65669
22010
24061
44500
47107
53622
70245
26223
27153
62128
68432
21822
26672
57873
71957
71953
22557
57856
69983
70017
21943
44917
65235
21921
21939
27002
21828
23189
70281
23320
70267
22012
23363
26128
70292
22013
22014
22146
23373
23470
36028
54533
61254
26979
54402
22652
70012
70013
23705
23740
44681
45476
21939
22015
22017
21837
21838
23479
64689
45315
46429
47704
72792
72793
22592
34596
57998
60698
23524
58084
68555
68557
24345
56116
65261
42087
23221
23476
24324
58592
22028
27056
47537
54418
51846
54565
58919
58203
69233
38583
51432
63968
65240
40297
44703
60505
60610
48703
50716
52683
23271
27662
70476
22689
57271
68568
68569
22561
68557
68568
21878
22685
22753
21867
21887
70490
44713
57354
67120
36310
37502
41977
46093
21867
26762
47788
59406
24120
31632
33261
64928
24145
40885
22818
56899
21881
57000
68521
35170
61280
47442
47496
53041
60482
53593
58480
57000
22059
57885
35138
35143
35146
59678
21959
56925
25445
26339
26632
27560
24120
57213
22189
23270
23274
61727
70474
22188
25729
28208
23551
26707
46358
44739
48008
60942
21931
26588
70497
23493
23537
49244
60316
22488
56545
56665
23493
23537
39341
48996
24372
24580
38190
68672
56817
60601
67404
67416
23312
26906
46392
37813
56827
70510
23386
23638
37813
21901
34858
27690
23550
49510
50289
56907
24384
27090
23587
26628
27690
43704
50692
21907
21908
22158
23233
23386
23439
23439
70512
23309
23571
21911
21912
61626
22228
22820
23291
23291
36277
70493
23583
46577
55180
70500
46451
64067
68744
21916
60173
47540
22091
63601
70475
70548
21920
60595
60630
22226
55180
26606
26686
61078
21923
23568
47540
26733
33367
23302
45103
22056
23535
59910
60029
65442
26703
70472
21930
42410
33233
23418
32988
70468
22073
61001
73087
73097
30789
56093
65653
22211
36084
42727
46135
22041
23398
60062
22254
68389
68394
21941
22145
57311
70272
21942
26647
53334
63278
64435
22024
70250
22558
65434
23460
24386
34214
23306
30126
56276
46126
53175
58325
68757
22015
22129
22273
22622
59360
60609
60756
23244
22616
43628
53191
57318
58638
21953
23645
57318
23320
23540
70270
23504
65996
67505
67506
23352
24273
58198
66069
22581
24195
53994
44984
63086
47519
38928
53177
54540
21962
57318
22566
22615
22023
37585
23399
21966
35259
22255
22259
21968
69706
69707
53563
53243
55978
22255
26499
21976
21978
23325
56315
21973
22255
27093
22000
70293
70297
35259
60582
23325
56336
56791
70295
60875
21988
56336
21988
56315
70277
23496
60889
52959
53359
68808
68809
24165
26383
35561
22305
22339
22610
33907
23592
23801
24043
51986
54344
62713
72405
72408
22004
22245
59352
64902
21993
21999
21990
22252
47522
21991
70290
70297
22000
22252
48339
61222
22137
23527
22264
23527
61164
22257
23329
24033
51546
65905
70288
58646
60545
22128
23527
70277
22255
26113
22284
26669
70285
32307
70284
70286
65884
37545
72122
72126
51536
64587
22264
37764
60626
42501
60080
65977
23506
26552
26968
27020
54042
54568
57364
22108
57288
64660
68833
43449
23389
35202
22024
22142
70252
60773
70488
70727
22145
23837
57871
45072
45214
45972
22027
35202
23540
23751
22146
23364
34858
37429
54986
68736
23175
23394
26640
23175
23615
60816
60005
23483
39060
46057
70370
32469
38566
55972
22040
32700
39759
23958
45866
60775
32063
23838
57288
64660
43781
47865
56267
70358
40413
46622
47435
38311
46351
70283
70285
67317
67332
22043
54255
22043
46672
23398
54272
68760
68778
48061
22171
23303
61874
52835
54850
22051
55211
55268
55577
25729
26557
64048
22052
55182
55577
72608
72612
61367
71337
71339
22056
60780
70279
70280
22072
23635
28208
33367
47791
53258
57777
23491
33502
44135
52835
68834
34969
48035
37417
22168
48403
58245
45360
46090
22202
26705
47797
22069
26703
22075
26703
37858
53753
22202
47793
47794
48073
68832
68836
56281
32990
36156
22192
47777
57579
57867
22161
47775
59161
26918
70480
70481
22171
23303
70482
70483
46329
46367
46370
46497
33390
34213
34335
45243
27297
40364
47783
48024
29151
60299
65058
26581
47200
60807
60810
30760
30825
42839
45982
22239
23563
64067
70504
70505
43425
44999
45147
23246
22826
52876
69115
69217
22826
48490
52876
53978
22095
22096
51821
51897
51989
52484
58027
58027
71496
71497
38402
67060
48100
48101
57786
22557
47692
47694
57856
46509
48616
42898
46028
28151
61658
67377
36129
44796
45120
37656
48103
48114
28589
30641
41097
66993
42340
46240
48313
54926
42373
43245
23859
23936
63118
42836
67028
22224
23591
48306
35166
42159
42177
42127
42142
42212
66070
68533
26595
60633
70516
46029
48483
65595
23238
23239
37813
37684
48107
48110
48111
22120
68535
68606
58269
22132
42537
46558
48256
23247
23354
58776
64159
23322
24016
70287
22670
48338
70291
45959
68191
68198
44557
61448
65837
22663
57879
70260
70262
22264
70279
22274
22663
57879
24235
27043
59528
47681
56678
42097
42113
45980
47648
47961
48534
70157
42960
55571
65429
47700
47724
48223
46382
46559
70152
26140
44498
70213
31609
37551
70150
42278
46388
46572
70208
70214
35202
70254
23313
23746
58059
23504
35073
37700
65996
23364
70269
61177
42779
42808
42812
42825
49405
52411
71292
71293
47997
47742
58781
70158
70159
46399
46433
46517
70421
45946
56322
57138
65291
47304
48810
23585
26591
26987
31891
34221
35257
37683
37684
60373
22165
57163
22228
47886
47892
48083
23447
36277
35886
48030
48123
48437
52531
42934
68210
68212
48121
65908
70432
70433
22315
24565
60386
62252
22314
24329
26470
47770
48320
26939
48077
56639
26733
70489
24892
35187
35114
47768
47769
47890
46644
23393
26634
44881
58233
60792
70490
22182
60231
24394
41406
59510
26616
35335
39029
57573
70689
26713
28853
37409
56831
26940
70952
71025
22183
22184
22424
22426
68374
56920
65835
48121
48420
70433
24453
35153
57885
60751
60781
70476
45461
58726
23491
61420
48081
57363
57500
35084
42410
47774
43140
65173
22533
58093
52593
59252
59268
22778
57042
55917
57948
60955
60960
47912
48286
53746
36829
44761
44765
23297
64878
64809
23025
50472
50477
55916
22207
23218
40463
25720
29783
42336
49238
22209
22210
23211
26615
40436
42836
40293
42106
51307
46050
46329
70360
49504
60488
22215
57082
68155
68156
22215
52343
55990
57082
22960
38812
69725
22230
23235
65345
22918
57048
57090
57662
37740
58069
58737
60590
60770
23635
26888
47792
48080
68126
68128
26605
36156
70468
46427
70414
31533
64627
68141
23298
60590
60748
35257
37683
66802
66804
22230
23235
69271
69276
53550
65289
28265
57039
57091
24315
41264
57202
59375
68124
68128
29317
33332
24389
44526
58086
26430
44926
46518
22270
42162
42314
26437
26445
51970
23573
23087
57772
59114
27064
60240
52473
54008
69406
24291
53797
61245
37545
42906
44255
70237
22257
22670
65725
22459
51217
51536
57040
53019
58181
24301
55088
43211
26499
61192
22618
65884
50811
54587
33526
45907
46035
69735
22283
22284
23525
26472
72975
72977
26113
48222
47961
48242
26501
46949
47725
70207
44833
56620
70245
26127
42223
60780
33632
46212
46386
46521
23580
46515
57230
23602
46434
48487
26906
46390
46401
70416
22324
23999
44623
56345
62263
22272
47157
35998
26448
47157
33643
70517
24720
33383
43305
45270
70521
70522
22560
56964
22560
56964
72515
72517
27040
47964
43461
72336
70258
70259
26669
39770
23299
65725
43245
53229
64660
22287
25272
60730
22334
25921
34402
22406
23681
49419
31717
33815
35455
40979
22496
60386
62252
64179
22292
57266
68345
22293
68346
23007
59549
23756
23761
68230
23071
23659
61809
22297
56226
56960
49919
43056
57342
58121
22539
60461
70689
70690
22539
27807
60461
47682
47691
47933
49641
22807
22874
56688
70119
22337
22554
70019
70021
22306
22307
22562
47692
52650
22556
70010
70021
22452
22556
34823
22442
56556
61685
57850
69271
22830
22316
22429
22504
53057
22316
22429
34408
22315
53923
57843
68339
22315
23043
57843
22675
22968
22318
22319
22622
22320
70020
70022
22320
26386
60609
22882
26355
22322
73138
48072
73136
22330
34921
54520
70011
22618
22634
26400
47719
65008
69797
47666
47948
45921
70209
37780
44251
54355
57730
22624
34926
42025
22360
36871
62157
60074
68247
26350
56711
60704
70044
70046
22611
72017
72083
22337
22449
22554
33906
22556
33270
22622
35665
46765
46939
47259
69751
22422
22448
26373
52347
26936
70012
70019
57224
60977
22346
22687
57224
22347
59230
22348
22499
22686
59230
68153
71562
25323
25513
37428
39933
22351
67409
67482
24676
59071
64799
38388
39614
41768
22354
38395
38847
71324
37294
67946
28273
37308
38420
22357
28754
38245
39568
37997
67682
56706
65008
45953
64905
22420
69990
24178
26077
47342
56605
33643
47710
47997
22632
23593
24043
36111
25389
53909
33631
48010
69841
69860
22687
57223
62211
22387
45987
63578
22400
22469
59626
61840
22400
22469
24188
35401
22495
31474
34048
34834
34679
34683
34687
44938
57958
65275
22384
22497
45634
22375
22468
45346
65146
22504
70091
70128
34803
47854
56030
22713
22733
46990
47169
69118
69120
23065
23690
54581
60840
22525
47311
30280
60740
22495
34048
66459
66461
22693
46902
47614
69886
62527
70094
70098
47589
48825
48893
35588
46909
47390
23446
45971
25827
47177
22810
47757
56821
70154
22466
56676
70132
26235
34789
37219
22394
22395
23142
37850
43589
70127
70128
44754
65558
68393
37519
70129
70131
26057
26083
38571
68043
22719
25497
69836
68295
66312
66316
29197
35817
42992
45533
22486
24076
52153
34803
37708
47854
65980
22925
25816
40788
46686
73054
73055
22653
23848
25790
27383
63964
22532
51233
58596
68392
26298
73262
47874
51822
22418
23818
62084
22882
52050
70021
70022
22416
22868
56739
56751
22417
69988
22841
56739
22598
70121
23059
32760
23055
23079
45793
63670
22582
26176
33873
54176
60099
22423
64913
22431
56357
22426
22992
58175
22427
56431
68375
22876
30645
69442
52092
57840
58183
70091
70093
34501
46597
56260
26379
22918
54898
57048
57240
40714
46246
47384
50024
26257
55328
31219
57933
69020
69023
25991
26051
26056
59744
24489
37270
37535
58545
31414
47462
53802
41844
47831
22450
30271
62683
70213
43086
45294
46597
69768
31903
40288
45787
22712
62077
32240
32547
22609
24215
26147
65177
56623
62029
62355
56440
60660
65553
22452
23935
64566
70199
22952
43835
22454
50770
22553
63810
46173
48401
70150
25528
59733
22805
26304
61208
22534
56427
70129
39856
50034
52036
31452
31655
33534
22481
23017
23023
27993
26167
44126
49577
54007
25684
30948
53994
22465
23928
60711
22467
26270
22714
22936
56692
61039
22504
22675
61039
25631
34566
25480
25785
52896
30709
47048
34270
35693
22884
24233
54362
57911
22758
47626
69356
69357
22477
22765
64166
69789
22758
38426
44456
45385
43771
62302
69926
22513
43780
44440
45358
22585
34394
56554
51999
52002
52152
58116
25549
66206
69790
69791
25528
69730
26047
34066
34394
61348
47597
48893
47538
23283
39580
58971
25769
69806
42194
65344
69929
69994
22715
30803
30866
55693
47608
72406
72429
34036
22700
22702
62527
47195
69902
25346
47057
47439
43493
47016
69818
43238
69867
68330
22506
60253
22901
23104
22957
44878
57039
57091
71365
71383
63697
71321
22512
57227
57942
45583
57943
33421
69865
22739
47007
70120
22517
22993
70126
59891
22812
35611
56692
22938
52523
73060
73064
57976
58009
52144
22522
26174
55785
57971
68148
68149
22524
22527
60831
61068
22526
22955
54297
68065
22528
26266
22528
34042
70118
22739
70120
47439
63679
69844
22582
26077
69786
43782
45378
45425
59991
22533
63536
24065
34787
47581
57834
57124
57726
65310
46374
52135
22830
57860
68347
23212
54368
22544
22545
70092
22599
56993
58092
23729
23732
73226
22547
34408
70090
22547
55274
56664
33036
36648
57172
57743
24072
26262
22760
34146
37365
47692
23517
22551
70017
70020
37365
52650
54356
58038
65125
68345
69085
69102
22882
26355
26350
56711
69978
69986
33907
30699
22562
22563
24023
26416
22691
58203
60750
22743
35966
60750
22565
22862
56747
22839
70014
70018
22766
22856
23775
47332
69835
69898
22572
60652
60845
61434
22571
42642
22572
60652
61100
44901
54562
69980
69981
30309
44865
56980
68199
68214
22801
34468
43256
22936
25689
60711
70125
22578
22944
35588
22643
24062
56422
22805
22807
62153
24195
46883
69850
22723
37210
25348
69990
23019
44284
58569
22953
24874
66207
47589
22587
62060
28587
22689
57271
22783
24874
66207
22591
58237
58239
72761
72769
22684
57388
23715
54313
65892
57513
23102
23103
22825
59651
60002
57418
62082
73010
43975
56748
22679
22691
56953
23074
23786
23884
33783
34632
36383
60076
22604
24015
34292
52689
65512
22751
22762
60738
22606
22763
35057
61073
68789
69031
23683
50324
59659
22967
25799
45862
69754
33904
56708
60756
65302
56336
41154
48439
48958
28557
42234
23390
23830
57213
22766
53191
57318
33801
56708
41839
66204
41240
64081
44820
23805
23525
26472
51216
22994
34921
37769
64615
45849
46766
56617
23702
57263
65649
27021
46951
60838
26332
46706
48110
56333
24029
37400
54460
68793
68794
23570
23645
60791
70288
23825
60825
36092
37705
22660
23098
24815
35717
39200
58961
63682
43043
56847
61070
25583
69656
69657
26425
32325
32657
66577
22720
26034
22741
70130
27794
56911
62726
37413
39038
56032
36750
50274
52956
35588
47611
69837
23705
23740
63690
45843
47000
52463
45745
68179
68181
44612
47348
23681
36937
67981
60959
22900
22930
22900
45990
50586
52874
56866
59453
25346
39944
22802
22803
41857
22681
66199
23098
64000
69843
32011
56316
52093
54421
58130
25961
57592
57799
68375
61867
70229
70245
29034
29561
30010
31210
25664
57911
22672
22673
25358
26238
30289
22824
34630
67176
67177
29613
35650
60826
65676
22693
46902
53847
23769
66145
26333
56997
58092
68567
71954
50456
57056
71820
71821
22913
35520
40686
45696
24082
70089
70124
57998
70095
70102
60523
68559
68560
22687
52332
22690
34845
37298
25592
26335
24063
46031
40738
36609
47165
22987
23002
22709
23078
41439
45785
45835
59380
69434
22732
24064
58828
61144
48074
60760
70380
70382
28235
56645
22827
36604
22705
22706
60793
69734
23926
45902
69889
22913
22915
22922
66198
22828
33921
22828
45887
69735
58791
22711
22787
22914
23866
45434
53676
53003
58279
62591
22788
69829
30226
65850
67749
23928
33868
63477
65680
23001
23200
57284
68585
44247
69804
35588
47390
69837
22811
24065
47392
33421
44422
44440
25497
26242
46894
69836
22981
35434
24813
37219
22727
22812
34032
35611
22726
22728
23040
25550
22814
60824
70126
22730
22950
26268
26235
46994
47013
22731
23040
70141
26268
66100
70146
34078
62279
68598
68599
26507
30168
48756
65990
23147
26304
34785
70118
53441
71939
71951
22955
70131
26266
45286
70099
70101
22944
43589
70127
23958
26408
70008
23033
57674
25606
25625
64204
27198
27532
25477
25528
43609
50561
24468
25526
25527
43423
22750
22855
45789
70031
41597
44280
22862
34711
69979
22767
48835
56613
58580
46972
47646
62271
63530
23003
40435
60609
25745
33203
34735
34746
47564
53372
34733
34748
22905
57856
27815
29310
60695
60875
61073
70016
70021
69731
22861
43628
48251
48261
61067
45938
64402
22770
22844
51364
63766
26382
68871
68886
33887
46962
68958
68969
26993
63563
68247
37203
54999
69981
70018
45507
46961
54536
46830
47342
56605
57094
36148
40043
40739
52933
22798
36255
55573
22867
45673
48153
43493
69818
62681
70201
70911
70912
22880
54460
23037
54585
57659
22915
69828
69829
24223
69831
22916
24815
40423
69843
24022
54558
58641
23670
53471
68820
68821
25188
25334
25730
69925
22817
25295
69880
73267
22797
22919
25474
34511
22902
45430
63767
22840
56752
69985
36370
39677
42974
46722
58511
66132
23194
45146
63968
46882
69847
24070
44896
24070
68589
68596
22920
45761
48038
22897
22898
46878
69787
22897
48153
48784
59949
60826
22816
57839
69879
46429
48518
70171
56422
69836
22814
46744
46747
47014
47678
34038
44969
45289
46862
22829
37820
69881
22829
25282
69881
68790
68794
44240
46245
46606
49866
23442
45494
68532
45844
52517
52877
53342
22825
59651
72541
72546
68565
68569
59650
47041
29863
63658
23275
47232
37819
23046
23302
51959
52113
60121
23154
46670
52115
57813
25186
25625
63695
69909
28415
59167
22843
69922
23518
43949
34244
52063
54448
57159
22869
34814
56357
30732
56747
59360
22866
22919
22954
69988
36671
41326
63617
25188
25712
26382
52479
54475
27371
44951
55505
62965
25181
36147
45721
25490
34146
56609
64904
26375
27828
33792
57232
60704
29654
29691
62380
66507
22854
44232
69888
22853
45845
56268
41448
41448
69890
23172
70016
22861
23830
35374
39200
63682
22964
62072
67909
67910
54877
55023
58161
60732
57669
68830
68835
34292
70014
73263
73264
31071
43095
49871
22866
49089
69986
22894
69985
23870
45757
70004
64913
60652
26220
44232
39392
40642
55080
56341
23906
63740
69831
71111
71127
45761
48038
69984
46935
46944
62520
56431
65175
72830
34735
34746
66734
66739
25583
30963
48019
51951
26421
34292
40686
70014
53229
22889
69888
22977
26394
60677
70015
22887
49104
43313
49121
72157
22964
38306
55692
62072
57911
68588
68590
24513
52622
54029
41872
69830
40738
30450
43576
61443
67564
26154
28341
36212
45447
46649
47335
69827
22895
56751
69985
22919
34511
56739
60648
61096
70119
34042
62153
70119
26385
45907
56642
56719
22902
57043
68373
68377
22954
44433
60726
37365
69737
70017
45671
35988
46745
23059
41439
68031
38386
59539
44231
45318
45526
45652
57958
25738
26439
41210
41401
22927
24815
22915
66198
22916
27502
69829
29301
29454
56407
60733
54420
57236
23870
25474
22924
40788
66198
22924
22927
69828
45761
69984
22925
22930
69828
23911
34966
73187
73215
69842
46984
56534
69885
73265
38353
55684
59142
30964
30971
39774
25810
41877
60862
56456
23890
51412
68888
42574
44255
45445
23928
70132
39364
67949
67950
50114
59786
22940
26302
59256
22951
45983
54005
25572
25573
25673
49412
25074
35985
57443
47611
62300
34747
37170
61704
62398
25931
54624
48545
23122
30537
54329
22993
26344
56676
56692
26348
26302
68121
68128
23112
66214
24867
49089
22993
26344
25731
69760
24867
22962
22966
22962
22965
22966
39947
57112
35504
46000
69680
69708
46945
23142
58078
31336
42913
69744
22983
69754
23130
26236
26285
35605
66364
66369
22973
59762
60696
25648
41599
51465
22973
59377
60696
58892
59918
22975
22976
38876
59626
22978
66257
66259
22978
34557
60877
52050
27597
22986
39532
39623
62541
23754
23865
62278
35650
25650
26285
34481
35605
25795
41746
65176
70913
70914
24140
25526
69729
29448
69730
57163
25588
45618
69798
22995
23013
28327
43415
25591
35517
44100
70131
42025
52043
53040
57482
25928
26195
27949
38573
27992
32937
46641
27922
47230
48513
59011
35172
23001
23005
23008
24074
23004
23004
31024
23008
24202
61089
23008
61089
68585
68602
44121
56231
54450
23012
25221
60983
69790
38313
57075
43949
68191
57482
69788
64041
62228
66846
66850
23022
23023
27993
60983
25240
69810
25548
69790
25429
47021
44737
58070
23315
25429
52317
57306
57632
59685
25859
25547
26020
45908
53737
52202
52295
65510
36854
66571
23029
23038
48933
67168
51133
52160
53115
60674
24053
26547
33515
53028
69639
69640
23033
35070
39952
55733
46770
23690
36355
43438
24457
54493
57467
23256
45572
47077
61144
25081
24053
30260
70774
25977
69919
34032
60824
41770
48221
58841
64038
23045
23887
54506
23045
23361
23887
52087
68340
68358
57860
60441
48221
54592
64038
25133
32870
63897
69839
41737
44989
68366
54774
55781
32165
32635
30882
30971
31534
68299
24545
26782
65327
23092
41324
63187
32491
34836
35975
23873
68137
25234
45606
69809
53676
68032
52847
69279
69280
60611
68094
68165
25085
25883
69919
45572
64941
54289
60999
23690
51820
53355
23069
45026
68401
37613
68403
61861
65873
23847
58502
23829
40733
45458
68031
23909
26063
27881
49411
23959
23984
25969
23106
38786
63488
28120
28234
38709
61824
61142
69805
45442
62579
23909
27845
27881
63036
23813
31068
41190
68028
39631
55139
56681
45698
46637
31693
45983
68122
23880
25264
28234
63663
56061
63698
59158
70941
70948
27892
46438
23817
41324
68032
62084
23791
23794
53128
23107
23111
23956
40722
31801
34337
66199
23763
46007
60074
23637
63406
67980
23102
23741
59058
64073
63161
58081
65403
23769
23777
53986
25049
69806
23110
45322
49412
45655
45959
66145
23789
65686
24516
24561
30817
67375
30583
54359
59256
24785
61652
68410
63524
52336
65335
46601
55176
48118
51119
65180
23213
23414
45276
68131
68123
68126
56698
63647
68579
52469
68133
24616
23220
58053
68114
46198
54419
57188
71094
71095
56545
23862
24095
24451
37029
70092
70093
23317
24035
24413
23159
23345
62074
24201
35893
62454
66366
24451
64604
68615
45562
63874
65608
73025
24313
37850
52445
68403
23141
41120
35089
40215
44754
41265
47851
71766
34892
37915
37962
37761
37950
52840
24269
24509
40937
26307
34870
70135
38996
51518
24502
62442
23185
50144
63501
65543
46522
54271
23155
42545
65938
23156
65863
58238
65820
65938
24156
63117
33321
42422
44452
55482
24519
68632
68645
24025
24044
23164
39704
24371
23165
43469
46186
45196
58552
24172
60392
24156
24420
50457
68619
27038
57996
59935
60285
63397
34706
37913
40200
40958
39624
39934
26394
23603
52252
60816
70257
23330
24409
32855
36790
23280
23487
23510
70253
23178
23192
55603
70282
62480
70280
23180
60780
70280
26663
61164
70278
24096
41853
54157
23183
24536
24551
54157
23185
63117
46203
58563
23327
24263
65847
68615
23249
24324
38646
38655
55927
68167
23321
70248
23205
24463
63111
34744
52903
52913
23363
23388
70282
23697
56985
71948
72003
50586
56877
23225
26785
60595
23498
56340
60575
70249
23200
50027
68585
68587
23510
56802
61215
64842
26744
27119
27765
58306
23212
45719
23202
56857
23209
46273
23388
23505
23513
70282
72233
72303
62419
55917
57948
72563
72567
45688
69678
69706
23209
45215
62442
60854
63632
24659
68685
38330
57084
50027
68137
23249
38646
24475
52483
68170
52647
23279
46259
56116
37740
57650
40158
40190
23414
63393
63129
36828
23224
69325
69327
35206
51050
70495
70496
45411
23279
24580
56116
23231
56181
58026
29864
41266
72910
73219
23299
23331
70294
70296
45576
34934
51307
23284
23640
68786
68806
26580
45025
55953
62022
40265
60327
67167
23240
23546
33241
23382
56827
23382
23383
70509
30073
31164
24028
30798
62321
63710
23247
24836
49410
52342
49398
57920
23485
29030
70715
23307
54505
70548
46372
25268
57193
23251
46325
23252
23265
63598
70475
45105
23457
55210
70473
23458
26411
26961
65063
53466
24199
23933
26217
61250
23259
26156
36633
37383
23259
26156
67642
67643
38594
64398
32905
60771
61159
60771
61159
66541
66547
27108
31079
66045
23265
61280
70474
23266
70475
23270
23467
28398
23268
45097
52623
65493
23272
23370
57122
37831
67684
67686
61280
23274
23407
61727
44757
44438
65637
23276
70476
31024
59527
23277
28398
70477
23407
23485
61390
23397
23495
51345
51516
23287
54343
23488
23603
23749
46626
52260
23290
34865
35570
64634
39524
39657
65771
23489
36958
70513
42605
64250
68660
68664
44961
57271
38190
64645
40853
72356
72379
38019
38864
63542
35605
66369
70512
57840
58154
65786
23294
23295
58146
52087
68383
45566
52087
59857
43140
57592
57799
70189
70193
55180
70500
64229
51238
71243
71266
23302
68347
68362
60127
41099
60296
23361
39358
57825
68340
38549
61861
65063
70547
56540
57117
72600
72601
23583
23392
24527
47173
33227
48157
46213
46401
57087
46206
46407
47626
47702
47703
61611
24296
24853
26431
27654
35264
25879
26042
67998
70517
70520
70270
26128
60764
70275
25409
26234
26367
57026
23331
70294
26454
41762
24096
68617
27795
67209
24105
36500
40681
24198
55452
63118
26429
64261
68644
34562
62044
70009
39455
68647
24266
45298
65213
68682
23339
24266
45298
24122
64473
26663
61164
35455
40915
26527
41875
54450
68604
25366
45944
61576
23345
24083
65597
54271
27569
41031
68683
68720
27035
44988
45005
58998
60342
23350
25838
24269
61736
23600
64351
68410
23512
61861
23354
58404
29146
23774
39651
65431
46418
46562
24773
55176
47291
58292
68510
23496
23515
63086
23476
24324
68673
24329
60231
23509
23527
70277
61214
70281
62180
70252
46191
61342
23385
46546
57906
66112
23369
23370
44757
23371
44755
63158
23371
58131
68356
68357
23389
23494
23538
70253
23487
61177
70252
23389
23494
23376
23660
26976
57031
23378
26737
23385
23636
57031
60810
26671
29865
73246
73247
38908
38923
40100
61212
23602
46554
65086
70436
23507
70508
23397
51516
70509
34541
55943
23399
23584
23502
26128
23487
47656
53166
65145
47985
48474
56312
41056
56836
36409
54686
23749
35202
70254
23958
60775
68773
33591
37429
70257
26984
43585
23618
26903
30635
40965
59062
40413
46622
46676
68759
66470
26891
60203
26729
26742
60200
26894
65063
70477
36897
36915
46453
47091
28809
34852
55504
23469
27367
63601
70548
23452
60790
63414
70473
28555
28567
34069
34070
36323
23657
60625
23426
26449
27583
40631
23471
41221
53440
71486
71501
29977
23472
31984
45495
63634
23723
64762
23696
72485
72558
53777
58702
60559
23425
23688
34542
23425
23688
60746
26680
41822
32417
62424
72606
72611
23613
43585
53163
43209
59251
23432
48395
60116
43209
59251
59644
46915
71870
71873
49675
49694
57143
48339
48340
70289
70290
28302
47400
69119
25027
36276
55041
48222
48339
48340
61192
23607
23638
60768
70510
23720
26075
23444
56370
23444
60746
70513
24294
27583
23688
31540
41866
61626
25271
25445
27560
26690
26785
46866
26123
26456
27429
56732
50223
51785
65050
23453
70471
23454
58705
61150
24459
26702
27274
28599
30368
34571
60202
60632
63598
26894
29030
71997
71998
26908
63129
23544
24835
26443
31545
23463
23464
44936
23465
68611
23465
23852
44325
68613
42845
60460
63206
51799
51064
58905
58975
70544
70580
70581
41201
70442
24458
26691
27080
50219
42308
48720
47652
48207
26661
56484
60782
72605
72612
23724
53042
60524
44927
60524
68574
24089
56338
58198
68417
26090
28033
28581
41743
47853
50710
70370
42649
48130
55967
56778
26894
70477
23488
23603
49695
70253
60768
70511
51345
61254
70322
58532
50273
58467
70605
70609
38927
52503
65681
25842
65682
23500
23861
24567
23733
26540
26682
30478
23511
73261
73262
23505
23640
49378
54833
35082
30829
50028
23508
39788
27020
67635
67636
45183
61164
70278
23727
70251
70097
70100
70249
23708
26463
50033
24559
47616
62997
63823
68974
69041
24710
24711
44898
53611
58000
60653
68512
38087
49439
62951
62224
26478
41671
46281
48448
60761
70353
23745
24661
25432
39894
26012
32636
41816
43730
57408
58902
47522
23607
26932
53203
23747
50028
55664
70352
46416
48488
48510
70214
39921
66746
24120
64928
27006
47996
48474
48530
34010
57156
23749
70255
36187
41814
44118
48084
26748
33687
24561
27579
48769
62830
28658
31820
45981
28045
29041
30053
38184
71181
71183
26833
26932
70509
38834
39426
64767
24458
61914
70538
43509
23797
28612
27110
27111
27916
54099
60296
28866
30303
66997
23674
63398
64574
23557
54454
23557
23558
68803
23559
23559
56895
68808
23631
52959
30567
55075
61445
40872
54333
56011
68661
68663
68747
68749
60766
65084
70506
42697
45932
63786
23589
24785
58005
23569
36108
48426
47805
47887
48076
58638
68810
72221
58643
60256
24022
45216
64578
44785
48008
48539
23579
48426
58041
26595
26628
43313
58188
47229
48108
48427
68784
68791
48281
33591
37556
70514
37812
48183
63487
70499
26585
40570
41999
56793
33250
47088
54331
59127
23600
63524
28218
42786
56787
62907
41985
46230
46427
23593
23594
68787
68794
27437
63692
69689
26704
46512
49280
59751
68728
66229
66513
25409
26821
64691
68439
24777
42571
46266
68459
68461
35175
48486
70255
38927
43385
53230
54532
38579
57302
57435
72222
45029
26676
53203
70584
48539
64082
23616
24777
65682
47886
47892
48121
41948
41949
43156
44504
60062
58580
26640
53412
70256
24798
58404
23618
70268
70272
23621
23626
23686
60566
23684
26717
31270
41383
70544
70545
26841
70539
23626
58705
70538
46449
54058
68742
23658
48756
66736
61150
70544
23628
23633
23632
23640
68806
26043
26184
40967
27590
29111
35305
70715
52957
56881
23633
68808
53359
56881
25261
25283
25413
44809
26786
26790
23659
23846
60694
23643
23649
23734
70583
57931
64737
26932
37813
44557
65837
58638
64755
30566
38511
64730
26682
28887
70581
50673
54456
59634
23688
70562
23664
26905
35167
60995
44781
52794
58621
63563
26539
26976
70565
26790
33183
41822
70562
26766
26905
33771
70588
28229
65659
26684
60597
70494
68114
68131
30168
60588
66740
60999
26539
26792
55557
23671
56674
23663
26360
37425
38569
26838
54857
23665
23750
26804
70583
70586
59015
57514
72136
72137
56896
24668
26549
59106
23962
53944
58481
35057
25174
25691
26711
60635
61272
53334
61084
63401
26960
71890
71891
54158
54454
54458
54929
25291
26711
66036
23682
41383
57491
70545
58428
67982
26972
70552
56931
65545
65876
67685
67687
27922
47230
71535
71536
35310
36154
23689
61269
70550
26735
41642
70552
54579
27023
27037
32797
43421
45282
26686
27002
64842
70250
33453
33455
23873
54562
57365
24333
40184
57248
60262
46311
48487
52095
52811
54491
57332
54515
60598
61089
68602
41778
56963
61587
54314
54529
58421
37649
66660
66661
68008
68009
23736
70319
57408
68558
68595
23710
26752
70318
53390
59448
68549
35362
36113
70355
23712
57381
70353
42488
55553
70352
68517
23717
26477
31199
70355
54411
65616
65886
36182
58031
69567
69601
26506
42488
23719
25914
52699
70350
26132
61090
70357
43830
68173
64408
24165
26383
52388
58227
58415
64861
71953
23741
44799
62278
28136
61215
24775
26651
70325
26435
73230
62207
66893
66894
61158
61944
70316
26435
55285
26538
26542
26766
26649
26681
26666
26739
37897
70318
40016
70313
52359
53422
56994
68539
35288
36550
42196
52965
26529
40016
61158
42008
42998
45934
61206
68560
68594
34333
35645
56249
67059
23745
54412
60523
23908
46598
46568
48350
26399
30829
70314
23770
23773
70255
26649
35167
37585
72945
72963
27023
27037
50842
53171
57437
62539
23756
23761
47996
64073
68231
27207
27657
52447
55152
41089
24146
44200
57222
68578
23851
52427
52821
56965
68379
44770
61348
54014
54516
57472
44601
44615
53163
66126
23852
63594
23768
52678
60794
23772
58796
51399
52232
44968
45549
70195
70197
59441
52232
69152
72760
25918
33985
24139
45968
52494
63786
23780
25834
45742
32036
40040
40960
23780
53128
63431
23784
23790
28413
72164
23941
24136
53047
59680
42670
63654
25891
53270
62309
23816
54534
69364
69376
26027
28344
28345
53177
54540
58051
52178
57849
63276
63323
23791
25990
66084
62309
68792
24889
60718
63169
64608
65144
35917
43839
46637
44419
64719
36689
41034
42040
44771
53210
54780
56907
31610
39579
72394
72398
28014
62935
68189
56899
32937
68202
47607
49298
64505
23806
35609
43803
47288
59360
70018
70022
47285
61783
23858
23893
49419
67978
63772
23863
32589
57004
68404
24904
61602
23979
31795
41211
23885
23889
24916
26069
68014
23875
28070
28517
23817
23821
25317
23952
53543
23818
31068
31795
23835
44385
68800
23824
23860
64335
26001
62301
25036
33359
33678
70303
28193
62122
68015
23834
64505
54378
69001
69035
23829
45458
64090
68784
68785
23837
54370
68821
23831
57727
24024
53166
23832
62579
34625
34625
58098
57727
68026
68798
23837
23838
23879
23879
52905
48264
56976
26027
26036
38563
53361
64027
68015
54187
23984
25969
27852
27913
23846
23969
24054
44250
23871
63406
23855
23855
23850
23859
68607
59675
68614
24710
24711
46598
66167
32890
48053
36355
23988
23989
67976
23966
61809
49361
67976
25264
68027
26059
60575
65847
68615
68616
68402
23905
69869
44567
61883
25816
40788
23897
37216
63732
70068
44126
62220
62273
70068
28108
54569
57258
48038
69984
24054
44562
28184
28582
40717
49347
46711
47228
47339
68073
28193
28250
61602
41087
43891
44736
26207
36182
49276
51916
23880
28068
29969
68048
68813
68821
61824
68046
26184
27870
28776
41155
64762
68583
63458
24711
28344
23963
24005
27867
59994
63744
65019
24329
60447
26059
40000
23963
24054
51338
72515
28018
34811
34866
55033
28770
40947
44431
23904
28364
64276
23964
68226
24256
44189
58046
68577
49566
60911
25869
70070
24047
58531
65206
35713
54007
58574
70139
27937
28466
50096
55484
62941
25063
26031
36550
40282
55638
23945
23907
46541
69814
62503
69889
32923
33615
54412
64094
25190
25993
34412
45603
55416
54501
58959
34596
44903
23922
57280
57708
57821
68564
24060
25810
44249
60862
60872
68241
23925
62039
62062
37984
45240
53825
24980
24981
47208
25999
55552
60828
68227
23922
57280
71779
71789
51438
51945
24983
26012
60721
64737
27736
32641
44412
34845
45709
35026
44742
64611
62305
24058
58574
62167
30033
30057
56556
36980
56404
40969
66126
68843
24056
43968
61144
24446
26769
35127
52367
41161
59676
61978
53406
25805
26372
23941
24136
71945
71946
26283
69256
69258
46942
47686
69747
69750
52702
65027
32634
49465
70049
70104
23947
54458
68802
52893
52921
68879
68880
24974
64276
28781
65382
68798
52418
68278
23950
24709
62101
39367
60728
61032
51488
54534
62167
70136
23957
24978
41566
25932
27543
36070
24877
24886
62146
23960
25969
24978
68243
27852
29254
24079
43071
69755
54599
68820
31105
44400
23965
60828
61055
61883
23968
24913
26104
25732
23969
60694
67974
26069
68228
28218
70772
70774
46854
68163
26082
44030
45657
44354
48599
58959
48401
53269
26067
26084
42171
25136
39263
69497
66635
44047
47251
25709
31275
34681
49947
50707
51017
30395
30577
36217
44005
23988
28559
60832
63503
67997
27873
59451
36761
39210
39321
59177
24162
26504
27806
38788
39585
45898
64591
66606
28513
58502
67974
37297
41434
45619
57702
49631
58321
37193
37430
44184
63080
26504
38788
24006
24035
27654
27879
43976
68206
26314
26413
61811
62744
27943
71137
71205
53070
53073
24042
47350
70013
56229
25431
33555
34289
26444
30973
41548
46997
24010
53395
64828
57648
59615
63695
26069
68228
68229
24451
55336
59428
24012
41831
43536
24012
71926
71927
27561
27566
27634
64691
59715
24218
24299
26929
68435
25591
35517
62177
26421
32238
45684
62224
25934
64412
24805
35472
58264
38051
39618
41069
46707
26417
28993
44279
25237
25863
41623
68434
24041
33903
27373
27564
63056
25578
47262
47497
70207
31365
34037
66460
24436
65597
31924
45309
45513
55434
33906
35421
44204
45317
45514
45638
60578
65669
70273
25971
26441
27307
62344
45298
43753
45335
47502
69775
68607
68608
29304
37546
48531
26420
26433
62456
68643
24215
70284
60699
27373
24667
24669
26073
53340
47325
65713
58568
24057
64774
68770
26249
58244
62419
26337
26340
47939
68709
57306
59685
71565
71566
32972
44795
48656
35561
38788
26348
58828
70147
47577
68768
40058
41104
41106
44819
25446
26303
62279
24066
68566
68567
41886
53158
62279
24066
56422
56427
53135
40423
64000
69843
69858
30678
37281
57486
24073
26991
54977
35891
28866
34403
48424
26527
57284
59528
24202
45050
26047
70096
70101
25370
26415
49791
47679
59801
25787
25794
61647
65238
71527
71529
69899
70096
35650
45346
65146
24122
45247
64210
34054
60698
24087
44325
68614
31030
33639
66631
41548
68612
24312
63355
24805
60672
68419
37377
60863
68345
68365
24093
24225
58757
70055
46531
56332
68853
24176
25946
70056
24128
25602
24461
26413
68616
61739
24137
24174
24226
24103
24317
34910
69943
41942
41944
44865
56980
24104
24311
62138
69943
24103
24173
24359
24335
25381
26159
62138
25821
34922
25821
26159
34922
24409
32234
27467
27889
68618
24108
24364
25176
69967
24159
69968
24110
24164
60944
24896
27039
24117
25683
62463
69942
24123
58226
24114
24157
42303
43183
25954
41687
69932
24116
25392
69947
25399
65046
69950
25375
34871
69949
24119
24201
34788
35698
37034
54266
58480
24126
24217
70078
24442
49101
57481
65108
72340
72349
30804
60661
25620
70077
35931
37752
52460
59109
24203
62086
24130
24325
70077
26278
70084
27665
34879
35863
63781
24133
26280
42449
70069
25654
70067
27006
46175
60645
24206
25383
58194
58905
24213
25680
54463
56937
55163
45051
65422
69743
24142
24143
33034
70085
25325
57120
70082
25325
26290
24191
24204
61122
70085
53593
24256
54315
58414
57994
58352
65615
67031
67034
37677
38810
34006
70069
24152
24262
24267
70042
24179
24265
70056
24225
25697
25946
36065
36140
61020
64855
24158
34871
62418
69949
24266
64604
25375
25683
24323
25623
69951
25595
27027
33979
27882
61576
68630
68645
27503
41491
53654
61075
61006
68408
68431
32581
36988
36992
39354
27027
33979
61118
27817
32333
25171
25176
25565
24169
25176
25747
69967
24200
54495
56466
24895
25171
69965
24302
25374
34552
69977
24303
25362
25607
34552
24418
59791
24884
42984
25680
62173
70055
27043
41875
24179
24181
25519
25790
27383
38438
47461
24180
70056
25412
34660
70061
25412
25522
34349
35594
62307
70038
24188
34568
36743
39231
43843
52877
62436
24187
55847
24193
36324
66316
55242
56919
57424
25403
25980
41654
69934
25708
25710
42449
24254
68286
46059
68302
46897
47440
25392
54300
25727
33881
34839
60883
52862
68607
52574
57067
47922
56757
60572
54266
60598
37766
69512
69541
25708
26709
70084
31495
36582
25570
27034
59740
24294
27583
68720
68724
27153
56929
55556
24213
25667
26751
58250
58729
26501
57494
30244
53374
24332
25620
27680
26495
27685
68435
24227
25574
25660
25677
53892
58933
73017
41872
40854
58553
61045
53856
24877
24886
45959
68191
56380
61052
61052
25661
43720
69855
50027
54314
54529
68585
24231
24252
24688
25306
25571
55133
69858
26029
67623
67624
24234
25643
64709
70065
45056
53991
25644
70067
54356
58038
25325
25649
25665
36414
25647
30696
35585
52084
59112
37168
55494
56590
45788
60099
68322
24691
40786
43881
60065
26017
26018
67408
67409
25400
35901
51533
53735
65342
40550
57158
52093
58130
65784
24276
25242
25688
60866
24270
25403
25851
24598
25552
60909
26257
33119
61112
26029
26553
36289
57906
66112
72702
72703
35094
25772
24260
24650
61049
24451
31532
37029
24260
30830
61049
70059
70060
47265
62738
25340
26297
62307
24437
31532
24268
24286
25418
70045
25519
26297
24420
24268
25340
25681
57778
70042
24507
25837
25954
62186
62418
24351
24354
26008
69972
24325
62240
24292
68422
24853
65167
68405
25206
25396
26205
35480
25399
25850
69952
25854
26180
35662
70065
25362
25382
26008
35515
24373
40451
36346
24398
24563
50629
24562
27032
35369
64854
57142
58436
60198
24287
25379
25564
35014
24288
24901
25149
25379
41910
56550
24288
24289
69966
69964
25565
69966
24357
56738
65913
52533
61544
49398
66069
68423
37785
65913
69976
26453
27389
24558
24905
25384
25744
27806
32378
40076
25581
26401
37785
69971
38171
55569
69893
26378
26515
64984
24302
24360
25374
41596
25378
60997
25374
65913
25202
26363
69970
24306
24307
24349
24346
24350
25597
24361
25822
35496
54898
59118
71518
71520
24310
24316
25486
24320
24880
25365
24317
24346
34922
47620
44084
57037
60342
24432
24899
29575
27064
24346
24880
25394
24880
69943
24319
25376
34676
25391
25556
25593
25364
34676
24868
25224
25373
34839
24323
24326
25623
25387
25627
68672
26278
64709
25363
25367
40884
48931
65814
25799
62046
69754
24337
39172
63450
43116
57721
33864
52284
24354
60655
69972
25774
25776
56737
25722
31925
25360
25367
69946
25584
25851
65046
25465
26341
26353
25776
25798
25799
26097
41971
43936
25486
34915
35408
25372
25587
34915
69939
24371
58948
24350
24351
62138
69972
24350
25378
35496
69973
25378
25381
24361
25173
35408
69969
24360
25202
26401
25381
35515
35246
35515
60655
24358
24558
69957
25151
25594
37785
25744
43159
44214
25586
26315
34910
26363
25597
69973
24363
24365
26397
69974
24863
24905
25384
25595
35964
61099
56738
65913
69976
42298
46280
47205
25744
25747
35964
61099
24892
61012
70480
70482
36176
36266
47628
55282
46239
63182
35008
43118
36433
70990
70991
24376
24410
70330
70341
60966
63118
24518
25139
27026
70298
24411
24500
70299
54283
57916
24411
24510
61223
65737
24384
24512
61207
70298
24511
70306
31839
38169
38187
63182
68667
24400
68684
25093
25520
70300
70302
57635
67558
67560
35525
36367
38423
62730
24393
60943
70577
26805
46397
47891
33647
61017
70574
56465
56538
57823
26902
36430
70559
70569
26625
41328
27032
54684
64854
70328
24399
26917
37576
24563
40644
41364
60357
68682
42772
45746
57753
24407
26530
70306
58518
65747
71740
71741
27568
50548
68685
68719
33583
70330
70331
45490
33132
61196
70305
60880
70577
70579
34024
35854
26683
61010
24503
70334
55311
61524
72397
72398
24430
49101
68629
24415
24587
24703
24441
25124
27127
24421
24455
24426
25837
68625
24729
34985
40829
68633
24467
52307
69092
69094
57944
59141
25401
32959
24452
41602
47311
68129
40937
59791
68898
24447
70557
70578
24429
60949
64942
70536
24662
35050
70525
62321
64210
68627
24480
70526
70560
24644
24435
27431
27669
27771
58379
69337
69341
27866
61504
24526
30798
45590
24533
24536
24440
24702
70553
32493
44860
66448
35646
63582
70573
70525
70526
45247
68633
24632
26768
70529
28218
29107
46943
25093
25520
34980
64869
27348
24455
24714
24703
24812
25124
50484
68746
68748
24694
25163
26963
70523
68130
26881
24481
27675
58383
24719
26612
35050
35475
46542
68166
27045
27045
58705
25141
60936
64869
27882
68630
54291
24553
35183
70300
70311
40598
58141
64076
39365
40507
50976
63249
25090
43853
24483
45051
27126
58030
58555
64802
35535
71778
71780
24472
29014
36071
70549
26620
70788
33739
35109
70540
24581
26590
26945
70567
68133
44828
65186
24479
26603
26902
70569
59197
26873
62341
70567
24812
27142
58378
70950
71021
24486
60880
65894
70577
24485
51021
24486
24790
26812
65894
34302
25087
60947
24533
24536
50144
68620
24490
56349
70324
25823
37006
37540
26627
70582
24548
56801
64808
70305
24493
24550
25430
43779
41352
65211
24495
41492
58771
70345
24936
41503
70351
24497
26498
26664
70351
26494
36376
70356
24514
24529
26856
70335
47624
24503
26509
63694
25430
27291
68681
24551
24552
63132
24795
26795
40644
70307
70308
24506
33684
56868
70315
26458
70321
24509
26190
68631
48769
62460
68901
70334
70338
24512
26988
24756
56868
57814
62657
26854
26862
34721
24795
26835
35358
70354
62830
69741
28520
24755
26849
54947
56944
68631
24800
26865
33770
70354
24522
26852
70335
27017
57118
70336
24526
56409
68625
45376
25520
40378
62074
68627
45622
67688
67691
29145
53523
71732
71767
25443
26340
58543
65321
58563
68619
54421
54511
46363
71832
71903
33745
37713
53160
32976
33743
57118
70336
70341
24550
56727
58327
68617
46068
54497
71315
71319
48697
48701
56861
38062
67511
67513
25179
26488
27017
71723
71730
39505
39627
50089
24806
27060
61216
26635
70304
36012
38766
40036
62648
63132
68680
43999
58327
43999
64419
68686
24556
68687
35323
54257
70163
70178
60854
68686
35011
66727
66729
26356
69974
43992
47627
68421
26721
38380
59298
68670
24897
66214
25137
27039
70308
70575
25425
51188
69762
66573
66580
26747
27063
30478
24577
24641
26480
26596
24574
47616
68415
26734
26869
26983
42861
70301
70303
24573
25059
67888
25032
53862
67869
24595
24606
59298
26873
26878
60919
24578
24579
26716
67886
26661
68669
26074
40211
29557
40211
67888
68671
26873
26880
70567
27105
37268
60789
24584
62365
68684
24586
68665
24990
32541
43778
52483
24644
27127
38267
42541
54307
54320
24718
25428
35048
62629
24707
35055
62557
24707
47919
61264
26015
67959
33238
62613
66925
66926
25218
25292
25309
32303
58347
65681
28316
28663
24661
67632
67697
25062
25279
49017
24823
26725
67886
25175
30700
46092
24640
55844
70368
70369
24603
35096
61002
24608
26560
35109
24605
24687
40833
40836
24832
70826
70827
26721
59834
61987
24608
36272
61002
70531
26561
70546
24610
24685
50307
24611
50310
24685
25130
26612
61002
70531
25130
61002
24616
44099
40591
40677
62371
62703
24641
26661
25130
35050
60949
24678
61619
64942
24620
24645
25451
26309
24647
67627
67628
24648
25316
37314
66411
24623
67657
67727
25048
25153
54746
24640
46062
46074
56889
33495
72539
72543
24628
25453
69719
69720
24628
25453
64015
34969
26188
26518
26534
57360
45561
52843
57724
60011
62371
62703
66582
66600
25099
35077
36071
24634
24635
68869
25288
68852
25288
47261
25059
25080
25230
36152
24865
35530
68984
68986
24639
67624
67689
25204
25308
61156
24655
51574
61805
24817
29797
35552
67651
24844
24927
36582
67718
24647
25449
25452
24652
36663
67657
25987
36625
24650
25255
70060
24828
26029
67624
25316
25410
24699
60998
26000
67655
27140
36658
59440
25056
55751
67632
46088
55844
56889
43756
55746
25335
54365
54617
25061
25248
67955
52556
68666
25066
25228
48922
25055
25284
25034
27127
70525
29555
25119
27449
29439
24699
25099
27436
35132
36254
52005
26258
48469
48844
26899
55541
26258
48999
49161
36372
24675
24699
61616
27107
35020
65755
24923
25857
36796
67478
26901
60919
70559
70529
70533
24677
40727
67482
39021
67481
25034
61262
63785
27053
37753
24681
24821
67411
61323
67649
24817
24830
35574
24695
24696
70532
70535
24695
24696
26895
36058
25050
27127
24832
40832
40835
25308
25318
67624
24725
24810
49004
67727
36302
36624
50954
53611
24929
36562
51115
66184
37969
66172
67411
35475
26556
28320
24746
26003
36019
25529
37964
56461
24705
29500
62422
33580
39255
62818
24712
25123
39854
35016
61262
61619
70534
24931
28390
51888
67898
67900
72645
72647
33228
37576
47920
68186
68224
68230
24713
70553
24714
27235
70557
24719
25123
64965
69213
33245
40279
54753
25090
26092
55516
33668
39854
26830
24721
36525
67191
24722
67189
34976
36525
58940
24936
25482
26488
60879
24816
25090
60880
24727
26000
24790
25095
26829
60811
25153
56051
27903
35944
57751
67189
26997
39927
43500
62440
39927
43724
43981
62440
24733
30799
35760
67185
35004
59109
67187
36987
67479
67480
26625
24737
27640
41761
67247
67248
35533
56322
57138
61139
24740
24741
27033
34820
25416
66733
33767
37542
24744
47284
47314
48688
31711
34848
67841
67842
69110
69114
24746
50036
26357
24748
25740
32306
62667
32305
67286
67289
24750
51492
53004
24751
41005
48926
40995
53004
33027
33031
37596
38067
37596
38067
66678
66680
26995
29417
26508
26801
27026
26849
30696
51512
67208
24759
24760
35757
67283
24849
24851
44633
24764
35724
35960
34772
57455
43471
63991
73117
73143
24766
37129
67214
67287
35503
67212
67283
29790
35740
37129
67214
24866
32473
37861
24769
24788
67183
25064
32888
57265
69803
41228
41647
26799
27036
54947
70315
38492
67204
67206
25735
25740
24785
35470
54638
60307
61359
24861
25752
56349
25778
28797
35931
35944
65167
26642
26986
38807
70321
24875
39669
40172
67247
24798
24836
26530
26988
38517
35700
67238
67258
26502
27818
35030
35806
24794
35542
53791
54648
65076
32868
38022
38506
67181
24790
25095
70576
70585
30800
41647
67185
24798
24836
58776
68409
26831
24870
25757
67675
24796
25404
36373
69860
32158
36402
55580
63963
54646
54651
54652
24799
25402
33631
25069
43870
67191
67256
62055
24800
70334
70354
34721
31206
31751
35470
54638
24835
65076
68407
25599
25663
24861
25752
26644
33600
26714
56338
50629
60941
70574
40678
55804
73299
73300
33645
66611
66613
25891
56922
72165
67728
44776
50350
60981
60788
26266
47007
47015
67304
67309
25087
60943
28566
67649
35309
26007
35803
36328
67481
67410
67411
24826
32363
36328
24824
36744
54731
26074
26716
61376
38401
67101
67198
52213
55987
57287
62389
25294
25963
36262
38160
48831
36662
54746
67657
55200
58934
28481
43733
27235
70557
70561
41128
41289
24834
32282
51286
66466
66441
68465
68423
24838
35516
40910
24839
25734
62023
35516
35974
37883
61989
24844
35552
67651
67718
24843
35497
54881
67280
30958
67284
27299
35566
25155
34717
53524
54703
24847
24849
35499
67284
24848
34137
67291
24849
35734
35522
24852
35235
68419
30958
67283
67284
62055
68405
68407
24855
34136
35699
67291
25068
32305
67289
24858
34015
43890
33588
35994
64866
25670
34274
40172
67247
67250
29788
31932
32160
67561
26442
26536
43001
53368
55989
62710
24895
56738
25735
37733
67216
26554
35526
38089
67287
24874
25386
25585
69938
25345
55669
67277
36961
55875
24906
42524
68326
68331
36668
38089
40614
24917
35697
40744
25114
67253
24893
25990
28390
68188
61782
24888
25793
25794
24898
61782
68186
69941
25581
42624
69971
24885
33118
43586
67486
24885
25857
35356
36565
26315
44174
69930
67479
48598
68192
25594
26358
26414
25469
45473
25834
66084
68178
24893
24943
25974
29500
32493
45997
66448
34898
68174
24895
25171
26481
61118
70329
24902
62146
68188
26263
26618
67930
67935
57686
69964
24931
40678
47849
48066
55804
24910
28235
56645
26356
34108
58485
47797
70478
70480
25149
32751
43053
44046
56641
28112
61602
24912
25778
67253
28797
67257
24916
26069
28138
24915
25116
67254
35544
36076
67250
34490
25901
28221
67254
63604
28344
28872
61055
33093
48783
62042
62051
26098
28364
37821
67977
25069
25900
47446
67256
35356
67482
28069
31275
56645
68029
24940
25293
58254
54338
62652
67724
25831
39047
67853
36605
73195
73196
25029
35714
56254
61007
65686
24933
34776
67723
24934
36046
67484
35803
36695
24936
26498
70336
70351
25179
24938
24939
36701
67723
27743
67721
36533
34254
43353
59200
60797
62355
62646
70204
29797
67650
67651
43889
44500
57503
25270
43472
44379
25939
35312
50360
67655
48473
48488
70153
36757
51082
53659
52387
52390
63783
70784
70787
24954
24957
55902
67732
31589
57496
58281
36165
49004
24968
35164
56428
69920
36309
36745
43947
55903
67730
27035
36776
25139
61207
70298
70300
24962
27054
27225
27447
25054
26725
34984
70747
70752
25724
36367
24967
35005
35203
24968
25553
35164
25057
25177
25189
25441
35194
62179
25977
35901
24970
24973
36172
51051
62267
72800
72802
24972
36797
67961
39660
67938
62267
64092
29639
43819
33596
42720
51359
61970
24977
65841
71490
71491
24979
50318
63816
59825
65841
37694
46764
55695
37694
44861
48138
37816
51501
56099
27883
43524
24985
27377
25553
25711
63972
47499
47836
47837
24999
45049
70402
70311
70312
47203
68171
24999
42442
34987
62269
39302
39323
58692
66601
42367
42830
44680
46083
33934
41989
53388
44971
27953
28328
45380
26179
30981
42950
46093
54200
37730
38642
38662
27953
28328
44365
40526
66604
41484
42436
44720
39266
54756
55707
62993
26071
60745
66054
70718
43562
65047
25073
25353
25415
34030
38382
38660
67877
67894
30108
49043
61694
42009
25150
25774
25803
25469
46065
46458
48054
46326
70641
25018
25177
37767
67956
25189
62692
67700
25020
33273
51499
35292
37364
25022
34991
66736
33003
34993
62957
25039
55789
67700
25469
56258
69757
25101
27107
70535
25027
54620
57771
67702
56943
67695
25029
36700
67694
67688
40401
67959
67963
25035
63409
70528
29880
32966
43739
31237
33537
61034
25050
70527
25050
25106
70527
35010
46346
60853
25041
25044
73288
73289
29575
59081
40277
66036
67702
25164
25248
35229
36917
25045
50958
53814
28228
36645
36778
25768
25045
73124
73132
64188
26312
36167
67721
25048
32786
43947
67689
67727
38786
45911
69804
63785
25284
36526
55788
67632
32066
40584
43785
64872
25454
36734
53782
67694
25287
25057
25691
67697
26210
31727
67630
67955
25285
58995
25277
32966
25111
35015
58514
64855
35229
67959
55715
55720
55745
26107
62057
25638
43261
69861
25177
25248
67955
67956
54615
25217
32851
72219
27053
55964
33603
36525
25653
25672
26943
53844
54070
37673
63409
33697
36426
44258
53293
72213
72214
25160
47081
64682
35068
35313
61262
65946
33657
62232
70556
67888
67958
34765
38711
26434
32465
36093
36821
26092
26917
33506
25357
34348
35447
54077
25265
69854
26808
26831
60947
70587
38470
33654
60670
72463
72464
68152
68157
35646
63582
32626
35992
52670
62996
35183
35445
70304
70308
36137
61905
35535
57714
65174
25098
25127
26143
35227
27141
40664
62701
36057
27092
28312
36068
26556
36058
29108
66968
67041
30743
32972
29583
29584
60205
27448
35020
64942
70536
35141
35313
65946
25115
37673
46430
35517
62177
72078
72082
55298
68372
68373
36931
37037
37106
32993
35013
35051
26772
32708
29488
29615
35063
65624
25116
35544
38656
46307
46857
25229
33166
25398
25673
25682
25126
25128
31694
31707
28846
59129
25121
27536
33667
34998
25571
25572
27502
55133
46467
27142
27142
37674
70528
34807
35002
56716
26144
27141
39853
35002
66829
66844
30778
38547
61801
64445
27073
25574
25673
25675
25677
33633
55516
38711
46899
69781
26593
33521
35165
26136
27051
63684
50143
56624
35369
41710
46346
60986
25141
26985
25155
34717
55277
55295
26849
61207
27033
30666
25745
34828
28459
37772
26058
33767
33292
35216
35955
42552
25805
43217
36651
36792
40386
25235
25240
56738
69976
68144
68161
36183
70303
70337
72669
72670
33596
51452
61970
34987
37570
51920
26574
45520
62301
66049
43051
45421
26907
25332
26716
52982
67885
26956
62604
70524
53894
25379
61081
25167
70223
25737
43748
69761
26196
27870
29036
26097
26196
52322
58897
35756
62334
66250
66267
34699
34759
35210
56763
25201
25222
25822
25189
41651
25624
34450
42858
35964
46304
64009
26498
41512
36920
40203
61613
73006
25182
69936
69947
25220
69944
70074
25339
25610
25625
69909
25220
25239
35671
25188
30018
69922
25520
46346
60853
69922
25691
27736
68242
25215
25238
25242
69952
25193
25226
25227
36653
25615
66306
69945
25195
34927
60882
66934
25371
66931
25197
25198
64241
65252
25199
59481
64173
25199
45843
25207
34915
69939
35408
35616
25206
26365
25205
25207
25369
64811
26406
37214
67689
25225
25385
35400
25385
65059
25210
25222
25560
35616
25328
34105
35671
35466
66257
69969
25405
25615
34027
51633
25328
25388
39145
70076
45590
53273
25227
69946
25236
34342
69945
25546
25549
37318
66206
72221
70073
25389
47674
69987
25328
25546
25549
25377
69969
25360
33648
25225
60883
69938
25372
69939
25231
25615
35635
25236
69945
54615
35697
38656
25275
67958
25236
25405
36797
39336
65024
25239
25405
25235
25240
25542
45606
25361
26381
26929
49409
25361
25688
51179
69809
25425
34356
69952
25310
25454
25460
25774
25776
25804
69811
25791
25794
45916
25390
25945
26368
68704
25249
25771
34062
69807
25540
69808
33191
35189
35471
34672
70057
70079
25254
25445
26342
44264
43602
43604
67845
25947
27119
52333
25524
35819
60886
25338
35820
49479
25417
36373
57731
69859
25599
25660
25661
25663
25409
26777
27554
25582
25598
35926
69858
28000
26660
26749
67851
67852
25264
46863
68027
68046
63712
25679
30222
45188
27188
27593
62664
64874
41477
45384
45885
66114
31816
61801
64445
63972
65216
26337
25413
53807
68656
68657
69513
73298
32966
53949
67937
34415
47020
29557
62633
27034
45124
68922
55745
72890
72892
53589
63339
73268
25310
26309
31721
67630
58960
69881
61030
25432
42787
55846
25338
25359
34886
47182
48379
34031
34869
67389
67391
26694
34886
36655
61376
37876
67697
41606
25909
35972
25297
25426
36526
54671
36193
67631
33654
60670
65325
25322
61053
70040
70043
56254
61007
25704
55717
62173
25408
26210
37876
25312
33192
62469
25305
25306
43072
67623
25307
36306
67625
25307
38288
25463
33628
36289
40143
34105
64930
25408
43478
57866
67360
67397
35819
60886
25383
53230
68642
53909
69987
30879
36292
54750
67656
25502
34611
26001
68018
33628
40137
67626
27299
50036
67651
61021
61148
57186
57680
73256
73257
38404
67899
67901
26295
26305
44959
25327
26622
62791
67650
29148
38394
67652
70074
26155
72058
72059
25332
52982
25336
34091
41606
26078
62395
73280
73281
25342
25611
25728
38854
51994
54202
61190
25604
66258
66357
66407
25695
69910
38219
37421
39782
59773
67961
25698
47419
69925
25419
60884
36582
67718
67721
36367
62730
68153
68156
26216
26264
47821
62166
26176
25419
60884
25351
54692
33192
48865
54118
69893
35580
25439
59233
30800
62268
62238
66321
66322
38022
38506
55679
34854
54671
55788
25363
45545
26369
25386
25586
34910
62463
25587
69941
26160
25627
69951
25392
33864
69947
25372
34915
27455
53989
33134
60882
25373
25376
25954
62186
25585
25396
69970
26387
34235
50644
25829
26369
69975
62456
25747
69974
66312
69939
34839
45712
25584
25850
25618
34105
34777
43605
53910
28399
38380
60843
25623
34871
60866
39235
39253
39583
62854
25486
25597
69941
32671
34210
60945
65966
25560
26313
25685
26722
55537
25675
42603
69853
25584
69950
25679
25883
43806
50760
48224
57314
41760
43188
69862
34342
35780
51981
53027
54779
62157
55743
60835
60885
61049
26033
39314
54692
60908
25514
25521
27998
37783
43404
55966
36426
49147
26507
65990
25656
53758
25681
34846
52173
34660
60964
70061
53901
54418
56106
42137
52228
52934
44102
48274
69577
69578
25427
25458
36482
70553
70554
46712
53447
34686
40512
26619
36482
34827
46032
33193
49672
49773
62299
25947
26342
26353
57592
30654
60740
25697
44171
70052
29754
57761
66036
55866
36964
54378
55711
69001
26451
41330
43458
26251
38544
70144
27549
30050
55514
25449
25451
34587
36625
49930
69899
69900
25459
25956
25460
36989
57260
67698
31413
33826
43980
66566
25550
60657
60824
70141
28498
29773
31778
56589
25981
26157
55751
25979
31721
39537
26309
36734
25753
32571
70224
25463
36293
37356
37375
40264
43618
26234
25467
69362
69377
51750
52712
52947
33863
43278
56634
25793
25717
30044
47906
48111
25791
27595
32277
25473
62162
72806
72811
35907
56749
25476
55103
62126
66396
66397
41746
69731
25526
66213
69728
69729
25526
25527
52927
66213
25488
34902
33265
46622
56501
68759
27018
70336
45309
45339
45513
69765
25485
65055
70244
70246
34905
47107
25587
56607
60692
67855
67857
69756
25490
56609
69736
69737
45887
60793
25500
34701
42624
25493
25495
38394
25525
25527
39623
26173
36155
43419
55110
47392
47530
35607
65125
25538
35586
60711
25501
66263
66264
36031
61996
29745
56546
26024
60890
60898
26239
45250
56402
56655
33973
37184
37208
31810
54698
73242
30947
31440
73236
26322
73256
37657
62791
29228
56775
66625
28487
49140
61021
44199
44345
44460
69903
37327
38404
64937
70061
34033
59071
64799
52374
59228
26587
34385
34564
25667
34675
60908
70054
25946
34660
55826
26038
58757
26038
62103
25703
70057
70060
25528
66213
25530
67407
37828
43414
67405
35948
35950
43298
43873
25534
41460
45926
69793
25824
43413
46456
37032
66206
69791
67265
67267
25926
38132
40482
30906
32510
34031
34869
25689
34032
66100
26403
49446
68648
25766
25770
25545
53794
65433
34062
25921
34402
35177
33246
33661
49989
61033
44640
55398
25547
25548
66204
66206
60687
43278
45856
61555
66630
26371
55714
56379
40059
37859
61588
62433
38739
59790
34676
62463
69940
31158
34874
36991
39853
32373
38380
60843
47843
25614
38477
33776
47267
60881
70339
26147
32307
70284
25564
25565
35008
25950
26367
52740
68436
37352
38769
29308
30221
37847
43352
32240
43464
26429
25573
69856
25574
69856
69855
41341
45888
49746
52077
61735
26276
27021
46949
47242
44067
47134
65717
25581
26401
42046
25594
25596
40943
64000
32899
64206
25855
25593
69940
25683
69941
25590
33120
70046
73254
26385
69797
69798
47843
69940
60984
69973
25599
69858
69857
35893
52466
62142
62454
33988
47694
47720
62086
28062
47066
60507
34843
35758
35934
49217
53398
25610
37820
57839
26369
26397
69975
25687
43738
47098
69807
69909
25625
25695
50616
52787
57593
43737
44333
47098
25633
26366
27597
62166
25618
29209
29345
59792
66314
69946
35662
62240
26278
25900
35457
40305
40908
43296
63095
69181
69951
47860
49374
58192
28344
28345
61055
47696
60651
69559
69711
35402
64811
55405
56811
57023
35480
34783
54665
55261
60688
30304
33871
34570
35420
34688
61422
25641
44096
36278
44900
62044
34946
50644
55997
25657
43905
32732
46792
46967
25644
56499
61058
25645
62273
25646
25654
66969
66970
31967
34171
34577
34855
38607
25707
36746
34468
43605
25657
43905
69861
36508
26280
63732
55419
57731
69859
55419
57731
53758
35375
35724
35960
63488
43249
69857
25917
70071
70082
43249
34904
25917
42975
36467
36976
34855
25741
37751
38296
32473
37861
62470
66414
32083
37655
37718
31427
33047
63928
48980
67040
67043
43237
69855
25709
28069
64335
43237
27569
41031
51220
25692
43225
55717
70054
34660
25692
46234
26315
43605
47674
48011
34091
55537
60680
64930
33864
60866
25850
35611
70125
25891
26199
53271
25880
45188
27919
29409
25695
43213
25698
25886
60729
41742
43412
43213
69910
37939
46282
48052
27482
38454
38492
30800
35760
30776
39644
60886
70058
70062
26248
54692
47632
69343
69345
34890
60887
60963
26290
25713
38425
69927
25730
63972
25730
43774
69925
25715
62268
25897
30796
35910
57762
47894
48107
25725
47552
47761
54996
55585
67210
25723
25729
27921
55560
62624
70197
27575
55581
70485
70492
38423
55585
48229
64015
35376
35503
35952
67212
34931
45712
25730
43774
55581
25732
69759
25733
44271
45472
61081
39906
25740
67248
25750
25754
25761
26209
41664
26511
70715
70785
67286
27349
27430
35814
54006
65049
67007
67011
31995
34271
54006
65049
49026
35797
57181
67252
69967
25751
62252
25750
25753
69762
69761
25753
32571
64179
70324
70325
69762
43750
25760
40599
25758
25759
70224
37522
55875
67676
60314
70223
25760
70224
63468
36611
27893
30332
45106
54665
25765
45501
69805
42137
69803
25769
38548
69808
45501
25769
38548
69806
25771
44448
27995
33540
35540
60323
25778
35004
67187
67253
25779
25779
25798
43115
69753
62628
43106
69811
28752
35540
60323
34825
45063
46632
66193
36635
38776
25784
25786
46635
69755
35846
43758
69753
59231
25787
34902
46635
40776
66831
26064
27871
29254
68242
53273
63891
40711
25796
26011
26017
36066
69757
25799
32611
25797
34033
25800
46787
45862
26018
36251
54623
37878
37879
25803
25804
69812
27988
28409
27879
28341
43976
62935
27862
60676
69302
69317
27923
63896
68244
68278
53892
57446
32688
33469
25812
25937
43336
67446
25926
42660
67427
27756
28869
38813
58847
54031
27471
27777
35354
69828
69830
39912
40022
61423
66744
30944
30946
40868
52462
31775
38136
38542
67764
25848
69943
36546
39084
58545
25826
37828
37964
40294
40410
66521
41756
60601
67404
43689
50506
53400
52659
52664
34742
43332
69959
36014
36034
58067
26101
36568
67855
40159
60969
35269
62228
62518
66846
53128
35429
36083
63427
25837
56409
68625
68631
25838
56409
33821
33827
42476
62490
27652
40472
59427
67501
67502
25973
49339
53701
25845
54636
55911
67188
40630
54840
67190
37944
39777
62101
68186
68187
34495
42936
69928
34358
35373
36192
25855
25980
54274
64224
25854
25858
26180
25860
62085
62418
69950
46265
56116
35590
36606
32912
62797
60385
37316
61058
25912
25972
26328
32987
33628
33681
67625
67626
41583
52740
68436
25895
35731
48952
67215
25893
27457
54639
67215
55670
67182
37467
61588
62433
27384
27528
48738
26280
63859
39538
40324
40391
45613
42360
42446
57106
26457
26532
46204
25878
34461
54951
67207
25876
43220
65571
65807
25877
65989
65991
36069
43220
60253
35585
66969
28491
60832
67997
67697
67700
26887
39815
49329
53860
27677
46191
70698
70763
25982
56456
27570
27706
61259
27698
27795
67209
51685
54273
27703
35318
53157
67213
29475
55677
26009
27407
27432
58895
52968
25902
25951
49834
52358
25894
35728
25895
67215
67226
54934
25962
26350
41652
40959
67184
29716
35803
67481
67484
27793
27816
55670
58940
67257
28637
67261
49757
52926
26283
26301
69944
69948
45484
68250
68318
30139
34147
47409
29537
25968
36251
36253
43505
55896
63062
50375
51484
61331
67406
67423
54230
62247
68073
68138
41775
33086
64812
66387
66391
26341
26353
41733
68707
34855
44202
36014
33050
42956
56817
67404
46058
52072
52242
34799
62554
47391
48790
49330
60183
33270
56560
60314
64412
43735
25929
27744
30834
32704
67565
67572
55766
67427
67433
25931
39282
46966
54827
26646
38537
25937
27928
43349
26324
35574
67718
30271
45992
64566
26010
29612
48129
66023
55582
41496
25948
26181
37513
67650
26003
67653
29128
30928
37244
67394
25942
26622
29189
62969
29148
54839
25944
39504
54812
27007
38573
51389
26777
60835
68439
26368
26744
39093
67648
27052
36329
54744
65386
26821
68437
35795
37985
55158
26308
26316
27042
29195
69949
52786
54752
65030
73287
39537
55777
67627
25958
27000
64632
26551
40454
34959
36236
71843
25973
27811
64085
26650
26417
69978
69995
36327
36422
39984
27031
54656
36347
64239
26097
41996
52588
68281
47529
60920
36796
49149
25975
29716
40530
67484
62456
68642
68643
26011
36066
67406
26019
45967
38393
67486
26150
26200
37886
57054
25982
56456
29749
26158
31733
65046
69950
26158
31727
36661
69919
69920
52640
55146
55212
60923
26683
26858
40451
26381
26489
26929
64984
42398
42491
46442
25992
37068
67628
33791
35314
35507
35941
26755
60894
65686
26045
26053
28068
33681
56254
67626
49411
68242
68279
29618
54660
58374
26071
55565
26265
52643
52736
52991
26197
28719
28755
28032
61055
68225
37873
66049
26126
37458
38860
55790
26357
26356
26369
34742
36862
38042
34124
34801
37670
32363
67719
34552
69975
27411
27698
32038
42409
46788
67408
27883
33246
26181
26359
27011
36995
35649
46724
61059
62445
59682
67958
28406
34729
37821
34033
37855
34033
37969
27890
34161
68175
26372
58645
68206
63546
68104
26172
53244
69704
69707
26154
28781
40949
46188
63359
63424
53983
61577
28023
57569
62403
27873
68225
26090
28565
28570
41743
36294
26060
39574
54807
28545
37821
37929
26160
26420
26433
27882
36408
70058
70083
35790
43320
44422
27867
28770
31105
68227
27931
28685
64590
28491
46324
60832
30774
39925
40022
40239
38252
50695
55763
67862
28168
28582
27899
28776
62453
66808
66809
30313
42247
33291
37734
52831
26049
41544
26225
36415
29404
55073
71221
71222
26053
68045
34270
35693
53867
42199
68047
26058
33808
35441
35917
42239
43891
62702
42948
62702
68045
47267
61215
26070
44382
67887
36455
37547
39890
30396
30411
31595
60454
26064
49411
40954
40958
62471
34727
35827
36472
26135
28123
44632
38605
59317
27539
54807
67868
69645
69646
33039
56799
48844
53345
55767
44072
60778
68173
34300
39256
45565
54434
33873
33876
26079
52004
67885
55710
62748
67887
26081
26860
44696
26117
26204
54493
57467
26089
38709
26089
56555
26096
57113
54804
67874
43931
55333
62572
69824
36541
26125
28164
26198
26914
56607
62743
26094
26907
26094
26907
70575
70579
33647
26099
39149
39197
39199
26102
26919
63273
68261
37929
64276
67979
26100
41865
39149
70626
70628
26198
26914
26916
26226
26597
51135
34655
43075
28133
28554
65066
28982
42189
67876
26108
40978
28568
42918
26876
38896
55790
26112
39316
54204
26112
39316
38806
40253
48238
48339
31073
60792
70490
70492
26823
27240
29512
38592
29163
36115
38592
70996
67889
54697
72592
72609
27062
27122
46907
36079
39597
40042
66741
26328
40326
65982
67423
38673
38702
68719
68722
37246
45463
45627
69767
26127
28570
37245
37499
28033
26131
26531
26638
26836
26131
26836
70326
70327
26516
61011
26134
26494
26820
26134
26477
26759
26820
26493
26754
26141
29655
26137
26997
27005
26138
35183
35445
27005
70309
70311
41883
58525
58555
46165
28070
42061
30070
37938
41517
59196
26144
67159
67160
32666
33319
39421
40755
26149
32520
32545
39799
26501
47665
26149
32532
39799
60510
32544
40602
37243
67645
26153
51285
56945
26153
56199
56945
66051
26214
59272
36661
64632
67631
34495
49668
26299
26300
26214
27960
36212
62580
26164
26169
36306
27042
36627
36960
40690
53061
28719
41956
37316
56184
28168
63771
26667
67637
30555
31711
34848
38412
26565
70470
70471
26361
67652
52327
53799
30881
36329
37955
37065
37452
39954
40166
26182
29195
36293
67625
38186
67488
67495
27680
70063
36625
37990
67627
39157
39658
55769
67058
36759
57360
64949
67421
54810
54841
67660
67671
26359
26639
35631
26646
64949
42173
67875
61736
63046
33973
37317
37340
37359
33039
49586
41291
61387
64061
38534
38666
68100
67670
67672
43936
34955
52588
26598
26890
39419
48233
52968
36863
37243
55777
38870
39489
40785
62854
35796
48983
64026
67235
37216
63945
26300
26313
26365
62133
61031
67856
67858
53201
65675
38710
44605
47076
26439
35655
63019
55743
39914
51316
64246
52833
54104
55052
56536
56607
67857
27997
43845
43879
44489
46667
35635
26244
70143
35867
55972
35708
43250
60707
69874
57673
26887
26992
39077
39081
33374
33477
26233
64984
52300
67858
26913
26919
62833
28409
54604
51057
60938
69418
69434
52938
52939
53182
33115
37210
53994
70123
42817
57110
70777
70782
44312
62128
26567
26272
62508
69354
69361
34630
55679
61901
56663
72449
72451
39228
45096
26246
56574
63368
46895
69834
37219
47015
70122
43968
46596
70139
26259
39092
69403
26388
26256
31822
54431
38607
68834
68844
26269
27396
27568
68685
62279
70146
61048
62544
66878
66890
27202
32476
43757
48761
31512
64817
29457
56386
43553
49705
56869
33258
68093
68110
28591
69404
34029
36746
60473
26307
41986
61208
70137
31076
55492
68665
68666
51179
63834
29851
55492
30006
31101
38096
34078
58828
33349
36372
43589
62305
70128
27735
42536
47581
69849
26310
44470
63983
37801
49246
56557
26392
27034
43272
26295
26429
26291
41783
68921
37801
38449
35423
26291
37206
66408
28018
34866
66397
66410
35848
45022
47503
40568
61971
73070
73105
47396
61206
65533
68560
37089
52303
28283
29788
67559
67561
35594
44903
37383
38594
34342
57100
32688
34042
61068
52067
63519
33875
44267
66776
41798
70135
26426
37990
39173
67628
55438
63846
37787
40558
67725
66256
69970
26433
62344
69942
39173
67637
26318
26441
55471
63062
26321
41831
54235
55458
58646
26321
26323
26398
38219
52770
26409
68640
67719
26327
27885
32987
26398
40702
26328
26329
26331
40326
46788
32987
36066
36569
39282
46787
47921
56756
47396
65533
29559
34522
35698
37034
73261
26579
27560
27596
27533
33498
35304
64681
26490
27119
68705
41812
68702
68438
34861
53995
61190
37059
34333
35617
41165
62363
32714
44411
69820
32380
34361
46651
55339
70140
27024
60879
26380
33885
34524
58364
69058
69061
26368
44213
60984
61099
69955
34570
26397
51334
54883
40260
67664
36155
51389
67654
27222
29068
29130
60997
69977
46034
60648
61096
62107
69970
35616
60877
26370
26541
52333
42496
52740
60909
37770
68208
38437
34357
46527
33812
71226
71230
34578
65120
31358
31502
41073
43981
26537
65546
68435
49642
56711
60650
49089
60726
69986
52679
56574
68430
33526
56678
33787
43489
57065
32208
36397
36664
66958
40252
30454
53376
61162
62019
68899
68922
34159
34801
70016
62650
27404
34284
58244
69974
26409
65788
26740
26752
62116
51546
70288
62107
41772
68921
26412
35818
56726
64929
27455
53947
68641
40143
54593
67688
39558
39703
55830
33903
37473
68717
60603
62353
35617
60741
26433
31786
27194
40631
57953
34823
35966
43582
36796
67407
67478
26431
45944
68628
68645
45702
70034
26423
26600
26424
27293
26910
36134
26475
34587
36863
26681
48281
56813
65086
45979
46441
70465
61576
68630
70516
70521
32466
65904
37288
28885
36028
54533
71718
71720
43365
56195
63795
42571
44883
46266
46327
41747
26794
27817
41555
41386
54490
66121
42118
68457
68458
42100
46545
56720
56028
32415
68724
26638
34973
61011
26456
26460
26458
26643
38517
26454
41543
41540
41487
61720
69461
69464
26468
26834
46414
48541
29075
33684
26461
26797
50033
26468
41547
68702
26463
38642
38662
66663
66665
26835
35358
26534
26662
29221
54992
26740
26752
50033
47760
47963
47976
47977
43377
68722
26476
41284
42867
58062
46189
46537
70153
34757
34764
46102
56628
59900
59065
63593
27634
56276
59614
68418
32677
46978
41273
43074
63656
70357
41602
60295
27535
27755
27834
41391
43903
26485
40396
51304
51841
54473
50605
54840
67190
67201
28556
42255
57137
41621
68434
27596
27765
61260
26497
49957
52866
27524
34661
46506
61090
26664
65691
26515
27599
34289
49953
57029
27017
33776
61010
70284
27219
37601
55385
27757
70733
70734
27652
54799
35369
70329
70347
34366
37487
66732
66733
26509
61966
71922
71923
29032
29427
35305
26524
33600
70324
26648
26799
36214
42538
70180
63585
26803
36185
70327
26523
61196
62276
32105
26637
50622
51504
27045
26522
39715
26658
34973
56801
37588
62485
70326
40174
61195
35101
40679
64602
27043
27041
43496
69545
27991
38807
61196
36185
63194
26834
46560
46565
60632
60790
61194
38537
46721
26623
26627
54788
35198
56349
27153
27727
68433
26746
37949
30966
47898
26741
26842
33248
26567
41779
68436
26741
26808
26544
27920
29014
26715
36057
26547
36068
42770
43617
26549
26728
29119
26718
70304
70324
45580
67645
36294
38288
35530
51372
61219
41829
50484
27091
70535
35068
62215
66886
66894
26560
26562
51182
33510
26562
26614
70546
26718
57491
26566
33739
27538
36273
46089
26720
26949
43639
68438
27862
28269
51095
60676
44889
63034
26572
26885
36261
38010
38409
55790
67891
26696
42999
53826
61486
63670
68018
68020
40413
64734
26617
33943
36055
29328
29700
31202
52601
26957
26959
39526
26791
34160
59081
48156
26583
26603
41537
44350
67865
61191
40814
67863
68102
38741
51367
26928
26958
30994
37777
66248
66260
26606
32988
26734
62232
26696
70542
67863
67867
62592
72575
72576
26765
27244
36442
48613
49090
27531
58839
61805
26598
62833
26910
60811
60954
60962
61191
70503
70521
65084
60807
62341
26857
42805
70470
42593
70424
26609
26873
62341
26945
56228
62194
26884
26949
70540
35096
70523
28109
28125
26718
70551
38540
27336
39028
33940
34061
27530
62069
68666
26821
59614
64691
26727
29014
27012
35631
53730
28885
33248
57751
67188
67189
68124
68391
30128
57740
57858
63858
28888
56349
33250
60633
37309
52661
57289
40275
42284
42537
46388
27533
68705
68709
39421
50246
54841
67671
36409
72661
72671
26846
56801
46237
48301
61498
63152
38277
70804
70870
37588
27031
70254
27596
27765
27834
26643
61011
26794
35184
70325
53157
67213
67229
27002
62180
70250
33684
36104
37337
68375
68377
28888
36028
70581
43815
38877
60626
62480
46706
70520
70522
27028
36557
67422
26657
28485
40344
67418
26659
27029
36557
26659
62937
40097
26753
43998
48773
44099
67422
67426
54872
34923
52699
27724
27757
30980
26797
50033
39788
67638
37432
26944
35196
37897
66376
66378
57339
57375
44518
53358
44847
70580
26736
47887
70507
58962
61201
72070
72085
47792
48080
70480
70491
26684
26807
26746
70588
41822
51810
47229
47888
56340
28200
41972
36218
36633
41972
65170
26720
70469
59990
47131
49833
50333
26710
26963
26945
38468
26855
39296
60748
42844
44766
45020
46141
42833
44784
46328
56302
26731
26811
26861
27889
53947
63414
67889
67893
26888
26733
33718
55982
55983
70889
70893
26722
65620
35096
39894
70523
70540
61268
71013
71020
27789
35454
46289
26898
29119
67886
39395
40231
37589
53291
62635
70471
30592
68416
47763
47828
48050
51946
34886
67884
61151
64079
73063
73080
26966
26735
33407
26904
59410
61617
27060
54788
61017
26978
36261
26786
47200
61179
70570
27293
29119
48431
65084
70506
26792
60807
70570
60453
26740
26944
62116
61270
38470
26904
71800
71870
31630
35577
67057
60843
33627
36265
66869
26944
36139
70314
70270
26753
46582
46587
28398
70475
70477
57003
57369
57380
55664
47110
26759
65691
61006
68431
26840
58565
26773
54467
58342
37602
57412
67194
67195
26865
33770
45764
57411
62569
66230
66510
60751
26784
37762
29193
37207
27246
33633
26808
36111
68788
68793
35077
52367
70770
26770
27075
35309
66682
27075
27143
35309
71998
61152
61253
72881
72882
29425
65183
27920
60603
61269
30592
38380
26896
33296
55738
28710
70533
70537
36154
54884
70541
28722
28726
29739
41778
56963
57726
27686
42037
51508
51520
26981
50708
56348
70496
33183
60810
30357
30404
30668
36778
55041
59042
57409
57875
51810
70566
27533
68705
53423
70568
62210
42674
43836
62227
33028
55240
64836
26799
27036
71187
71194
46553
60793
61175
69734
69736
27036
35033
62207
62260
36082
70320
36062
36936
70583
48507
59147
44764
65151
61210
70563
65060
50044
62050
71125
71129
33302
33304
48257
62221
36138
38468
70543
26829
26819
27001
26832
27001
29867
50058
26816
38602
38980
67634
26817
26818
55901
55676
67634
26826
27020
50058
67635
70356
70357
68437
46404
67636
67668
36115
48235
38953
38976
39154
39171
38976
39171
67792
67809
26968
27020
38602
27047
36273
36634
27001
36675
36766
38601
61905
65060
70585
33241
44847
53203
70165
70172
63694
70317
35184
37588
26839
28873
40755
67665
26839
40637
36596
40260
67668
67672
70565
35332
70587
40931
41954
43678
35045
61174
70258
70260
54357
62439
68476
68477
61178
54738
69130
69131
44577
44607
44616
63405
42275
42295
26852
26854
27017
36376
64854
37799
39444
34721
70334
37245
54811
54820
62748
39684
43983
53989
26865
36377
26866
26971
38660
67877
26866
36075
55705
70356
26870
39065
26868
31011
35849
38657
35514
38708
45035
26882
36430
60965
26871
36392
26872
39292
38694
26875
26883
39292
67882
37370
39304
39566
50215
67878
67896
36430
60954
61191
70569
26880
26901
27105
62134
64247
37268
70558
35477
35116
27130
36392
26885
54160
70542
26949
55130
39566
32471
39293
34898
26892
54801
36568
37322
31961
52182
41969
42366
43659
61390
27661
28312
26941
27072
70541
26898
29119
59106
70551
33547
70549
27436
35090
59106
45801
70558
60919
35397
57098
67813
59122
70586
48317
60570
34429
27755
27834
34214
45196
56857
60190
36137
48634
26915
26994
26913
26915
26994
67860
26987
67867
67855
67866
26999
38900
26951
62833
67866
48127
67866
67867
26951
38663
38667
38900
67855
67856
26959
26956
70524
70526
26927
56798
58280
62892
40183
43448
43622
31756
38534
54316
38666
39356
68434
45120
48313
36631
40279
67895
70511
36497
36631
64943
67895
48307
60353
46050
48149
60973
70358
31136
60635
70469
69448
69450
48082
48550
61623
55130
70543
47898
54502
55068
57489
61270
36197
28504
56126
52545
53837
27073
60949
70536
27072
50710
39047
67861
27921
70491
70492
71456
71464
56761
64879
72645
72654
48844
68110
38758
38741
40814
68101
27788
62353
70547
33123
62604
36196
36218
36640
50197
57119
64943
27355
29121
29425
70789
38462
36290
50153
27099
27101
36392
50215
67878
27367
33407
29431
33428
35124
48260
67002
67073
33162
33939
34663
46866
70566
27845
41403
56125
44917
61206
27281
66274
66297
35965
52521
31575
39161
54695
62831
33641
60965
70556
68833
68842
40378
34972
61011
70326
40570
64698
38870
39026
39248
63479
61314
28555
48424
28433
39293
41133
53309
59063
61348
38665
64698
61223
61994
69197
69201
60936
35011
35771
35773
38663
38679
67860
37383
56802
42659
44475
32261
51433
56312
70266
54744
36166
50908
67667
60793
61175
64904
65053
32689
57971
68149
29189
34885
50605
27015
40036
62648
63011
30325
40783
56917
62213
60879
60966
70328
48765
53549
47250
53113
54610
59967
27032
56600
57379
72395
72396
70299
32105
36558
36556
37953
61010
36759
64949
65990
52888
70317
58488
47729
39694
66139
69540
27059
44805
68922
67635
67646
36270
51194
27143
33228
28614
39163
37514
40336
50246
61797
35307
35467
40308
67670
35386
55894
27223
28980
34984
33632
46387
46563
48496
40097
62937
67419
27129
27383
53929
68649
33506
39031
39032
27305
32274
32529
70249
70314
55088
27067
27104
55874
67452
35630
58893
62728
67451
27973
38562
55671
27124
61228
64992
67454
27070
27095
64992
27124
27537
38554
27095
27741
35620
67453
27886
70531
27076
35614
35159
62828
27078
27112
56066
27078
35614
62709
67441
51440
67439
33297
43129
60223
51062
27086
27258
35648
51525
27259
29163
32270
41754
41057
49454
50497
50607
53175
27258
27282
35644
67415
38520
59664
67413
27089
38034
40358
40749
27259
32270
61495
65838
27255
38521
67412
70306
70311
28710
29439
70537
47411
35034
35134
56466
70417
38354
38355
27104
27488
27947
35692
27963
27700
27849
38478
27100
48485
27101
72713
72719
27172
27430
27933
67199
27488
27963
40966
55874
62728
67451
27608
55873
71000
71010
70534
31456
60226
61154
35608
61137
46359
46360
46370
32992
46331
46439
34560
40611
67439
27690
31918
45954
66028
39549
46504
48581
65035
32329
34153
42895
36021
38029
38408
38508
68704
36021
38508
67366
67369
38207
42592
54832
27305
66463
69763
27171
38536
41660
54864
27973
67456
36039
38690
41879
55904
58525
65741
38669
40998
28562
28756
61321
31368
67878
67882
27155
38274
38489
67217
27133
39842
71113
71114
27134
51370
60549
39831
39842
50980
43978
55335
61872
63814
27515
27704
27849
38478
27164
57108
70928
71170
27171
67425
67426
46205
48326
48541
60116
33483
70526
28623
38481
62328
67227
27146
57690
29571
61267
27185
39896
41821
67224
27149
38460
41821
27185
27189
28623
51544
56832
49261
50783
27157
68433
32235
48965
61419
27156
27387
27390
55142
67217
27196
27246
27377
27160
27348
61249
70769
27351
27801
60540
28474
34609
66982
27163
27203
27835
38491
35252
55119
67220
35432
27166
31760
54936
66977
27167
34432
34446
28579
38061
66977
27932
27951
27690
60633
35367
38324
67707
62937
27349
27587
27740
32863
35618
62245
63700
27180
38303
54959
67192
27182
32488
27178
27180
27191
67192
37597
51512
67208
67278
27468
34989
54958
27181
35000
35729
67195
35723
54958
27965
38316
67193
64952
38316
38317
62328
27190
29554
42817
70777
29289
67231
27187
27241
27838
34661
27508
35306
55984
27576
38480
55140
27978
35739
32943
48172
61908
37601
37602
67194
27390
27392
39223
55142
27195
33920
34260
35725
27446
49601
68716
27689
33919
36126
70571
70572
27612
27902
38201
60194
27200
35103
64952
50733
27202
27340
48708
70776
27341
27648
55142
27551
30363
31571
61274
27206
55390
29931
27209
27334
70775
27540
32388
36744
27333
29020
27349
38296
38486
28035
28058
28322
27213
29132
29931
54377
27215
27331
49024
70740
27332
60563
27217
54377
27331
29990
35300
27221
27728
70739
28874
38184
65710
27223
55199
29145
62002
70338
70342
27226
27694
70747
28877
28980
61232
27367
41642
70548
70552
27230
27749
51026
70746
27687
28876
27746
29564
48702
49132
49408
50815
56212
57171
71085
44264
46639
50855
35477
27238
29410
65352
27238
29410
27240
29078
38623
27242
39731
35614
38207
29567
61286
27246
65575
66936
29699
35951
70572
27248
29059
27249
29059
58990
27251
38623
28881
32270
44670
71886
71887
38151
50614
41054
64352
41381
57548
67414
33394
43994
47662
34918
40580
55021
64280
67413
70995
71002
60930
61494
27262
53797
60907
61544
61597
72613
72614
27264
28881
29058
27266
31088
35644
64589
27404
49420
68681
29906
55801
27363
28899
30327
38158
29420
51289
27272
64850
51289
29418
60517
64934
27315
27889
61818
39033
48824
50669
35074
41490
55897
66889
29859
30319
61500
27752
29619
36301
27280
28898
36301
58847
34025
35712
29630
28905
28926
32510
29029
61268
27286
30945
30983
36577
32485
34478
37670
41361
32396
44282
55199
27364
53035
58663
27758
29446
61267
43779
53989
68618
44670
45871
42861
70750
70751
69439
69441
38232
45110
67300
67313
27825
27829
38661
57102
46310
51437
59303
65733
60790
70473
70544
69473
69477
27306
27668
70997
27897
54864
55661
67420
32827
44050
27669
27872
27315
62744
68643
36115
39806
53039
57499
62388
29412
29657
48235
57089
57182
62329
37446
50901
38277
49039
49336
70870
27317
27843
70972
55471
68641
27894
41381
62601
27799
31029
54720
38585
71025
71029
27321
39244
61918
67417
27321
50856
56817
61918
37787
27666
28886
29158
27919
28928
27325
27616
58140
70971
27615
29400
65293
27327
49296
49311
49288
49300
27329
27420
28983
28045
29951
27332
29020
27332
70775
43408
27334
27335
61398
70776
27648
43757
32777
71013
71014
27950
39954
62829
27341
32943
27341
57110
70777
48917
27716
27731
29248
67780
67782
37376
51628
40764
30998
48911
52200
56090
70693
70694
27351
70770
33011
33385
33387
35424
35042
60925
53004
46775
27355
27356
60925
70788
27357
28460
27357
60540
70786
29016
27623
29443
32944
61267
29430
32481
70771
70773
32476
48917
62275
70792
27362
27489
48172
70792
27792
27810
61916
67329
67331
29464
58666
40350
49404
49405
52411
29064
49135
50785
56850
41101
29028
44282
67270
67275
27693
27742
29531
56532
60071
27505
29067
53221
64547
27722
27764
27392
33633
54087
54553
29527
40896
64046
38635
51486
39179
59739
64771
27507
40249
52303
44805
37597
54996
27409
27505
27491
30798
40160
68628
38168
27442
27568
62695
27442
41031
68720
53868
38638
38491
56282
27395
41979
56282
38417
62695
65586
68683
27399
27804
56164
71435
71436
27400
34080
27401
34461
54903
27403
27719
51991
61741
64302
37626
54903
66980
27569
68683
67219
67221
27415
30144
67334
27408
27411
27787
70765
70766
27412
35748
67221
27412
35748
32902
29493
31874
65734
54256
28893
29899
27497
29141
53439
29592
30969
27419
27644
27493
27767
27424
27641
28583
29423
69533
73130
27550
28355
28603
27978
38436
28983
27601
38987
39112
38109
64685
64962
27435
52556
32900
50558
27435
50548
68719
37751
71017
71026
27726
55384
27434
54934
35728
68701
33547
61616
44679
73104
28460
29165
59029
70789
31212
60215
63783
70787
27570
33693
61517
68719
54445
59961
72821
72833
27755
34214
68667
68668
52161
59484
69660
69661
27583
68720
28977
27449
29439
60159
35133
29044
47813
48048
53756
55752
61221
27454
27825
32101
70914
32207
70990
57953
68716
27462
28309
41314
38440
40992
70746
70767
27742
29461
27461
27816
27476
40897
27865
29174
70983
38490
72844
72845
29083
29233
41193
71008
40895
67194
67196
34901
60227
65734
70981
61739
61818
68616
37601
70668
70669
27540
32388
40966
67198
27472
27475
27486
27875
28668
61504
61645
27476
27477
67196
27476
27477
27777
67203
27816
38053
40895
67196
31355
71451
71452
28984
29090
70765
27482
27485
27589
27711
49813
27486
27487
38313
67203
27486
27487
60958
67204
32388
27792
70786
29418
65131
45590
53264
68626
27936
29084
29530
27518
57052
70756
38723
40912
50712
55510
57374
66431
66432
29531
42325
27691
27738
63018
54657
55197
27503
41310
63370
71004
29703
71027
29980
55514
61536
71022
27695
27766
27552
34815
62275
27509
40160
53264
27511
41304
67434
27510
52067
68647
57088
63891
68649
41306
57225
67435
38606
62019
64356
68899
29161
51668
51241
70754
60522
71949
71960
27519
28668
61424
71027
28877
59100
60217
46859
69732
69734
49442
63644
33083
66421
66422
27525
27772
27864
27526
27527
38132
46645
27864
67433
54949
60525
45758
53463
34160
34214
68668
27535
58306
68670
27560
30926
47783
70993
27765
68668
60219
70912
27741
45954
39436
27740
54731
33514
55671
27544
66035
67449
27544
27928
66035
31688
41497
40387
70982
29572
60220
70951
29426
47404
31310
57577
63015
71216
71236
28078
42111
42327
27563
70791
52556
62069
68666
68701
27561
64691
70721
27593
67151
67223
27593
38280
55539
54992
60461
70690
29538
32154
30592
61987
39484
46900
60215
61629
29538
70798
71210
71227
30592
68416
68439
35836
41280
54644
67201
27729
29473
27790
34080
54949
35132
36254
52015
52184
38308
38315
40734
46014
46644
60988
27581
62127
68406
68433
27595
38476
27697
27716
27727
27762
33780
48961
61000
60324
61259
27740
27933
27958
38483
40769
59614
68418
68437
54731
67199
27589
35608
41254
54840
38475
55911
38299
70717
29427
36298
70784
38696
41347
41395
70890
64791
41360
70941
33799
48769
34160
34941
38477
27600
27604
49396
57166
27789
59816
49127
49302
70907
70908
46253
70941
27775
27866
64850
48603
49127
41090
41224
41452
41785
49031
49033
50641
50873
41456
44167
70799
27609
27901
41162
27887
55873
27861
30916
60225
39223
38410
41286
62000
67448
27615
31029
27616
70972
27826
29899
67333
67334
27844
64805
70989
63198
31009
37128
37663
29446
29569
44524
70930
70931
39850
57057
57170
70710
49123
50758
49380
27630
29564
70695
70695
40941
54969
61922
60308
70709
27733
28976
29789
35679
32554
68416
49180
70888
70891
41387
50899
57348
49417
70606
70613
70701
42115
42119
44968
45549
35797
35865
39186
55991
65113
38583
51432
68998
69000
29558
35613
48577
48578
55952
40648
70707
70712
52929
53522
50733
47869
55417
64868
65680
38488
44444
47192
48829
57301
71726
72000
68431
32471
70843
70844
49668
27897
55661
46064
46483
48443
29436
61398
42431
45212
68622
68624
42786
70714
40706
43407
62726
35652
54033
29122
32186
71015
70703
70704
27669
65099
71017
27866
27671
29957
61645
29305
61615
29970
46574
27695
27766
71023
34688
66480
66616
71021
39792
70764
42873
29045
29067
30883
27771
27774
27878
29703
32616
62797
51514
57651
29532
59790
70768
27794
70731
70732
27782
65258
34289
68437
69141
27749
32395
60532
37578
44266
66684
66689
35668
35725
36056
27739
60532
70762
49418
28984
29090
29532
28877
70739
29045
70765
69222
69224
60324
70798
27712
67211
39942
54639
33004
37775
48757
62957
70793
27726
67211
29435
27708
35959
27729
61623
71024
27832
36579
27729
27730
43408
70795
28045
38184
60563
49013
71355
71426
27795
35376
55384
33484
44769
57177
37590
38435
28454
56947
60166
29025
33693
38227
52935
64343
41023
41187
41586
41900
37634
38417
30249
30700
66968
27781
29980
61615
27724
60466
35318
35377
65546
29467
38184
70740
29951
29951
70758
32470
43757
27757
28975
37139
55095
70703
66635
66638
27737
62062
68241
68242
27739
27742
29603
70767
27912
67455
27753
29453
27776
38132
41496
48703
50107
50716
52402
29589
49064
27751
47835
61858
64051
70695
34984
70747
29619
61257
63577
69398
29571
29606
29947
31495
37663
37898
39337
61169
70749
71016
28432
58847
27770
29928
27885
27896
66052
67423
59872
60273
27802
68406
70596
70598
27766
30051
29141
57052
29102
29162
38813
70745
27781
32186
35102
29305
32871
27876
71026
46506
55900
35006
37604
55974
28824
61504
29070
32871
27929
29997
67433
40959
28283
29669
29788
39432
32874
38213
27832
50690
67229
29452
71023
51189
27787
40635
60196
67228
35126
68145
68163
27815
29469
35959
52604
70785
27798
68420
27796
60525
29432
31212
67184
67196
35747
37590
46350
67207
29952
70726
40769
68418
29104
60227
35122
35236
61697
68420
39953
27841
38435
46350
27841
38435
67221
27811
68408
61405
49262
41780
60317
64970
29008
62127
68406
31590
65316
65662
41587
65376
48300
61403
29106
37604
27833
68466
35009
37601
38490
61140
27829
29073
29231
47783
29078
29411
39132
35731
36793
38164
48952
52851
32207
48024
29049
38802
61890
28891
30333
30740
28035
27836
34728
60227
65734
54934
31545
35561
68408
54955
62864
27839
29397
33595
27864
35306
37978
31691
54720
48886
53299
54060
67222
31033
62298
54720
62003
70964
44162
27848
32831
39132
70965
27974
38461
54886
62000
27850
70999
29154
29233
32831
40762
54636
27871
59451
60194
40717
49347
63771
65066
46870
49470
53392
27898
61240
29237
29528
29847
57242
60360
29154
30916
29289
67230
67231
29233
70999
71008
27986
39360
60415
67434
28309
70981
44431
68229
41191
55900
67427
27872
29898
60001
28510
58108
63896
68244
29058
27923
68244
70794
70798
29164
71026
27878
71005
46391
51309
55791
38499
63370
36212
68204
45061
61258
63578
49668
32167
41816
38591
70540
70541
29079
30915
28618
63745
29500
30549
68189
27901
31021
71000
29063
36578
67029
64589
38488
48829
66533
66536
38591
67416
37133
41660
32831
28462
55764
36132
40558
62954
67417
29898
30915
29289
35739
28797
49337
58941
54547
57511
38604
39426
58700
64630
32964
36110
60283
56851
70938
38576
37152
37386
62717
27924
41721
66028
27923
28466
63896
29408
29904
61496
70977
51605
41296
41297
38553
73071
73076
30013
41122
61496
28208
42336
46291
65454
64590
35620
49006
42395
42725
59068
43479
46055
68176
68179
28012
61431
70990
35597
41496
64736
67450
29478
29036
57074
68077
68079
55690
67206
39271
39274
67760
67772
28636
28739
29271
61233
29061
38623
28703
52322
52418
27939
29793
61453
35253
60175
41721
49006
54741
35253
60162
64829
30876
36870
50045
60328
31683
50251
50939
71037
37483
39395
50032
55867
38703
41302
55763
38458
67451
50440
50946
56894
36322
54744
37174
46614
60678
57074
27954
27980
28300
28469
35047
28308
38815
38818
38912
40090
67220
67222
38454
28698
63687
71200
28764
52060
68203
29297
63517
27971
38009
38370
27966
27972
28095
28603
35723
38315
54959
28338
31417
43915
27970
42440
66983
38416
55522
66980
61515
67582
28079
28689
46298
27974
38461
55671
55682
55119
66981
67220
33424
35249
27979
28623
67227
67231
27979
28623
55377
28437
36559
38009
27983
28291
30612
28552
38705
38706
39994
56017
28332
71157
71169
28269
44544
66163
28022
41605
68207
39052
49329
56069
28334
50520
36082
36717
53532
67737
67739
28580
46100
66976
28005
28627
41935
42374
52060
28000
34402
35598
28000
34402
66397
70044
28018
28002
32016
49529
28003
71169
71176
28332
32016
28486
68472
68479
28057
28829
28007
42097
42101
64840
28008
43477
45980
64840
70194
70196
28101
37396
67009
28011
28317
29051
28059
28020
35554
71229
37642
54558
42229
68187
28016
34798
28017
34798
59043
30334
34792
56030
66787
28348
61431
33961
28409
68205
69508
69538
28412
29803
40786
68185
34293
65978
36819
36824
61474
28028
37436
28029
37271
37422
37436
57488
29382
56504
66982
66984
28462
28872
28559
30323
34565
37887
66755
33792
28037
28313
29215
28353
28040
44584
44950
28040
44950
56152
42087
44874
41136
50602
28043
31912
46272
70895
28044
41809
31912
41082
28048
28152
28650
29287
28048
28650
71218
71223
28622
30611
28151
28923
28927
28059
28145
28056
28339
28484
28086
29768
31177
66504
28055
28373
32564
37375
28055
28519
30523
46524
29441
29277
29494
28058
28145
28322
28348
28313
28634
68657
68664
28090
28141
34702
42210
47653
51441
28097
54006
54930
67007
28065
28066
31546
28355
28664
28683
30317
31121
35905
30313
65926
46863
68027
28123
54223
29766
54003
54452
54500
30225
65348
28191
30334
34792
41105
51516
59890
61254
36591
29012
31917
40765
28648
54930
61274
31087
48939
28081
28528
30540
45502
68012
68013
28360
28372
29768
29435
31069
41292
38692
70633
70634
32557
66502
28336
29610
43534
55526
28355
28611
40221
28589
66993
67000
37479
55401
55867
67685
28097
39619
42327
54930
28448
30324
30363
34992
28097
30200
31995
28337
28354
60467
71238
30201
65112
70626
29598
55205
50017
51612
52238
28102
37474
38778
28103
36833
28104
65136
28342
37395
28108
37825
38197
40857
41020
28752
28861
66975
28113
28115
53555
53568
64086
28250
68044
32097
30606
53378
57689
28159
28706
31110
42156
45093
56451
28759
30416
66982
30406
53442
69008
28615
34258
68046
42333
48984
49165
29479
34932
43343
28250
41111
31204
36235
66973
66975
71597
71667
28812
29234
31607
32107
37690
41037
41149
42032
28130
28131
66986
28132
30215
41086
28132
67005
39090
62001
28138
63771
67975
39111
28705
61859
71202
28323
29491
38819
40094
68229
31574
49559
61477
28143
28513
52170
67977
28555
28589
40976
49347
67975
36218
36228
39801
41972
28829
71229
31096
46707
66772
66773
64280
67413
67438
28259
28667
28796
28259
30324
43487
37474
54976
56573
28319
28933
28323
28645
49884
49886
51197
62052
28155
30140
30824
40182
28249
28157
28161
28504
31581
32097
61453
31581
39469
28161
28162
28167
71428
28163
40056
28163
71433
28282
28184
34729
38842
62481
28211
31187
28780
44293
40717
31445
41066
55209
28173
60272
28211
42193
29181
29381
46471
64787
28365
28790
28289
41997
64330
72950
72954
28426
50403
28178
28791
55620
28369
68524
68525
38746
60279
71378
49673
49674
50373
57593
28183
28732
31354
28261
28581
52170
28483
64575
36061
43094
29732
40548
50408
28190
28379
59187
28550
28913
28379
28553
60247
71467
28517
42138
64766
71396
71397
28198
31548
47514
69736
69749
42076
47436
28296
44801
65399
39296
57119
52457
62006
64766
71396
28204
28207
38008
28493
28206
28207
71464
28296
31588
71469
28296
65724
43111
60153
28212
28232
33874
28240
28538
28214
45412
71431
28501
39326
61467
28518
28713
60266
63287
47294
64735
32217
60171
71987
71988
35399
35940
54442
69289
69292
28224
44736
68025
43891
67967
28476
28493
28590
31149
61347
40356
60437
71444
55634
67691
28548
29730
31137
50343
56135
71301
28440
28576
61302
56555
39711
50071
67680
30350
50921
51085
28467
32097
50645
61835
28298
28480
28539
71394
36488
36834
36924
38765
28441
28548
29293
60168
37444
56253
64576
30376
30892
45091
65793
49571
50394
56141
28393
37727
28260
28393
68042
28253
30444
28496
28553
28795
28299
51460
56430
31341
61350
49113
49221
51598
52726
53875
65576
56858
59265
30323
28262
28490
28782
30519
61322
29260
63239
28569
49436
39689
53869
62700
28270
29204
30457
31290
28725
31293
56873
60395
32592
37823
57844
39505
39588
39913
28787
28835
32414
37923
59364
59728
40047
41121
51148
61311
28456
31614
71406
71424
30570
31758
38531
28427
54717
28505
28508
28780
61317
28294
28431
28499
39533
56081
64781
71280
34956
39988
71040
71041
28361
28504
71428
29852
33645
33865
38094
38459
67154
67156
28297
71447
32014
60795
61822
28571
28799
29757
71357
28352
31149
43849
28376
72985
28541
28707
55632
29892
45116
45118
48335
49455
64282
70811
70816
28502
30393
31324
61571
45830
68306
68308
60520
29331
33018
29493
40388
61628
71176
71178
28317
28436
29511
28320
28631
32101
61431
70917
31008
35554
30460
37831
59143
67686
28905
33339
57154
28353
28622
29491
40467
71227
67239
67260
44595
29299
61314
29672
31079
60226
61603
40459
50000
28831
31118
38135
56361
45506
66047
42595
60520
71237
61827
28343
56155
61744
35329
35919
38747
57855
28842
41025
29270
68224
68225
28546
31804
32108
57154
60519
71238
71239
39092
48910
55938
62804
28363
28616
61827
71236
28610
51711
53800
69587
69591
28431
28780
28360
30304
41488
29757
60272
71422
28369
31281
71424
30612
28406
49361
28791
61449
59285
61855
67762
67763
38850
38883
38938
31286
28386
53737
62101
68187
31177
32557
62578
28902
31177
28519
43618
66520
28447
61433
65730
39582
65006
72142
72410
51253
51460
69380
42778
28794
71440
71442
29365
71467
71468
72230
72231
50066
60186
71152
71154
71466
54602
71136
45908
68185
28932
30344
31187
46462
28868
30505
32583
29500
57323
66785
66786
50294
50600
71086
28407
35263
42310
45682
28654
62225
67010
29573
57690
60800
70748
29640
30035
61655
58306
68670
68704
28411
31086
31107
29147
56576
60178
30386
34469
66144
66756
48344
72728
72745
44541
54578
59274
71640
30323
30352
39552
39694
51658
69532
60950
28544
29599
42155
28691
54867
60065
68458
39050
40495
51144
57666
59150
63198
48704
49927
51035
57167
49842
65874
28447
31316
71357
62901
59673
71421
60395
28732
61319
61762
55758
39638
71281
71282
28498
28722
40589
44817
45716
29907
38813
55517
38424
38720
70844
29246
56155
71232
29073
29231
70987
28635
71198
54654
28707
56352
61324
28744
29730
29370
30444
28493
31149
71464
28802
71207
71465
64309
64313
64433
37936
48357
64937
37498
42327
37414
49390
64712
67738
28732
29204
61762
71451
28540
42345
56573
45074
65398
71370
71374
56987
71380
60246
28458
28550
71467
31548
60168
71469
29803
41009
54867
46242
54976
28629
55552
52044
59578
30487
30988
65136
63206
64590
28480
44406
72768
72769
28541
33190
71197
31760
37508
40665
39602
71865
71866
28491
28556
45141
67997
70866
70871
56044
56286
66983
28752
28861
44726
29227
29191
30231
34427
28779
30629
34427
40113
29331
33015
57195
71197
28566
36844
61323
61503
31939
35486
47606
61744
71238
38005
46107
46241
60473
66356
62261
50001
51436
71090
61322
71451
28557
29271
43466
60759
38797
46816
71624
28773
29372
29773
31316
29218
48322
62894
43410
71449
71450
28571
71413
72819
72820
45412
61317
61363
28716
47303
56108
60272
28721
41016
71412
44732
45328
31757
33509
38643
39217
29748
33967
36037
56299
28632
29036
65501
28572
71434
37802
44267
62358
66776
28675
28515
29240
29140
44274
38888
38890
38938
60350
28534
29748
60396
65951
45505
66502
42109
46070
28774
30955
35131
61570
29139
55107
72386
72387
41184
42265
43677
64858
28525
55538
28816
44406
31835
40415
54976
65537
61259
39469
49229
61324
71203
29444
30181
63059
38898
39435
65106
28533
28700
28816
29984
40950
64027
28740
28871
61603
28894
28896
29288
29608
34368
42289
56038
28539
71456
43813
71186
28644
30988
71203
32134
56156
67548
67563
34271
42345
46243
42159
42162
28565
62057
67994
53404
35200
39359
51719
71357
71430
31548
59537
60167
30612
42794
67974
67975
28557
68266
30401
30410
67995
30291
56207
62603
28562
29725
43579
71391
65594
34804
67996
39093
44695
49941
28570
40956
62057
56883
40957
31778
71405
40056
71427
48234
61151
62313
64079
28794
61433
65730
71440
28585
29346
35409
40068
40750
62637
67218
31226
60799
66994
28582
67996
67998
29951
49568
49603
71368
56352
60328
71137
62474
32283
68263
34069
32973
30596
47855
64826
65057
28597
32126
71181
28604
28617
30238
29240
29772
30529
31366
28677
60982
31369
71180
30436
30483
28676
29182
29184
29492
39581
42627
65444
39581
50995
28689
71236
30240
44733
48449
50661
50933
71097
34962
46040
66965
31272
31369
62847
50025
50661
50922
50926
29980
30051
71022
71023
31547
40221
71216
31085
60982
56158
50102
54812
55651
55766
28759
30416
28622
71210
34962
64112
29172
28626
28665
32745
37050
35018
71181
71199
28826
29215
29499
71218
29251
31792
56285
40113
66984
66985
28954
28958
31061
40467
56576
56151
57034
59939
28632
28776
68264
28830
29051
29186
28634
71210
68260
29520
31120
29053
71211
28636
43651
29177
40305
51390
64679
57101
71067
71069
29396
45460
45938
64402
30926
33805
43935
30682
30691
64847
28670
40094
30254
30764
30825
45982
28986
29401
30919
32879
28655
28879
54006
29047
39969
40372
28671
29661
28653
28660
28840
66757
28653
28654
28661
28828
62225
31825
37911
66761
67011
50814
71084
28658
28659
28660
30591
31914
37401
37411
55253
28828
28839
28840
34263
50162
50814
60208
71156
29665
57093
31061
55235
57411
32228
50425
50595
37412
44894
28824
29278
37502
56845
28671
28673
28672
71218
28673
37360
71217
29666
29402
64787
49361
67976
67977
31159
41567
32114
28679
28692
28920
66751
28690
28922
55240
28815
35916
60189
31417
28863
60189
60232
29665
31857
71216
49543
51375
28703
58897
68260
28687
29288
71222
71224
28818
31081
55073
32188
34476
44697
71199
28691
29678
28920
37947
28693
28922
37415
28694
28914
28695
37466
42310
33957
66754
28699
31111
66045
28699
31111
61360
71180
62950
71198
33190
62847
28769
61359
28808
29245
40455
28845
28849
29247
64590
68278
28831
31118
38626
51255
60162
71209
28711
31456
49229
29672
31960
47854
28846
66045
59652
63386
60396
71411
37708
42922
47854
42320
53679
29837
40904
41010
48037
41659
46703
54987
28720
28755
68283
28780
29273
71413
28792
29375
29401
39969
51268
28774
61570
67179
67181
29205
42023
61586
62913
29269
29307
31759
61553
53290
68597
68599
36075
37605
38382
38976
29416
71276
71336
28800
31355
30388
30604
31289
28750
43579
28746
31297
60030
60060
28793
56162
69613
69615
29850
31558
55292
30548
31119
55526
32207
59873
29338
71192
71194
29720
31280
31705
64997
60799
28805
29205
30499
29495
29796
71456
31256
38752
39604
49228
60411
71481
71487
29296
31215
47234
28771
59187
29850
50367
57036
66976
49613
49817
49970
50344
34423
40443
34398
68281
40414
43286
29885
37096
28760
63282
67778
67782
66975
28761
39054
30528
56109
63282
40050
62002
28776
68264
68268
54604
68205
29380
31398
29725
29731
71447
38379
39812
62992
29328
35470
28915
39610
49559
29303
44812
29742
56589
71405
35334
38022
57170
31289
67620
67622
30629
31787
37447
66979
34598
37447
32937
40919
29710
29750
31438
34869
52095
52618
49685
56226
30291
46078
39896
67224
67225
38878
38941
40928
41010
57162
28799
29372
29757
61318
61857
31759
41095
29738
49002
50009
55753
29218
61437
71458
44894
65001
66763
37911
46243
67011
29773
43280
59089
29753
50386
56986
71209
56615
61434
69983
29293
29388
30531
62894
29764
30060
63637
29628
30062
56634
30390
39674
46172
35146
67471
61798
65178
29201
32114
29507
29616
29623
29627
59134
61769
68017
68040
28818
31082
29342
28823
30416
64112
29288
29392
55068
57199
61928
28865
30231
37469
28864
30631
34079
66971
29191
34609
29703
60217
41648
70974
71213
28830
28985
28878
37577
42258
65091
46349
71227
29279
70841
70842
28836
38138
39693
61438
28834
42258
62482
28878
37947
66764
28836
61438
67225
38283
67153
29669
33372
30934
40262
37401
66757
31914
66761
50030
54755
72650
72651
37395
62615
66992
30323
30665
34565
42764
29809
61547
67564
67568
29282
71191
71193
60998
28848
28849
29702
29800
28850
61360
28850
71182
71193
29005
29381
40372
29606
29619
61505
29619
61505
28855
28857
63341
61379
64364
34070
37467
48424
67000
61379
72628
72634
34598
38263
66978
40951
42539
70682
28862
53176
30422
34258
29066
71794
71861
29398
29608
65867
32030
34122
37460
30232
30459
30631
30409
66999
49994
51099
51677
56890
33958
35263
29102
29158
28921
37411
42258
55253
29282
29283
36596
38572
40336
29451
34010
48452
49136
60316
29461
29451
29678
66759
34263
34271
30034
61495
70998
71002
30034
61495
28883
28884
41096
41107
29895
61276
29895
57440
28887
28888
28898
28924
30137
33248
30137
62720
65715
71205
71209
29505
66621
66625
29401
29660
41648
70974
29049
29900
28895
71219
71222
28896
29374
30194
29392
39319
36339
39281
67463
30887
37409
30920
32864
61916
28901
28928
58140
29904
70977
70978
28903
28904
43994
28906
37451
28906
30527
47662
28927
66504
66506
33958
33960
34282
29135
29079
29084
71000
37274
28926
67373
67391
28913
31096
34829
42076
29445
66772
30563
33957
37768
55764
63166
32834
37098
40899
57081
28918
28919
66782
66783
28929
28929
62351
65981
37466
66753
32446
37577
66758
33028
30161
61658
37409
71016
71020
32254
43034
44010
31121
29904
32852
30562
48521
28931
50895
52148
65247
49838
50067
52578
34893
66780
67373
67377
28939
56502
62555
66503
28936
28938
66762
66764
28937
44894
28938
37412
46249
34565
37403
28941
28942
36982
28941
28942
34673
37353
33371
37263
66503
66505
28945
28946
36982
62555
28945
28946
28978
29126
66512
66514
28949
28950
29774
34489
28949
28950
29136
66513
66515
29116
29433
28952
28954
29399
55007
28953
29114
29774
28954
66510
66511
28956
28957
29332
31197
28958
66474
66476
28958
29091
37050
29100
28960
28961
33320
36756
28962
66473
66475
28962
33727
56405
28988
29096
28965
28966
29781
36756
28965
28966
31140
56740
32731
62507
66482
66484
28968
28969
34755
28970
66483
66485
28970
28992
32717
29807
29080
29102
29162
32590
63164
29193
37207
66576
66580
49828
62410
62427
73027
28976
29169
66480
66481
70741
70752
36846
37883
28981
29138
55111
66505
32395
34607
34673
37263
40232
29041
29558
70767
29094
29381
37362
29660
29876
28991
28994
52331
52497
29088
31197
66473
29076
29098
65119
44243
49001
61952
35324
51800
52006
29176
62530
29310
37373
43582
35324
51803
57629
29454
46034
61096
38718
61530
28998
56502
62578
66503
56519
66501
29000
29986
36210
37712
30002
36317
36319
29434
29541
29552
54931
54955
67218
29024
29024
30538
53410
29560
55000
66587
31916
34357
34454
34458
62275
29258
67265
67009
67014
30743
35001
40266
39389
29133
60327
37741
48521
65981
29432
38643
38647
56039
68781
68799
29213
29225
37209
37283
56326
56504
61234
29041
29558
65710
70756
32747
50684
51578
70589
32897
70797
41684
41876
45320
50744
29926
31250
38748
29995
71019
71020
37117
29033
60724
37117
54609
65043
66592
66593
29841
32691
61880
29038
29042
54999
56421
58897
29527
58865
29040
44487
66589
47632
50521
29242
66588
70758
66589
29552
29584
70780
33328
48044
29162
30029
32285
39102
51268
29065
36712
29899
40084
35606
40298
50605
55236
29053
29054
29053
29054
71211
71213
31008
37285
38498
61554
44429
53564
61034
29153
38556
61240
70965
29167
56887
30027
54115
41754
71001
71002
34900
41522
51648
49498
49230
63621
29842
53176
29090
32931
38748
61232
65257
60547
61511
71017
70836
70847
39135
56851
65293
70992
69705
69725
61158
29656
36825
37063
29655
43058
44632
62472
29512
38359
30916
55873
30012
34438
34709
39206
29478
66619
66624
31072
41195
70983
30916
70999
29287
29499
60220
61467
29089
33727
55507
29393
29814
29099
29393
29315
55037
66584
38811
49332
29279
29896
31059
32899
38482
69657
69659
29098
29332
66475
29655
42060
42169
62472
55048
56405
29100
29395
32737
66474
29399
32737
44313
71015
29465
32898
60452
61719
70972
70987
29583
38441
39420
29469
70533
70772
30249
34334
55370
40632
48049
29429
29430
38485
59705
29114
29115
29399
44313
34489
66511
29320
29323
29124
29320
29434
35103
70783
47831
47832
55272
35549
35919
49976
67288
35528
70550
29928
71018
29125
29126
29823
29125
29136
29321
32778
64819
29554
65107
37083
37205
61683
29782
56563
63642
38581
40834
49117
49407
70593
32898
56247
61406
57038
71500
71517
66515
57351
34486
36647
66243
31179
53507
61188
29772
61548
62517
49113
56829
70661
70731
32461
39835
56475
29945
32430
40647
29417
45292
30253
31189
43925
30223
29397
35368
70964
60225
45746
68714
29160
30225
56321
29236
29478
32928
71015
71016
29461
31012
61286
29190
62124
67743
30883
29917
39806
29486
61645
71028
61403
70787
29556
51184
56990
60375
30034
31021
29789
29806
55095
58205
29339
55491
66481
29804
29806
32717
35067
35625
38062
34683
34687
67070
67072
29187
61240
29257
29337
34755
62288
29271
63494
70970
29337
29382
66279
29180
29486
71018
71028
29305
29452
29928
43534
29183
29317
31241
33865
48361
53734
70362
70376
41646
31072
70965
70983
55418
66766
66781
49806
56321
68016
37319
64095
42663
45345
29306
60647
30842
30976
32499
33869
69872
40300
40302
54650
33204
33220
34520
64146
32089
47677
63300
66622
66623
29984
40431
58369
29839
29207
29224
72951
72972
29208
53773
64278
29224
29213
29212
29229
63755
29212
29229
72929
72937
53585
59878
56722
59852
65475
71477
29236
30248
37380
29314
29366
71190
71194
29736
71438
31705
61312
71416
58912
73082
55149
29223
29503
71652
71670
53583
29226
61501
29793
37380
64136
37482
50240
51369
62864
29853
56775
60225
62926
37500
39268
65098
29653
30316
70968
40861
29241
30940
30999
50570
29780
31269
37331
66567
66627
29264
29379
56421
31057
64848
65178
30033
37296
29247
29249
62926
31107
71239
29752
31255
48691
65448
29752
31841
40455
61346
34427
40113
61933
66632
66633
29579
32300
37682
63986
37325
42795
44740
41495
45368
55136
55972
31211
61321
46784
34022
44714
38650
41004
41006
29266
37304
61036
29842
37304
37564
37872
54364
29359
37315
47039
65730
66113
29315
33561
62985
31211
60377
31100
40094
70971
29281
30083
65907
30393
30155
30779
55125
31902
43286
61928
39324
39483
59739
57093
29703
71026
71027
29398
29608
71219
71220
29353
65208
61603
71191
71192
38908
38922
38923
38924
53757
61114
67523
71291
71326
31082
71220
71224
29673
36682
29370
71459
34347
35678
36589
56492
33950
56521
71358
52728
29837
37321
37543
48198
62492
49328
57837
59462
53488
63236
29486
57502
58927
60658
32004
37374
38193
67584
60738
29312
29699
29762
31285
32003
53224
43273
44485
54409
41186
47538
29319
30060
63637
29339
29954
29319
50192
71435
71455
29321
34489
29322
66515
29323
29776
66508
55070
62380
29883
61821
30129
30177
37867
65853
46412
48471
31206
40988
44176
49199
49302
50736
57166
31091
62950
40707
66476
29334
29336
29784
66479
29652
29884
33308
29336
31140
32731
33308
33318
66484
62530
66483
29366
29860
66614
35123
37142
65654
66280
29753
51284
51727
42661
61092
35744
71182
71184
37283
66623
40861
53871
60221
61470
31520
38217
38869
39882
46792
56700
30072
41192
50679
67537
43402
43854
43963
46529
33202
34139
38667
39352
56882
32584
33860
44267
29357
29524
29679
58007
40415
67003
67008
29368
30918
56122
35031
45720
37284
43821
29527
40896
29658
37304
55000
66588
37278
46034
36913
53704
67349
39572
63041
29710
32989
60247
29376
30620
30754
56733
29679
51125
56118
50960
71043
29787
71458
41489
43642
61351
61449
29718
29770
29813
67614
29718
29770
39319
61296
71407
30621
31102
42682
34360
37304
66588
29388
29389
40431
31195
55310
29385
29387
39427
43913
30514
30554
39136
40535
29808
55072
29808
43011
55436
29604
63840
29787
29881
32738
32739
29814
29902
32738
31054
29395
31197
29395
29814
33849
66472
66474
58428
67982
67987
61240
29674
61233
70973
29404
31054
55073
53005
61271
61283
30329
58893
67353
67451
34307
34441
34457
29901
30316
61496
29901
38419
70975
33595
39765
51298
29512
70967
71001
29413
29518
70969
29483
60513
70967
60513
70966
70967
49754
61924
47143
35355
62002
71930
71935
29437
61495
65838
30998
48911
52175
60193
73291
73292
61518
52604
62353
29470
56884
70785
38608
56599
65829
67276
70773
70780
62550
66882
66883
44510
65647
70781
53439
70779
70783
70994
70998
32917
64569
69132
41344
41369
48782
55975
29677
29828
30963
48047
53695
57168
29466
44524
33255
42928
35808
42076
66770
29567
32396
29570
58855
67342
33921
46859
30336
61386
64892
61615
71028
29947
36535
36752
29808
43913
55436
66478
33332
33472
62499
43126
43924
56363
47823
29918
32383
61500
67610
30872
42110
66032
71117
29829
30669
64846
67363
58661
29586
61631
70744
70748
70751
50519
70727
70805
70822
40725
70953
70954
46815
47075
69785
37016
37136
43532
37490
56783
72622
72625
31949
39730
67111
32481
29659
29900
30010
30144
33896
42507
29996
43149
69873
29600
33295
61411
63903
63057
69539
69540
29512
38359
48235
29485
29518
29642
29506
39765
60513
32871
47450
66611
29489
32940
43309
32928
63553
38359
61186
31100
71233
31159
31241
31691
31086
60467
29730
60245
71459
30673
30974
67750
67757
29499
31062
37362
57072
30611
29502
32968
63550
33699
41712
55427
30370
65412
56775
61229
70966
29514
33221
66497
38405
40367
67907
68149
29660
37528
29529
40708
31008
57309
70970
33437
46479
31052
32856
66498
40122
53103
29529
43266
47584
29879
42059
67346
57089
29642
70968
29522
29523
29522
29523
31120
41292
30918
56170
61313
29605
50399
51203
60218
31830
40590
63288
67327
70968
31240
70999
71001
29532
29603
32613
41357
48871
29543
32565
36789
30661
30729
61255
66147
29568
29588
32734
55216
70719
38158
61402
67329
30133
30135
38158
61402
35103
29809
30515
30834
37653
33411
63288
32369
58996
29548
29549
37212
55084
29548
29946
61036
66587
37315
66581
29946
31018
31589
29560
29946
61036
29922
70781
31151
55170
61908
70769
31014
38585
50973
71534
71553
29844
53087
29841
67335
67340
41481
41581
31861
49230
50542
63620
49005
50544
50783
31776
29569
55517
29953
67165
67176
70749
70753
38411
59124
67361
29573
61909
60193
70951
40011
44863
46118
62063
52556
62069
31595
35211
37146
37229
40641
30482
30694
65918
37134
67116
30056
54723
55040
55079
30056
55079
72596
72607
39086
69051
69055
70780
32661
33486
61412
64924
32661
33486
35244
29600
47827
61411
29953
32424
39936
30996
29591
29592
33537
29593
41712
66639
29593
29594
63550
66634
29595
55021
61757
35121
47072
68916
55208
72459
72460
70441
70451
47830
66007
29603
70768
30460
59143
32613
33472
39640
58490
60426
30943
30999
34053
29657
31119
31696
61657
29704
32038
55800
45346
62090
65676
29685
31734
35675
31022
40580
66628
29628
32856
34265
72910
30408
37120
55087
29621
30931
31063
62755
29893
32160
55613
41392
67086
33221
39640
34437
34457
35589
29626
41738
44516
66469
32420
43467
29801
39567
66497
29801
33863
29631
29648
29978
40027
67415
67440
29632
29634
55005
33870
43011
29635
29978
55485
29636
29978
66494
29636
30063
44307
29637
66499
29638
55072
66499
29808
43011
66478
35288
36550
29903
52759
35383
36163
40700
65500
59752
61229
29644
29974
55010
29645
29647
55012
29882
55325
66488
29648
29973
29974
29649
29974
66488
29649
29979
55005
66494
29651
33870
55005
66479
29652
29784
55012
33870
29901
57534
70975
44313
55085
66507
43055
55048
61939
66293
70969
29842
32218
48462
32691
61384
29664
31082
37360
40238
40520
29702
44281
31081
71223
71224
37012
71217
35916
57093
29704
40360
55800
67020
63408
31147
42013
61816
67274
40493
29862
29713
31980
32089
41151
67357
67358
32776
33356
43181
66509
32775
56519
34818
65091
63813
29724
30448
30509
38884
37006
37108
63793
67093
29787
61437
71458
71460
29694
29777
55440
29693
38884
33923
34793
39595
31089
40612
55002
66529
29690
29824
55002
66508
29691
29824
33365
30419
31731
37197
67318
29776
29888
55070
33766
45568
30071
32412
67801
67838
30509
30494
56671
32775
32776
43180
49854
57105
29799
29809
31802
61547
37044
56733
67361
32003
29728
43576
39896
67225
31272
42131
70393
29817
33747
33768
43100
29707
29817
31152
66527
33747
37100
47521
29787
30444
31398
61437
31745
37809
39467
62547
73241
30372
31883
40156
42187
40390
71185
71219
31557
31751
35470
41463
64281
66081
29717
39021
35803
36695
40404
30283
61841
50917
67937
67938
61767
67768
71409
31109
36676
53087
29843
66607
58765
67292
31185
31206
61580
29727
32021
30058
61795
31206
61580
71453
37046
37534
37922
31588
55292
56976
38453
50981
60351
32200
62164
30499
32021
30425
67375
67377
56162
61296
61452
30978
41437
61954
67870
42163
47294
71667
31316
62802
71406
42763
43350
68711
68715
29774
63289
66510
66513
37314
56240
63235
70383
70384
36506
36845
66581
61549
67391
67392
61414
71184
71191
71240
71244
37464
40277
54620
42952
63195
30382
43022
55400
61351
30452
30534
31258
42023
29802
41932
60111
29765
29837
49739
29769
29765
29837
41015
30425
71439
71460
71415
71419
49636
53835
54065
30530
72564
72591
33858
64573
40390
71219
29774
55007
63289
65647
44291
56481
29888
31089
32577
35346
55003
66508
30494
69026
69028
45505
66502
66781
31771
61823
63005
29826
31366
33318
33320
66484
43648
45126
45332
70485
70486
29785
66479
30001
55118
66471
61863
55613
66481
35318
56016
29792
29884
43011
66478
29804
55436
66478
31143
29798
33301
33333
29796
71456
71457
30017
37513
33303
33426
30484
37653
31079
66630
50418
29915
37772
43933
66485
30442
42891
51282
55436
31140
43933
66485
56483
43841
44626
70189
70190
43050
61476
55748
61478
33372
32837
29825
31270
39473
67683
30290
30414
67598
67613
33766
66527
30290
30414
32853
37815
31246
38789
49074
63280
30422
32135
34258
31578
61819
64573
59276
68005
71630
33356
64819
66514
55070
62380
31318
39950
56130
46501
39061
71117
71119
32775
44208
66501
63831
67364
30833
53176
30989
38893
30803
33646
44040
44090
30407
64722
68022
68023
31599
44640
46106
30533
31249
31251
30499
71441
67609
67611
34014
61402
66609
29868
29946
66587
32008
40464
61679
32375
40327
61930
65089
57534
29851
70094
70095
56164
29863
32182
32940
47450
32170
36914
38377
39329
30358
37169
65273
58294
58885
31807
49704
67359
30392
52217
52310
55032
30318
40373
54843
29861
29862
40227
71189
71192
31174
40227
60698
62498
37106
62459
61890
62934
67337
38601
67633
29985
31018
66604
62783
63297
63403
64325
31161
31547
51991
58349
61741
31018
55080
66604
38590
40030
36150
37516
38351
62196
38889
51359
68933
68934
37528
65715
37256
46381
30010
34691
37092
67092
40622
67869
67937
32750
55065
56390
55010
55065
66488
31396
43042
33870
66479
34539
66268
66270
33849
44080
55085
66507
30314
39102
44222
58288
49303
50660
50848
43756
40821
63685
31063
67614
67618
44109
66933
41373
50389
30826
39804
40372
65723
31021
61925
63429
62727
33750
33768
33849
32639
30902
38370
40345
61515
30883
31012
38551
61640
70674
70676
36546
37095
42059
50494
69201
42194
44593
46763
30153
30161
31748
31754
31850
29936
30008
57690
60800
37770
68185
68208
32400
33277
38335
70995
70996
29919
29950
29992
30048
60470
70778
70781
29935
30008
62940
30004
38718
40658
31083
40568
54286
61540
35889
37330
37562
63897
42631
61086
34682
37543
37557
45578
32186
56347
72839
73086
32899
38482
48019
29990
61406
31826
37225
61539
29934
29935
30733
41138
29936
67123
67124
29936
35243
36705
37016
37136
38785
64371
42194
45449
46763
65344
61555
66612
66630
39755
39783
37040
40072
30162
35840
40577
66617
35786
45285
67143
67166
37110
43976
56786
37093
34255
35243
32605
70728
32740
61393
55491
63840
70752
70753
33221
39427
55071
66497
30245
31014
38063
32292
32295
32302
45324
67595
67665
72601
72603
56712
66307
66362
37538
39739
62512
30403
30690
60101
31541
40166
67306
32845
37098
37351
39931
57471
31731
40171
59064
66283
66284
48133
51259
63663
42594
46262
30905
33773
55013
66491
29973
29975
33249
66489
30089
56552
29975
55010
66488
30395
30541
30577
67346
60297
29979
55057
66494
29988
67161
67178
60733
61410
66615
29984
31221
60307
61359
30017
40526
54998
66604
30002
36358
36473
32771
49485
30938
62678
33102
37410
38111
32780
49024
67175
67180
67124
67125
31814
37054
52776
35915
43964
44344
44353
51456
60547
35784
35888
43996
46645
34422
48167
46400
48491
30356
30436
30746
44042
55012
55325
66708
66715
30037
34918
36577
66629
67174
70781
71250
71256
30009
43927
67573
30014
30286
62066
38111
67575
46417
32186
38972
51393
30785
30016
61656
67608
67609
31221
60245
37870
38171
63695
30346
32367
32677
47048
38178
55963
66536
66540
67800
67801
32094
37697
54701
63490
30028
38231
67746
31195
30028
37939
30032
33348
67800
34283
59195
32412
38345
47337
53987
30818
54117
67798
38343
47338
40496
65810
31063
40520
61391
30983
66633
30797
31439
57446
61287
66192
33598
53520
30276
32009
37181
56294
38208
47337
54115
67799
40117
67424
67426
60173
60305
52592
67327
67329
71502
71503
70751
35243
48717
70597
70598
57715
30950
35276
39803
70740
70758
30055
30065
53319
61329
53673
55101
55060
57554
64981
67784
30553
55292
30067
65636
67802
30553
55292
30153
30817
33639
55465
66631
31124
55072
42328
48713
70881
70883
55101
62947
30120
31379
66468
66470
47567
37919
37943
67765
30770
40353
47869
55417
57414
67767
38202
38619
47369
31113
63481
67523
30165
61117
30075
33842
34534
58761
36434
31920
31937
37374
37846
41021
43939
67574
40820
64719
31361
63167
67587
40241
61038
30108
43809
43982
61695
63224
30906
31562
32820
33798
41425
30087
31092
31094
66491
30088
30909
66487
30908
55116
30090
30093
30113
33249
55116
30092
30094
44332
54336
30093
30098
30113
56552
30113
31084
66486
30096
30106
30933
66492
30098
30105
66493
30098
30105
55485
65673
30105
30106
31060
30101
30104
33205
66495
30102
30847
54339
30103
33639
30104
31047
55465
31048
66498
30109
33078
45691
32191
35493
55114
55485
66493
30112
30116
49545
31053
31124
33221
50289
71099
71171
66489
30117
30977
52749
30346
32677
66564
69863
50289
50483
51672
40334
55496
66530
30122
57009
63397
64983
61113
60706
61655
63678
65562
65568
65572
30124
37957
61185
61814
65899
43141
47856
51381
32554
58347
34049
37853
38181
63980
53809
57729
31384
52868
30132
30133
30135
32686
30795
43554
67535
30321
40862
61341
61880
31020
38247
67468
67470
30326
40862
71162
71235
70581
70582
30139
34507
48319
30365
44885
34262
66756
32698
57242
30143
30186
39619
66749
30284
30731
61531
41015
41016
71412
71419
30823
40783
56917
36159
37621
42102
67002
30162
30740
66617
66621
31141
31220
34760
30302
30348
63990
41137
41138
67123
67127
30298
36683
59633
34328
38191
46625
59136
47130
67528
30159
31345
37067
67525
38068
38079
67155
37727
40248
66743
30810
37847
67583
35249
35794
48692
62515
32512
33063
30164
55224
55366
62767
37391
57949
58397
52305
58391
30167
30170
49523
30169
30298
30871
30666
34156
30170
38360
67374
67376
30666
34156
51770
30173
39674
66769
66836
30394
34852
64868
30175
30397
35361
30288
30670
37856
60207
62746
67550
32120
38261
30975
33055
37621
54978
30181
30184
34472
37802
30229
32679
67131
55254
72390
72392
37802
66776
66777
30449
55255
67006
30201
30284
67001
33851
34784
30353
48396
55237
38772
39067
30191
30196
64544
73083
30281
30212
33403
44713
30266
72258
72326
30329
71222
35335
54974
70666
70678
30281
58362
73082
30198
30201
67001
67007
30200
46242
62610
41767
46776
30201
34162
51188
30210
66746
66812
30205
30437
47317
30586
71146
71147
55396
57967
30601
31349
31794
40869
52308
67528
30463
35479
59727
30368
30777
56973
69542
69546
30213
30214
30784
30769
33151
32472
44713
30657
61638
56052
57549
61941
30218
30219
54041
44922
54081
68527
68529
56973
47559
56284
69853
69854
49806
33271
53893
65013
64558
30974
67750
52441
66285
66286
30259
30743
32481
30972
67130
30498
30583
54359
30232
30233
30625
30629
30625
44946
57983
30976
43845
43879
46986
30239
30240
66965
66966
30239
30240
30252
34962
55545
54950
30243
46623
47305
54819
54904
32883
61536
61615
48708
55382
57110
64952
44209
52423
58888
59665
32500
32503
33865
30251
46092
35130
35336
45249
54825
34334
30609
30716
40935
67747
30255
42007
67037
50637
67041
30596
55369
66964
31385
31479
38368
64524
31468
33836
62688
64167
30260
70773
70774
30743
40266
31790
32053
36352
30389
38894
38953
55169
45769
69769
70234
30979
33612
45570
35130
35336
35468
65315
32046
38542
30269
30447
32214
62765
30401
30410
30597
30462
45947
60785
65291
30280
42366
43658
30977
38150
67387
33559
34231
45615
51976
52454
38479
41253
30328
30977
38150
40501
41075
52311
30438
40523
33994
47804
62012
30362
34554
40520
61391
34252
34266
48259
48484
69409
69411
40337
58836
30492
30536
31957
30657
39090
67006
35334
55216
67176
30643
38374
34104
30928
37335
37782
61683
48568
70167
70168
30306
31343
40074
30614
30632
37449
66972
53660
61899
72428
72429
30686
30972
32799
32911
31127
32820
70895
35326
44663
66969
36961
38843
53061
56243
72713
72714
30311
55527
62428
33889
30642
37488
62433
31541
39654
62432
30336
63205
67357
32936
59974
65839
30687
30741
40327
67126
30409
30632
30511
32386
61610
66771
62805
54992
70690
70755
59752
61229
67372
67373
30373
67611
67613
30705
62805
31175
31988
51894
30325
32673
67338
38785
51177
73182
73183
37397
59050
30667
67339
30327
30655
67338
32687
67331
30345
31439
31054
54978
62610
67003
30794
32672
44574
59802
34698
41413
30337
43266
30335
35808
41269
55455
65041
67294
66618
66625
42532
45323
58678
31424
31427
34851
46225
30343
30683
63205
30385
61605
71171
71172
30663
65721
55455
61029
32540
32885
32312
65655
30923
31083
56243
59925
64594
32679
40679
58602
69527
69531
30896
61642
67380
31974
37727
66743
34476
37416
48259
48484
50833
37867
65853
67554
67555
34147
44609
30397
60850
61844
32154
40319
36217
37249
59066
46798
46806
48466
37397
66760
30545
61500
55237
30368
30483
66746
31449
32366
37520
56601
33569
30371
30372
66831
30620
59211
30839
66835
30839
56699
30637
54843
30565
30626
63374
67348
51271
62912
30379
30640
40592
33762
30511
31096
31919
66773
45091
67600
67612
30489
34253
51257
61060
67342
67517
67520
62783
63297
72424
72425
49863
49510
50289
41115
66785
30393
61571
71418
71419
30605
40207
31156
40279
54753
56583
61574
66769
30394
62338
66769
54575
41016
55504
59066
67344
43563
67382
30670
31939
47436
61029
66770
30400
31103
61500
67610
67612
30931
30607
30615
67604
67620
30693
63192
30441
30449
37476
31258
64054
56600
59921
72395
30413
45409
37220
30420
33541
30447
31784
37099
37618
40483
60499
40180
45407
64722
30638
61699
41387
49242
71473
71476
30522
39833
41861
44153
67318
36127
54977
32032
43207
60382
61514
64826
53330
55763
65834
46092
55370
67040
61437
65449
31199
35362
70354
70355
30452
30534
67769
71410
31574
35396
38578
67658
39086
61848
63473
63555
64130
38791
71468
31138
44609
60202
30586
49550
50122
30485
46719
56055
38727
39996
66743
62803
61462
71895
71902
39026
63479
67794
67796
30473
53517
67617
67618
67817
67818
56269
67004
61580
30464
59226
67920
67921
61586
64724
44726
46100
30742
48260
67073
34147
66750
30513
37438
39433
65106
60340
71441
33857
70979
70982
31787
34079
36574
36949
57670
58489
61968
41814
48084
65123
71170
33554
62360
30622
39774
67783
67789
36024
61664
67082
47072
68915
68916
31359
63257
63264
46024
64693
67096
32612
33635
36456
59226
31808
46121
56962
31932
39432
32442
30618
31931
52068
31846
34269
41288
42895
61371
64978
42440
56207
56285
50449
30534
64573
31803
31957
38824
67619
67621
30547
30718
65253
66748
61443
34355
66750
30903
31071
40487
49871
46155
30711
53665
30492
67610
56055
66750
66815
30617
30545
47855
55369
65228
63286
31780
30657
49643
30753
30844
68121
68142
71438
32480
61789
32157
33216
43500
43693
33278
59958
31131
34557
51757
63677
41112
57323
31797
43614
43800
56188
33848
36370
36584
66855
56030
66787
66789
31751
52378
52535
55038
66771
31185
32060
71322
71331
31991
59062
67564
67565
31230
38740
39548
48334
55978
64770
31212
70786
70787
62077
62124
67743
67749
30532
51878
61008
41555
46647
32557
66502
64924
66033
70743
70744
39047
67853
67861
48610
53321
61492
31177
37353
66504
61561
31246
55726
63280
53933
55930
61446
60245
71459
71461
49702
69166
69167
31280
64281
50191
65574
31075
32175
40795
30826
40372
30602
30607
30615
31489
70793
70796
32565
67346
65580
30544
30838
67612
31957
32177
67619
31411
31434
32346
61592
30690
30719
64693
67615
67616
61025
62422
30551
30552
40688
67712
71121
35212
39733
40688
71435
71439
39279
61301
30556
30557
31711
39279
60413
34912
38782
67375
67385
72288
72290
31225
31329
46403
68516
34282
33960
43492
31228
31824
39604
58855
66158
31253
31735
57830
31247
31301
32046
55396
68979
68990
40402
43768
30575
41053
41782
55531
57651
61526
41744
30628
31168
34180
41665
48348
30624
65830
37095
39745
31181
31216
58622
45356
45455
31799
40263
62971
30598
58596
54530
30844
45325
34125
46719
67073
37591
37635
41371
39760
49895
41058
62612
72172
72173
36382
36628
40798
30927
61828
31378
43862
37411
66765
30594
30597
30600
31667
31784
30596
66963
66964
31349
65558
68393
68395
44566
44602
55559
30601
32172
67606
67617
30603
30604
30607
31356
32701
31667
36847
38808
31787
37447
42007
55545
48167
54950
66964
31062
34687
44938
33541
44774
66974
31193
31667
30619
61779
30619
31973
67569
32131
59979
61958
65565
66083
58773
63361
39440
40161
40292
30624
62984
67824
30630
31182
66973
66984
64598
67365
30628
31988
67826
31539
35943
66984
40778
54396
46373
66973
34378
37671
31598
40402
57149
35012
38782
40437
67841
31990
35396
31798
40456
45248
67563
30639
38374
67613
30640
32169
40373
32843
37651
67336
31103
65793
41028
66992
34737
37467
48287
30644
40504
67598
64982
67325
52620
30647
30648
61165
67339
32674
62885
67336
31407
32674
32857
30650
31451
32551
67323
30851
57081
67321
31209
31442
54606
72837
43580
43707
67472
67475
31641
41059
55859
30850
32687
32710
32393
32433
66987
54887
63950
47845
65769
30662
30747
61060
62912
66158
30669
63064
30815
61241
61893
37412
45296
33187
31451
32673
32841
30726
67076
59523
65880
42102
54522
30816
32700
32839
62980
30842
30957
30976
30683
37131
67297
34949
37333
40528
67107
30683
61923
72276
72277
30679
32764
32911
32754
61734
32918
37539
37691
67012
32934
61877
67121
34339
38321
65041
31817
31821
43845
46684
65769
32729
32764
61622
30714
32375
37711
72913
72916
34339
42039
65959
43132
55393
67015
52084
52131
56251
37148
39723
67100
62040
30699
34516
61206
68594
40908
66970
58888
59665
72295
72310
30702
30867
32678
51244
44901
44917
66970
30703
48014
73263
30793
30907
34144
34082
70099
31584
42437
54843
69647
69649
44260
45039
58794
30720
31385
38142
32372
32448
65655
32448
65655
69863
69864
37982
38087
31839
31845
65918
32784
52636
30741
32384
38108
56482
68060
68062
42007
37235
37798
38400
30719
63176
67086
40485
67100
34283
30761
32921
54567
61706
30727
61570
61778
67179
30724
58624
67074
30725
66818
34227
52809
37476
67077
62678
67178
30730
30862
61646
30747
47375
67349
30744
30755
38363
37498
48319
34748
34255
34531
30735
30737
55591
67079
30736
42935
67081
30737
34204
34190
32387
67142
67143
72881
72883
39741
67383
32141
67077
30862
67380
34335
52819
67081
34532
37166
66816
67348
40286
67310
67315
32246
34860
43098
71242
71245
66749
66750
60690
31811
53719
31114
67365
38031
61730
32375
32921
37922
31114
38106
30767
31811
38203
64598
34425
35937
42839
65615
34425
67038
61634
64602
67129
30763
30765
34638
67045
30764
67038
30765
34083
34094
50637
40303
55545
66968
31102
33704
39660
40927
43706
32749
61726
67122
30771
66839
33070
39578
66841
35131
38022
40478
30781
39652
66809
30830
37805
31945
38242
64846
30830
37805
70060
34571
42758
66812
39654
67296
61114
30832
33937
55406
66813
42044
53552
61393
67107
33863
53942
61555
30786
61726
30791
63040
67578
31736
38337
34306
42522
42898
30790
48360
30790
66850
44041
66843
66078
67577
32726
32826
40501
67400
30867
31866
67398
65782
31031
31220
39649
30799
62268
67184
31083
62942
60856
30800
67185
32730
61646
30803
33851
65680
66839
66843
51716
59944
31345
55125
67525
30807
30896
33262
61642
30907
44568
30902
38419
65715
70976
30816
32700
57887
67332
58391
62576
67583
49989
61033
67915
67916
30929
31031
39324
50478
31459
31466
30882
31041
32684
32724
47959
61916
67331
30837
41017
32636
33271
61033
67916
43732
61830
64866
67943
30837
41017
57140
52131
56251
68349
68353
45682
67037
67038
71214
71215
30842
31004
39351
65688
31035
37763
50449
60885
30974
31007
63523
37583
56496
31117
34306
42898
63808
30856
39559
30840
32177
45091
31848
65793
34273
37166
55388
39402
30856
39559
61911
67805
45437
57043
67173
67177
69987
69988
33373
66495
30850
30851
32710
32845
30850
30851
67321
67338
39767
32673
31058
33205
47631
66496
30855
53828
66422
66496
35801
58774
63178
30921
33260
47619
33348
30859
33261
58235
72207
30860
66436
66492
47656
57983
30933
33761
32302
45324
66537
66552
67385
39554
66453
66526
30971
60970
67806
30909
49291
66525
66842
66843
32833
67400
30869
30895
50889
55480
30897
70876
70946
30890
32730
67385
40680
30893
31067
55910
30893
31067
62974
30882
39556
60970
32730
40483
31463
30878
31192
50102
31080
30880
30881
36166
31070
67656
67667
31070
37084
39565
30885
30886
35383
35719
33423
49352
36163
56831
61606
31303
31399
56165
30930
37067
64502
36686
61633
67383
31338
44346
73030
37825
38446
39078
39840
31361
58723
65907
30897
49046
32192
67398
49489
64641
67524
30903
33418
47740
66526
43900
63856
63864
73068
38181
63980
67553
37528
70978
31025
66525
32510
31092
62545
66491
38304
31562
31084
66487
66487
31700
32531
48678
34728
70986
70987
30913
55773
66434
45377
55510
66432
30964
39440
40161
33254
40228
51427
71524
71547
63429
70973
30922
65812
33078
55326
66496
38158
65250
52759
40298
50605
33237
33260
66422
40364
31798
37301
67393
31128
31345
32214
31116
40381
51739
44332
66492
58086
30936
33135
66424
33083
53828
66422
30939
32779
32792
32456
32459
67161
30941
30943
47628
66627
45570
62678
30999
33234
37748
66567
37975
66626
30945
66632
30986
66626
30986
33213
33218
43367
43899
43979
33115
56748
32794
67161
32779
32792
67171
33236
66427
31115
40869
54793
30955
52636
61778
30955
35334
55216
58143
62782
63224
67750
44633
33953
33970
34376
31693
42106
58049
30967
35023
66886
66888
37045
31534
67387
67388
35266
70565
70568
53857
62215
30972
32729
33035
36855
61933
66633
31006
31809
62078
67789
32679
46998
47046
30976
32461
52081
49587
42154
67872
61614
32668
31037
31106
67495
59523
63205
67357
67363
55124
30991
39372
57425
67749
36898
48793
67117
70743
64847
30995
49404
40940
41252
62124
63238
32605
40654
70728
70735
31260
42433
54809
38534
44698
40511
50994
40327
65089
67126
67127
56137
57609
33378
61743
68288
68305
34474
36566
41723
53566
31791
34572
67050
31007
39536
63743
33120
56550
63921
39561
65850
71211
31967
37898
67704
40921
42504
72508
72542
38189
45035
31013
55517
61286
70745
31019
62523
31027
45324
47556
38666
41267
36586
39344
63924
32849
70997
55021
63553
66634
55769
58142
67058
67061
33188
33850
44133
31037
31106
35085
31028
66552
69917
33406
47539
47556
33373
47628
66627
31038
39322
40097
70960
70962
34060
39406
62934
40855
60993
64260
35087
67491
31220
39320
41231
41245
42592
37166
52986
66816
66820
31534
40307
31724
59817
31466
31055
45151
55282
66629
32108
60519
61237
32750
55013
55065
55109
31048
32856
31052
43145
43867
65273
31051
31052
31053
66500
31056
33325
43145
66498
33325
55016
56693
66631
31060
55326
66500
71142
71153
43145
47697
55326
37362
71212
71214
33325
55114
66476
66510
71212
71223
67609
71215
31207
59014
61303
31664
38411
39825
40468
71117
71128
31795
39621
36329
55655
33256
33418
32831
47788
60751
31191
51139
66455
31421
31957
38824
33852
34054
70095
31306
32699
63031
67536
31951
63541
31192
31082
61251
32733
66486
32126
48939
31091
46297
37787
39244
62954
40491
66524
49994
50488
51099
57195
63687
33323
44151
33318
55118
56723
33323
55116
55194
34309
53769
47183
39637
42683
43247
49890
65097
59862
71065
40467
56882
67573
31114
64598
40373
67612
63166
35095
43928
32852
31456
71187
71188
32397
47102
38012
41192
58727
63245
31157
40382
40214
32903
41650
41657
40238
70694
70760
39772
32468
38825
43818
43822
43825
43871
44307
55071
58088
58520
31661
32075
56875
62915
33798
41809
53757
31802
55187
31198
55187
34703
56797
39130
63582
70573
31205
40864
35345
35538
38747
32054
50104
51262
51062
50461
51675
31808
34211
34595
40277
54620
67701
67702
66484
40766
49633
49851
50645
61453
71206
31146
31348
33850
43881
45991
53611
44060
62545
65074
31166
38676
70681
33235
40321
40335
50959
71206
61600
63477
33365
40338
66529
64704
69269
69270
37854
38049
49448
71153
71154
38382
55169
67894
31164
32770
39964
43445
66613
66614
31968
38847
71324
71325
71183
71220
54806
71159
31338
44346
52362
56307
40225
44064
40951
41197
61816
43741
57169
60404
63904
31173
54406
62887
67820
40805
62901
63904
31172
40779
54406
60404
31186
56034
67821
39301
67827
31202
67815
67824
56280
61747
67556
67567
54846
55107
31794
32134
38754
67548
31182
62984
61601
73073
73074
64911
38884
60404
67826
41142
50004
31339
37927
41530
31628
35943
61670
67827
55474
57374
66432
72236
72253
32172
32178
67604
31196
31660
40311
62530
66083
66474
31216
31926
67567
33770
34366
37909
38343
65033
67837
31661
32073
56875
61673
55538
31448
38479
39284
31207
39114
51554
55298
60244
39098
58760
67233
67235
31551
56420
72842
61341
67340
55753
61553
50052
50410
57002
40891
58431
63971
71157
71159
61675
31327
52879
49724
62342
64101
34322
52785
55161
39639
71457
71461
31527
31987
55266
33751
44148
47151
56916
49073
49075
56031
31244
38782
40437
33540
55649
40729
65007
38752
39338
55828
61563
31704
58786
31703
32008
67758
61581
64656
31317
31239
31249
31251
61365
36545
66639
32313
36545
62477
61410
31245
39271
61823
67760
39268
50236
55654
38868
31749
64730
67762
31269
31718
31261
48691
31342
31993
40965
67821
61719
64924
66033
71651
71668
58705
70471
70538
31755
40683
31257
32011
61582
67772
31301
64951
67780
32050
42866
67758
31600
38752
39274
31268
41463
65451
61476
61688
31775
39405
43768
65583
71398
49606
49607
49917
46068
50367
50369
71319
49580
50226
55635
59524
41449
49221
51598
40683
61457
31318
67687
49931
50181
50182
61360
57319
40046
40575
31284
41211
31277
31279
44521
66547
33582
66548
31312
42058
61688
32905
33582
60771
61452
61767
31286
60250
71449
47086
31285
34449
41190
68028
68029
43410
60438
31288
36508
51819
66570
66556
32701
40207
60340
66113
31292
32241
33748
66425
31382
31512
66439
40023
40165
51252
56138
31296
38286
56498
66454
42130
66431
41993
59076
60411
34996
36459
72303
72307
31300
33147
38257
66454
32812
33067
66452
31755
32013
58855
61060
67342
67348
33588
45801
67770
67781
31919
38119
40025
62518
37968
40469
67538
42517
63463
34900
40146
41522
53806
63633
63688
56958
72015
72077
31622
62596
63396
31314
31450
66426
32926
62088
66572
46705
50221
51173
56618
31614
64054
40231
31326
31447
39879
40189
31323
31410
44150
31353
43265
51819
56117
33145
50528
51507
60542
59250
63096
60147
61478
38070
40275
31596
31331
31350
31972
66549
31352
37334
66535
34052
36190
56180
31334
31336
38385
55732
31335
39638
71282
31336
38827
67910
39635
43987
60643
69616
49840
50394
31559
61843
31541
37452
39185
38897
53037
60419
52305
37334
55093
66535
33015
33190
71180
71197
44133
44151
61828
62765
31432
33016
33605
31436
31437
32479
33012
31436
32337
33450
44150
58885
66574
31355
31894
31360
31421
31362
31415
33538
31492
43512
43800
52329
57192
61370
32701
38824
67619
64350
58885
66574
66579
31473
55353
66467
31472
43863
43863
45940
67775
71417
33908
34703
35934
56797
32126
33015
32057
32782
59906
31503
32122
40425
31374
38846
67556
31471
32227
50297
54923
38995
62487
67554
31431
66548
66555
39022
66805
47341
55289
66467
66469
32225
33113
33450
47192
33712
38284
33101
34084
65999
66561
38118
38949
64474
38361
38125
64981
31388
33582
32334
58256
62487
67554
67570
31391
31393
38963
32334
32455
32097
61835
71187
33605
37004
66545
31395
37901
51894
32060
50664
61821
31430
54887
69724
33536
54670
56079
31443
33091
66538
66540
31405
31416
32907
61159
40622
43578
43987
31404
39851
32239
34084
31407
31451
67323
67339
31435
38373
33272
39592
43746
58355
40975
33042
35485
31972
66549
66554
31415
31425
66573
33144
36570
66423
46923
47672
31424
66574
32543
33037
66547
69870
69871
43723
46873
33944
37811
59379
32696
71141
71143
31441
38577
48343
54857
34409
34425
34617
34685
31425
43276
56614
62089
35708
43937
55419
32310
66570
47741
61369
32177
39791
32346
44355
32455
61592
34672
35819
35820
70057
32455
44355
66549
31451
32841
40346
32297
32337
33091
66538
31439
32328
32524
33535
32177
56420
33535
43979
39222
39315
62915
34499
55418
43323
72319
72324
63096
72094
72096
38333
38868
36101
62640
34011
36570
62088
55287
55421
32318
47532
58294
31508
34011
49769
58529
71188
72905
72935
66550
66551
33348
67800
67805
32343
44131
51367
43818
43825
56165
36638
56121
67690
31968
38847
40513
60376
43930
45799
67741
33348
32749
33055
43037
36438
41444
61828
62765
67563
45765
53600
54922
31473
55353
66460
34518
44523
51222
59879
33230
33604
48357
31480
32225
32829
56998
73170
73204
32632
41022
31484
32282
31524
32423
32437
43053
33292
35955
70002
70005
32222
43907
31488
53667
32247
32811
42438
42985
62686
64040
32178
38715
32786
43956
61156
31514
32263
32381
32595
31502
41471
31496
32245
35643
61079
61224
36167
47397
42994
66456
66464
31501
33236
33391
32390
43926
45826
64758
32241
33045
33391
39927
41011
44526
67558
67566
31506
64851
36739
37841
67674
67692
47524
31509
31511
62532
31510
66426
31511
33392
66425
33045
38968
32241
32138
61604
61924
32389
37010
55422
31517
61061
66438
42363
66442
66444
32757
66437
34653
43078
66437
61812
38948
39571
40216
32757
62350
66440
66441
31947
32103
32704
67572
32233
32574
42994
43354
37962
32043
41204
41449
31529
31530
38504
31726
67241
67242
31726
38220
48802
31722
31750
67067
64604
44025
48170
68140
39400
31536
31537
31878
31880
32161
32161
32223
46906
31988
57441
65830
64265
39168
31823
61703
31544
36023
41834
70834
41870
67461
31547
31857
60232
32148
37930
47207
67358
31551
32200
55648
57682
56320
56417
49584
49596
50366
71316
31554
31690
66829
31689
66828
34036
64877
66822
38839
39205
39610
50192
39907
40779
49016
61253
50545
59043
59785
31866
32192
31866
32192
67389
67398
31884
55996
37937
39474
57139
67960
33395
50084
71345
31664
60713
64218
67343
59913
60204
31906
32176
35257
41550
31572
31820
61722
31914
66761
66765
32047
34756
67069
60111
36470
39304
67881
31577
72578
72593
36509
53846
61107
34460
34783
54665
71187
71208
31668
46104
31888
55380
59307
34211
42608
57701
31746
62673
65744
34338
40366
44991
69328
72953
71683
71686
34868
42651
31819
42665
36087
42708
68443
68445
32175
38824
40207
40684
37099
62004
31824
32024
62906
31769
70627
70629
31622
67777
42852
55188
40430
34449
40437
46380
31608
34731
46004
67052
36504
38187
40715
56174
51145
69565
69602
67018
67020
34629
45204
60424
67051
42283
61863
31640
67051
46189
38223
39576
62048
34593
46104
34413
38081
53845
67016
34345
36811
41375
61318
41961
55270
72643
72660
32092
55550
31730
32092
67024
34447
43828
34447
34462
67504
38507
43785
32300
37108
63665
63986
57149
68054
45095
54919
67078
63390
67474
39008
56110
65267
32047
34679
34756
37089
32073
57441
67825
31853
55638
61668
62772
60741
67062
38065
46465
55568
32045
32049
68828
31885
32005
40393
31637
31639
36578
42837
31637
31639
31746
34940
34413
38081
46319
51218
67048
67053
34731
44798
65412
31643
31804
31645
41420
60050
31729
34409
34753
67033
31804
46216
31647
47910
61745
63764
64922
70434
70436
31649
34456
35583
67044
34965
67039
31651
34698
34710
35583
38064
55261
31653
31654
34624
38188
55501
67023
34628
38188
31656
52377
54559
55246
56656
57992
31658
34213
35210
67075
67080
31722
31750
34680
31798
40456
61810
67822
67825
31663
34354
34699
34759
31723
31724
67362
54096
54241
31998
32009
38479
38494
39160
31676
31677
53845
31670
31671
34911
66797
34208
56654
66798
34208
34851
34776
36533
55457
31676
31677
31808
67019
31675
31719
31879
31888
48252
62170
34211
67018
36606
42312
32115
37863
58930
31681
33935
34239
47971
31715
31716
43361
42204
53051
31685
31785
52795
33937
43361
55406
66808
54760
71037
71039
32082
34233
66819
31695
37566
31846
34269
41236
31690
33982
44594
31706
35002
34901
32094
32180
59173
54005
34020
34807
45258
31951
63541
62331
31789
46302
52690
64898
66840
33981
42187
66828
34344
42662
32601
33216
61830
34008
35002
48212
66844
31998
32024
67835
68592
68613
61440
71409
34807
33646
34023
66844
31709
31860
33975
36016
31710
33616
44608
31713
40428
62968
31735
32020
61575
67779
32195
33935
66791
45281
51218
67035
61569
45083
41571
44272
46012
46020
31733
31779
31754
35210
34851
34354
66797
41633
61373
31733
31779
31741
41963
42650
39206
57320
67039
31738
34709
39206
51749
32091
34628
64823
55743
33923
61674
64738
31737
64730
34949
37586
42044
32020
39271
40430
32092
34753
57076
34233
34705
55388
32397
34502
47099
31791
34343
34868
40448
55940
72632
72633
31744
61854
67815
67817
32060
34654
31800
37526
42437
36087
42692
42708
43443
31753
65456
38378
61823
61855
34687
67070
34629
34957
40029
45204
34759
64951
54800
63528
65772
32854
51562
55402
38136
43768
62913
71408
34432
38466
38100
43259
65361
31764
31765
49573
31764
31765
39748
65077
71373
71374
32065
40436
42836
66073
43478
67360
38991
32065
40436
31772
32061
67761
37254
61855
67763
31829
46368
67761
32144
37636
60371
32046
40447
47375
62733
31949
37321
67629
67630
31966
57008
62877
32072
61690
71063
71064
32072
40093
51680
61690
46024
63560
39160
67617
49751
50249
54760
62744
68616
68643
33358
37584
58150
67110
31845
38172
36350
36575
44955
41963
37508
32129
32142
53729
38759
67606
32760
46105
46108
54168
54244
33592
41377
41471
56156
54616
58256
61667
37784
37792
62542
37808
43338
43847
55472
32468
32846
61670
61786
31903
61685
67823
60720
55650
61559
31812
60265
38046
63374
32146
66590
73242
37099
37725
31821
37131
54874
31817
62663
38023
40698
31872
42882
67245
38913
31914
42111
40882
56869
34400
34411
61771
34521
67096
67097
45287
45314
46361
31856
38846
41570
32018
61702
67759
31831
58123
62716
63540
53051
66834
31838
31844
38170
40485
60827
67359
67360
34543
44994
40415
42026
44994
67003
41204
41449
67831
67833
39924
60101
31844
46381
51735
60713
63049
32122
71184
34118
34357
34363
34458
39171
39556
58957
59480
34551
63176
38083
41392
67444
67449
31848
51016
31853
32495
67788
34354
65456
31943
62920
42969
55432
40777
67534
32075
40276
67557
47311
54297
31900
38949
67557
32148
31922
40009
61673
34780
66792
32407
40648
45256
32273
34894
42965
55432
37569
37741
37749
66784
34649
34652
51693
38304
31900
40777
67534
67557
33474
44035
67405
67472
31872
41469
42882
73227
73228
31880
56453
67234
40399
71308
71345
40387
40388
61710
50055
66775
66845
48691
56109
65451
32156
56326
66277
66279
31893
31888
34881
66798
31885
61969
73225
31892
33972
56699
40852
66034
32844
32892
40818
40819
39799
40818
40819
66799
34221
40850
32142
44910
55391
56746
33683
56516
34780
40156
40776
56516
61442
71452
40462
60294
32183
39022
31898
67577
67579
31920
31903
32174
38118
32176
48477
40414
71437
40285
40288
67786
31921
32181
66802
66803
31938
47314
50400
31909
59817
31996
39389
36703
38861
39262
67489
40280
40872
68115
68117
31917
31929
40458
33264
34858
37556
33651
40773
40748
44191
44537
56875
44612
56621
69750
70012
44612
47263
56621
48877
56101
56142
56048
61675
67570
39701
59862
36269
38285
39755
67701
61788
32215
44628
65871
32131
71397
71398
32214
31937
62793
58567
31936
42902
42555
48397
49665
46462
66768
67018
35094
47388
47847
36898
36901
54281
61796
66832
66833
65721
66063
40474
40758
50976
64923
32846
40789
61747
37066
37379
31954
37548
38259
38372
62666
62836
69352
69367
37148
40485
67100
67105
36046
36245
36343
37080
37541
67111
39232
34210
35632
59938
62238
41464
56810
32132
65980
39161
40232
54695
31964
43475
62201
34400
34411
61074
44000
44001
64701
40089
40091
51744
39949
47079
37128
67703
38738
62734
31970
61829
71149
71396
40764
41467
42179
61590
32297
61592
58939
66083
67562
32188
42764
66745
32173
33604
67917
65802
48681
51601
64705
36133
37032
39396
41722
34853
45275
65079
31985
32114
32137
37868
33916
53413
31984
34887
63050
45365
61863
71183
71185
36264
55787
72875
72891
34912
63574
67824
36620
40798
39907
41932
49521
49534
59508
39136
61843
67839
33623
33655
54979
46242
40285
40291
54745
39128
40420
32008
39284
38061
56467
61777
40280
40872
56094
57958
73084
73092
33638
35361
62001
67828
67829
42023
62913
67733
67734
67814
67832
32111
32352
53530
32012
61679
67834
45868
46663
58192
62771
38752
67773
39275
40464
32046
40447
61758
36795
37302
37921
33434
45076
68118
39277
48007
42362
66996
67014
67772
61795
43195
71297
71304
41058
62612
62986
63030
35248
54440
61335
66236
35829
66107
32029
57982
32031
63023
68455
68459
57312
63030
37449
44774
40817
44120
44886
42411
42991
63277
33500
66659
46109
47215
67046
67047
35250
40953
66961
32038
42244
33749
49635
49917
56957
50565
52230
40429
56887
61680
32083
36474
60734
58480
65115
34683
67070
46071
55961
61887
63731
58235
65115
72206
39275
61702
65831
40775
40870
53575
63946
61823
62834
36357
36387
44955
43195
32057
32782
58937
36736
41870
50947
67468
56667
58999
32612
36456
51360
67915
41472
46227
66691
66695
61854
37307
40405
35106
42761
66073
34440
48372
33731
37893
67025
67028
38258
45918
68040
42811
42812
45939
42811
42812
45994
32287
59668
33838
33934
58709
63605
70049
40109
51363
54816
61670
40886
55638
67822
33602
32288
32321
63353
34592
34678
34629
44798
65744
32081
55568
34585
34592
66817
32145
33481
60286
62528
67728
67732
38065
46465
67052
40455
55722
71191
32111
37972
49802
40390
65867
33725
33775
43985
45035
46085
67016
33581
33811
62978
61701
67607
32129
32142
62766
72451
48536
60221
61470
35850
64823
61181
32153
33029
33711
33796
66696
32435
32846
67571
36350
36352
36726
58921
53730
50126
50428
71080
42283
49682
54616
61667
67569
33664
33744
33893
66924
37471
60623
32137
32149
33740
37866
50973
52213
59913
61863
37977
62656
34338
34731
44642
47164
55607
66864
39610
62916
33680
33740
33861
66922
38995
40263
33626
65758
40262
67558
32140
32404
33626
33679
32125
38349
39503
61197
40484
61308
62754
35018
39174
40539
62556
67068
40925
72446
32149
65758
65583
40861
42843
44769
45001
55358
61828
44733
65057
47855
64826
66961
55739
71171
71175
42043
62609
32374
64733
42102
61781
55414
32514
61568
33936
54892
36943
37019
40465
66593
73243
32187
41040
71216
71220
37862
62983
33623
33655
38014
66908
61568
33230
67917
32720
56950
66107
43491
43539
60191
36725
36803
46544
32166
33263
67918
33736
45784
55570
32213
63485
32214
67618
66795
66796
32164
39721
61800
59244
59247
40799
41142
35126
45588
68163
33230
33604
67917
33263
49989
67916
45899
54422
55250
60837
32853
54843
32210
38753
34297
45254
70399
70403
32180
67606
32201
41358
67915
40457
40777
62331
32181
33683
32180
32881
40332
57101
38342
48383
52643
63658
70094
40875
41382
46527
67519
48614
48808
48914
50667
63266
37727
38645
67544
67641
39772
53586
70697
70698
36046
36695
40530
40709
32197
61172
34800
45070
34020
45258
66821
33556
32202
40103
55400
62679
32229
53051
38039
56417
33604
33661
49989
32322
37033
43022
32249
32264
60525
67207
67208
36202
43189
56681
66706
66319
70992
33890
34500
66955
39564
41472
66691
38377
67947
67954
32274
34150
32609
47322
51000
32215
44587
62624
32426
32575
32817
33125
60594
66588
66595
40543
32226
32418
32573
44449
32224
32225
32224
32225
66470
34296
66466
33800
41341
45765
53572
50815
57171
41808
70240
41620
51403
55991
70839
32723
38340
38341
62685
32437
66464
69771
35669
53492
49232
61969
34448
59325
67500
67504
35549
35919
42267
43422
44290
70034
36912
38781
65999
40877
42897
39613
32250
62959
64346
48201
55338
62089
32249
32264
62919
65189
47217
58429
62751
34867
42923
44502
63199
33046
37015
62641
66568
43153
62156
63311
64183
32254
32439
44543
40065
40606
44543
32808
33878
37085
32808
33878
35956
32259
50910
32262
34525
38228
55411
64884
32261
43040
46835
55742
55462
44331
55754
66266
32265
50910
66429
66430
55265
34387
46185
46228
62987
32449
32467
41293
44940
40710
41387
51706
42028
55265
62156
32874
32574
32785
43053
56641
32377
44392
44507
32421
42969
32822
33584
33606
63292
40710
41296
41785
51706
40796
45920
62054
32279
32550
47518
32281
42198
42896
40370
54630
54805
54847
32550
46163
53607
32312
34087
55350
66565
38619
47369
32287
32288
55148
61641
37181
54866
61679
40355
40818
40247
53872
54552
55230
32330
32296
37745
39926
52788
53328
32298
47556
37757
63325
32354
44127
32355
32358
33406
34821
37173
73162
73168
37565
32355
52997
40322
70073
32305
32308
35526
38089
32306
32308
48951
65177
61023
45345
66578
33047
56614
66568
33867
43320
69877
32356
66564
32318
32368
66579
32771
34090
41141
42062
32490
33590
66651
32321
32318
32657
44435
47524
32356
32360
34087
32657
34043
35868
40103
43079
43847
34340
34928
35834
66253
32832
33345
32677
44435
66564
47535
53819
56670
32727
37018
37701
67390
67392
42980
57055
43389
32445
37950
66712
66713
32359
32507
45163
68466
68489
44355
33089
43370
66688
66690
66535
32339
32358
52607
33457
32502
32722
33720
32409
33955
66725
32345
47344
69802
32411
32986
37233
48297
54852
32451
69801
32347
55449
32991
66554
66555
32361
33914
43528
63559
32408
63651
69079
50790
59038
53694
58923
32443
32479
66554
32443
66552
32367
45404
32358
32443
32904
32991
38120
47227
56072
32970
47532
34087
55350
33846
36362
40695
63811
42709
32365
43548
55350
66565
32617
47382
69864
62613
62640
44435
32657
34043
66577
34376
43707
43894
32508
32516
66920
33676
33879
49802
43229
47382
59298
61805
32404
36538
62571
32553
32617
33420
43229
32438
32822
68407
68408
32553
32617
69864
69914
43005
43135
43135
43952
49119
56206
33035
40603
39847
35335
40902
48924
54974
42076
47436
66770
40647
54957
38458
32595
66442
69821
45582
45586
59202
33409
34732
35559
32393
32830
35727
44403
32527
43736
62575
61101
49207
35225
37699
67588
67603
45235
53394
55368
33549
34600
35223
62013
32548
33800
32480
61789
33854
36534
39137
66853
36421
36642
59502
66670
64911
37320
69062
59563
62235
66667
42204
33457
40569
38208
47369
33398
34591
36221
66666
38283
32417
45334
46164
34601
36223
36416
43374
43460
43102
68269
68277
33061
36435
36436
66233
44507
44511
32432
44586
32427
45348
57902
44505
32444
32665
38247
61715
67470
32812
33243
36933
44020
45621
32528
32529
45626
32430
32908
67166
32441
63458
32433
43907
44543
66830
66833
34150
32436
32788
32821
44497
32440
32468
32758
32751
32827
32827
66463
66464
66440
66462
32744
67566
67571
41609
66440
66443
66554
53552
61393
51866
33044
33165
43387
33350
33895
33993
34810
65032
32486
32453
32886
67164
46968
32458
41048
41147
41278
43762
33605
51224
67163
32734
32784
58143
67163
36821
59663
32462
51224
33115
70121
70123
32787
62255
32787
62255
67117
67119
32466
41305
33402
51534
67164
33402
35676
32486
44947
46246
32744
38189
40939
55136
32476
62275
50718
56078
38297
38337
67122
35715
40569
66550
66553
33955
70797
42749
44960
52995
33607
36164
66719
52997
66538
40481
40486
39535
56551
37749
37954
38449
55409
38121
47388
35899
38510
59052
67239
38134
54855
34002
36436
49512
66233
32502
32722
33399
35986
32591
55816
67243
67244
35968
36225
32640
63982
72690
40276
44038
61930
62940
41808
70241
36486
43972
43986
33977
43497
69875
35872
61410
40826
43486
49761
53002
33724
33833
33645
45794
61525
44519
57079
66456
69770
49722
51591
62564
64741
44087
46279
56072
33893
45486
62870
36375
36575
39699
32515
38360
67376
67377
32515
38360
40680
49081
49279
33664
33893
53624
61658
36502
53624
66901
33899
45998
67501
33891
65635
40696
47623
66960
32522
32543
32907
43359
44521
32545
40348
32545
64987
67303
33005
52385
61796
62920
72547
32527
69764
32528
44403
55434
32752
32532
44190
42953
67430
38391
62927
38387
62734
71322
71324
37904
38387
39706
62734
38391
60510
67305
36364
40121
66987
38420
39588
71281
32833
40501
67390
67400
44816
45952
55345
56443
32718
32833
40501
43760
45986
47206
40937
41120
68898
68901
32850
32545
67302
67303
44529
55344
33800
42897
66457
66826
33996
34819
36216
44216
66825
70233
32608
57081
34229
66221
60097
59834
61987
33066
33259
33267
35028
37266
51511
46524
33923
64738
66807
66811
33232
63799
67923
67927
32727
32832
65906
37356
43618
55418
66766
32722
33399
33723
35718
32569
37345
66520
33411
67350
32599
33104
33109
34165
34076
35809
35962
40809
40066
40593
50670
37342
44208
66518
33143
66326
40599
62681
48621
48884
49150
49336
41947
43102
44694
32783
69771
32812
66452
66468
32577
32776
44222
66509
44227
66524
35852
36458
36639
37742
33368
34177
64812
66387
32632
37307
36480
66534
48667
49154
50672
70807
58496
33871
62358
47322
63415
32587
67143
61247
67145
32663
49857
61718
32600
57827
59074
61284
72365
72370
39928
37857
43259
41553
57113
61065
32599
32680
33117
35563
46908
55461
32773
61405
61740
50507
32660
62331
36685
44083
52346
55737
35994
43543
43544
32604
40083
61227
67947
39889
61563
71325
61542
34197
37724
66636
33425
37038
56073
66289
40346
56478
40335
71042
71043
35038
40495
49638
58014
62046
33653
61033
70767
70768
34093
34163
73248
38425
38426
69926
69927
70063
70078
33159
32637
38419
70975
70976
33116
34879
35856
44026
45756
47523
69873
33722
64612
72269
49465
50646
37296
61685
61705
62887
34035
35829
35831
32767
66383
35453
35720
61024
63782
43418
45208
43539
51219
67927
34046
34504
35689
46692
42073
37254
64524
46786
60417
65231
42566
43816
59737
33246
65013
61531
62720
33566
35037
40171
32698
40496
61657
64137
72691
62438
39523
40021
40579
33490
34782
35565
40370
54847
72594
72610
32690
32995
33189
34115
35666
66303
39816
41638
50718
33350
34942
36583
40496
61657
67327
67328
32838
72855
72878
36978
49623
49761
33031
37596
38389
46011
38389
46011
65374
66679
53688
60311
62788
65767
32868
40582
67174
67181
32835
32978
51415
40647
50242
63458
67085
33232
62201
63799
40480
67616
67621
67118
70744
32664
35991
64790
40531
35438
35997
62458
53701
67459
39964
54956
67160
32889
45917
51249
69379
60509
32910
39993
69478
32712
40617
35438
35824
65782
32686
40594
46082
34088
37017
42693
56909
59024
32718
51049
55291
55923
41766
43513
33420
43823
44115
44128
47566
69916
40343
52749
39519
39542
32710
32864
40823
38405
59893
66097
61141
63586
66117
46492
60987
66742
66807
34778
35435
58006
32834
37013
67324
32767
34133
34279
66383
61990
43479
44451
44750
46055
65250
37974
43554
61654
67620
32843
39406
40594
33443
35632
66335
33073
33095
33444
33169
55300
58111
33163
33179
55443
35041
70307
70310
41646
43651
61384
44336
44415
57421
32721
59193
53755
66560
66562
32842
43014
32726
32826
40343
62883
36395
54967
56088
43933
32826
34076
34228
41124
33029
40617
72514
72516
36484
38347
40573
42908
49595
61241
67395
33061
48692
53990
66231
49587
67395
65538
41159
44772
54775
33006
61633
33318
42166
60298
62942
67165
32876
32938
33404
49363
55085
32837
33750
32836
44042
55325
38297
38337
61901
41355
41448
69890
69895
34846
55053
56550
33834
63326
44526
55007
59748
41611
67165
67166
55847
60562
70589
32753
32934
32759
67121
43113
44050
69771
44046
44050
45626
32759
33405
32911
55291
67129
32756
32813
37627
44316
61061
32821
66456
66458
40534
61726
32771
34209
70070
70143
33173
33174
36714
32765
55677
38195
38347
39924
40715
33453
35800
32769
33445
34172
66371
33791
34107
38298
63293
67133
33145
33714
41826
70651
38322
39935
35383
35719
41131
66353
43181
37354
33356
37354
55003
57809
67178
61406
70742
70779
35244
67118
67173
72752
72755
44519
45863
69770
45863
64897
54746
33052
55198
34840
34110
35946
55201
32791
33700
32792
67161
67162
33319
67159
38165
40534
67109
67121
35718
36048
66276
71888
71891
35632
36856
61622
67128
67130
33393
33422
66289
42754
43355
32974
43683
66117
34734
35348
34024
35854
62384
66281
34102
43970
40603
62255
62677
55064
49798
53455
33310
56509
38612
40639
61906
44502
33141
34653
38286
43078
34826
34888
35425
35427
32819
33330
40608
71323
71333
43110
55289
61113
38318
32877
55946
70894
41738
32827
44505
66462
69764
35474
35696
36102
36116
37979
37981
51003
51515
33198
42073
64944
43033
69764
36990
32885
37189
67322
33184
62384
32837
55307
66471
66472
54165
62060
64216
32864
40820
37241
43125
44010
69819
32857
64884
38374
40088
67326
57081
49296
49300
49526
70926
48652
49286
36099
38247
39309
44521
66547
66551
49562
37528
38374
38552
41837
32948
35550
66224
55465
56917
40499
56252
56478
38373
40346
60548
33114
33121
36867
66286
34121
56150
62708
68637
68639
32995
61141
41839
42139
32935
36867
53769
40478
34061
34129
34341
36055
34765
35889
44348
61511
41804
51552
50607
50899
70868
39806
33309
36725
33189
51415
41212
42221
42233
70039
46573
51268
33380
34148
34172
66375
39401
39471
40760
36204
39412
63748
38063
71028
71029
33484
44588
52037
57177
38304
41611
67166
48442
50530
70657
45672
51242
51253
56244
48125
34812
35858
67303
67326
33376
35741
35755
35999
40619
42862
60270
38833
40634
40653
58512
33693
70795
65052
41478
51579
70591
34220
61230
63682
66333
38539
61517
44127
55449
32907
70741
70742
44509
67108
34217
36036
47362
72887
67128
36147
44566
65055
38137
39940
61247
52403
59671
62095
46781
47041
60268
34149
38321
33181
57504
70724
70725
61634
62230
43269
46808
58680
34879
35863
36041
66299
50499
58329
46417
72683
32968
38323
39716
39908
35857
53890
66271
42631
61545
38690
51387
56160
38165
55677
63781
38348
69627
73044
45616
33329
46544
46254
68289
68360
65624
39321
39347
59177
62064
54259
62738
65124
61417
70748
70749
40280
56094
34430
54149
67045
66860
66972
33351
56406
66282
37490
56783
62975
63248
33558
34414
34714
32952
65815
56506
58857
35323
69445
69460
67170
67172
32956
33400
67172
33700
38266
62923
32958
45850
47411
72700
72705
71353
71420
32962
33705
63314
66895
32965
42183
55228
32964
39977
32971
38281
38474
61725
61757
33702
61627
66949
66959
33652
61415
56773
42786
48906
32978
33197
33553
32976
61643
62421
42796
55953
54655
32980
35064
53973
35074
32982
33517
66891
36064
36424
55799
32984
55600
61737
34968
47301
38615
45010
52043
61919
32990
52607
55449
48120
48420
32994
65670
37688
61521
32997
33354
33702
66959
33659
33669
49094
33000
49538
65903
48171
58926
33002
36131
66957
33158
33282
33939
33004
35191
47192
73237
52081
61622
33381
34285
51402
33009
33010
62957
66735
33011
37775
62159
33011
35193
66681
33017
33535
33022
33198
36841
41594
41594
66225
33018
37334
56404
33019
33387
33190
62847
34950
35341
34256
34416
35680
33022
34414
35228
37384
34266
36159
67001
67002
33025
37596
37885
66680
33026
35341
45880
33027
43797
35262
37587
37771
37952
37924
64849
71920
71933
35366
44651
44654
45192
70026
33036
35217
66687
36940
33040
35262
34084
66561
33164
35192
66677
66732
72865
72867
33041
57743
37803
62903
35052
54667
54895
33080
66566
33835
47367
33049
33267
43157
41225
67402
35656
36103
64042
66249
33055
33058
67119
33065
33212
35682
33135
33144
66423
66424
33151
33057
33136
33083
33212
33716
33151
60580
67120
33063
55037
66584
66621
33063
33437
47538
55037
35261
66233
33543
46145
48788
33068
33144
33826
43026
33068
33135
33144
33558
33905
66238
33147
33155
36967
56472
48646
52046
60735
36957
36962
46302
33072
33253
44125
33133
33252
55510
34063
34968
37637
37729
61737
33572
37681
49358
64841
33212
33716
62532
66423
66492
33081
33089
64841
66688
37015
37748
64909
33088
35188
37803
48436
48495
61362
35929
36950
41163
65763
35443
35582
35809
33143
33177
61127
33672
55449
33090
62406
37758
33535
47535
56670
69344
69346
35186
41893
49401
44198
44484
47425
64894
66339
35254
62406
36236
36437
65617
65889
35223
44455
62234
33100
33106
36178
33229
35223
35490
38113
53665
33106
33785
37692
66685
33117
33454
66389
33287
34071
58111
66339
33618
37758
33108
62013
66942
33110
33229
56350
55081
66389
33114
54892
33112
34828
61094
66734
70339
33141
33331
66468
62212
44407
66272
66299
33285
66394
35356
40490
61974
33258
66433
70047
73255
62185
35182
62211
71563
35156
51519
33126
33130
62233
33786
36822
66452
33542
51519
55422
55463
64884
61020
64855
66947
66951
33130
33552
66944
33589
62212
34711
61100
69979
69981
33266
62276
33933
66431
33670
33212
33137
33146
43315
33139
33150
65614
33528
54378
69035
33243
44316
33145
50528
70651
70656
33366
66387
39613
55460
66421
33807
33150
37530
66939
33276
55932
33542
65939
33403
34913
44764
45025
33826
37390
64909
33157
35174
66957
33219
38776
56435
34378
37521
33162
33528
34663
33162
61427
69914
58384
60979
61976
62332
33737
36884
54328
33273
59904
37728
55253
60668
67253
67254
33168
68290
68306
48398
36918
48747
57246
66916
34002
41428
62638
45030
56518
60065
33276
36935
64812
33177
61127
33178
36515
72681
72682
51402
61985
36775
33180
58840
36515
43419
56410
37087
39698
34542
33353
33499
34098
36052
45553
33330
33191
60588
66525
66528
36819
51137
62053
35628
39644
49541
54407
64013
33201
35370
35471
66738
33217
49870
66186
71859
33329
33425
51137
66117
66287
33202
34139
67754
67861
33829
34043
43915
66577
35189
55122
61009
38663
43054
33204
35845
66495
34426
37797
43165
67522
44550
55028
37679
37695
55158
37331
37698
43026
66567
33218
63928
66571
52809
66815
66818
50581
33215
35759
64146
66737
33220
33806
34978
33230
71857
47367
66569
33256
66453
33222
33226
35451
35495
61996
66264
66269
44717
46502
54154
33226
34520
35465
66737
35373
61981
55386
70380
70485
40644
62013
62644
44051
68164
37920
41402
35187
34053
51485
66569
33254
49795
33392
45571
66436
37973
55739
37951
38853
58355
33851
66838
66839
36425
65723
67926
43110
48191
62091
36230
36432
33761
33803
66436
55194
66489
70515
33259
33267
33557
33730
33933
41522
34588
37451
43994
66455
58257
63179
64171
68155
66435
66238
66245
58211
47656
68829
39467
44568
44569
43524
67918
45224
70518
70522
33306
47435
64808
70305
70312
33511
62403
33588
63627
67944
63541
59226
67920
43755
43981
67940
35192
60820
43545
46274
47434
52898
33276
36794
55932
33368
45235
55829
35827
43344
63559
33282
33659
48934
37792
65984
34103
43117
62987
36131
47623
51788
49280
64588
68728
68795
36749
55923
63935
39932
42981
62022
34217
42582
66338
65084
50587
51759
57607
61980
43419
57504
38648
44631
44486
45293
34135
35862
49303
51475
34051
34102
43668
43970
33507
55386
64048
56179
36157
56591
66890
63923
36080
36157
55403
56591
33346
35124
33336
69295
69397
35308
66882
33336
59757
63817
36818
39150
45611
62747
68759
68762
35308
35317
58945
43933
33340
33329
36810
37038
60420
62701
37011
45444
64817
33314
35239
35290
44144
44093
66884
66885
33316
35145
56773
36110
38161
66898
35676
54918
65904
67147
33483
56723
66473
69913
69921
33324
33327
35957
41012
33773
55515
59463
65828
33332
33472
63840
66477
55515
61816
48049
48416
70645
36827
53513
44316
66465
66612
33426
35145
33335
61885
73024
73028
61625
62297
47838
33338
34737
37488
54982
37859
66928
66998
33427
34121
66275
33347
36720
41034
41177
36107
45697
38853
39592
43734
58355
33345
56950
37265
62672
36717
43038
62365
68684
68685
35017
33525
34157
34261
43830
44849
53513
66226
33669
61951
66954
33665
33669
64963
66509
41254
43330
54840
35292
37926
66677
33409
61149
66266
33363
61921
65903
66948
33404
33513
35051
37688
66949
33712
37141
67706
40607
55002
64680
33754
66388
33392
33748
66425
66427
33809
36503
66722
56502
62578
47677
66627
43908
62088
34276
36894
49062
56839
35920
66416
36461
36801
39703
55830
37390
50570
36206
36232
55122
66722
34167
55081
34451
46658
66723
37949
60995
40630
54636
34451
36211
36667
33398
66666
66681
64390
64394
72470
33398
36226
34399
48553
72190
72227
56580
58624
64993
33392
33748
33497
34102
34674
34324
34588
66506
35275
39878
39968
35275
39968
40067
56977
33417
41607
42073
35341
66651
66657
33700
38251
67171
36119
65457
65573
65845
67162
57471
33417
66226
37121
38165
40534
66552
41101
35302
55228
34526
34256
35683
33412
39672
41698
42338
44711
44712
33415
62672
66696
34035
56950
66237
36020
36240
33513
66225
37665
56234
56347
57687
61427
69876
34102
66288
35717
63506
66332
36728
66232
66255
33494
66275
33480
35321
35718
66276
33708
65095
66883
33492
62550
66883
33709
37489
40375
61479
45264
34181
62171
64680
33493
34095
66282
35267
37567
37970
33677
62569
65883
56728
57587
60721
33529
62269
66684
33440
59536
64336
64455
58281
69581
57771
67698
67702
47371
64892
67294
67295
37017
62238
66321
37017
64894
34163
56189
66373
33883
35199
43957
34654
38527
40805
67816
42193
55209
66766
34140
34158
37334
35179
35545
35604
35783
33453
33454
34164
33455
66389
63935
66388
43583
44361
43823
44194
44361
53347
66331
43833
44112
47024
33462
37028
66276
56218
66337
51137
66287
66291
34821
37173
50589
41391
43299
43663
34947
61920
62193
33485
35216
41832
35582
35828
44450
61538
35277
35411
36628
66953
39567
33476
33524
35074
43160
43414
44036
33481
36943
42062
42693
66889
66891
45530
55338
40972
59542
50238
50363
71101
71102
35333
36158
34218
36755
66335
44808
45000
35026
35928
39931
61719
34371
36566
42312
43580
34018
67518
67522
33490
34157
36135
33565
34095
34873
35234
35287
36576
58945
66881
35565
40171
66284
53890
35238
72464
72494
56073
56509
40551
53492
35868
35869
36530
42808
70159
70182
34806
33518
35256
35261
52471
35684
66408
33639
56634
33647
50629
70484
70485
35240
38647
41006
55402
33739
35109
33905
34056
35185
36082
36185
34170
36081
62000
35311
36068
33743
36064
36064
66890
49610
66233
66234
33703
36385
36463
34237
49610
53202
66234
36442
37668
61942
36442
61942
66932
66936
33524
36161
38007
60934
37637
66891
34095
66282
66305
36393
69798
34740
61790
62724
35174
65738
35307
58846
70309
55513
59917
38161
56949
35870
69043
35667
36241
36595
36677
72438
72440
33703
40927
60495
46664
36475
36720
36089
36127
36089
36127
36033
37530
37018
66130
36297
36858
43797
40910
62023
65712
37121
36057
36098
36190
39564
33785
66685
66686
64848
71151
71153
33742
65671
73308
73309
62212
66942
54655
59759
33630
62357
39104
40769
59614
36092
37667
37739
34056
66238
66239
35562
70103
70106
35871
55127
66583
66584
36101
37666
55527
56601
34950
37885
46011
62199
36142
66305
43683
66283
35207
36209
57475
58339
36917
49975
53894
64348
44697
43836
60808
70323
46011
51499
49358
36054
51031
73306
42063
42084
42394
69956
33796
33778
49605
66702
73243
36469
47630
66641
33606
33732
59668
66645
38587
54823
33606
33732
47951
58476
40451
33725
33842
36416
65525
43706
44063
50917
42005
48191
62091
56197
36032
36380
62233
36457
65760
66653
41464
43614
43610
61590
36477
62590
66903
35368
62003
68932
68934
33738
36443
66909
62340
69214
33617
33662
65751
35198
37588
34990
37570
44482
49763
39722
62642
42146
43870
62154
66549
58910
45923
55126
66721
36592
65768
42195
42297
43590
34417
34457
34506
35276
57809
36016
66792
66810
36016
36215
55627
36178
36831
33764
34696
66905
35424
62159
66724
36835
37636
56350
66943
41534
57835
60715
66907
33694
34351
41315
34229
34230
41428
62638
33671
39137
33763
38124
66865
33879
37960
60584
66923
33635
34203
40867
46414
50538
58399
58895
62360
33674
53530
66924
33642
33744
37966
42026
44994
55255
43512
43800
67873
59603
61211
44785
48539
46531
58259
43309
44066
55503
61209
41470
43602
53965
62518
66773
66846
62903
33661
40229
49530
63142
33662
62590
42129
54784
56114
61905
70576
36092
37667
66912
66914
61521
34206
35541
73223
63266
33914
62999
64637
66937
59603
66907
34968
36161
45874
50387
34998
35219
35410
56059
33679
62656
66856
35221
35548
39667
44970
60623
66923
37406
37475
58923
35232
37250
37261
35292
60986
58930
66855
33694
62983
66856
36293
34927
34944
35156
35165
61944
35204
37539
65678
67012
35353
60622
70310
70312
36454
41587
62200
52075
55332
56679
62758
37880
45277
43913
58205
63840
66477
33861
43545
47434
66090
46340
46458
46498
69424
69426
47584
35591
72283
72284
61521
65670
33704
37435
55228
67172
38266
55228
35290
56888
58538
67158
44093
46934
66885
37874
39413
61447
47293
65538
66695
39337
35239
35302
42183
66884
40987
46486
70653
35274
40544
47899
47913
38968
66421
43641
55343
55519
66884
46358
47867
48408
64537
64541
64612
33723
53727
36081
62000
67448
67452
64464
64541
72268
33976
39926
66657
33726
47630
61641
66645
56723
34711
56610
60695
61100
33749
33814
66646
61112
58942
64610
53705
66646
36351
63432
66130
66695
37211
42028
43005
59668
61641
66645
66647
63963
69622
69640
36710
61172
65127
60498
46679
46697
36168
69624
69625
56591
43454
65635
33794
72209
72210
36201
41735
41749
43859
33817
61684
62978
56390
66472
62878
63623
64530
66654
66673
33965
36452
37026
62435
33758
36537
62571
66851
33757
33839
34477
36520
35963
38124
64239
66865
34477
57773
66716
66731
61620
47513
60752
51749
58097
36176
36311
66865
33765
66905
34727
55627
66903
44080
66507
60607
44080
35460
48228
56178
65162
61004
37949
60995
33775
35868
55109
55194
36486
41389
66655
43986
48721
44003
59024
66644
33990
36027
36224
39651
36038
66725
33782
36203
46227
66691
43197
59641
66705
43842
66919
66956
34477
35963
36286
57773
35223
44455
36968
66450
34536
36031
62181
36194
36198
45034
45168
52499
58354
47710
48332
57064
34064
35489
33812
48057
57574
57997
37713
58455
58750
34473
36192
43283
45877
46420
48406
55165
70215
51022
69760
42897
33904
70009
34505
36274
36608
58812
66434
33818
35247
36038
43728
35759
36009
36503
37627
44073
35355
35440
34978
36211
66720
66691
66692
33814
60530
33951
33991
43922
62320
33827
60477
45281
33818
46658
66704
66723
43100
44060
47521
36042
46584
33821
43990
60477
66643
36052
66561
66563
33824
66701
51546
60578
43125
44303
33825
44003
62490
37698
33832
33949
36047
36053
36231
66578
33832
36356
62490
39473
43962
67682
67683
60734
65760
47089
37171
48201
36457
36495
41444
46154
70072
70142
36641
41989
66671
33841
35452
35778
61096
34358
34722
33843
34515
33930
34492
36613
60371
36443
61172
34500
43838
66956
35633
35777
33854
40970
62571
66472
55496
55503
55274
70096
35214
35259
66027
62617
36336
36529
56088
35214
35259
55364
62519
72401
72402
33875
37558
55409
33866
57246
33973
37208
66328
66330
69948
34106
35790
44376
64868
66842
34485
45533
33876
46873
38438
43882
44276
38449
66784
56605
33879
48747
69399
69401
33884
36523
66918
35402
65858
44010
66440
69819
43898
45171
48747
54967
66916
37569
37708
46922
41409
64637
66937
66938
53645
62358
34498
33893
62870
43196
45502
56961
34553
34555
34586
34631
56795
34932
36587
39399
33924
36299
57569
34647
67476
33924
36299
36592
63133
55499
64506
65652
36576
59769
36282
70011
33971
36435
35665
33909
33910
34385
34564
37272
37777
60606
34332
56807
66586
66620
35626
41080
33915
33968
63559
66904
66941
37016
43528
66902
36521
59958
66941
36628
40801
64963
33919
33920
44791
35668
34367
35996
65053
41220
44962
34118
34363
38929
67521
33927
33928
55061
35668
35732
61711
35654
36403
36704
66902
61305
64422
34608
36359
36534
33988
34814
56359
50732
66433
44161
59305
66799
34575
53413
33944
33940
33943
35473
42273
34319
34671
37583
35879
55061
37247
55061
45070
33947
33949
44483
59431
34268
36231
34509
47408
48253
34319
37041
34353
43834
34579
59982
66667
36222
36242
36468
43920
43854
43894
67473
33956
55778
65385
49605
59024
34268
37368
33960
66752
34293
40261
63126
66521
37408
34893
66778
66780
33963
34451
45897
63879
55139
35694
44269
53925
33966
33967
34844
56299
61044
62274
35827
36477
63025
34515
58761
64451
66940
51469
67473
67477
36436
33974
33975
33987
34642
34780
36443
34106
69875
37985
45593
56356
35428
69968
33985
42213
66849
33984
33987
42213
33984
34883
33989
34492
36492
34009
66847
72945
72947
34009
42187
47491
56615
36429
65525
35269
39611
40986
56909
35196
40000
56795
60530
56486
52221
52519
45870
52690
55341
33998
34007
56493
67503
40313
67501
34007
43893
36249
36410
57773
66716
68847
68874
34013
66235
34013
34237
34670
54443
34816
63322
72505
72507
43287
65311
70071
40313
56767
44594
66849
46178
35682
34246
35248
35483
49512
34017
34336
34017
35571
36902
66419
65612
34317
41375
43165
34267
36078
36090
36091
42208
57128
38985
43695
56652
55503
57128
66838
66223
35578
36162
62295
43843
62436
34342
69944
69945
37279
49479
35744
61069
34417
34506
34928
66252
56180
66107
34766
66461
34048
66461
34785
34870
41968
35708
43250
45406
34044
35669
66223
70118
66221
34849
35601
64177
35248
63941
34097
40989
44652
55354
34518
37001
36180
36591
36728
37378
66283
62724
66693
48793
57998
35956
51610
51638
36435
34794
35761
35774
34276
36894
44095
47212
34369
35604
35661
66418
37292
35874
34071
35507
66371
66372
34225
34616
37295
56425
47602
53847
36762
56400
58476
66543
56810
67843
67858
34606
34606
48857
34217
34111
35581
35885
36041
35443
35936
55201
66350
34291
35828
40809
66351
34286
41125
35788
35866
38793
37460
37468
34461
46350
34461
46350
67207
67222
44866
70100
45982
57974
34098
35824
57735
66351
35658
35788
38793
35447
54077
34090
35447
42693
66321
49485
66323
34634
41968
34634
41968
70081
70086
56189
64178
65584
34157
34097
44401
44687
55354
69958
70029
44115
45402
35545
35743
35755
66416
34614
35685
58742
34387
35624
66386
35326
44663
45397
69877
34168
35941
42524
48921
34130
58311
66324
35961
57249
34879
64744
34767
34853
44854
38985
43695
60276
34119
38793
66271
34734
35348
66302
44629
45244
61148
66358
56406
66281
66282
46287
61366
35433
39379
66273
41763
62509
57734
56790
66971
35569
34127
58823
52809
56055
66815
34127
34368
58851
67516
34482
50493
34325
59094
66332
35874
36051
66300
36680
63178
66382
36847
62446
73041
73042
34347
56492
66385
34173
66385
37376
35386
35859
35861
35859
35861
38080
35536
35736
66405
45799
44429
45668
35993
36000
67465
67480
35418
35993
36000
48670
34145
35987
58659
39746
44568
44569
52801
52813
62502
48529
66748
37107
56189
37406
37539
46906
46907
35512
36544
37272
37387
37544
44295
47116
37088
42851
43074
35536
35537
35981
42456
63610
66733
66740
56721
36458
45668
36811
58980
61260
36717
34252
34323
35767
34165
44445
34215
34216
42264
44426
34168
34172
34173
35499
35522
41273
41286
34763
67703
67705
66371
63628
66371
50035
62061
65020
34774
35389
69050
69053
54045
34178
62171
61127
35943
61786
34209
43684
37017
42693
66321
66325
39232
50044
51687
62050
34529
48219
56627
63669
34529
56627
70155
70218
43827
47153
56724
38967
67792
67793
36545
36666
49825
61034
65141
71546
71547
34192
34194
45095
35738
61953
66347
34764
48482
38163
44734
48321
55588
48321
55588
70400
70401
45668
40417
65339
68292
68303
55403
66880
66897
34201
42935
45095
54919
52820
34203
36279
36440
34692
40822
48305
64270
34209
64680
66381
34207
35541
45083
36680
35726
66322
34585
34592
67069
56763
36689
44441
44771
36689
36881
41030
34278
41030
66333
41724
42242
46194
46839
34301
53253
66331
55380
64280
67438
35128
54909
35128
54909
34390
34410
34228
40700
41131
58006
66235
44512
34340
36100
55694
48258
34544
34701
66263
69963
34544
34701
36106
44659
44711
70023
64340
66236
52348
62668
66374
66404
48252
34903
66222
34666
34800
66791
34589
43920
43922
58839
59298
61805
34831
42645
58581
42150
54875
59512
66221
66222
51270
55759
57338
60795
34668
46225
35317
36080
55403
54291
64910
34333
41165
67608
67610
39708
46288
40679
36103
43126
43148
44339
69817
34307
35781
35838
66254
36123
66304
35351
36122
36135
34837
45682
42111
54056
64910
73278
63729
34355
35351
36122
66247
34359
35476
42980
69229
69234
59411
62373
69692
69693
41163
43890
65763
54918
62277
67146
67147
44049
47210
46754
61996
66269
35374
36755
62182
34786
64337
34288
35908
35911
35179
35621
35753
36003
37417
62351
43880
43923
60357
68682
68683
35976
66722
66723
34835
35962
66352
35199
47297
55914
35638
35801
40769
58774
63178
65047
41125
66353
62351
66786
35895
46431
56299
42140
42166
69796
43907
46906
56140
34806
45219
34808
40773
66846
35930
35992
55703
66346
43866
51587
34391
63506
63682
45051
45852
62054
34372
34396
34412
35736
36123
36125
36143
66304
45377
66432
66487
42585
42587
34417
66252
44433
56752
70006
35565
66284
66303
34373
43396
53468
54127
55086
57413
62570
35589
62334
66250
44827
54924
56453
35087
35088
67487
67491
40856
46533
65864
68414
34334
55885
43022
67518
35070
57537
34775
66754
66786
35551
37252
43563
60449
55044
57933
36159
54978
62610
66240
65870
66274
56070
62779
44474
45552
70143
53586
65915
45669
45953
64905
40074
40286
62960
44621
45410
69996
40859
61162
67074
36003
36005
36902
41236
42980
46004
37691
55393
42002
35348
35666
44793
61919
62092
64644
43165
62540
36011
37989
61698
37278
37350
35599
66322
44098
70038
37266
73022
36536
39137
34478
46636
61751
67259
67067
67002
35546
37140
43434
34473
35778
36040
36047
36231
34600
66686
34773
44334
35745
69251
69255
48805
67519
42507
67504
34367
35902
35245
35362
34573
35371
50500
67521
34761
35179
34376
34466
65068
53566
34375
37035
43872
65273
67499
34850
61047
61106
73251
53236
69246
69250
37449
45723
48846
54360
34428
40767
43909
43912
58980
67514
37450
66409
66419
39302
39323
62493
34436
42662
43902
64644
37777
35753
35999
36003
36005
35484
35948
34407
34761
35603
34610
34658
35603
62045
35537
62312
49377
52458
35874
35875
44774
56632
62248
34397
73250
73251
35736
66401
66405
34955
41960
46049
64389
64390
69292
69294
34719
54295
55809
65023
66999
67000
63178
66382
66412
34408
34604
70090
70091
34410
34641
37295
66417
34658
35782
66418
37606
57320
34610
34658
73250
67017
35228
37450
40600
35674
36175
66406
66409
37031
55091
66320
53087
54998
36452
62435
66365
66366
34724
42839
67037
37997
39802
67034
61366
62540
67522
34478
35416
34433
55516
34431
34982
67043
34612
55884
38069
70572
70579
43893
67503
34475
66660
66757
34448
43130
67500
34439
61948
62056
34965
61167
34442
34457
34442
35984
37096
34444
34619
34636
34982
56908
34967
35513
51935
59101
41979
62637
34448
60850
55266
40908
44635
66721
43971
65038
67847
67848
34454
34458
67519
67520
41251
46527
45998
67492
67501
34638
34965
65998
37797
35656
36078
39362
64042
56767
67504
43696
43866
54417
34466
34471
67477
35557
36076
67249
67250
34643
43868
34614
35685
73231
73232
46882
34837
45682
34588
37451
66506
66777
34647
46395
67476
44267
36263
61266
67474
67475
46349
55509
62225
45296
36280
35417
36728
61790
66232
36204
63748
63830
34860
34865
34801
43398
34579
34589
36864
62125
36336
36620
52887
43497
43905
34607
36813
37156
36222
36413
62125
66669
43344
66904
66515
37103
43180
44227
66518
36908
64940
66541
66542
36735
63317
65304
41795
42876
36724
36730
62544
66878
34633
64719
67319
44021
43882
66955
44082
44310
56643
61101
68090
68160
51028
51155
62340
35686
35687
66249
34514
66719
35589
35841
34992
44885
66749
34512
35707
61969
34549
47965
63847
34778
34844
47655
69985
35703
52466
61044
62274
66311
36595
66717
64422
66675
44901
56985
72003
54853
60978
61163
55388
66818
35845
37911
48311
47723
64626
36267
34526
55997
37994
65880
67055
35409
40164
40750
51069
48526
48534
54887
69724
69726
67124
67131
66815
36416
65016
66906
36487
49400
34537
62205
55411
62169
62056
62205
36177
36195
37560
34757
67079
54978
63604
36200
66673
55086
62570
72205
72215
36177
45897
66706
58986
69702
69703
47635
48253
52986
55590
66820
38170
38187
67088
69975
36619
46623
48466
69130
69202
36619
37209
66620
34558
34872
55420
60818
38508
34564
35622
56797
66260
49525
37161
66762
34568
53164
38652
48206
54135
65965
44791
34736
56734
70019
70020
66816
40366
67054
35657
35996
66261
49534
36380
64784
66943
36617
37144
44981
34763
48828
51465
58783
60528
43922
66669
34907
37057
57271
65108
35668
35732
39231
66315
34639
37206
34843
35751
59563
59982
66666
66667
67049
62320
66644
37990
55777
42928
36222
34657
34859
66400
36858
45880
66668
46111
56962
40013
56758
44759
57946
45262
36457
62660
62688
46076
61400
46984
46985
73265
62234
66651
66652
44361
44465
69918
35649
36630
47020
34637
62090
62467
73073
73077
66996
67000
36308
36387
41143
56044
34862
34613
35858
66411
48986
34812
66410
36528
40696
48934
45023
62312
66400
67033
67034
34619
34620
35514
67042
42212
44979
60767
48980
55395
67043
42644
42646
65491
34783
38064
57727
41466
48749
70616
70628
41961
53632
55270
55486
38297
54991
43990
66643
66644
36362
36652
37305
67320
38081
57076
46357
67042
52736
52991
59977
44311
34640
35595
34641
37206
66408
34862
66417
36034
34647
34646
51691
68969
34797
55084
66581
66598
46962
62168
34651
34655
43075
43682
34652
49720
52695
56318
42130
62350
67815
35805
43631
55046
62303
66396
66417
42670
41304
38455
40873
47187
55974
36516
42273
37213
61027
72889
72893
36954
56804
44608
66792
35808
61029
66770
66787
60980
66817
35946
66360
54440
66235
66236
42758
55590
52391
62469
47662
66505
56073
66289
34855
39314
70082
35894
55488
34756
34680
52514
40434
44870
34940
57946
35937
68680
68681
65654
37652
37658
55592
35473
35518
59009
64853
67092
36279
36441
36456
52598
54773
57218
65727
35818
39668
52872
34754
36443
66909
57124
55261
67024
34824
60980
61312
61352
61440
37944
66993
35758
56730
62546
70124
70125
66819
66820
40944
60027
49719
44390
45414
34710
46079
55586
73099
73107
46071
55961
72888
72889
35228
66239
66244
46079
54268
55586
58195
54702
54705
57537
69780
37623
48164
64624
47855
62227
35373
46105
46108
53976
54144
65615
67031
34820
66733
66734
37942
38188
64823
34804
52170
35451
36211
45692
35984
37096
66265
60677
36059
36128
35521
56076
36706
55575
66998
35727
37240
44067
44410
35365
35500
35829
60665
34764
48482
67057
42940
43133
39785
47128
53537
66812
41655
68734
68804
42391
48184
56824
66131
64212
34882
45900
40686
42043
62609
68209
68217
36147
43191
40694
40742
47856
35529
37031
47034
35679
66483
42232
67056
41832
42712
44308
64182
43554
35661
54619
72965
72966
60335
35813
35985
45873
34834
64877
44584
56295
45888
56272
56378
67077
67081
35319
35219
35477
39236
44493
45481
46649
35492
35527
37041
66317
35469
64930
42923
34836
35968
42941
66827
35666
55501
47869
65680
60831
61068
35800
64091
34789
37059
35893
37026
47581
39712
56387
61625
35545
35743
46185
46228
66788
40991
66811
54921
64554
45753
47408
69304
69311
39860
39916
50055
66775
36506
55935
35651
37138
60730
44608
37669
44266
49358
49359
66689
66789
66790
37821
65104
39992
63929
66066
45254
56924
66842
35903
42221
43210
70053
34863
35853
45425
34812
35684
45870
64877
56530
60845
70791
70792
55500
42029
42555
44837
55240
66759
64898
61094
41014
34931
61209
62135
65858
35210
67067
67075
52865
68310
68378
35773
53651
48721
61094
39618
47183
44560
56272
57079
69770
71776
71777
53659
67724
67725
47994
68754
68758
55536
35435
51044
58006
35293
35990
66754
66756
44253
44385
35617
45058
67056
37022
56590
62095
35500
34877
62577
62533
35688
35826
39553
65219
38782
39015
49898
51932
39674
40392
34886
67883
67884
35923
45244
44625
44957
45224
35595
37295
56425
70080
70081
35844
62045
69864
69866
36742
37192
55483
66327
53999
35684
62126
45071
55659
41820
60657
62186
35657
35902
34874
36991
40561
59176
70073
70081
34932
43342
50779
36452
47655
66365
40644
36096
36102
37777
66248
56743
37170
47629
42213
44594
45073
34924
37380
62492
63300
42314
44622
44623
37547
39957
38652
65965
73108
73111
34897
35423
57309
63494
70970
70974
37909
67837
67840
44957
56453
50641
53675
35771
55411
34948
60887
61012
37913
39777
40958
66990
50054
54720
35846
63941
64042
45056
57176
57911
42979
45764
65055
55254
55314
62659
37236
68562
68569
34988
35823
67062
66796
70184
69942
35012
37833
42168
46317
35606
61964
67661
67663
60076
37011
43120
45151
65879
37023
40580
45151
66628
45977
73130
70439
70457
41512
35872
60733
66622
55608
62244
42832
57541
44803
61942
36100
66253
35503
35523
35750
38423
45623
65696
65700
65764
35364
41995
44993
62091
37366
68116
41208
41676
44897
45556
35340
35349
50780
42025
42441
34990
37570
49359
35481
36100
55691
66253
57852
42939
35017
36238
43920
61243
65099
44803
62269
66683
66684
37531
55185
61220
35423
66363
66364
45017
61726
35193
42388
45011
50771
52316
52430
64697
65085
37925
59901
41959
41996
37925
39224
40331
46319
35221
46795
37720
65887
41198
54944
56924
34963
35200
64867
67950
46078
34964
43962
67683
35200
37222
54916
54501
62188
35860
71770
71773
61951
64626
37924
54514
64708
64849
34972
62485
70305
70326
34973
61196
62485
34975
56799
72867
72868
62098
62192
49337
58309
44961
34995
35451
35159
61986
35467
62041
35136
38287
39106
45774
51541
64302
35260
61202
37047
61986
43211
67060
54726
67192
66683
66690
34993
59904
66679
37498
40230
35193
55166
55311
56755
61524
61981
66720
66737
40691
47870
61014
62690
72678
72749
35036
71156
71226
35723
37602
49212
49212
55974
62628
35043
66676
39942
35039
55185
35014
36499
40897
35043
62041
44331
55266
35039
36065
43118
61016
35051
66949
66951
35068
48939
57195
42429
44689
46494
61619
70534
57538
61904
72825
72841
35024
67215
67216
39771
35731
38054
62324
41764
42018
35033
36368
41624
55385
55849
58947
68081
64880
35230
70519
55268
56484
60782
38725
38004
71273
71274
61013
61018
61013
61018
66950
66951
35353
35127
35194
37926
40150
61185
61792
56028
66887
66947
41658
43187
53431
61018
35272
44404
46539
69935
38267
61013
73190
73194
35054
55215
56761
61524
35055
55299
60888
55215
35058
40236
40237
66155
38245
39763
40443
40860
41349
44160
37700
41921
43834
61717
66611
66628
35066
35140
55897
35066
55897
66887
66889
53700
35069
50918
36368
38102
67952
67962
36069
41052
65989
37533
61737
36002
40481
35078
38214
40639
35127
35080
35197
62729
64948
38026
38618
38794
36141
36507
40613
35085
64860
35886
47768
36507
35810
35911
65763
66413
36507
36094
36507
53137
45827
61946
59039
61616
70530
38200
40587
41379
65602
39164
40334
43439
66530
70954
71024
35097
36815
40318
40379
54791
35654
43532
62999
39259
66522
61930
65089
71015
71023
38134
38133
41082
52235
36237
36969
35867
38568
35108
38133
70546
39263
59959
69497
69501
48846
54360
45188
47774
47798
48092
45102
59719
60919
36140
51305
51308
51430
61066
46446
48152
56304
70429
40749
55661
67420
55067
61908
36758
39272
61422
43641
55519
40888
35648
38246
38403
59664
56630
38346
52495
52501
60949
64942
35230
48103
53382
35137
37141
38464
40800
35137
38433
38464
40716
40721
35139
61936
43950
55789
62692
67699
67700
38236
41859
36450
40843
45957
66336
35148
35149
51621
67465
35150
35993
37073
35150
67464
35152
50839
35152
36554
46430
60788
43015
43417
44506
60882
35158
38595
35161
53354
35161
35162
67457
35163
35163
37710
67458
60309
38426
69927
56099
42176
70451
35169
36026
67493
35642
36124
56493
37858
44690
48334
71320
71321
41766
70144
38864
39798
40206
63542
51320
66939
61745
65086
56809
56813
35598
55103
35311
36068
50156
51802
46273
46423
56857
60190
70560
70561
35265
71570
60936
57728
70327
38927
62020
70319
62051
70590
70617
36642
36009
40979
41531
67036
48756
65064
35292
62199
35195
37364
36104
38026
55437
61225
39667
40915
40961
66676
66684
36015
45594
66910
58846
70309
70310
51029
66177
35208
58295
36209
71998
72000
46797
54738
35551
43563
38443
40671
39666
58390
67061
70261
70293
44235
44506
45615
44308
35262
38067
66680
62647
63684
46857
44445
49619
39666
58142
35291
58553
55219
55364
56604
62519
37640
38027
53310
62414
35234
36991
67160
40401
51801
56756
61252
65883
35974
36647
61989
66242
39967
67158
35236
35472
35454
46289
67159
67171
48500
35303
40421
72495
72496
45866
47983
49680
56908
65998
35358
61004
41705
43332
69961
46584
51402
66222
35256
66232
46100
61876
57676
62862
54955
62637
67218
51255
37570
63016
48110
48111
70519
70521
42002
66234
48502
60293
65343
35353
60622
62647
35701
48692
68629
68630
57220
62211
36138
47898
37702
61217
44039
44317
57745
66845
36213
36451
42477
45260
41795
42315
60655
69961
42018
42547
42789
39576
39579
66811
40542
48076
39880
40406
38307
38007
66876
35284
35599
35738
65281
38070
38578
67658
67659
40936
35283
35286
55131
62651
38522
58311
66324
66347
35286
40628
67270
55174
64754
41071
43798
40691
47870
59107
40675
66885
35968
35978
66446
37493
40675
46940
62714
35296
35299
41903
39551
56942
66841
35299
50535
67269
38522
35806
37769
42005
42832
40421
67157
44092
40549
40551
55271
36298
67434
67441
35444
66880
70307
51182
60566
66892
67168
58746
62414
62324
63785
35547
43298
43873
35833
36130
36141
54637
35433
62311
38608
41817
65827
35333
36112
66898
52498
58101
55700
71552
71568
35327
35329
66967
35345
35329
35330
67233
35331
35331
53887
67268
35942
49976
35337
38470
60943
66897
67179
54913
42580
45935
60947
70577
70587
35340
35343
50737
37885
35343
35344
35349
67232
35345
35345
67233
37105
40491
35647
35892
65500
66355
35879
36063
36114
46692
52767
35550
35558
44703
50405
35896
37752
62392
63051
35362
57581
69840
35443
35936
35995
62458
39090
55255
35371
47950
66246
66261
62135
66313
66314
35495
35505
61996
38633
55383
71115
36239
42361
48757
61009
66735
35890
37554
35465
47466
35376
35377
55384
35737
35737
35740
35379
35924
54641
54881
35382
38204
67099
67106
35382
38204
65890
39852
40730
66355
35499
67284
67285
35386
35387
35958
35861
38080
35389
35491
35492
35391
42267
35538
55227
65996
67505
35394
35534
36076
35397
35488
67813
67814
35397
35488
35399
50146
37743
35402
35947
60883
35402
35947
35404
47712
56065
35462
35406
63305
36763
64945
39475
69062
69064
71306
71341
35412
64963
35412
36161
64963
66953
66954
55771
66845
43812
48099
51579
44258
57443
69838
35417
56248
64945
67258
67259
35419
62531
35980
35421
35979
47514
35422
47272
35979
60654
62566
48608
66666
35426
65766
35427
66726
66727
39890
53658
60944
69953
39781
66775
35432
35479
71155
71170
35432
35479
36048
57734
35586
56730
62546
35681
35967
39637
42975
35653
35691
39553
51110
65966
35441
35564
70341
70342
35441
35564
37953
60881
36213
36451
42983
56564
57735
35446
35467
35446
35467
70302
70309
49485
35449
35450
73220
36007
73231
36007
61981
36520
42012
66730
55703
35472
59816
40331
45623
47011
65698
65764
40767
48781
48791
44380
44836
47755
57759
39475
48349
48227
61282
65526
35607
68586
68588
56065
57775
43173
44779
35482
64032
66730
35616
65059
54338
67719
67723
35641
60588
35527
42652
35512
70523
70525
37368
66310
38350
35573
38110
67150
67155
35690
35842
66251
54385
62638
46228
66386
66415
35490
36467
64575
66768
35490
66556
66560
38945
35547
35761
66372
38775
35492
47070
47110
61695
67251
67252
60997
69973
44631
35504
65215
35531
37387
44228
45650
46630
35770
35982
36022
66402
35724
53144
37154
36520
35624
63628
35983
56796
59577
41212
42221
63626
35924
54641
67285
35756
62334
35860
59156
60312
67281
70332
70333
35640
36201
42070
73258
37048
70015
70036
35845
35847
66739
44633
35525
67283
35534
35557
35704
36076
67277
67286
60603
62353
37247
55061
66318
35532
35754
38080
38516
67285
45966
61138
63675
57274
62312
66403
35787
35904
67251
38555
55663
62667
67289
66974
66976
73220
54652
72590
72602
35660
35661
35787
35704
40172
66415
52973
69578
69582
35555
35770
40915
37753
38555
35575
36500
36939
35566
35574
36566
36987
67479
43298
66372
66402
40884
57181
36078
36500
38228
66265
66266
59479
66122
61006
42260
43417
35579
66394
57118
49333
57102
43103
61613
63622
61104
72125
72148
35885
36044
63826
35923
35603
55316
65612
35667
37378
43052
38068
38112
39689
49333
39362
66224
66247
44685
66273
66274
35815
45058
60741
35581
63826
66297
36876
43301
66377
52391
62469
62295
66299
40809
57735
35585
37707
45238
54951
45244
61024
66252
67478
67479
47036
64636
46022
71691
71692
37501
37506
37664
41732
62303
57900
61953
66346
66347
41496
55033
43394
66324
35844
40600
55316
73233
73234
56362
64814
71921
35949
66415
35631
54883
54356
38475
67201
61783
68091
68092
63826
66296
66297
70126
65914
69869
69870
42397
52102
64678
38515
49267
50805
67063
62708
64358
35681
35967
66367
38355
38367
36902
66420
37161
66261
35835
40933
41079
43298
66372
41363
41411
41150
44727
45957
57294
66336
66351
36408
43749
45469
45993
69772
53052
61228
67454
61964
66137
35765
37277
35636
35642
36587
36656
36120
37008
37047
35913
35920
66412
44357
44621
45367
45410
37031
42652
55091
66738
66740
36026
47217
61085
61087
51525
57548
40859
67055
66297
50614
62554
73253
73254
35856
52441
66286
35826
64029
41233
41241
36090
66247
55420
35857
56150
59053
35775
35950
35982
35782
55448
35742
36247
39957
35667
36181
36677
37378
70017
70018
36593
40681
60953
62563
38536
62601
41125
41131
66352
66353
35680
36091
39579
40991
41305
61041
72163
72167
36760
37022
62095
66480
36090
66246
43098
66368
36570
62532
35686
36096
66248
66410
36103
66249
36118
46692
66251
36938
48809
36103
36288
35696
36118
66251
40057
40325
64029
62728
56401
60967
36186
69166
69181
49390
61813
66250
54442
35900
36668
38089
38121
41361
41514
36436
41398
73230
73234
35707
35709
73229
73232
73224
73225
44375
35865
40172
35837
35838
36025
66254
35876
35878
35885
36040
35866
44685
66274
49577
70133
40137
67626
67688
36793
38054
67214
66035
57326
66334
57734
36035
57326
35932
62996
36009
36503
55122
61985
36503
55122
66722
66738
35750
66304
66315
57294
66137
66336
39939
39942
62328
35833
61738
67507
35945
66318
35929
64331
35861
36668
35738
41003
52894
45023
67211
67212
36579
35960
67212
35743
62866
35845
35847
40932
35923
61148
37923
61438
65658
67228
38335
60298
70996
36073
37272
60606
66267
58451
61273
35755
66420
66416
36102
37272
37641
67287
66738
39669
64554
66374
35774
52348
66374
53651
57686
61977
40939
55136
67263
67265
35963
57773
62169
49395
62938
35774
66373
73248
46616
64327
69260
69261
43749
43750
47106
35775
64554
44046
44204
45306
45882
66374
43873
37267
37273
40342
44044
35984
36189
47099
35789
36088
35984
66418
35948
46185
45285
61573
58362
62314
56363
61712
35981
44026
62598
66384
35795
37985
66910
66911
45896
70223
70238
61790
66231
66232
37842
54732
38880
39918
35800
43562
35804
66412
68952
68953
57900
66347
43471
54509
63991
42232
46102
57249
35908
66346
40965
56034
67813
67821
35821
40745
35815
46102
51659
41258
47074
60765
45397
41165
35848
35848
66407
35881
50793
59052
45806
62762
68033
68036
35825
43552
56726
62458
66349
64929
48809
45957
53990
37477
66607
73241
53990
66231
66237
36002
36179
66255
40186
40934
40944
36179
36180
66255
36175
36244
55288
55652
56668
36665
48788
66582
36100
36114
55691
64340
41127
45999
46322
50850
37206
45862
66728
37314
35851
38565
35864
37724
66557
66636
43229
45378
35855
56406
54655
66272
53025
45031
56546
67290
67291
65254
37376
51476
66301
35969
38657
67281
44407
66272
37595
63353
63353
66659
66664
35871
54628
54613
37380
66624
39922
47143
57150
35880
35876
35878
36053
36041
66298
36530
37064
42558
46211
36231
36055
66302
36053
66300
38504
67246
66793
66795
36215
38472
40984
59379
50079
58986
36171
36173
48802
50793
64736
35985
35899
52991
36163
59094
65870
62435
62303
36037
63153
52460
54626
54627
35911
43890
38121
38484
55408
55408
50599
56456
37161
41729
42200
67249
53586
65915
67372
36088
41873
61934
62162
64087
36008
57900
35912
38127
41800
41878
37752
40959
59109
35913
54654
70624
70632
66413
61770
44358
69905
69906
37012
37360
35920
67251
66412
35939
45733
69854
38515
55984
67440
67441
40943
57314
69860
66385
66389
41764
43190
69937
35991
36006
61953
62628
35946
54960
60606
37710
48886
60309
54649
66348
46276
45753
48953
53764
55887
48983
67254
67255
63628
38301
62938
36563
52460
67187
38440
54649
66312
66313
35949
35950
66415
66402
59861
64054
38423
67210
39978
40129
40200
66989
38514
55686
67268
44570
57684
69401
50725
65827
55894
67290
40635
53157
37641
35967
53999
66350
55898
56708
60798
45997
38216
67279
47696
56246
60651
63876
73149
73153
45724
69880
54018
64080
55111
66512
35978
36169
39551
36038
36206
51402
35980
50839
67485
36818
66447
69749
70019
35993
67480
35982
66403
66402
46351
35990
66840
58417
62502
36208
50326
62248
66446
35992
35997
66348
61830
35997
62996
66315
62386
65711
37851
38243
36248
56460
66703
66704
36141
53967
54024
61145
66420
36008
64331
41003
36016
36034
66810
36024
63560
51731
62481
69612
69614
37539
37676
37695
45603
54921
73249
59053
73295
73296
36602
53659
67724
37718
37761
62231
62668
66404
50862
50947
61698
63459
36244
36249
36410
67492
55771
66845
66848
42396
43173
43174
69953
36037
66296
46754
62202
36033
66944
66945
36398
62233
66847
41124
47578
36045
47466
66354
66723
38559
38692
36044
66298
66299
36049
36248
66704
38497
39294
51870
66296
61230
54668
66298
66310
66273
66702
36229
58976
62015
66301
66298
51734
69618
69643
66300
36059
36125
66304
36071
61711
66302
43957
47202
47203
65152
60322
45029
60995
70584
36074
45733
50780
62544
56577
40333
45019
50820
67716
65994
41236
67446
36098
47415
47422
49032
63597
44633
67234
62585
62993
37553
37612
53091
67240
40488
66774
36158
54644
40618
52048
46120
56328
70360
38393
61974
62694
36144
36145
70554
70555
43451
54779
66974
66999
66247
36123
37905
67145
67164
36130
36141
37851
41723
67474
36116
70529
70549
50857
36105
62428
66250
46553
61944
37666
66925
66997
44322
66220
42432
45649
43313
49121
40776
42077
37487
42495
55664
36118
36118
39611
56093
42107
55379
56136
38030
45998
50854
46067
36143
66305
36126
41804
36126
36128
56632
36142
48029
70464
67487
67507
61627
66959
41231
55970
67435
41460
36137
70564
36142
42788
44796
70585
36197
70568
70313
55600
36143
66305
44230
46857
63014
39236
46857
44592
45695
45714
41718
47214
59569
61450
68659
68660
53052
67354
67454
38062
41411
41508
67511
59681
62633
70545
38042
50360
36296
66897
41760
42547
43188
37637
36608
56681
36290
37955
36582
49193
58254
65671
62747
39648
52841
62244
63509
42408
47809
64116
47776
47799
36214
56558
60679
36179
38429
66863
43291
46251
36836
62644
36591
36181
66255
62325
66717
52961
65675
36659
54746
36862
55655
65386
67654
43296
44269
46564
70162
58694
36263
36280
66718
36241
66692
36688
66718
54671
67883
43347
46165
65669
43291
38593
39311
65669
70273
70275
36203
46145
36641
62385
43877
66692
43189
36227
46958
62687
48961
61985
36356
37773
42476
62490
65605
71050
71054
57301
37723
37881
64870
70227
70228
45420
42208
36939
37987
46290
64412
62386
65711
70269
70271
36226
36864
59982
53954
36484
41394
55771
44860
47588
62599
38593
57119
67893
53015
61966
64926
36631
37799
48961
62529
66724
36964
55372
55711
56870
65009
60970
67806
67811
65628
65708
38909
58173
63567
36468
36469
36583
62003
70964
70966
62231
66710
66713
66694
64267
66642
66669
36572
36965
36971
40690
40709
39855
47407
37888
62964
66254
36274
36280
36286
54624
36266
39886
38152
71550
71567
36265
36262
39984
64683
36259
36260
40197
36327
36406
36422
37879
39783
37230
37800
38468
55130
62581
66861
36274
43283
54053
62100
36266
36369
38271
62620
67497
67498
36671
54619
37830
40277
50978
36675
36766
38588
40440
51194
64630
36418
36671
54619
58835
37465
38331
39415
70493
45680
45705
70027
67906
67921
66716
36285
36670
39245
36678
37473
45704
36291
50783
38841
38983
55637
64042
61156
50908
63681
36294
36662
37084
36625
54750
67905
67912
36649
40909
44013
38299
39903
36302
36303
36621
36618
40555
36305
37841
50158
67692
39385
67729
40881
61793
64069
73066
44955
66852
37503
56306
36312
36313
36347
36699
55607
36621
37115
60562
36320
54862
67731
36317
37484
37796
61157
36318
37712
37796
66715
36330
62443
66708
36623
36624
67729
36326
37701
37945
63432
51707
58560
36743
66320
52956
64988
36332
36348
62479
48831
65745
40308
37484
37902
66709
39447
39718
39725
51078
36351
36710
66326
66328
36535
37086
36343
37080
67722
36394
66917
36339
36341
36474
37940
47526
60734
36554
70857
70862
36342
40306
67483
36371
38271
46714
55403
65304
66880
60176
38124
37945
49246
66714
39107
39305
53770
54718
36404
66879
66709
36354
36792
55675
39547
36937
37723
37940
36360
46196
37723
37940
66708
36387
36538
41144
66852
41409
66937
36365
39336
39353
39955
56249
39496
57139
40171
59064
38648
62215
62324
38271
66869
66869
37611
37877
62365
63966
57314
69860
66893
70535
36379
36713
36377
70335
70356
36498
38896
36386
36707
60025
66945
36528
49094
66960
36386
36620
66952
36395
66919
49107
36388
36389
39713
66877
41144
36909
51331
36390
36463
36895
37894
36432
50215
67896
36498
45773
46035
62383
54433
62970
66854
66917
43842
66919
40695
36411
36478
66945
56675
40187
43934
67853
38659
54801
45784
52940
53957
66921
36575
36713
66877
36593
62325
36417
37660
66867
38269
39678
57061
54692
58887
55281
62325
36419
43698
46695
36448
36737
36816
63058
53388
53950
66671
52182
66652
37879
66868
70530
70531
60025
62233
38468
55130
70542
70543
41989
62385
62662
41257
73055
73090
60934
37262
70079
70080
41279
47866
56069
56194
40813
44129
46051
36495
66652
36434
36479
41394
38362
54821
61431
65016
66238
60096
65628
36444
64530
66654
41038
51366
70599
70600
37260
37262
65204
36511
40822
57027
36464
66656
36463
67931
67939
60605
71995
71996
36465
66866
66881
36809
36912
36952
38781
51652
47576
62182
66334
46526
56486
58409
36454
62200
59194
62023
65712
67921
66636
40691
43530
61975
62493
37323
67928
43934
60495
36486
43824
43972
36576
36468
53954
56060
66656
36581
66642
56060
36471
39299
67879
37370
37372
64960
36477
65751
36474
37781
54897
36485
36476
41177
64696
45967
63413
37016
43698
65939
66938
36877
39408
66532
36526
55751
67631
67632
36526
55751
39347
40525
60985
66601
64064
54897
66711
36643
61305
36923
37437
42893
44277
44833
56620
37439
38831
65005
38783
39547
67962
37773
37888
66703
62325
66716
66717
66654
36639
36816
36970
66557
37799
38951
67897
37602
49212
57412
39362
36738
36809
63830
36510
36704
38195
39837
39946
36511
37269
37003
37217
61132
37136
48668
51360
51774
36513
36516
65738
66938
41409
36519
37814
66660
66663
58838
36664
66958
36518
41528
62448
62870
66098
36806
37649
38662
66731
36613
66940
59454
60600
60605
36527
54967
60386
64179
69739
69762
42146
58923
40802
62504
36531
54433
36722
45082
48747
56100
54918
62277
36536
63773
36701
36753
54706
36538
41144
64239
56487
58761
66906
66940
36541
38371
42171
42174
38571
45529
38179
45073
56093
61948
66637
36571
39745
37332
37559
41263
62006
60620
61698
67083
36589
36785
36918
37350
37929
43988
59535
68822
68825
36553
36984
67485
38487
40652
39281
44653
44915
45156
46699
36557
36558
36559
67418
40328
67418
39035
40990
42925
46731
47414
47417
55929
36605
67826
67827
44378
65896
36606
36636
67475
40868
62671
37964
56368
37006
39422
42059
36574
36951
40536
64178
73247
73248
36971
60389
43263
47164
48866
54665
67030
40285
67785
67786
36737
36970
38775
66641
66642
56784
62617
64510
42363
66444
40526
45998
39195
39348
39418
40476
37074
55300
71430
71434
36594
54335
36595
65768
38963
36804
42003
66544
40539
61879
36945
39257
52675
69740
67728
70094
70111
45729
38019
39442
39780
49747
60638
46901
46903
53877
67293
67320
44207
45896
45874
51269
56487
59958
37529
55641
64988
67726
39175
39325
44378
65896
39323
59025
61728
36840
37841
62970
36624
37491
36626
58921
66879
37492
54862
55903
66881
36851
67675
36652
55965
66952
41163
62445
62470
37402
62445
62470
66406
66414
36675
67646
37665
39554
36987
62531
36987
37851
41723
62531
36694
40418
60497
39380
54748
62889
58709
66673
49400
66672
36831
66672
37214
39762
54593
55628
36696
63493
41181
70088
70105
37267
37273
36649
44013
66670
66668
43480
53857
66899
37421
59682
63811
66956
36656
36993
36655
44696
52982
67885
67883
36852
61115
36662
36663
67656
67657
41882
36662
36663
40312
60783
65660
67629
54621
40577
62703
40524
62477
45923
66720
66721
37638
58809
37754
38841
67690
36762
36908
36910
56400
36694
39762
45622
67691
40219
40536
67641
66591
66694
66717
36679
45795
37473
70008
70025
65047
36745
43955
67693
40227
41325
36686
39741
39847
36692
36876
36931
66377
36691
36876
36687
39741
67374
67383
45877
61981
66720
42265
51132
51176
52960
36692
55081
37107
66375
36698
48809
64233
36696
36697
60497
67690
67691
39169
36702
36979
37068
56254
36859
60683
66865
66866
39834
39840
62974
36705
37136
66901
66902
37956
56734
64330
36713
66876
66877
51759
61980
73306
73307
37359
37382
66390
66391
36884
37191
36718
36719
52196
52519
36716
60779
37195
37359
37382
36718
36719
49824
52603
60724
66595
36720
52194
69391
69392
37052
37147
73178
73181
37064
42779
42808
41174
36726
36735
63317
66277
39505
49721
66097
36817
36848
60642
55799
66876
36734
37068
67628
67694
36930
41938
50352
36989
38626
50857
55796
37102
36805
64940
66542
50045
56121
37014
37040
63665
36742
36918
55483
60286
62528
62068
38199
38401
37111
67730
36747
36779
55008
60473
62126
62303
66396
36802
66394
66395
37845
42542
67726
36946
39403
53526
66546
36753
67720
67722
36756
56405
62475
62507
36856
40843
36777
54663
67725
37231
37367
54828
61964
67663
55300
66345
65896
42003
48777
67260
55313
56490
55313
56490
72660
72662
41666
37019
37185
56029
66327
36840
50045
37465
39415
67701
36772
56373
62158
39411
60864
64985
66544
37184
37187
55424
36787
37201
37238
37798
38831
37359
66391
60986
62475
66475
66482
55634
66356
66364
36857
39348
66603
39394
40476
66610
49971
49972
62314
49971
49972
73080
73081
37221
38862
39380
54748
37074
55483
36919
37767
40444
50077
36794
49974
36921
37202
37238
36913
59066
40681
66223
66224
42919
47990
67962
67963
42919
47990
56016
36935
66395
38357
39591
53949
36921
37202
37204
55053
60730
73254
37323
39511
65576
37238
55923
36866
55059
36908
63748
66542
36809
63058
66559
37728
37814
62653
36808
45996
46062
65142
70369
70392
61234
66294
46525
36814
44045
55112
61299
36814
55112
37153
37156
39122
39539
66516
66559
36920
39280
66447
66291
39263
50143
59959
36933
36968
41978
58767
72192
72226
36826
37385
36826
37385
56735
37062
37063
66228
36830
65881
36830
65881
66183
43954
66674
36835
36836
37636
62665
38778
62001
39265
39496
62644
66674
43954
39213
41240
64081
50961
55675
67962
47119
48523
37384
66227
39242
39541
67647
36982
55111
66505
66512
36999
36944
37284
36982
37263
55111
62310
55966
56120
63495
54952
55132
62277
36854
42287
40690
67686
36993
59962
37052
37147
53564
66640
39397
40416
55562
36864
40909
67722
67723
46024
61539
37214
43955
67689
67693
54621
46089
37188
48001
55293
56410
54033
56102
72604
72608
36963
37754
38843
40219
38843
36873
52347
64913
36873
56751
64913
69991
69992
42765
44475
36906
36929
37036
39265
37037
36880
36985
66532
39214
65896
66603
36908
36910
64940
36981
39403
36941
36941
43802
46060
36885
54226
37019
37185
37481
36887
36891
37347
63627
36892
37908
67934
36988
37571
44444
36890
36891
37895
36892
38314
67933
54828
55110
55293
66280
47220
36899
64912
67931
36897
37443
40347
37894
37959
67934
51545
40347
71833
71838
66420
36909
37036
51331
67951
36906
36981
37004
37453
50092
50187
36915
67931
61026
65523
37102
61255
66147
36916
37455
61955
56127
67956
37235
53894
43103
60642
66392
66393
66392
66394
36924
67952
36929
67951
36927
37438
38856
39706
61955
65005
38738
39345
62734
62283
66379
37119
37453
47317
50122
55719
37030
37123
73246
36967
62043
37382
66391
36958
37337
60768
43438
58169
66451
37158
44005
37182
57120
44451
44682
61879
37191
66325
37315
66581
66583
36946
39411
66546
36980
37004
56404
66531
46004
67052
67054
36951
62445
66414
40690
38780
64940
50069
57804
61059
36956
39408
39659
39585
66532
66606
56370
47245
47360
49353
36961
45132
66840
66841
36965
53061
67673
40219
67681
37928
38776
36969
58169
64233
36972
36976
67681
67686
36975
66556
66557
49680
68750
68756
38631
62863
63163
36976
37686
62939
37179
36989
58303
36981
36985
40699
44906
40652
67483
66531
37055
43731
37068
37072
37386
43445
66534
73239
66306
66314
66228
54883
55236
67662
64516
68399
68402
45557
46281
61256
65187
38394
50036
38152
54656
61323
41352
60861
64641
39337
40591
62371
66545
37229
38770
47079
67347
37968
39335
41235
38777
62137
51465
43952
69821
44517
37371
40499
37092
59009
37171
51485
63432
65538
37132
44575
49494
55473
63833
46956
47257
56001
66343
66345
43278
45856
47634
40718
45803
41422
62281
63418
58409
37571
55093
66531
57504
66276
65847
37106
73246
37060
37318
40012
62679
67447
67517
45023
56425
37119
43301
37172
56509
37158
37300
67345
37056
57922
66310
44367
47215
64896
37044
38993
63361
37155
46617
48875
62306
37532
39688
40433
62137
63580
45649
60677
43540
40707
37087
44721
46617
67360
52296
64215
62306
69519
69657
37725
52901
65073
68146
59108
63665
37236
58226
44303
44304
69823
62068
37063
37379
60631
37418
37430
59084
37261
54388
37454
37847
37952
44045
66245
61474
40469
63042
67538
67553
37265
43989
62717
41384
48670
66342
66344
72242
72243
37832
51414
37355
40175
62829
67307
50032
37081
39760
49800
50128
37086
50155
57016
37461
45132
39750
62883
67394
40312
48646
69401
37155
67362
43663
65015
67442
37167
37252
39084
39745
67347
37482
39414
50233
50240
42059
63793
37125
66268
37384
37174
40061
40334
40338
40072
67095
38959
51652
37346
40497
40498
64900
68496
40492
40497
44227
56526
66375
37535
37565
37118
50274
37503
39385
54709
44866
70100
70102
40701
44475
45075
37491
67710
48123
50665
68855
73245
67951
67953
37220
53426
58374
37321
47096
62006
67095
66378
44364
48642
59872
42657
42659
44475
37293
66390
66393
40609
37641
37861
43775
39510
40882
62528
62721
67420
37682
62512
67114
72086
72089
62283
73253
51101
37231
37363
62288
62336
41098
50717
51503
37703
64617
52165
38194
60101
64895
45732
47265
58743
70591
70592
37153
57404
42046
39825
40468
37157
37273
43157
37249
37312
37532
38108
39688
67384
42281
58296
47950
37163
37273
61989
37640
37693
37843
54022
54121
54199
37278
62095
53468
60850
69898
69902
50581
66289
66294
37189
38729
48822
65657
37187
55948
37350
55948
43052
57131
62724
38923
61212
71057
71069
37750
37957
70083
70087
61307
37196
37208
66328
63064
65643
59792
52580
46614
37305
40061
60678
67322
42053
66326
37418
67305
38126
38224
37340
37369
37340
62158
51749
67320
37825
39796
59561
73161
37201
37202
37203
37204
37244
55424
56722
47007
70122
43310
51834
37217
55935
55961
43310
44377
69815
46596
37284
73229
52666
39242
40440
56130
39049
72635
72636
37509
37667
37884
37916
47096
37685
70484
70725
61698
39357
54916
67679
55293
45447
47335
56358
37689
51733
50071
56169
49975
59674
37301
67318
49974
42009
44310
56260
69766
55186
69820
61566
57158
67644
39758
62369
67891
43087
47148
69768
42652
66317
40567
47442
51257
62500
37339
37747
44647
44005
67345
37256
37784
41482
67378
37307
39596
40563
67905
60713
65984
37535
63986
38320
45428
43853
70578
70579
39938
67906
59748
39598
39938
37635
39084
43563
66698
66242
66243
40229
37537
67381
37386
42973
61948
62056
66267
37941
39778
38228
62169
66265
39905
52522
63744
37541
39671
67111
42446
44810
61501
37315
37296
38343
61705
58001
61791
56499
62085
70065
70066
73230
37742
37291
56650
48569
56424
62206
37433
37997
38395
66400
37935
48216
73053
62533
70097
51060
63049
67343
37779
67393
55692
38070
67659
67320
37341
47371
67295
62981
41777
41888
71747
71782
37882
38015
57844
67601
43026
56472
44005
67344
67345
54244
55835
56499
62085
66330
66390
39396
60611
69274
69283
61661
63651
39730
46918
71339
46614
60678
67307
67322
70361
70384
37357
37926
66676
66677
39933
40018
37355
37381
37643
43367
44195
73235
50570
67112
37586
63159
37336
67393
37339
37765
67397
56370
58972
63925
43478
67293
37343
37346
40498
37345
40261
37817
61454
68837
68838
37375
40264
43180
37481
55832
37896
39693
67140
67153
61386
61923
39767
40061
37934
39805
62578
66503
44222
53877
67293
40281
41066
37364
38289
65374
61989
62534
37371
55064
66295
46471
55293
66280
37926
56609
55494
52512
66311
62616
38694
71217
71224
57051
67879
60738
69979
69997
37697
54701
41136
44996
60723
56735
37388
40175
66244
66290
66293
45469
37632
62432
37698
37748
66566
66567
37698
37748
45678
55366
58197
37884
37916
56329
37558
37708
66789
66230
66290
67009
37474
56470
67008
61722
66763
37399
53985
68867
68964
60668
66758
64943
37420
37887
43703
57905
37830
41651
51313
37760
65678
39183
37417
66752
67575
67576
66758
70622
70633
40151
67735
37587
37768
66751
48396
66745
66782
46614
67307
37709
45462
37947
66753
66764
47990
67963
37550
37424
67898
38404
38749
67899
38980
54632
67664
38400
67949
67957
37428
37895
38145
67933
37936
67899
37556
37452
40368
37761
39242
39802
42039
56329
67013
37937
39660
57139
66699
66700
37439
39345
56329
62658
66913
67013
37517
62636
63032
37509
37511
54983
39686
40473
55564
37445
61754
56253
69711
69718
55480
60329
62402
38263
37994
67055
67056
56790
63059
37455
39384
38193
64502
40444
50077
67699
38366
38456
39568
39444
54821
42006
48272
43062
52582
38829
63074
56052
61941
73103
73104
37465
50978
54620
66998
66971
37568
37793
42332
46519
66930
45963
48326
48330
45705
40415
59333
62433
55566
62803
54698
66590
73242
70956
70963
38245
39763
37908
37959
50167
51689
37831
37958
69134
37661
62768
42488
62574
37630
37859
39413
40380
50399
64372
67709
37503
50954
46934
66862
66885
37496
37497
37654
65002
39244
62954
67415
67417
37660
66867
66871
37598
37660
62662
39619
55790
67891
67896
41818
64776
45277
55903
37880
40670
54625
67711
49732
51237
59912
54997
46005
70373
37633
38463
37510
37511
66913
66915
37963
60391
37657
39093
38596
38493
41640
51318
38358
38493
41640
37518
72579
72849
61128
62636
37613
37850
44086
37521
38586
50159
62542
67396
37525
37809
39746
62547
37744
39717
37810
39599
60010
37810
39895
60010
42733
54625
66944
37668
37591
40481
56313
39744
40433
37537
60615
60636
40471
67116
60561
39084
67347
67381
37548
62281
47515
60607
61094
37549
67110
45763
69773
58050
64266
49026
45578
67112
44842
63955
70148
38882
52561
65622
65702
37554
55249
67239
37612
41500
37931
44870
37569
66784
55098
37563
66705
38225
38334
51524
65824
40452
56460
66703
37573
73213
73214
67093
67116
63541
37568
62024
43492
55409
48829
66533
37574
60450
54349
37584
44157
60620
44252
44821
45301
70238
66759
37580
52579
55351
64837
64833
72142
72146
37582
47917
63159
67108
46519
48092
64809
67209
37619
37594
38082
67149
67156
37594
38076
38082
62946
38265
39892
46919
65587
48738
55669
37599
39678
37654
39678
57061
66871
38329
38474
61725
38053
62585
67809
67877
37743
67260
52699
62356
70350
70351
41514
50788
67238
44054
60571
60585
62412
66875
51764
56043
61884
63536
37615
38383
41092
49038
41644
70904
70908
38501
38622
41129
41752
62634
37619
41371
55376
46136
46332
46359
70429
67004
65023
73101
73110
38159
38257
38286
66454
66465
38417
39864
38257
38286
38729
48675
62869
65657
38237
39061
49995
62948
54253
54888
39873
41650
40113
46076
66985
45238
55522
58545
64451
66954
37645
45021
70558
70560
37699
44011
40614
68737
68739
67292
67293
72291
60571
60604
43899
43979
66539
66540
37739
37884
37745
37651
62885
67336
67337
39406
37706
55744
55794
40258
37659
38057
37702
39682
56466
56757
37706
40574
39874
57565
66871
39678
39838
40723
42542
48563
56265
61692
39662
54982
55575
62619
37670
43398
46636
40768
62428
66972
37772
45908
62223
37674
37675
56595
46307
56595
63048
45593
55158
38816
37682
52457
63418
54983
50282
66687
66689
37736
46847
46849
54118
51063
51620
60339
61627
65903
46114
54852
42033
43031
62658
67013
37758
43370
66688
37699
38116
38196
46782
62658
46349
62653
37846
56284
37892
55227
37789
62024
62004
67382
40342
62017
66244
55509
66660
66912
37732
55565
44663
45242
47116
45351
53299
37715
37922
39688
37781
53161
64616
45650
45993
47502
69775
62230
67115
67126
37718
62024
56277
62170
65648
66814
56334
65947
38162
53059
71943
71959
41991
54254
54257
37742
52665
61520
41104
44819
66788
37730
61951
66946
66954
38227
69318
69334
40574
69620
69645
39685
57517
67183
55548
67280
51920
62179
44981
45129
48250
69079
38330
66783
45668
51764
67255
37747
55962
37757
66661
38442
41520
43085
37765
37950
38093
54866
67199
67200
66778
66789
38058
72329
72332
38662
66665
38514
55894
54890
44635
67278
40084
45264
61890
43449
37804
55962
62086
53894
64348
66752
38615
70457
37772
45908
37793
66701
41181
45811
62149
61982
37888
62964
40499
63080
37782
47207
44563
53858
54181
39300
56120
73004
65984
67396
69976
38030
50854
67458
37954
49367
66650
66710
37808
43336
67446
38037
38595
61037
67457
43707
61266
67475
37872
51866
66714
67520
37800
38362
38400
39357
66699
66712
56514
59502
64841
37807
39750
61683
70062
39534
50197
59317
67892
51049
43948
67447
44568
38031
41404
62453
46150
57226
57230
60668
37889
44101
53354
46858
46860
48537
37882
38087
57844
37820
63339
61213
55928
65405
68145
38116
41020
38009
67311
67582
39417
37836
37854
57308
61826
64350
67586
42480
42175
48544
70231
70232
39755
55789
50159
55875
41983
42515
44776
58346
54784
62764
67586
67605
37838
38027
59934
67603
62764
67605
37853
38328
60621
62746
56325
57308
37963
66911
38027
64334
50274
67720
59173
37900
38754
38760
59136
56784
61884
67480
38300
41021
67549
37871
67586
49149
67409
38761
39775
44177
38116
38399
56331
42663
66575
66576
40614
37866
66858
37977
66857
59351
59458
68441
37875
38433
67708
71116
62613
66926
37869
38261
37973
37976
37917
55689
67555
38262
47559
63490
67584
50924
62414
40400
40407
61479
38431
67698
55574
62412
55131
65745
66863
39886
62443
49439
67599
44510
54983
66681
40454
49439
61699
55480
62402
70945
70946
38357
52577
67588
37912
38642
66665
44275
55832
37936
46553
70316
37921
62576
37903
55472
61181
62443
61854
67815
38366
60376
62642
66914
39335
63042
67538
38156
38329
38471
49987
54226
54990
37915
56350
64784
66942
66943
67010
66664
63978
66988
38840
50137
56169
66912
66913
38178
46138
67553
37919
38434
67764
67765
38413
38542
42161
43714
61694
39591
62230
39896
66056
63638
39988
40330
38221
64524
67748
56940
67903
67930
52965
38791
70514
70518
40776
56699
39025
40642
56341
51104
38498
62887
67939
40759
66055
43923
66707
39616
62018
67022
67026
63466
66055
67767
40976
63978
66697
55830
57018
39092
43746
64866
61299
66241
57137
39743
50138
38206
67736
55867
67684
67685
54990
66922
38159
39677
66874
37967
66915
41756
66537
66539
61211
66929
37974
64799
67409
42332
61217
62639
37974
41235
50679
37976
66926
48866
55282
60584
66858
38017
39731
46855
49911
61660
56798
58280
51039
61660
40757
38145
38314
67933
67935
44262
54022
60664
61211
38469
61920
66948
54748
67643
39991
48798
72355
72356
44870
60620
55397
38303
39837
54958
37993
37999
54712
54715
38028
54713
58290
42232
38001
38048
38403
62963
37998
38000
54714
38407
38418
39773
38028
54719
55294
38407
67301
67366
38002
62963
67300
67301
38005
38018
40078
40354
39050
40045
40495
38006
40354
67311
67314
41173
41174
38797
65724
39436
67874
55902
67731
67732
39891
58572
38086
38097
39790
67102
63266
65689
40857
41020
47128
49189
62709
67437
67441
40095
42458
39486
38968
39613
66421
66425
38535
40747
67315
62663
67299
38048
55956
65365
67581
67594
61826
72656
72657
38418
46217
67492
38033
38363
38033
38363
67379
67380
39599
61642
41381
55661
39675
39700
42268
67102
38049
61038
38243
67465
38044
38365
57956
38040
38107
49243
55626
72840
72842
39669
41761
67185
67247
38044
38365
42711
55944
38253
38509
38203
40081
67352
67255
47610
54795
48258
39916
40571
41047
38102
38505
67513
52570
67197
53389
67216
38203
62836
38229
50737
55891
38059
39608
39874
63905
38471
42465
38061
38278
66870
66977
38069
38102
61424
61645
67049
67167
67175
38143
62622
38278
55540
38179
39881
53656
62897
64360
38548
38582
38265
38459
54981
67156
38608
55686
38076
38082
38272
54945
62316
38216
39960
41007
54953
55426
63846
62622
67138
38516
65093
38172
67088
38239
39740
67315
38699
38194
38347
39839
67105
73121
73194
46893
49051
64695
42908
67104
67106
38449
66712
66784
38272
71855
72097
38100
41218
38098
40730
38336
62716
67356
42560
44534
46876
54245
61454
38214
41723
59166
38106
67371
38130
57956
67370
53545
55626
61957
59362
71924
71929
38112
40562
54945
38113
43927
38143
62700
58836
38598
40879
69357
38197
38254
52759
38176
40773
38173
47223
47226
38128
40371
42458
38128
38209
42461
67312
40970
40161
38598
38230
38233
51568
62737
38131
38700
41809
70899
38589
40844
55382
64952
48366
55895
64060
67766
39375
55733
38139
54954
62144
62622
38223
39652
39785
62048
38413
38264
38272
54945
67155
39805
40639
41711
51531
55658
71810
71811
38149
38168
61725
62144
67390
40611
54747
38307
65816
39958
57434
38156
51963
61725
61777
38302
40560
67138
56784
66857
39877
62662
65002
56773
66895
53056
53058
42429
50726
54637
39730
65746
71740
71757
41883
55658
38281
38489
39837
47407
40715
67105
38262
67089
56072
68396
68397
53724
64705
38176
64474
67536
67534
38550
40951
41603
41837
40469
63031
38578
40275
50370
52823
62746
67551
50738
55892
69674
69676
38998
48792
51425
70620
40730
65890
67022
39960
38646
38655
38326
64429
38194
38204
39839
65890
47184
67526
39924
38340
38197
67603
67601
40587
58123
62674
39793
38638
67801
67370
39723
38533
38639
48755
56294
67799
38515
55984
67801
40359
62737
67580
41615
41708
43147
54233
38213
38526
55811
70995
41379
67353
67354
38335
62942
38505
38904
40078
39509
39888
40216
38240
57778
47074
55407
43880
67746
48629
49527
66806
66809
67487
67488
42108
55815
63195
51669
64342
50146
56043
67243
70632
46813
60338
67744
50843
40964
51407
40320
46272
70835
70895
38704
39258
39822
41059
55859
70212
70216
38547
67298
39738
40418
67367
38595
48670
38248
56416
61769
68017
38407
59196
67744
38407
67366
38258
40584
64453
39803
65816
41753
69433
38408
67328
67388
38256
38433
39106
71116
40704
55614
56019
44316
59134
64027
38509
38619
67838
38282
48865
54118
66979
54945
54970
62316
58857
39419
39719
57424
39851
64973
66868
67156
38282
61438
67225
40552
38487
62694
49152
51504
38466
55615
62874
67089
38319
64874
39843
54931
38680
54059
41725
50071
67466
70840
38389
39390
51462
51805
51807
71067
71078
45224
48195
64082
39883
64663
62685
67176
62277
67147
55135
38754
59136
63606
38514
38422
54954
55659
39635
57153
54959
55140
38384
47730
39643
39911
50912
52960
48054
48450
56584
53786
51104
38316
38480
38481
55539
64791
71836
71906
57153
61740
54935
54970
55383
59726
62804
39308
41455
38328
63367
67549
40566
67551
40521
40560
57053
38983
39979
39980
38344
38479
38494
55815
71582
71612
39806
39675
42044
41023
41586
65088
38462
39383
39788
50153
38486
38751
59173
67819
38345
65809
67834
62292
67838
61570
40726
65839
40484
72405
72406
39236
70561
38354
64992
67454
38503
40584
64872
38617
42010
55992
38358
67453
38357
42913
55692
57015
38368
38434
67765
39339
39444
40789
56048
67570
67572
67368
67369
39472
40043
67453
59285
67763
38513
48776
49218
40111
38571
68043
68060
40503
52933
38971
67323
49483
62417
70927
38503
38885
68039
39778
58200
38511
41022
61355
72844
72848
38414
71507
55705
40806
41644
41786
40763
47386
71282
48627
49055
51279
57201
38405
40367
59933
66678
39527
44648
71265
71280
44190
38535
39650
40747
39021
40727
62791
39472
60376
51268
53987
38842
57015
39523
39642
50152
67574
67601
50077
38457
38458
40029
67035
39773
55666
44906
38860
39436
44382
41288
54886
67449
38993
38434
55915
56097
38465
38417
39864
51471
62720
39638
41768
49454
50607
70868
70872
38471
40560
42546
40704
61389
40059
43771
40059
53846
61435
39260
49972
64014
73081
55607
62651
55614
56019
38433
50015
55614
40646
65098
38539
62328
38438
52086
40728
49992
51626
60480
61614
49129
71122
71123
38444
60284
38445
71121
39386
50044
71125
41020
38685
51086
65530
38472
59379
66808
38451
39382
39754
71073
39625
48718
51121
57190
55401
71072
39939
39942
67197
67198
38481
55539
67452
67456
48343
54936
67466
67708
38725
48057
55657
66977
47726
49735
69516
73300
56059
66931
60947
66810
48216
49190
62494
67140
67141
38492
67204
62830
69741
69760
66256
66257
64791
67193
67223
40966
41514
54855
70780
73237
73238
39693
39843
58304
61787
61137
67351
67354
67834
67835
38497
39294
42818
60207
61810
66025
67550
52608
57810
57846
41336
60001
38503
38531
38885
48698
41678
55713
38611
38695
55904
70638
38507
50793
67242
67512
67177
40584
52933
55408
67238
42835
59131
55822
70589
70590
41903
40403
67290
38807
41463
41572
65449
53907
61851
62120
38521
51625
67412
40358
51525
50535
41062
42103
54779
67236
67237
50664
51336
61549
62942
67392
38904
39650
40077
54736
38532
72596
72597
64060
53638
38575
52508
56217
65251
40286
61598
54827
67421
47017
42425
40077
62955
64999
67316
64891
56730
46272
61275
43730
65013
67919
39740
55674
41088
39104
56338
41197
51234
52654
62731
70682
70687
57694
64857
45954
55682
55964
51556
38558
38682
40998
70637
38669
54654
70632
55904
70634
70638
44722
67414
67425
46645
54741
61228
62728
68225
68260
38565
40942
67026
38566
62018
40939
40942
43951
65587
41529
45675
45883
63175
61797
67665
39504
67670
38644
55394
38640
39221
64542
38678
60516
65111
57382
38671
38679
67755
67860
70750
70752
41088
41460
56342
38867
49105
62917
38605
63479
38604
38645
67641
39975
38826
40105
60601
61662
41754
71001
50197
67892
67642
38597
38618
38962
61797
62760
38616
38951
67893
67897
38894
67792
67795
67641
46404
67636
48675
62869
65028
51194
67640
67794
67795
66406
66407
39314
57120
57398
57531
50244
50454
61333
59131
70631
51531
60471
67510
38614
38700
70899
38730
70897
67046
39125
40879
40816
55696
55946
61425
38918
56019
71118
40842
41754
49256
70858
38771
38899
39089
40825
41657
50947
39203
58928
59562
59762
56779
70399
70675
38738
38740
39327
40513
54854
54863
62862
38729
38737
39148
41707
71115
38641
38665
63296
67859
45148
66428
66430
38639
62967
39223
38676
41197
41267
51763
39218
39220
58418
39426
41666
39207
39228
39217
49195
53901
54113
45209
53509
65973
58041
60545
62715
68672
68679
38708
39960
58834
60388
38701
40187
54814
55705
50854
60309
67861
38764
38767
39477
49717
38671
67860
67859
41350
56042
48995
51407
38771
39089
67741
67742
70630
70631
70630
70634
38677
39221
55775
39188
43054
67552
48852
39020
38697
65657
70882
70884
50107
51450
52465
56033
40770
40824
41559
67508
51604
58880
67585
67590
39138
59386
38691
38692
39040
41894
51448
39292
57051
41879
55893
38974
65202
38707
61761
67854
38723
67266
39125
51022
61761
42328
68102
68104
38906
39078
39821
70832
70833
39811
39821
40304
39299
41833
67879
67263
67281
62702
46069
56209
57659
38745
39796
62731
70676
70677
38720
39106
40704
38734
56325
39007
71250
49319
39620
56382
39332
70840
38724
39123
39148
52687
70932
55365
56636
38737
39590
65391
71997
72005
41425
60317
39119
41506
39120
51022
43766
48203
39120
39121
39309
51621
38745
38808
67752
67755
38984
39502
40019
42325
51005
39562
38858
50993
51597
53787
38744
40441
57384
64055
43054
67754
67755
39764
61891
51863
71376
67233
67251
64937
38950
38952
65569
71343
38759
39884
64765
38759
51040
51152
51186
70896
70905
43448
51161
59295
71254
39377
39526
63410
38762
40311
60207
60621
63367
66025
38764
38767
71338
71340
39809
38783
38835
39496
38842
39546
71288
39165
39155
41436
57045
49784
43930
67742
67807
39341
46178
57200
60092
39366
39369
38959
66556
41978
42026
40163
50084
38781
61159
66541
66558
39353
67960
39279
40535
60413
67839
39238
46864
57737
38795
38805
51883
71068
61006
63282
39987
40953
60799
61995
71470
39868
40125
40130
40674
39379
62729
38798
39985
71066
40130
40674
71326
71327
38799
40669
57851
65724
71463
71464
38801
65476
40019
47534
39167
46668
47690
48194
38806
40019
39471
40760
57851
40201
39764
67604
39071
39836
56077
61337
38816
70847
70848
39252
50159
60177
39170
40784
54184
40087
71070
71218
71233
50061
50259
65605
71054
39780
46080
49551
50296
61371
64978
71852
71872
40425
57050
71078
71079
39641
39945
41768
38832
38833
39735
40646
57067
65391
71997
40466
39423
61513
39423
40688
38839
62813
39474
67951
67960
67302
67308
49084
54683
38850
39485
62648
64630
40536
60389
59115
67696
71283
38943
72177
72211
50351
71277
71278
38995
40782
39889
44824
58276
39135
61428
63011
40775
49616
49899
56014
38988
39502
40019
43564
43818
54617
45575
66026
39327
39450
39706
65106
39491
53200
62800
67565
67566
54820
39068
39234
71126
41558
56167
67639
38865
39488
65743
71075
71079
38866
60130
66146
39488
42678
40213
55775
60465
39015
67835
39507
39888
38871
66931
66932
40213
42013
55775
67271
38952
39264
62292
67842
55420
61840
66259
57381
58019
56081
38881
73274
73275
39516
39959
44446
73039
73047
52572
65720
39646
58704
67766
39524
57748
40047
39584
57104
64767
40131
50877
62911
71273
71284
50215
54821
40426
40556
55015
38930
42357
39085
62833
39489
62889
39442
39449
40509
64999
67314
67316
40509
64999
39451
39452
51744
39061
39814
70805
70806
51350
38957
66450
39233
60397
39460
38915
39729
38921
39064
40086
44769
67072
39856
50038
50539
51563
39258
39822
39064
40086
71127
39386
51687
39458
40149
39727
57101
71069
39459
39460
39727
38926
40107
61212
71057
40092
71059
56946
57433
41411
42289
39429
39974
63191
38939
39447
40518
71063
39424
39587
40608
71333
39433
40517
71333
38946
40309
45800
39580
57104
61894
71284
38937
40039
51765
71271
39050
71273
39941
39449
71269
71286
39516
39898
44648
44197
72319
52672
52673
50435
51337
71294
67813
40807
71381
71382
38948
51068
71342
56977
71349
65853
67555
39571
71348
39296
57119
39571
40290
51776
71267
39530
39888
71348
39970
71279
44860
66448
39480
39555
51333
71328
65999
66558
43851
44159
44386
38963
66543
38997
64948
66545
39858
41663
71107
39820
39824
62948
71120
39099
40234
62974
71126
39171
39565
38970
47866
51392
70830
39810
62872
70832
46082
60548
67325
38973
70828
51393
56194
70830
41600
42054
55169
40621
40741
49320
70828
41643
50847
56069
56194
64110
72859
72874
41289
41430
70826
43895
43904
67991
67992
55041
59941
39155
41632
70824
39014
41092
70908
54793
39204
40851
41579
70672
39184
38992
51518
70629
41351
70683
39825
39075
56933
56946
57397
65853
39158
41270
70614
62760
62817
62929
41342
55469
70618
72858
72862
39241
61380
62813
55975
39003
65861
68021
39004
39366
39536
57425
65861
39010
39147
41032
70893
40180
40651
51126
71523
50311
60412
71259
39011
39012
65028
70887
50546
50633
70891
39013
41494
51328
39013
70892
39037
48478
39118
41788
70901
67842
39112
39118
41435
41446
39112
41435
41780
70907
39816
51391
70843
43656
54785
56541
59915
68113
40404
56654
56842
70886
43032
63456
64231
39027
39347
39250
62854
40649
40661
39029
41004
70685
65974
70678
39207
39216
41486
42635
54783
39039
41443
51328
70886
51445
56035
70892
39134
50546
51445
56035
39139
41170
41396
70622
40441
41509
55947
39177
51529
56032
56647
51322
68882
68937
39044
39149
39198
70628
39194
41466
41575
59820
40825
43930
45791
57966
57969
48789
60937
63227
51765
40898
40900
41205
41578
39095
39815
47866
60114
46003
61560
39056
39059
39062
39058
39410
41643
50847
70845
55725
39570
46086
46090
39820
39410
67739
39349
39519
67756
39069
62585
67877
39067
39079
39083
67740
39834
50354
61337
39999
39079
39083
39288
60431
39470
40010
40234
39097
40621
41442
39994
62952
70832
39076
40002
57395
57433
57577
39824
63474
39094
41133
66032
55725
39153
39290
42864
45996
50718
61389
40657
40658
67174
67175
67808
49946
50367
51715
62614
71128
71129
55756
49329
41638
56078
62872
41432
41455
56074
70838
39152
41376
51613
39114
55619
67812
55596
71119
45901
52450
58219
43791
45928
56482
56276
41750
48366
70840
54993
55004
41427
64972
41068
39111
39304
67881
67882
39142
63454
63696
60128
67811
55991
70837
70839
41050
50803
58131
64967
72355
72358
60317
39126
39142
41780
39150
46067
53504
49268
40990
62869
48897
70896
70897
60421
39514
39555
40808
56754
70578
51524
65849
71582
71584
51556
61632
70909
70924
39182
59062
41315
69420
69431
56035
39143
48662
41415
41447
50891
50613
58682
41346
41415
41811
49285
56035
65031
49248
39280
39156
40057
40489
41424
41453
39817
41103
59480
62993
41109
70901
39261
64029
40120
49730
48764
70672
50062
50284
50969
67620
40756
54803
39209
41282
48923
56039
39421
40057
40325
66530
39500
40317
62682
68914
68919
58089
39185
67306
67310
39289
58173
66451
40244
72819
72834
55836
67644
59177
62064
40416
66602
66603
39178
39179
41894
70636
39483
39184
39187
39194
41466
48749
65088
49245
55980
70635
40535
67830
67839
41532
72779
72780
39196
67546
40368
62953
55946
70837
70894
39196
40214
65111
70921
70923
48677
50040
40939
45035
46085
67263
42148
48430
64878
41725
40800
67466
67467
39199
40526
40527
67529
41475
41575
70629
41307
62182
62881
70883
70884
72287
72304
41282
70670
39583
40785
39215
70686
39317
61774
62922
56042
70686
39325
62556
66596
39412
40732
62064
66596
65014
73240
39392
41006
70685
41252
56039
51234
62967
61335
64340
66236
66251
55394
72465
72476
70680
70681
40778
67556
55143
39243
63711
71040
39226
39239
39251
39583
39229
41223
55617
70668
44857
65319
41222
41486
70670
47033
55973
56208
70679
44791
59779
48755
54543
50354
65878
71127
67542
67543
70554
39239
39241
67543
39743
50138
39240
39241
40259
53601
67547
40507
71294
47644
60497
39848
39248
39249
56214
39250
39251
39253
67796
39253
67543
39255
39589
40412
47568
39411
61729
62556
41736
62811
66516
51773
73227
40006
56570
62974
71126
71128
39963
65567
51331
57123
39454
40307
67793
59726
39352
45791
39349
39519
39570
54828
66280
66340
39529
40015
60494
71284
42866
39604
49840
40464
54866
53614
54740
62735
39531
66449
67464
39715
39288
39594
65103
39628
60397
62820
67812
61554
67840
66449
39817
45104
49717
67880
70844
70848
60349
65360
47207
67358
67393
62818
62911
54823
56214
63479
67796
62831
64960
62786
61786
62887
49578
66638
39312
54813
72698
72699
58145
62675
41453
41752
39310
62891
67547
70836
70837
48862
39483
53499
64673
50197
39494
50556
54816
56875
62915
40890
40782
58622
67531
67532
40774
39378
45899
49493
65867
54699
65100
66596
66599
39324
53499
67540
67541
61729
66602
51004
39332
39872
70840
70841
39808
39331
39333
40267
62914
44140
62780
67597
39873
63263
40185
62780
62782
64765
41192
39782
39889
40513
67896
67897
39342
39344
61838
39445
49417
39346
67737
53499
53601
67540
67547
39346
71322
71323
67751
66599
55562
66610
40310
57598
69041
69044
39402
57384
67756
40441
39547
39782
73239
64169
68497
63296
67949
53748
54798
40210
40212
61176
40299
65135
71934
71936
40466
71294
71295
39373
47920
61782
44685
50190
62311
40828
71068
71070
39460
56255
68019
39543
42809
42974
68256
68258
39705
39753
51335
45942
50278
54780
56158
45797
59116
46665
52602
44685
62311
45480
58432
68083
68084
39387
39784
50908
67953
50158
50954
51883
60284
39456
39401
54743
40285
39391
66676
66678
53731
39456
54743
41240
65014
66608
39763
40843
66137
39721
40712
40713
61800
40069
40313
39606
40307
56903
64055
67757
66532
67752
68023
61560
67780
62885
40170
51727
40223
67678
71066
67740
66546
62155
66597
71309
71310
51689
71097
71098
67696
50916
72525
72526
39791
45091
67600
49452
40643
57575
40657
40658
61530
40336
39745
67346
67347
67712
67715
39497
39867
71328
42857
58218
63190
54521
39476
39640
39499
39530
39888
39438
71331
39439
40119
63191
71332
39450
39587
40108
39435
71331
39486
39725
71077
40517
42358
41892
66605
39974
49747
71074
40109
50371
71063
39461
39606
39453
63024
67791
39974
53542
57200
70609
70613
39448
40030
40105
71077
40101
71061
39756
40098
40114
39486
39725
40608
49794
51072
40114
62821
62899
40412
67797
40249
45944
49326
40148
50136
71055
71113
71124
40554
50907
71057
40287
63625
41734
41834
55713
54005
57084
68127
68128
39856
50038
69384
69386
46269
47299
47383
70936
40906
41027
41485
39599
67399
49794
51072
71069
61480
71208
61337
71109
71126
56255
39496
51331
39567
66477
66497
39478
42110
50232
51180
55910
40510
56754
71346
39553
39554
40349
66526
39681
71347
62891
39493
39546
71074
59498
71337
71338
71702
71704
50089
71557
71559
50993
69579
69588
39506
51004
70790
70791
54813
61363
71433
71434
50422
55724
40249
45944
63710
50985
39511
71339
71340
39528
39867
67532
67592
59419
61088
61308
55766
67669
40808
39571
40102
40522
71334
39878
57184
71349
40698
67297
67299
40317
40049
56082
39807
53875
54758
71320
71337
57622
39517
39898
71279
39809
67739
39641
39945
42017
59776
65746
39600
40572
50251
52795
39657
39586
45409
45520
45809
68020
45797
39904
56081
51333
39998
40169
71346
42945
40435
39963
71343
64943
67895
55609
64292
42635
57054
67629
39539
40377
63126
45611
66517
39828
40250
69414
69415
40440
51194
67640
45791
45945
45520
45809
39782
67960
67961
58695
39642
47990
61563
71321
71325
65138
42359
45162
56789
66447
51058
53098
73293
66522
55724
39565
67811
39563
56811
57018
58120
67804
40134
40157
43357
63523
67753
40814
44211
51631
55405
67793
39640
40685
39800
39805
67935
40052
56942
42056
42058
42169
42933
42302
55710
49271
51027
62453
66809
52854
65158
40052
40353
64738
39586
71287
46799
51170
39998
40015
39659
40039
57104
39867
66097
54823
56214
51027
70896
67902
67909
67940
67943
50909
51136
58120
60397
62820
55771
39624
39630
39948
41045
39630
67379
50043
50248
66094
42150
54207
39759
62980
64719
67319
44414
45858
40287
67789
39611
39651
56677
66850
39609
39966
42465
42546
67137
67139
61825
62228
39674
40353
66836
39945
39914
55782
71267
40763
39636
62066
62737
40230
70760
70761
39685
41228
44179
40435
40563
61869
39627
69526
69529
64672
55621
61180
63927
43189
43291
71278
71335
40077
40371
62955
51098
64553
72323
72333
39945
40337
62861
67578
42563
59533
39649
40766
54699
67907
67910
45970
51267
39737
40477
67309
39970
40099
60491
55495
60939
67535
67540
66848
41404
47128
40021
41777
67310
55893
62749
70637
70638
59618
60613
63349
39989
67059
59854
63039
55755
39665
63041
66837
41640
53719
62666
53216
54851
40391
62787
66517
39667
67061
67036
39670
56726
67063
52872
67061
62281
67113
39673
67350
52611
67098
40590
52611
59814
62669
64258
55573
56784
46161
57483
61413
41390
51731
56082
51231
71327
39861
47905
48115
39877
62581
54811
66870
66873
67115
40650
67150
41374
44167
48843
56161
39899
39904
71342
39716
39949
62877
67148
51058
69540
49154
62471
67362
67396
39713
41426
43263
40590
62308
67355
39747
40295
45637
39875
62582
67136
40473
45201
39707
62946
51335
61878
65093
72235
72302
39710
39908
39859
40479
39783
39950
67679
40376
61339
63901
62970
39769
40427
66991
40117
39902
39746
51244
67401
39756
39983
40098
40643
56919
50001
71090
71091
71081
71108
53727
53997
67099
41661
56153
64279
39757
71340
71070
67386
40090
59476
67109
54741
62709
40987
48745
51492
39735
39736
40752
62691
62953
40099
40752
50158
39744
54567
67113
62960
59633
67692
67693
62230
67115
67399
59862
71065
66014
39779
40217
40239
51515
67401
39758
61566
67317
52920
69550
69587
39859
39940
50123
45637
67699
39757
47959
67394
67317
43519
50155
44544
67693
67602
61186
39767
40823
67319
67321
51318
62733
67352
40040
65808
66962
48202
53700
62421
66888
64108
40161
39776
62753
67550
65565
67552
39987
61995
39797
39785
39925
61426
63542
39948
63427
66742
50071
39788
67636
67638
66806
41838
50799
54057
54337
68019
68021
51411
40730
67106
39796
67602
42325
41640
62196
40633
40638
46643
47433
39830
39872
48676
61891
67946
67947
39933
67901
67643
67893
67169
67171
39969
71215
39933
40808
61227
64765
39819
39811
39821
51392
39818
61140
61355
62600
60964
70059
70061
39857
55596
56078
70846
40002
45995
39994
71335
71338
56003
71119
40620
49995
66032
39994
56160
62952
56003
39827
39829
57253
40616
51703
60390
40251
49950
52250
40692
67469
70841
39832
40737
39842
40149
40692
52388
39836
40603
40234
60335
67711
42908
67106
66065
40333
56075
67140
67217
39845
39849
39858
41376
48331
51613
70845
61633
40316
67890
67897
40003
40005
47501
50817
53341
65859
67099
39964
67090
67091
52090
56003
39997
50170
39892
62946
40028
46707
66773
56466
70417
70420
40142
48842
73023
73026
66980
66981
39866
39870
40026
51730
39868
40063
40130
56395
39869
51231
40112
39877
62649
39873
49987
67139
40672
62879
39878
39879
57184
66064
39966
39880
39882
63077
72415
72416
56977
39887
67929
67930
40083
67947
67948
40650
40666
53869
57150
61227
66726
61114
63481
40479
67149
51183
51246
56118
39899
39900
39904
40064
65078
71280
56138
39901
39915
54935
55615
62874
48304
55135
71265
41556
61289
40965
56034
39949
49643
60702
40659
54957
67142
50021
51267
51603
40032
58644
66742
50089
39915
39917
55782
64775
40605
40618
39918
51776
47113
39925
40248
66744
51229
65567
53537
53727
53997
43572
40964
41258
55816
39930
40116
58142
67058
44970
47941
67032
56475
44693
48137
48156
65271
60538
55216
61901
40734
64874
67905
67226
54971
67144
60350
71286
54957
39947
56174
68156
68158
60088
60275
40197
40198
55818
39961
51335
67144
60538
40175
49643
61638
40096
40148
65766
39961
54918
39970
41390
44630
40626
67146
40664
62701
62923
67157
56081
40148
51348
65002
67137
39972
55174
62701
71345
71349
39990
51339
56888
67157
67158
39975
40541
67460
50371
67494
60787
68024
68025
61621
62260
40938
66991
51668
70949
70950
51668
60535
39982
39983
40089
50076
40101
55223
40668
40669
60284
71061
71062
40954
40540
50960
40062
40129
62237
40096
40554
50907
61293
46172
57538
61904
62287
63812
40182
41036
66741
41663
40021
61894
50354
40016
40003
50942
56077
51391
40010
50943
40010
71107
40274
40489
66523
40149
40692
71111
41399
44114
45232
48312
40731
61788
71109
61909
70748
71012
60611
69791
69810
40923
47941
49865
50547
69641
69644
40034
49640
57067
55666
40073
50089
40243
40248
40068
40586
51068
40047
51148
71269
40028
47183
40063
71334
55970
62954
62518
40331
51667
40114
71076
55863
61471
65237
40209
60987
61423
44602
70241
70246
51122
60494
40041
49638
71273
71277
71288
57186
71567
71569
44777
52024
65228
57633
71546
60211
64933
66144
59569
67436
40045
40212
41117
71272
71274
57418
71271
48386
64918
42986
70337
70338
41121
55833
71272
40054
71268
71270
40065
40606
56126
66523
40571
59210
64917
56544
40167
51316
64775
71266
40899
40208
40445
56395
71327
71816
71817
40494
50678
40068
40398
71345
71341
40472
59427
47972
49803
40072
47161
67094
67095
40169
71285
71559
62953
40119
51332
40080
40131
51730
71330
40130
71326
53719
62836
40084
46573
64765
40089
48719
50076
71059
71124
40090
71124
56252
67324
40092
40107
50447
40505
40518
40344
50076
51078
40477
40106
40107
40518
42358
50349
71332
43338
67725
67726
40554
40517
40119
40505
40337
58836
60996
61802
40522
50877
48719
45703
71057
71058
40120
49730
40326
50941
69543
69545
50987
66991
67058
40186
40445
66989
40158
40190
60974
54318
55864
40125
40128
61046
51329
55865
40150
65899
40674
51201
71326
40208
54658
40134
40812
67737
52146
57254
57264
61846
64712
40474
50987
51363
71329
49390
55701
67738
40143
61007
51396
57301
40140
56124
54942
62685
67103
51883
71068
71125
40565
66426
66428
40146
65020
40153
40278
50170
71107
71108
60549
71113
40151
40157
67735
49944
51782
40547
65020
61752
51796
66827
66831
67733
40242
52099
55369
61804
40249
49326
40188
40407
55453
40165
40564
40750
40175
59084
40502
51238
56862
57190
48753
45280
51937
57338
71275
71276
50185
71241
47215
68440
68442
48781
63305
40427
40938
66990
66991
40183
60211
64933
43006
59227
68371
63224
64838
40202
40204
67854
58297
71310
71344
51232
66064
52315
50992
53575
40194
58875
40576
71255
55833
49639
51013
51107
58312
61537
54916
56130
54916
67679
67683
51024
71253
40202
40204
70306
70321
40208
40944
58749
66988
66989
51295
61651
60351
65822
71079
59338
60275
51909
71251
62633
40537
41483
54969
62460
63150
71348
71349
61423
61426
40794
62884
67590
59115
50349
50991
71181
40225
40314
67593
40668
40225
40314
64800
42047
45044
40439
59330
41358
51360
66749
66760
40756
61031
40952
43655
62958
55596
67608
67616
50178
69029
69031
50178
61423
40267
67590
40794
60974
69458
69459
41036
40784
54191
54457
71177
40247
55230
51662
54087
66744
40251
52975
48112
49856
64979
40323
62929
65476
40310
41238
40257
51695
41325
62799
62813
64673
67665
40294
40395
58256
62487
40294
66520
40266
70773
60327
46861
53620
54689
40627
57188
60802
71095
42599
46093
48068
40272
43141
51634
60802
50942
59006
56111
40506
56570
66519
40457
40777
50054
71058
67894
65439
64916
54815
67787
40816
46783
55623
55696
58120
60431
67804
67808
54844
67790
54745
67784
62911
40292
67785
51342
67783
54005
57084
66521
57851
50741
67262
67264
41937
50741
67660
67661
45112
49992
70810
70972
70977
40304
56017
46078
48781
40610
67463
40412
58565
67667
40807
47506
40394
44342
61810
62753
54621
40472
41630
67597
48795
53745
49717
65576
66516
66519
40320
47322
64930
70075
40395
63126
40329
40349
67424
44038
67659
40334
64532
40540
51218
40760
71067
71068
47322
65791
40365
40607
43439
40507
50434
63249
51113
59006
63151
67419
62729
61802
67302
50989
50087
53662
61199
52404
68941
68945
40392
43244
64999
40596
40369
55604
40945
56599
61922
45964
46121
56962
49823
50997
60218
54779
56876
60496
67236
49558
56872
60491
62861
41271
61868
67306
62696
53626
55640
67613
53094
59320
59322
64865
50399
45807
73279
73280
40391
66517
66521
70300
70301
40383
63126
58490
61046
71310
60280
67529
54793
67593
40506
61752
65739
40400
54430
40401
51801
44389
65734
44389
40407
71308
47677
40410
47869
62981
67734
41238
57598
40410
40399
56974
71308
50809
56075
40399
40406
51260
56127
54832
54001
71310
40885
58092
64932
46503
40865
61837
71442
44378
45898
48778
61927
56121
40682
62061
71031
60421
71161
71162
56888
60420
40660
41281
47626
69357
55133
40449
58129
69278
69279
40455
55722
68805
68809
40960
62471
56490
62968
40871
57672
44276
40471
67115
58150
67083
67110
42761
67836
40476
40527
66609
51089
51427
56167
43054
66034
67747
51313
62692
56249
62237
44034
67764
67780
60914
61340
48794
51128
61682
68458
68481
63897
69839
69862
40766
40886
67533
67562
64792
67787
49859
61618
51103
61404
47610
54795
62576
67583
51307
57042
61702
60286
66325
66327
65005
67949
67361
67362
40515
40524
40533
49578
67116
40475
40758
48679
51742
66610
67308
40582
61530
67148
40684
62331
61738
41191
43333
55376
67386
52802
58663
60101
61738
67506
67507
51139
66455
66525
41115
59210
64917
40492
66523
40727
67482
67486
40492
66524
56107
40593
50321
57127
52592
40506
40508
66518
60548
65101
63949
62836
67351
67368
62951
64982
40508
66519
40747
62583
50985
51333
50105
52411
71293
41352
59666
40603
62677
40538
40677
58692
63798
61690
48719
71059
71076
62755
49987
67139
67141
50349
51666
48319
61975
40661
60972
61728
54998
40534
67109
41303
40652
54668
61718
71165
71173
40675
44144
46940
40538
66637
40667
51909
62703
66600
40732
64985
48886
40544
70502
70505
40894
47818
49460
51329
55865
72983
43855
62714
64683
67135
71031
53774
67134
67135
67646
67647
40553
42746
62697
67134
45703
67709
41797
60419
41485
45995
41231
71321
71339
67139
42746
55271
67133
61878
65093
67150
52544
67904
56138
71341
61007
64671
54836
47447
53968
51135
41069
66774
66094
71036
71038
62685
67103
67104
49998
44470
71241
40708
49939
52161
56398
69661
52682
54717
47634
49939
50177
53220
40657
40597
41370
53357
40735
49520
56138
71341
71342
63672
56729
61195
61699
67600
68927
68943
42364
40615
40712
71108
40757
67326
40743
58188
72157
40744
65612
40721
62927
67302
40633
40638
68292
68293
66774
66775
40612
50422
48828
67704
67438
43439
50943
71110
40640
71111
41047
59935
51394
70833
40833
70826
41854
43739
50232
55383
47375
53704
66147
40740
50126
54419
57434
67146
43141
71093
50741
67262
40705
43330
45268
40702
48416
50691
46642
48392
40636
40646
40656
67229
40653
49129
50039
40755
51707
46739
48271
51703
61337
71109
50242
67084
67085
40649
72164
72171
40656
41520
59780
67143
40703
55935
50115
67136
54783
40709
67715
71122
60745
61542
40661
62371
66600
40671
47079
49784
67084
41275
69361
40673
49748
50955
67159
46076
55657
61400
62879
71253
71272
71066
67710
62582
62649
40677
61728
51231
43855
50142
51339
62061
69516
69517
62882
71033
51362
61575
67621
50977
42823
46929
48180
49277
40742
56075
71112
40732
64985
66544
66596
50489
71093
40696
62504
61978
64566
40882
46431
65788
51344
55235
65119
62477
51618
58800
59231
62054
51113
51477
53183
71081
63502
70934
70935
40726
50015
40867
66218
50230
50231
52370
41277
69257
69267
73021
48828
60335
48856
53330
61636
65834
46271
47403
56884
67103
67105
61974
56840
67788
67822
45950
62579
47407
52437
52806
67684
71073
60549
45828
42711
47103
67436
50432
60348
51613
51382
41370
62681
63468
62793
67580
67316
67579
50843
67412
56008
50808
69380
69385
40809
57735
66350
66351
49347
63771
67975
67998
67672
67856
67881
62951
67599
56781
63466
64938
61810
62753
67550
67562
54627
58309
40772
51888
61572
61829
61788
67786
67535
47446
56248
41361
67516
56038
58851
41613
64471
67900
55038
42548
62896
40874
58372
62915
67825
57846
40826
43486
47371
61386
64892
61341
54554
56381
53601
54699
61774
67540
49266
61667
41366
49466
56045
41525
49609
61404
69174
69175
44165
62941
73154
51604
62130
57049
57269
58069
65422
69743
69758
41185
41332
41333
71010
40801
55965
53584
61800
40802
55965
40853
54948
40886
54815
67533
41090
41224
64961
54758
42891
71898
71902
64712
67738
44893
45340
44698
49390
58658
64712
72831
72832
44122
44884
63023
56252
60510
40823
62980
46546
65204
44387
40841
66155
46699
70276
70343
45922
47991
64473
41301
48600
40832
40833
41289
49320
45740
62909
40837
56631
40837
40838
70827
70829
72706
72711
41329
51225
60225
67508
67509
41129
70834
70836
41332
41334
41337
41405
41459
55920
40848
51431
41289
41430
64139
42540
42917
42954
40852
59305
46413
48923
46415
53571
58155
63417
46608
65900
67600
67601
68729
68746
60702
41908
58601
60379
67338
67340
41365
51299
64471
60244
62958
71903
71904
40885
64932
48010
48224
42287
40874
56203
56887
52570
67195
67197
73087
73089
67498
41610
41902
51523
63003
66826
56090
64721
71558
71559
49271
71850
71857
54352
63389
41104
41105
67167
67169
62922
40888
64684
53416
40892
61059
57120
70082
70083
66359
66361
50884
55909
58405
40897
57412
72458
72524
41579
41634
49214
67321
67322
41585
41634
48764
40902
40904
40928
40904
40905
54974
70666
40906
40906
70664
41159
45173
46012
46020
62125
66668
70332
40912
48740
40914
40929
41223
40979
42264
44441
68275
40918
41130
44865
68199
42051
44710
68201
40949
44723
68201
51980
52114
57965
46140
50705
51346
41925
59943
60223
60363
61804
65808
42165
52441
54033
41024
41891
42412
69471
55755
40929
54913
40999
40931
41037
43156
68276
44488
68283
53071
40934
48015
66986
41093
66988
58546
63924
44196
41123
40958
62471
41222
44176
40945
42013
50725
67265
48010
48224
40983
65829
40947
68264
68263
42206
45988
63489
42374
68203
56061
62122
40997
40960
66990
40960
42226
42250
67989
68004
40957
46693
67993
67995
67186
40979
67035
67036
40974
41074
50651
67991
42105
44588
45038
70443
48770
67202
41077
45429
41270
41468
48762
48772
44544
66163
41557
44350
51135
63273
42072
49063
41060
43718
44719
40978
42207
43904
41094
42245
47181
69883
69885
41074
45465
63172
72124
72127
41069
41104
41060
42331
42954
43718
42013
67271
67274
66810
46036
62623
70671
47588
59563
59982
41826
48919
49214
70671
42063
42084
54639
54960
57517
42575
55428
58189
64820
57162
70669
41305
54956
61041
41837
70681
70682
55893
56033
54913
70668
41160
48037
42955
61959
62318
63602
47612
57812
57900
61953
49204
51444
41618
51573
57162
51444
44630
67262
41009
43654
61682
68481
68208
70666
70667
41073
43984
43991
41595
41141
42053
66326
56050
60396
44533
63859
53403
65264
46625
47184
59285
61855
41194
54966
63145
72438
72446
41026
41226
41028
44590
70664
70665
41097
48015
42031
42305
71823
71824
47438
47466
62695
50633
55982
41527
51446
70888
42265
42282
60684
65265
41042
58644
43031
44488
41102
48871
50675
41043
41084
70865
70900
63266
65689
43846
65563
66061
41045
60211
41107
43811
49334
41179
41278
67965
67992
60275
41047
64917
41067
67965
54250
59658
63699
48900
49066
41782
60406
65994
46996
56836
70869
46811
48315
56858
59265
41057
46996
50631
58779
60794
52581
42917
44436
41169
46013
58446
59713
42239
43762
41169
46013
59700
41071
41274
42274
57973
62361
68913
68920
64916
67967
65113
66772
41499
41644
48894
70904
41179
42344
44018
68068
68069
67844
67914
43667
67993
69389
69390
48613
49090
54583
42234
63610
42105
44588
45000
55257
41086
41226
41102
48871
41084
49038
50606
70900
41107
43811
50590
43811
42143
42300
48432
63407
61638
42164
68048
44363
44388
49038
59676
61978
41787
41788
41097
60027
63071
41097
60027
71407
71408
49334
70802
56220
41100
51600
57547
41642
54508
41366
58766
63852
41112
64917
48881
44542
44656
71657
71677
41632
46691
56012
42180
44542
44656
54223
68041
68042
41115
42245
46801
46985
47181
41431
70601
70602
66144
42300
63407
70449
70450
41118
41119
51765
41121
71271
71272
41121
61311
41123
49320
41125
41131
44186
63426
41373
48863
50389
45999
48863
70827
41781
41944
44710
64858
41199
57487
63035
41135
63263
41380
57348
70869
56361
70848
49523
62940
62940
51475
57872
70810
45310
66323
41438
51387
41144
66851
66852
44872
61707
43121
50511
64432
64749
42274
42031
42305
44162
63036
68275
48815
41152
60720
62786
65643
41161
61978
46375
62795
58108
68268
48815
49173
70623
41410
41510
49247
41403
42264
57060
65418
41716
41618
44605
51573
70198
70199
41175
41332
71010
41354
57854
62875
63527
71009
47421
47432
42016
42206
63489
72126
72128
41356
51607
52026
41353
41354
70621
47380
47384
70934
55799
66876
66891
55799
60934
41337
61925
71005
41591
47320
48919
56646
42040
68175
41180
41189
41334
71011
42274
58466
41182
53491
60333
52610
41334
60365
42955
63602
73062
73067
44441
44773
50088
51225
61696
61799
41188
44406
61835
51434
62051
70617
43813
71186
71190
41327
71004
41211
66013
48678
64968
41235
41195
41329
63527
41860
45099
41203
43079
57055
41200
66073
46073
72580
72581
43951
56779
70399
41221
41206
45395
50861
57035
41314
53130
53224
56236
44408
65552
65718
41208
41209
68481
68483
41897
41232
50640
68468
62315
48018
61543
61935
71006
53646
61961
65083
47806
48018
48953
55887
47689
61374
61935
63588
43259
43927
41317
41320
42249
43239
56323
41223
46036
41393
41499
42956
48015
43945
44907
68209
68211
54012
42118
44328
68458
52955
63231
68470
63019
63667
41617
67444
63667
68489
55127
42271
46448
46481
48858
41250
41861
68468
41310
60249
42976
43134
43400
41340
43296
49708
41306
41633
67241
67505
47299
47421
70936
41250
50617
68467
68468
65007
44153
52428
43092
67520
41282
41486
56294
62535
65809
41259
41380
41393
41499
49044
41257
41388
54372
41359
53905
41280
41324
53676
68032
68037
49237
70602
43910
64968
67428
45153
47095
41328
41596
42561
60359
63274
61388
67752
67859
41272
47018
62117
66058
42922
56030
48764
56027
53179
55030
41284
43716
43895
43904
41281
49867
47920
61782
68186
68191
54765
42216
42274
51392
51632
41284
48659
41474
50513
51627
70829
54644
44179
41288
48843
70814
41298
44081
49884
64303
59601
71007
47417
50024
45611
62787
66447
66517
41298
44081
50639
50885
41785
70865
69534
69536
41431
50755
44176
48919
59520
61543
61895
59007
51589
65556
41306
49467
41865
48749
41476
51518
62398
69894
69898
41491
65378
41323
61421
68095
68096
41318
53027
45146
60364
66853
66856
52927
52931
65176
42256
42706
43236
41479
64515
42706
70050
70051
51508
51520
63482
43764
62415
65371
49014
65826
62084
41335
41337
60249
62908
41668
54486
53403
41547
41812
45161
51549
61550
70604
41334
47658
71011
62800
67565
41337
60249
48792
51418
41367
54980
56131
55752
61221
43474
44023
41539
48792
46377
56994
68538
68539
41539
68330
68334
51186
70905
55947
70633
41879
41908
71970
72047
41351
70683
70684
52026
70623
45831
56268
41410
50767
51366
49796
41388
53926
53948
46269
46438
47377
67258
43474
44023
66457
69769
42289
56038
62419
42835
48814
50676
56089
41473
41901
62670
41550
44265
62809
41457
70838
41533
43995
56188
41505
42038
44062
49070
53052
58893
70867
44722
51531
60566
48862
51621
52251
52265
62451
41548
64111
43986
43164
65015
61910
65918
51706
65016
55947
56023
51607
56647
70620
41706
41710
42361
49512
52471
44136
68456
41677
45556
41672
41898
52955
42240
43982
67923
42033
44162
62048
49218
52782
70592
44137
63229
66692
66719
43551
51608
41629
51483
70908
67024
67029
51322
48645
43559
44056
47117
47251
41851
43634
44460
46727
41710
43427
48910
55938
46216
72038
72108
41447
48897
50891
62512
67113
67114
50944
54382
63483
41432
65113
49556
62970
41620
66235
66239
62795
68328
68329
70824
50754
51549
64972
68860
68864
49592
63044
70902
41620
51403
42154
43712
71106
62579
41643
44956
48864
47210
49062
53588
70826
70838
48478
50669
70893
66653
66654
43830
44849
48638
57083
56268
56765
41462
41624
41499
70867
70904
41455
41457
41455
41457
70836
70838
50504
43477
44928
70196
70197
45389
50730
51434
42235
63237
43480
66894
66899
64772
41533
43816
59737
54966
42189
70614
70615
50780
43595
63060
43991
46145
42583
54010
60484
41486
70670
70686
41575
45881
43812
48763
49223
55847
60562
49125
49371
70699
51568
67236
67243
60010
67378
51981
56056
48037
70665
50795
55611
53645
63059
44469
44487
54999
57655
61737
66946
44064
47847
41503
41562
41565
41494
41811
45699
44149
48023
41500
41501
62356
70350
41562
70346
41524
57919
43489
68430
41512
62356
48808
50218
61635
61316
62932
64967
67966
67967
51608
67510
56032
41511
70622
49247
56023
70891
41515
41849
58332
68486
48806
42666
63368
68488
41677
63146
68483
61769
64453
41519
41676
41876
68482
41674
64322
68480
49129
55654
50680
51446
43643
63037
72491
72493
41775
48819
70862
70863
42119
42230
43477
44928
41568
55982
70889
45392
45394
67747
67748
46112
56758
43602
43604
43588
41549
48773
63789
67851
43997
56728
41538
41557
60829
63789
41543
68722
41542
49245
43460
68724
41546
63060
41550
44265
72568
72570
46918
43373
44065
60829
67849
64194
41553
42286
42297
43929
44154
48266
41557
57835
68465
68466
53655
60017
56038
67511
43570
45217
63130
52263
63967
64694
46037
43555
63123
41571
46037
46037
63816
43341
45949
57919
70349
67556
67557
44822
64772
67776
67781
42473
43096
44402
69960
42065
44668
45676
41667
43498
47723
56040
69506
41579
56913
44673
66208
70024
70028
41873
48770
51568
44270
44322
44654
41622
42496
63435
41588
42783
43550
68662
48762
56236
70673
48783
63352
68659
41792
44182
68661
41593
43505
58590
68655
51560
70650
51567
56794
64208
41748
68654
41607
42073
41668
55088
45685
45790
60545
62715
67705
41871
44337
68207
41670
41924
43650
59088
41671
52467
41604
42539
48740
41689
66225
66227
42063
42877
44712
41611
41704
41899
43650
41614
42269
51523
68484
41887
43831
43227
63003
45370
45636
51586
48824
56842
70880
70898
56241
41628
44370
44391
45508
41653
41779
68436
68452
43476
43480
61252
41665
41782
70885
53674
67458
67476
45483
66217
41631
48638
70906
44146
45708
65610
41790
51483
51431
53927
41921
70672
70673
51486
54060
50389
50850
57444
70802
44725
45415
56442
69993
59460
63357
68440
68448
43114
44369
58191
69960
54505
51483
44287
44395
44399
70037
41648
41761
41739
56418
72481
72548
63263
55789
62692
45695
69995
42702
44225
44300
41717
69934
42263
51910
63381
68499
44404
46539
51479
55320
62168
70844
71118
54717
71281
71285
71105
41898
44326
68487
70903
64767
68717
68718
68387
68391
43422
44644
45643
70034
63003
66039
65776
41857
44896
41676
41869
41870
67461
67468
41680
65773
41834
57730
63936
64523
41684
45556
41868
41871
43654
44337
42263
58332
63381
63518
41924
43650
50744
68482
41924
41686
44882
68495
42054
68218
43182
43188
69932
43242
44888
51523
60087
41690
41691
44908
43644
43697
42937
43697
68218
41693
57555
63435
68452
43476
68451
50096
63680
64019
41871
44882
53674
59654
41810
44248
42489
41700
41702
63152
68449
41701
61498
68452
41702
41779
43616
43615
43639
42311
43046
43047
69962
51523
68484
68501
43046
43082
65094
51586
68235
68237
41713
42633
68706
51608
46664
41714
42793
68449
42633
44966
41806
59998
60019
42878
45174
70344
43191
69936
42750
45721
49607
48724
48823
50633
69810
41726
41728
68703
41727
68708
41728
47939
63372
41812
45161
41758
43201
41731
43465
50573
68721
43373
44583
68703
44171
70038
42633
50855
70834
70835
41745
63930
56153
63474
47152
62878
63623
43467
66458
55665
41741
46183
68723
43462
68721
43201
43228
67995
67996
43514
45177
68718
42233
61121
54532
63062
68642
43385
43505
54532
42675
70041
44956
50655
69434
57011
59255
67406
43381
43514
45177
42706
43235
44215
63022
43368
43377
73005
42789
69935
46318
61275
59332
70107
51097
54145
44206
59197
68133
68134
45690
45709
41793
44471
61965
73259
45816
45817
70114
57919
65709
46436
54343
54717
52621
60434
42496
50862
59496
49884
51611
64304
70867
41787
51483
49345
50606
55018
48645
48903
65270
44205
49564
64261
44181
45191
51437
45191
51437
61450
68659
43024
69928
43560
53359
63630
68809
52957
63630
41820
41986
59503
53072
59186
59929
51557
56876
60496
71616
71620
67488
67489
68983
68985
71496
71511
42555
44580
70895
43964
69904
69906
44065
44257
46963
59754
45937
60785
64760
67913
67916
43556
59726
62804
41836
54836
66056
43326
58612
58667
72245
48746
54742
69230
41858
60542
68430
68445
41858
48745
70652
58113
64890
59715
68797
43190
48937
55511
72308
60687
63608
51562
47088
55145
46757
43826
56079
67945
42181
43946
53481
53482
58556
68797
62134
53027
56876
54093
57529
43646
44234
44868
44300
44312
64075
42570
43635
63368
43451
43619
68444
43776
43857
44085
63638
65065
71918
71920
43983
56727
43633
50917
67937
59546
60381
64053
52094
57638
60161
50857
55796
56027
68466
52863
54312
49767
59397
63453
65623
56041
70628
52260
58326
68600
64666
64793
71983
41869
68480
63740
60496
60166
65077
71372
71374
45050
45321
41881
43687
43418
54737
70145
51407
51557
54654
59440
60003
60116
71873
50744
68482
68494
42501
44597
48973
44298
44349
70005
44249
47077
70147
55227
64472
51867
52133
46428
42881
53729
63145
41926
48783
49122
56032
70633
42038
44062
56201
58549
59061
61849
68485
41902
63258
70616
70617
60484
43242
55686
64472
70630
70883
60041
53406
44123
72044
52766
52770
57778
41912
46127
52791
53457
63106
72155
72156
45405
45700
51288
65772
50618
42480
42956
43961
59466
65976
72045
52993
53138
58282
60064
46022
58884
71692
52169
52590
65249
55407
45139
42575
63650
59308
71526
71528
44477
63571
41929
43692
53509
52756
65048
54170
65310
59148
57116
63268
63773
64935
66853
66854
44436
45541
44473
71854
54953
49626
61750
71146
66108
55881
41942
41945
43783
43025
42333
49425
43677
43128
43680
44865
43692
45040
54944
41948
41950
43036
42285
43031
43025
44449
44504
71865
41953
41954
42019
43036
45381
43676
43783
44443
44488
48709
49128
60092
41959
41960
43671
44804
42019
44700
55487
45143
55578
71608
71619
67046
67050
55373
57741
62086
62246
59458
68440
41967
41975
60073
70404
41976
46091
41970
41971
43936
45913
43661
44804
66465
66466
45032
46128
54739
64586
41976
45036
70405
41977
66119
48068
56435
54936
55119
43936
45913
58108
42894
41983
50350
41987
44669
44730
62652
44268
44294
41990
44696
52004
67885
67890
42308
45913
55646
69460
42000
42218
42306
59274
62068
65858
42005
42832
46511
44804
46049
43177
60058
42930
48167
42024
67020
67027
59152
43059
60144
52600
56549
61879
65877
42008
42255
45141
63690
46122
56805
63204
57366
65704
65707
59797
59798
60052
71745
50516
43061
61466
71897
59830
65706
42313
52555
60343
71732
42022
42375
56302
44748
70466
70467
55167
55800
56793
67005
42030
43012
44174
60139
65189
42049
46507
56301
43184
43187
58679
68275
68276
42264
42285
44504
44692
68276
58022
60100
65357
65748
43132
67011
67015
43121
64749
69140
48808
48311
55393
44682
68177
54207
71865
71847
71865
58209
45017
44869
60036
42624
55256
43679
44640
55398
42050
43128
55217
50068
51091
53558
53560
42062
44882
45047
43694
44436
44719
52060
44381
68054
43194
61772
42061
43787
68041
43785
54223
53951
44912
44913
45041
45172
66208
66209
42957
56444
42957
56444
68490
42530
45396
42081
42290
42530
43859
44468
44874
48710
44554
46096
46710
48126
59830
65518
44604
63331
63385
42996
44365
69931
42081
42288
70187
42082
45973
42083
42451
42272
43166
69958
59296
44945
48367
70186
70243
65569
71335
71343
42473
43114
43292
44356
44357
45861
63180
44294
44297
70137
70138
42252
42340
42373
63548
42095
44963
64840
70194
42096
42272
48097
42097
48256
42103
42104
42217
43047
44593
45670
44949
45079
45201
42230
48260
44530
42343
43208
46551
59993
65460
65582
68193
68194
71115
42113
44968
45980
70195
42114
48009
42115
45128
44965
58702
59254
42920
42934
44117
45030
46218
59167
71572
56113
58877
71679
65844
69427
42125
42231
45007
70192
42126
45128
63197
42127
60767
47453
65460
42244
55558
48430
49052
60767
65239
65559
56114
71605
43010
45663
45687
51898
45672
68015
68042
42140
69792
69792
42142
42212
63347
70449
42143
42300
42144
42722
44934
48227
59965
59966
61282
43305
42228
64875
42314
42722
42238
65895
71617
44466
48367
57985
43788
42156
70451
42157
44934
42159
42309
43728
44691
64587
51219
56597
64735
71429
67990
53025
57674
44471
45598
45612
45661
44776
70396
70398
43055
44381
47175
63751
44632
68043
48051
67868
42179
61954
43058
43726
45529
42529
45523
42177
42252
70446
42178
55951
42340
55729
66087
43944
51709
45951
45255
61459
42188
42360
42948
63175
66827
43049
42191
65037
42216
43762
67990
56810
42215
42306
64575
66768
44643
43596
61998
42344
67994
46582
43101
55346
43044
44503
50567
70053
42202
42226
44530
67989
63001
63377
68047
42205
42226
43711
44366
42217
44636
71897
71898
43716
48547
42373
44823
56597
46914
48523
42214
44540
44813
48560
70192
44941
42219
48547
71622
43895
67992
42226
42250
43205
42220
42355
44832
50651
70053
42223
42225
63168
42342
66800
66803
42227
43709
45476
63204
63503
43168
43976
56786
44628
45128
45549
70195
42686
43226
69128
69135
44000
61998
54676
59277
59986
59993
43475
43809
62201
44583
59212
64133
42343
43208
48560
67991
62944
73265
73266
44528
63484
65598
63001
45689
45729
50331
70051
42343
44813
45861
63180
43178
44823
46010
59214
44350
63273
67865
67867
44552
46016
50010
66059
54248
59692
64580
58110
60044
71738
43468
50646
70103
67967
67990
42286
42297
43601
56657
42666
44315
42309
70914
70985
42280
43227
68486
44512
54920
57286
70109
49014
49161
68095
44963
66957
66958
42277
42451
42277
42279
70175
42278
42279
48097
70177
54732
43038
64858
68200
71184
71185
42912
45080
44773
42530
56152
70188
46287
42291
42292
42294
42929
42932
70173
42293
42668
42294
42295
42481
42296
70173
42296
42463
45973
70175
61065
59168
68327
42358
63191
71331
71332
44880
44528
63484
44382
54820
62748
43184
44174
69932
64707
71631
43154
42308
43659
45913
68262
68267
44593
69962
44700
61564
68282
43045
43046
67989
67990
49172
49295
51806
53208
42319
42322
46518
55729
69684
69691
42322
42323
55951
70445
42324
42485
42324
70452
52990
65034
59790
44814
48277
48320
58245
57026
57747
57914
61637
42331
43690
45644
68213
45541
68220
50037
62407
70607
70612
42453
52990
70448
70452
43108
43114
43151
44809
56776
44424
44425
45610
46061
42489
42877
69956
58982
64735
71359
71429
43725
53425
63463
68010
44537
67989
43904
67992
43132
42347
42350
46208
42389
43166
44401
42350
42352
44748
70467
42351
46207
42352
44924
70465
59876
63120
42834
46905
44843
68003
43711
44366
68058
42358
51332
63191
46397
43729
68061
42909
70347
46155
49941
53725
58137
46082
65101
43704
44765
43673
42959
63209
42369
42372
58716
42385
43740
43657
42372
42375
42833
70460
42389
62217
45541
42389
70467
52720
55062
60585
43658
42379
42390
43740
46141
42833
70460
70461
42381
42383
44055
64839
54926
55951
70445
70446
42384
42385
56240
42390
45020
70383
42390
47923
59444
71846
71863
42439
43196
65837
44793
70460
44681
68009
68013
42444
42990
45241
55162
42448
63275
72372
72375
42877
42926
69956
63220
43175
44183
69372
69374
42399
65021
46095
47868
65021
70385
42403
42406
42551
42411
42447
42418
42669
46856
60037
42406
42649
45111
70387
42921
46095
42408
48127
70479
70481
42410
44734
48127
55723
56454
42415
45100
48068
42416
42417
42418
45297
42419
66119
70389
42419
70387
42438
61585
42422
45402
45544
59267
43770
45710
59286
42425
56793
55167
42573
49833
68852
49568
49650
58537
63735
73068
44715
44735
43359
44521
45205
47144
63501
44287
45697
70036
44662
42436
44329
44720
70402
42857
43789
63391
42442
60424
43713
53425
55522
45038
46551
48543
44135
53425
68010
68012
44538
55534
42991
65837
68061
68063
42450
44636
42993
59080
63091
42989
43711
56522
45973
42512
63171
68272
68274
42775
45249
52334
46804
66082
44551
44669
44802
70447
70450
42461
43244
53768
60927
71995
72006
42815
66969
66980
42466
45273
42471
42685
72109
72110
42546
62649
70175
70176
42468
56309
43685
48544
56565
46480
68474
68546
46594
48540
63510
42472
60046
42685
49727
61780
42914
44031
44829
43030
44627
46763
66701
66707
43158
46278
46526
42885
56564
70227
49697
42968
43413
65051
42486
63720
70373
70388
43420
51943
56323
42931
45075
42522
52987
42611
48134
61850
44647
44721
46633
42495
43173
69954
52741
57431
59372
56193
61095
65021
43643
63037
42494
72628
72629
49338
58224
63342
70352
70355
43490
42498
44701
58223
45100
44718
46069
47076
48443
60137
42767
43262
60148
42531
65405
68145
68147
50705
59021
64687
42921
70387
70388
42519
43098
66368
66370
43828
59325
42949
43671
46083
42893
44277
56309
65116
42518
42921
63720
70388
42950
70391
70402
47934
43388
44297
44437
70138
42795
56193
63235
70384
42844
55576
44766
46141
70461
68011
68013
42600
70386
42923
45071
47655
45978
70462
42522
42585
52990
70448
70444
42667
42708
50970
48454
48876
42962
44466
70188
70242
42531
55786
65405
65445
42966
43137
68269
68272
43667
46693
67993
68010
42931
47958
56309
42929
50543
56148
72336
72343
44738
45342
70003
58051
63215
72217
72225
55373
62246
69511
69512
62493
42912
70177
45092
70178
48742
42958
44731
54110
54310
54324
42733
42664
42666
42703
68488
68499
46670
66040
62582
43182
42695
67790
67797
42570
44326
68486
68487
42921
60774
45300
57684
55660
42602
42603
69853
69868
46168
45274
45617
54360
45629
56485
60679
42565
42808
58784
70159
52577
58723
42562
71766
42569
71764
44321
49217
46211
60679
61138
70161
42812
70413
45208
70104
42880
42890
48244
48400
51514
51549
60337
60359
66111
42696
63667
46038
54496
42983
56486
57490
46602
68853
43158
46278
70225
61954
45234
72653
72657
42579
47123
47124
69115
69116
42831
44164
46535
67366
67367
47362
47395
48297
68965
51943
65389
72046
72116
56630
42587
70411
70409
42589
55525
70462
46207
70463
42632
66068
71627
71647
42632
66068
55970
57225
43425
70426
44768
46009
46021
46197
46309
47022
60758
46309
47022
68689
68761
52717
65733
45100
70389
43380
46442
51451
51459
64614
43218
43225
46234
45841
46234
42611
45360
70371
65531
46054
48128
42644
58584
67431
72510
72517
46369
55844
70369
42738
51845
52147
70373
42613
42740
43380
46442
42739
43566
56193
42615
43526
60708
68652
68663
45383
68652
68653
45358
69865
69867
44552
56523
43334
72643
72644
43383
43550
44959
63519
42759
72614
72649
42623
42640
42744
43356
44921
42626
42729
45206
63154
44224
49663
52995
72548
72551
44549
63859
64941
68695
68712
68695
68696
51248
59324
44288
42780
42737
43357
69669
69676
51210
58936
50345
61331
64499
65489
61331
65489
68893
68895
45391
59513
42714
43526
52422
58077
42742
43556
65828
67276
49467
67429
57024
57795
46506
62759
43134
56648
42702
44300
68444
42669
46098
42651
67050
42665
42655
59514
45135
46022
42657
70149
70151
59632
65051
42771
43333
43336
71190
71457
42953
53473
43544
46283
43581
68443
68500
42931
55967
56593
42672
62031
63636
63856
62035
63868
55970
57225
67435
67440
42677
60808
43222
43727
43877
43417
44242
62880
70322
70325
45052
60104
42681
63254
68491
68493
42681
42819
45053
63254
42684
42778
44662
59533
70071
70072
45332
59070
70039
42689
63642
68492
68503
43279
53063
48807
60573
66079
42769
50341
63639
62819
62899
43304
44326
63019
46305
46509
46476
46540
45125
55606
57103
68442
68453
43611
54025
45068
68451
43489
44234
57905
72103
47901
57230
44503
68697
68699
43646
43733
55457
42838
68006
68007
52933
67368
43463
44405
69937
68450
68697
49564
46075
46015
46133
61494
42719
43406
61450
60107
43558
43329
46970
50290
72361
72374
63347
50226
59597
43540
43676
43680
43783
46475
46120
46570
46501
61567
66081
44960
42864
46074
58766
53266
53361
42783
43518
68662
68664
67711
67726
42972
43495
48149
60973
46103
65861
51891
52151
42740
42741
42795
43371
44740
70359
44196
59463
67275
51451
51459
72504
72522
59655
68663
68664
59176
42853
44492
42771
64968
67427
67428
43191
43463
69936
54182
61470
62152
71482
71505
43351
45391
59355
42760
43355
72317
72337
46043
46090
47853
64117
52533
58225
61244
56989
45837
70412
70413
43600
45296
43279
65532
42785
59339
44079
43279
59459
43281
43080
62333
51729
63371
64687
72508
42775
65034
45251
56451
44686
71130
71131
54809
57838
42784
45166
65794
65854
42865
42972
43457
48104
64250
66096
71591
71841
63112
72104
72106
44795
42872
56302
69935
59383
59458
63433
45119
70428
42793
63152
68449
68450
71458
71467
45176
46018
55576
59383
48465
54721
65079
65067
45068
68451
68453
43302
44852
59213
45130
72067
72101
42963
44285
59458
63433
68440
68441
42867
43299
67190
42892
45563
44907
44164
46535
42841
43182
43184
69932
45996
58223
65142
43244
67311
67312
58063
59309
71855
57785
60259
53232
66181
57205
69502
69568
44478
56290
45939
70182
43670
71899
44118
45937
70149
48444
45249
70447
43740
45976
69198
69205
47178
67028
67030
43675
43187
44404
69933
45502
56689
42848
44055
42850
44374
70453
70461
45147
62217
70459
44769
67065
67072
43745
55154
66067
55814
42895
67442
70394
70454
43781
56267
59126
46023
48134
70388
43202
71660
71663
53850
46092
48981
54800
63528
68099
68100
68051
68062
60954
63397
65568
65577
47833
62602
70664
46062
70642
68697
68706
65831
67760
43663
67442
44981
45129
42875
45962
45092
50880
65112
70626
70627
46191
61342
44842
56494
65229
43023
43024
43169
52435
66208
70024
45257
68049
68057
44031
61644
48973
43143
66456
66457
42891
44829
61867
70229
65413
42905
43158
51912
59416
66186
71848
45921
61644
43067
63216
43685
65420
67444
47508
55344
44023
45985
42902
47508
55559
43073
47934
68271
68272
44602
48517
55162
55559
66825
66826
42906
42907
44255
65055
70244
42979
70345
56600
57379
61290
53455
58386
61866
48009
70179
56565
57503
46045
60946
63379
43667
43769
46693
55675
56127
42946
59068
43098
42926
43169
43171
44188
65851
43172
69955
46187
42973
42962
70188
60969
42932
47958
70173
43787
48356
64270
42984
43023
69928
44527
55572
51974
63457
66256
66258
43108
69959
45940
55536
48033
61915
56931
62832
45214
46224
67839
67840
43783
45972
48432
61093
44835
43077
44835
57611
43965
67430
43099
45644
62258
43413
63366
59068
63210
68254
68255
58095
65912
65964
45232
53608
45396
65116
43617
46047
43101
43081
45265
63171
66454
66455
43414
44036
52936
60763
66072
57488
43247
42977
67431
43134
67402
44277
45396
56271
56778
49529
60445
44839
70228
42987
69930
58013
51229
43012
43016
45498
63562
68080
68333
70069
70085
44538
45301
56830
69872
59003
63275
44519
43789
43010
43012
69931
71638
43003
48184
54160
61003
66082
55454
56080
43005
46908
60139
69813
43708
65917
68009
68256
43310
57248
59207
71777
58558
72051
43016
44638
69930
43952
47335
43119
72112
43023
45053
60007
63268
44459
51527
57399
63177
50205
53614
67517
43029
43029
43045
44443
56980
66424
44756
47891
43029
43030
44641
69929
69928
43045
68216
68223
69819
43125
43083
43147
45370
45759
43156
66071
67119
67121
46641
68202
43042
71680
55462
55950
71641
57660
65581
43765
44384
63387
69961
43082
44402
62057
67993
67994
44384
45411
44806
63346
48743
48752
57178
43735
44806
61342
58292
68509
68510
62634
44684
72153
72169
52889
71899
43069
45463
45627
68258
68259
43087
45627
46635
43070
44068
44231
43071
45627
69767
46635
69755
65195
65420
43663
71876
71877
43146
58017
71908
43081
66465
43917
43948
65862
67428
43137
44694
43131
45536
56458
43086
43087
46597
59780
65351
71122
43090
43091
43090
52207
57071
58257
64171
68212
68269
43758
69768
43107
43115
62620
67497
43096
43108
43131
69959
44073
43114
69960
43343
43910
47593
54387
68211
68222
47139
66527
45548
43137
66071
43107
44306
45860
43106
43107
45860
69822
56737
69811
45294
43133
71834
71907
44060
47139
55013
43758
45435
58407
66385
66386
47316
53404
61061
72776
43343
43584
59325
67500
63376
71858
71816
45474
56386
69815
43690
44708
44708
63220
65162
65221
53472
60850
67499
43133
43332
46243
46908
56399
43138
43150
43151
69957
43166
44369
69958
65800
65952
62094
43474
57079
46421
51964
59008
59132
71887
45536
46689
47016
56363
45285
69816
43159
43163
44214
43159
58461
63434
62083
62919
65928
65932
65962
43662
71880
71884
43598
44044
44045
70227
43580
67472
50317
63196
43909
67443
67514
43166
43172
43918
67443
44548
54329
57041
61119
43174
43172
60984
44213
69954
43175
60944
44653
63548
70438
70446
44208
56519
66501
43183
43184
43856
44155
47419
69924
43771
43774
44155
44365
69934
43197
43463
57616
57616
66537
69904
68525
68775
56995
50101
43291
46251
48429
43581
57074
68079
43210
43412
63397
65577
71476
71478
59139
44614
59274
61477
67814
67818
44540
65992
43716
43895
68555
68572
43228
70052
43552
58390
60945
65966
43214
43773
43215
43856
43772
43857
45492
44888
60087
68502
44337
43219
43503
43919
43594
46234
71594
71595
43581
43251
44098
45600
45656
70105
65137
68544
43806
69853
43228
43304
44326
44171
43270
52829
72249
63640
65532
43236
43239
43504
43720
43504
43508
43511
43240
44218
43241
44217
62902
46045
50335
65340
65683
62955
66152
68503
68504
44202
47393
45662
60707
45662
43252
43877
73257
72034
43256
46904
47057
46878
56958
58960
61213
69881
69911
43939
43342
43858
65862
43905
69861
72101
72104
43272
43276
66618
59213
72075
44238
43277
72250
43337
52132
64577
72248
63859
45581
73042
73052
43319
44978
64531
64580
56693
46137
72785
72786
48301
72273
66718
43432
52552
43288
44287
44394
44396
43579
45643
45697
43958
58693
52815
73269
44360
43294
43399
72279
72286
43307
55978
69624
73309
43903
43906
65015
67443
43330
45268
65759
43777
66160
72073
72121
43635
43878
49892
50177
43399
57106
61994
69197
66611
69813
43390
53352
63231
68469
68470
45571
55328
55460
43493
61573
43328
64831
72248
69876
68497
68504
63336
72709
72710
63351
72300
63094
51357
64154
69959
62333
55309
63460
43349
64476
72249
54622
59930
53242
53353
72147
70343
54387
67496
59958
59103
44180
54069
44919
60578
49663
52995
43526
47559
67583
67584
71092
71093
68651
68653
46103
43371
43612
70358
70359
44131
45070
43366
58697
71917
71919
56317
43910
54387
62333
61791
64950
43369
43465
43462
63016
60973
43456
68712
68713
43465
64133
43375
46183
46164
58778
43465
63967
64044
64694
43566
46005
43382
43505
68646
68662
43385
43527
59355
68653
68710
60668
66663
66758
57684
70005
43722
43393
59665
72310
43396
62079
46170
49485
43396
43397
67432
52922
52922
67403
67515
67516
58584
43550
43567
52800
56648
43406
50424
63352
54607
52562
53096
59468
45191
57905
72103
72104
61473
60514
64688
64818
44215
70052
64355
57482
43417
44242
70106
43513
70108
45485
45684
62541
69728
71953
72206
65857
43470
43896
68601
68605
44183
70347
43638
43669
55144
45788
46600
68322
68323
45084
59955
59215
60330
63653
43608
51553
52973
63335
63643
43452
43476
44225
72338
67981
67988
66529
44234
44315
53063
43443
43451
43619
44868
43619
44312
54308
67133
67160
72118
43646
44234
50970
68499
61214
45768
68445
43488
45068
63366
68490
68491
53530
66924
66929
43494
43498
55528
68718
43495
46639
68706
44264
56367
68709
43499
46167
56133
45334
46183
43483
45768
46183
69937
45876
55344
63494
47147
49465
70104
57801
43484
54231
43631
54321
51023
43482
63372
44560
67850
67923
63435
44968
44647
44418
44704
62215
43714
48768
67925
43495
46639
56367
43587
43896
43497
43937
69339
69342
45981
61722
65001
43617
44914
68488
43616
63435
62360
47586
46164
64699
68723
68708
62025
66139
47323
44958
46164
43525
49881
52130
43524
58612
46421
72320
43523
45841
43508
43511
45662
56741
72291
43720
69867
46301
54050
68743
59621
68447
68454
43755
43764
43640
43666
43529
68655
63102
43573
58277
44182
43569
49516
51356
43538
48433
44953
45013
68661
72289
72290
55482
56524
43572
44953
45013
53230
43532
62999
62394
59040
64786
72340
43583
44359
56353
64787
67795
67895
43577
58065
44869
48546
57926
47870
63799
52681
43946
43966
53386
68698
68700
63116
51852
60841
72151
44909
55593
63352
43702
64637
63547
73152
73153
65370
44196
43824
43972
56060
65555
43967
43973
68807
43972
44166
56060
43684
43817
64866
67943
49611
63519
68648
70359
70386
44205
44959
50288
59496
68936
50689
71049
71052
46210
48574
64330
43724
43984
72534
72552
70576
70578
71189
43739
60643
57232
60743
56354
43902
62092
64644
58470
68842
54674
62694
54231
43590
43591
62536
43592
65038
43592
62208
67849
61065
67847
59990
64550
72031
72032
45841
43596
43597
43601
43971
43601
61886
67845
44504
68276
68277
58052
64726
64727
64824
44103
55433
68715
67847
45136
59621
67843
46808
64518
64557
65004
51404
59655
69730
69731
43614
43621
48301
43781
46005
44314
60775
43630
44966
66520
44318
59876
63120
63389
63866
43630
65037
67872
72012
68447
72074
51458
52974
62413
68446
68447
66152
45860
47155
56737
56810
67843
50867
57642
43636
43788
62415
67873
44063
67941
44085
69907
69908
58707
43712
43966
67871
45608
47155
56419
43672
52631
64329
43665
44423
44092
44093
62345
44338
53186
58449
65159
68445
45052
53478
60104
65796
45319
58077
58593
68484
57309
63494
45388
47331
69607
69608
65032
69863
69865
46342
63187
45988
53687
44844
47644
61918
44490
68262
43682
53421
57011
43666
44242
45660
70107
70108
44832
43683
66283
66288
43672
52873
45431
63416
55308
46083
63209
59802
59805
60052
68212
68214
44773
68282
68283
63220
68214
52492
43970
65047
48532
70231
64742
65400
44324
45320
63109
51599
64186
43829
49175
60717
44723
45541
65243
44676
46256
43732
62440
67918
44338
63144
70913
70930
44007
49750
56869
57624
68221
43702
64637
43892
48682
67871
67941
56103
59250
63358
45538
46002
69193
69198
64596
44561
45476
68011
44556
63489
68004
43942
43946
43725
43769
67927
60191
67919
71624
68220
68222
69855
44540
44813
68004
44198
44248
47075
47451
56633
67914
67918
46693
63168
43735
56482
68060
70040
70041
63175
68060
56728
67913
57988
43746
67943
43822
67940
68053
43738
44341
44531
62572
69824
44784
63073
71666
43743
45608
47155
69825
45606
69809
44366
63387
53401
62440
43748
43749
69772
43750
69761
62038
43752
43753
47106
69775
44271
45472
69759
44229
60710
60066
60290
65256
71489
56774
65371
58166
69753
68000
68055
43778
44071
45165
50314
61203
61760
64650
43971
43997
67848
43941
44810
68058
44553
65343
44109
66933
66935
61560
44832
59267
69913
69916
56544
43773
44085
69907
69910
47419
43777
62283
66379
45736
52815
66377
68170
68171
43983
56727
43782
53850
68062
68063
43787
68039
43940
43941
61585
54578
59271
44634
55933
71677
71678
71651
43795
44624
44834
46507
43796
70239
70240
44586
44834
45880
43819
58466
67979
45880
66668
66680
67844
43809
64701
44682
68176
68177
43973
68092
44051
65668
68162
43812
47320
48099
69920
45170
51746
63543
45815
45895
68193
68196
45431
63416
68271
68280
54099
44406
64899
66027
70261
70263
60582
64899
66027
44321
44515
43818
56197
67945
54224
47009
51915
58821
62949
43892
67941
44465
47622
66655
66656
43826
44070
43871
44063
44289
46642
47437
43852
47141
66127
64918
43844
45878
48102
61756
47019
47027
47343
58758
69738
43837
57728
57819
63194
43842
44826
44382
62748
67887
67891
63485
60076
44008
54589
61538
46751
61448
63465
43917
67447
43850
47727
61502
50645
71186
71206
60664
61328
62756
60717
68382
68386
60880
43861
52919
43865
58538
55451
60673
45363
50779
67496
45595
61153
66918
66919
51093
67403
67473
55289
61113
66467
43900
52523
63856
64681
64754
44007
51273
43868
59427
67502
67477
52612
68371
68376
43878
67941
67945
51093
51469
67473
48998
49441
44418
44454
68179
46330
48245
62860
43918
43925
59195
63454
68184
43884
44117
68457
63023
68455
43886
44134
57750
68473
43887
68472
44134
44876
44254
45445
56620
43966
53386
56767
46529
67472
45107
45114
64831
64832
43957
44071
65152
73235
73236
73064
66575
69869
67430
67500
43909
67445
51286
43980
64909
47175
62092
63751
67514
63998
67518
66477
64466
72243
46737
68968
68970
67445
45270
67191
64788
69868
64267
66424
66495
64267
43925
69815
45582
46053
43939
44149
51646
63061
43934
43932
45481
69824
44341
44531
65875
44163
47323
45756
65914
69869
65361
67872
67873
43944
67870
67871
64654
64661
72054
43946
43977
44731
62609
43955
43956
67447
68190
58076
61936
63409
66073
67025
56399
44884
45336
46038
63023
61305
62665
47206
66085
72100
72105
44960
59513
43963
44035
67405
67403
44248
44480
53473
67432
62415
43974
60822
57385
66041
61998
43974
44056
47104
45761
43987
48682
67871
62088
67914
61694
67922
67914
43986
67869
46845
46847
55695
66698
66700
44003
56795
43995
68673
43995
57587
67846
67844
67433
67437
67846
61695
67852
68620
44002
44002
62536
67850
65038
67848
45016
45491
48374
63717
60819
65663
47084
54449
51766
51786
52577
58723
44986
47151
68366
53388
44015
44983
56659
44997
45540
47082
47085
47127
48576
59433
44074
50323
60819
68399
45604
47138
63649
46510
46619
48448
68129
45448
44407
64744
44029
45165
45575
60778
52766
52770
73255
73256
48833
57134
68167
45267
46687
46590
53604
45020
59638
70383
70398
47085
44036
46529
65353
65792
59633
44048
47097
44041
66843
66844
44090
48212
55118
45588
55918
47109
62017
47109
47117
68165
52903
52912
56839
68139
68143
69763
47085
68164
44191
45227
45495
44930
45230
44212
45021
60600
45020
59638
68092
68159
53848
65233
46279
60684
68136
48627
52074
60105
70851
70852
44070
61075
68702
68703
44090
56716
56260
45339
45526
69767
46652
44072
68171
68173
56498
57827
68400
47465
48887
47476
48908
61596
46375
47324
52807
63701
44097
45024
45401
47223
48104
45568
51117
44303
44304
47051
47224
44086
47051
60722
68396
44094
47219
58266
68143
45146
69000
48360
47132
53178
44144
44144
64627
65265
68141
45272
45343
68143
57265
45164
68325
68396
61053
70040
68669
68673
44972
68385
44109
62185
53101
59896
69429
46683
72318
44107
44128
44132
45487
44932
45039
64548
64551
44107
45555
60673
62302
44115
47561
57918
44113
50331
70051
70103
47027
69075
69076
44512
50010
66059
44120
44122
44148
47427
56724
45048
53608
51376
63034
68455
44996
68367
45232
59241
72047
58064
64488
64654
44305
55510
57374
56499
70066
61592
56353
69915
44732
63696
68460
44139
68361
56353
56525
49904
59432
44329
45049
65773
68470
44881
56465
61408
46254
47156
47191
68360
47191
60899
44146
45708
62817
44989
47151
62878
44319
46250
50640
63231
44469
44487
66589
66594
47142
47154
47437
48655
62929
64800
44153
52428
47146
68363
50935
66560
62545
44909
53779
53808
44323
52206
63061
64565
60673
62302
45267
46687
70229
70230
44322
44711
44712
53951
72365
72366
44416
72047
44166
53950
57060
44375
69875
45154
60289
73012
53954
44283
47158
47159
44455
44482
44655
66686
70052
44180
68746
44206
59197
72298
72299
69930
48271
65339
68292
46036
44248
44353
47170
68747
45008
44205
68662
60944
69953
44190
61868
67248
67252
52923
44197
60984
69955
44448
46715
54427
63080
44259
44918
59194
63234
44615
58499
45402
47566
59267
47170
44457
44480
56529
44447
44479
45493
44202
62902
70048
70071
46466
49376
56300
44930
60616
66518
46170
64746
46588
52407
53014
52729
44214
69955
69957
56380
70050
55341
66821
44218
70048
70050
53533
51789
44977
55003
44489
46718
68571
63154
68710
68713
63336
72090
72091
66524
44295
55479
69777
45472
45515
46307
64649
70555
45473
54078
73154
73156
45639
45812
59672
65027
71945
59099
71932
64769
58450
71977
71992
68519
44448
45804
46715
70108
49709
53314
59441
64882
46702
46899
44450
70145
48656
68228
68232
44563
54091
54292
44254
45896
46118
46700
68796
44821
45927
57252
57260
63595
44942
58114
64618
69838
45227
59051
72266
72267
68514
45240
55636
61502
68707
63250
63449
45693
51887
45192
69759
44822
70348
51674
55683
56436
47303
60716
61310
46267
54670
66781
45236
46260
45686
45649
45685
70031
62926
44524
46295
49344
46842
49344
59460
63357
46526
56564
70037
45122
47433
48964
60738
69997
62517
71414
71417
47643
49376
71413
71428
45693
56378
69773
70408
70414
45693
45734
45293
70005
59240
54308
45335
45514
56612
69774
44303
44310
45474
69823
56643
61146
45832
55474
45330
45517
61146
55016
66499
44570
61773
69823
54149
67044
67045
44318
66511
68756
68760
49451
52912
57476
64075
46154
44658
46647
68467
57901
63107
64322
60579
63594
46696
52758
68826
68827
53608
68456
44902
44356
45344
45642
70007
55411
66729
47513
66486
44339
45341
46689
45481
46651
65875
68972
55242
55334
55459
44531
69817
44412
62438
68239
62572
49734
63823
69041
65550
71542
71544
44479
45418
69905
44447
45357
46991
48146
48148
59874
69838
69839
45245
45767
70004
44390
45199
69996
45792
46727
69908
73270
44358
45416
66548
45398
70000
66203
73271
73272
44362
47423
47539
44433
44592
56354
47416
47425
69917
45433
44383
63212
69933
63377
68442
68443
44391
45450
70032
70035
44401
69958
44396
44644
70035
67908
66313
66320
44639
44646
68825
44619
45440
69874
45397
57882
46651
56386
69815
52685
49505
61659
56147
69671
63478
68053
44545
60012
44810
62756
62835
62852
62980
67319
67331
45433
65300
70981
70982
45415
66215
44645
45466
44516
66464
66469
45462
45769
45888
69769
44395
66210
45497
45524
45508
70037
44400
44792
68226
44453
44473
71854
71859
45524
45645
70030
48656
68228
58191
61780
69962
44410
69764
69933
70064
62295
45395
71538
71545
45329
45479
56419
69825
69766
47335
69827
68241
45289
46756
68768
68841
55459
72166
72167
58601
64491
64525
44728
44749
45585
68245
44419
44705
44454
52917
44479
44480
44484
69903
59345
59346
60437
45440
69876
45660
63570
57568
63570
65418
68177
46696
65231
68827
59778
68825
57752
64386
65323
53607
70001
46903
46981
69884
45404
45246
57684
57169
64376
44649
44861
46809
45406
68200
44591
45664
69962
70032
44449
68214
73238
55999
65848
44484
68277
45552
47073
64696
44456
69921
63571
65220
44746
68178
63016
56428
56524
72292
72319
53751
63420
45363
69907
44845
46858
68838
45634
45690
45727
70116
45113
47621
53780
56762
61427
69914
45396
46484
44596
44741
63476
44471
45612
55438
64050
66196
66196
70112
63571
65230
47073
53398
70142
45847
69878
69879
71883
71884
69903
69904
54224
54225
63302
67964
63016
66690
58450
59611
46991
45581
44742
70002
68570
44804
63416
68280
57059
65199
45447
56419
44815
54427
68580
44788
47147
61163
57490
70211
44513
44789
68581
56271
61867
53508
68055
68059
66059
70051
44507
45812
44516
45579
45605
51898
63458
70103
68839
45770
58442
66092
63605
70049
45444
66438
60089
45965
52779
58869
70885
70886
60617
68218
68219
71352
71354
47508
55534
70233
63001
69824
53209
60784
61687
44549
44564
70070
44536
63053
68838
46895
47058
69834
46876
68582
52475
70235
70236
53582
59167
68003
56113
54276
59057
59264
44547
53332
68582
53836
68584
53398
46541
62919
66430
44786
57832
68265
63690
68265
60069
66108
45863
55479
56272
69770
45936
68001
68012
44677
45265
63171
65420
70234
70236
45888
69769
63160
44571
72827
72828
59533
70072
69501
70235
70246
44571
44792
45359
67398
67399
44589
70002
48656
58104
44578
45804
68577
47169
64444
69120
44801
48989
49181
55498
44610
44613
67969
63302
67964
67968
46917
68573
52843
70133
46168
70240
70241
44582
45658
47046
68612
58310
68575
46194
44585
44874
44816
44945
70186
44625
44957
70190
67065
64182
70134
44695
62615
44593
44716
70001
44941
45367
69999
49978
53091
44600
45456
44624
46179
55367
70243
44607
44616
44744
68844
68845
44607
54224
44610
63302
44616
45356
45482
57196
47686
45679
67966
59117
71622
44744
46223
45426
45166
60422
66002
55159
63485
62483
70000
60640
64878
57645
60640
55532
70239
66830
70239
46621
52475
63485
44641
65344
44928
66015
56804
66359
55136
67263
68041
61535
67040
44813
67241
67244
44641
69931
46842
49344
68824
69929
46465
44716
45221
69994
45483
70035
44706
45664
70032
46847
68825
57866
55782
68753
68823
45599
62339
63815
66201
45187
45190
70030
44674
66211
70029
44688
44658
45190
49763
63486
67774
68050
44674
66220
44673
70024
46780
49680
63698
68014
55933
53715
45518
54757
44668
44673
45014
65092
65871
66015
70191
44671
44786
44782
44673
55820
66208
44711
53951
69956
70023
53951
70023
46865
52557
53962
45219
63211
68270
68274
57725
68254
68271
48184
64696
51429
67241
44782
71887
45198
70029
45043
46699
44990
45254
54758
51253
44773
56980
68199
64357
44751
46155
67615
67622
45431
68280
60747
45742
53903
53641
63413
64696
68176
44750
45503
49727
70033
45333
52225
58862
46641
54991
66380
66592
44717
45450
70032
63144
68220
63221
70679
57866
54864
62601
55217
52152
58116
69323
69325
45443
65344
69994
60323
48815
45745
63010
68179
71859
71860
46230
48483
44907
60054
45991
68190
55359
66023
46494
48321
48133
51259
44850
46842
68824
45375
69999
60572
60971
70361
49978
50986
45364
70003
70401
70406
44752
44762
46124
53128
63431
68209
71850
44796
45353
57599
63010
63010
44753
46056
45353
62860
68390
44757
54484
57021
44784
46141
48333
56962
47378
56766
71822
71826
58621
45106
70395
70396
56766
66176
44776
70398
59216
60330
60341
60343
58716
59063
68177
68200
44779
70348
46373
59323
60533
64956
50654
52009
47891
50350
53794
54775
69954
45534
59741
58606
59063
65414
45871
68267
68268
48505
68267
45014
45646
70026
44789
48694
59134
61769
64401
64453
61883
50507
61661
56787
44848
54603
63533
55309
57566
65520
46016
66934
66936
59740
62019
52511
52593
57038
71500
44811
48071
68061
52043
61919
59979
47759
56457
56626
49764
56295
70184
45694
56092
63467
52491
60013
65198
68887
57323
66785
45456
45460
65054
56830
70237
70346
48557
45842
56463
61361
64546
45679
66796
66830
45457
45267
56564
46173
58684
72925
72926
44843
46385
70242
44837
56792
47934
49894
45465
57389
63172
64906
45267
54122
70230
54224
58466
60512
51296
60068
65260
68010
67414
67416
63053
66174
68838
48377
55367
59890
53839
48163
65549
44853
57667
68826
59276
48292
52758
45275
70183
55195
51365
68355
68359
49719
51651
52908
51251
55892
63567
45779
46117
48145
62063
68726
55551
48422
48955
61630
62108
44903
45262
46615
65421
71492
71494
59304
65354
58150
45178
52774
58769
53836
54092
70203
44876
44877
44974
46107
45044
52229
45072
45972
70450
51947
63229
57917
44884
44886
59050
66747
44889
46561
44915
45155
46012
70344
59450
45055
46101
45107
45321
54348
68605
46626
52260
52862
44895
45336
66762
63696
52875
68482
68483
45991
45251
56451
63407
70450
45680
46176
45049
70402
70403
68456
68483
68561
68565
65406
45047
72566
72589
45250
55234
55414
59521
44919
46176
66209
70274
46109
70343
47499
54524
69296
69398
44920
45168
46180
45495
55256
66264
69971
47690
46613
47536
60291
44926
44927
44935
45658
60524
62243
44933
62624
45231
51823
53649
45185
44933
48799
64646
64761
53533
63407
44936
60475
65044
72182
55358
52551
58182
59206
44947
47385
47417
66828
66849
64756
64908
63232
46377
46712
68539
55367
53186
70935
71003
45206
58778
46545
70185
70186
55760
60071
61653
66764
66765
45033
52849
47952
48472
46196
48331
56792
65447
68563
68568
68908
68913
46675
70187
72285
72286
53777
53919
46182
47529
47954
46112
63890
68385
68383
51441
68902
68919
46627
60009
44976
44982
68367
68368
44983
59594
60464
45007
70192
70193
45234
62966
63185
44983
56659
46378
55555
61107
61124
44987
44989
68366
44997
45003
68365
45006
68397
68398
45012
45179
70403
70407
61475
45184
55399
56789
70456
45184
65433
56269
65303
45003
68365
45002
45543
45365
46551
58724
46208
65857
45001
45003
60723
45012
70493
70494
45006
47227
52824
52324
60767
59496
65733
49174
49179
70875
70943
67046
67066
57852
62091
60708
68654
45676
70028
53037
55015
68802
45018
67107
67122
45026
48370
67705
45124
68921
45060
45163
45164
45453
46018
54598
53346
58894
64439
60768
45048
55542
56685
63364
49564
45152
45259
45266
54154
45043
45180
45783
53040
56777
64646
45168
70274
72309
72310
45259
46405
46576
45179
54450
57281
66212
60130
65488
72021
59432
56812
58850
62253
71474
71497
46102
56628
45064
45295
66400
66401
52756
60016
60809
64748
45066
45065
63674
46134
46618
57750
45350
61596
45700
51288
68022
68099
59644
58409
66070
70181
57806
60258
45523
70174
58079
64716
71506
67529
67531
46280
60123
45081
56261
46200
54322
56485
70182
57505
59721
64462
64464
64543
62317
64025
46184
46265
68675
46184
46265
45090
46200
46299
70451
70452
46224
55535
56261
55591
46014
46644
54494
45103
45101
46299
54966
70614
46354
60833
64607
46066
70665
46325
54537
68678
46403
57402
58363
50189
50584
56783
63252
46095
70385
60627
65135
45123
54882
68601
45116
46354
46362
46655
48325
68678
45121
58171
70426
46639
48104
45987
68600
68922
62587
54063
61938
62021
45139
59328
45134
47327
50323
54303
71610
71611
46375
63701
65440
65297
68447
68448
45589
61669
68070
68071
72249
68696
68714
46324
46549
57921
64734
66001
45671
48935
68072
45283
46499
48290
63752
50586
70463
67462
45276
45557
60625
47073
54737
70142
70145
66629
46699
70276
67097
67112
45837
45935
70413
45156
45157
45173
45172
45174
70274
70344
45423
48693
60592
46432
46454
60758
47909
60651
64347
64133
56825
46603
45576
45986
66096
46421
47412
59522
70273
46607
51129
51740
47125
61225
68168
45175
45174
45175
66209
66209
65447
47292
65402
45183
45263
70276
54456
59634
72533
72550
68502
68504
45783
70278
46511
70458
45230
68657
72299
47236
49018
61421
45645
70030
51538
45197
66211
49446
45646
45798
47918
55191
56462
64879
47979
54325
58318
45198
45539
55354
66211
46186
68694
45539
45645
45524
45528
46610
66215
69998
46229
46648
46193
49259
72308
46610
48964
69997
69998
67017
45210
45212
51729
51114
58562
49195
46192
64158
45213
46169
46198
68622
46314
54536
45218
63855
45223
45422
45449
72500
72502
45443
69994
69998
45226
47140
66800
67064
47124
48489
45233
45293
45364
47789
47841
45355
45366
53549
62961
69492
69496
47816
46171
45919
55918
67925
72795
72822
45242
65779
58624
67074
67075
56804
45673
45693
48846
68632
46143
70448
56746
48432
53476
63715
68638
50468
50957
59330
45924
52875
64911
70712
70713
55241
66829
45263
46165
45992
70228
63343
45266
70275
70276
45270
67190
48601
55229
56588
62557
67191
45331
58266
68142
47212
68136
65051
65232
70176
55105
63608
54721
61256
46436
58387
64645
46596
62220
70068
70139
60243
63196
63365
67033
66162
70246
70247
61712
62153
45337
46327
46364
59637
47953
48929
48932
57677
45292
46125
45300
45517
69822
46241
46023
49101
56195
50473
46604
68411
46939
46965
47353
45305
46264
45638
56641
69776
45311
58434
72030
72035
46063
65667
46611
47067
45513
55434
69765
45314
54350
46560
46628
62439
63674
47490
47502
45515
56612
62249
63714
56479
45326
45728
45331
45597
45889
60046
45825
46051
46070
45447
56358
69827
45479
45860
69822
45437
56190
56563
57485
64231
68723
68724
45515
69774
65197
46094
46266
46634
66512
66513
45463
69767
46051
66093
56742
61142
69817
45344
45366
66202
46711
47220
58266
45355
45398
66580
63612
48651
54166
54319
59457
59585
71746
52807
66193
67458
67460
57211
58966
66115
45387
52707
68873
68885
45641
45426
67969
45363
56525
56741
58104
68231
45369
46043
45610
45934
58579
45492
45366
66202
57645
45380
45399
45370
70370
70371
45378
64512
64517
60060
71487
71488
65892
65893
71587
71591
45380
45398
45399
46007
68234
45832
55747
66203
66071
68282
45530
55338
66573
45391
58590
54234
56544
46061
59741
65950
45585
45651
54252
55760
56707
49218
62042
62051
64758
45393
45857
56683
45912
54252
57207
59881
47523
66203
69999
70000
57157
57164
58072
64638
45453
47205
69916
69926
47532
66564
45407
59915
45440
55533
62565
56520
45414
45419
65951
71433
69866
69913
45417
45417
66216
45418
73271
45419
45493
45792
66216
60679
70161
70180
60427
45423
45477
45424
45449
66215
65032
65416
67968
45455
65277
63610
68268
45437
48170
68140
45525
56092
71487
71491
45785
68037
45659
57026
60262
58164
66060
68142
50562
54920
56561
63728
47406
72699
72767
69874
51997
58034
71501
45950
45449
66215
58623
66439
45927
46290
45448
68398
68140
45466
45477
45459
45694
54759
58993
63197
66070
70181
70192
45931
63538
45499
63302
53496
65186
45814
68030
45814
45950
54768
45499
67982
56378
69773
47134
45516
45938
53113
67987
59401
66217
58110
60319
66175
45674
59319
67987
45763
62038
45558
45785
57126
52788
72778
56258
69819
54032
54293
68008
66217
64450
64519
47155
69825
69826
71633
45485
45535
45885
60592
64825
66920
66924
45555
56525
69915
46006
63277
45491
62843
68380
47176
68401
55451
69907
46727
45701
55849
68081
45504
45511
56515
67968
63400
65284
47586
61142
45504
45508
45511
53882
66210
55418
46021
68380
66210
45930
45557
52469
65187
70033
70037
45989
68074
47134
56300
69776
45652
45846
67970
56643
69822
54778
71672
45700
68099
46187
70232
45539
45716
67969
56612
69774
48586
61663
66211
70029
70030
45928
66572
46006
49563
54411
65714
65735
45747
45778
68318
67983
68235
45544
56766
59434
65937
45543
68604
55298
57788
65173
68372
60863
68365
55482
45712
69946
65156
65346
68320
55361
52324
53427
62315
70113
45994
46221
65595
45572
47077
55348
45574
58469
68181
55451
69924
45573
68036
68038
46060
46330
57599
68239
45855
64663
61072
70064
45564
55423
63680
63889
47568
73129
73147
60447
65298
46884
55429
69850
55085
57809
45821
62762
45912
68249
45576
68172
68170
46053
63431
68180
55098
62339
66201
54242
62446
68182
68183
56000
60977
45586
58179
68294
45744
45912
54128
58085
63614
65339
67924
48586
48594
61663
45592
68514
68579
49273
45594
56330
56356
60628
45599
45612
70112
45909
71727
71729
45749
46550
68198
66196
70112
70115
63930
70113
45660
45811
45915
46594
58681
45915
46594
70216
70221
57902
45633
53427
62868
45609
50372
45609
55333
62572
45613
66201
62747
62787
45615
45808
70110
70106
46641
68201
68202
59503
70136
45929
62136
64071
58582
68195
68196
54593
63493
65690
52538
52793
58423
60644
46767
69763
53969
45661
45816
61965
66000
45857
66114
45788
46600
54232
65407
70117
45709
53143
45808
45810
70110
70111
54140
63533
71065
47253
69776
45729
45808
45642
45748
70006
45642
45752
70007
45684
45702
45648
70026
45648
45704
45795
45798
45706
70025
70036
47490
69777
45744
45910
46056
56258
69774
47297
64648
53265
72013
45725
45891
68198
45660
48784
70107
47080
57995
52612
57130
45663
70115
66201
70117
61780
68183
68248
45667
58524
66114
45675
45884
59538
64648
61780
57677
57265
45735
70004
47820
67988
45857
45859
45677
45681
70028
59229
63310
65410
63405
67966
45681
46176
70027
51929
51930
52245
57417
46610
45816
45817
45690
45727
45810
45877
60726
70001
45697
45702
70036
63402
68024
49248
65028
70034
50035
45706
45706
70025
67595
67597
68082
69938
45782
59970
45955
68030
45718
54175
45722
58486
68080
68081
69936
70063
54175
68077
68109
64182
53511
69878
66145
68197
53761
55783
70111
45749
45891
57902
47429
54738
69131
45732
45735
70137
46727
73270
45949
54872
65709
62178
62770
64852
70593
70595
45748
45757
56749
70006
53986
68180
46461
49677
52745
68245
68249
58469
55433
58151
68335
45752
45754
45815
53988
57568
68335
64165
45767
47600
56749
45778
45885
69873
45767
70004
68297
68322
65075
65217
45788
54232
61693
62467
54243
69772
72436
72447
54032
54294
63653
50415
48184
56961
45929
48915
48918
45881
58606
59063
68252
57809
67178
67180
68376
68377
68321
48138
63452
68753
54496
57915
66093
59286
68074
68105
45949
55605
68038
46116
45790
45795
70031
45798
45799
69905
73271
56541
63187
68020
53965
70025
64666
64803
66168
68101
68112
45945
51169
61320
64772
66218
69840
69841
45833
46733
58734
59079
45824
61339
73020
73024
68021
45812
72432
72449
45819
70116
58164
63020
45820
61965
73260
45950
54768
68038
53712
56938
60728
61032
46876
49273
57952
45890
46048
64356
68898
68899
45829
69833
63611
69890
46917
46947
63787
53428
59386
60938
45994
65595
54140
54233
59505
63404
51817
59978
54580
63145
72438
56449
59541
63460
52832
45960
54353
45938
45961
57247
46176
46180
62044
70027
69745
69746
47054
56506
63314
53868
63565
45920
66212
46929
54608
66044
64494
72053
66628
63522
63522
68248
68251
67973
68033
69753
46766
49783
57537
47860
49375
54345
57286
63626
70053
70109
57443
69838
52721
54989
66828
66835
65779
45923
54026
54589
61509
53132
55595
64285
63566
56300
69776
45884
45910
68249
59149
68253
56728
57587
67846
67913
47471
47641
45890
46550
53988
59858
63158
68359
50703
52531
53985
46072
55139
62161
66602
46665
47196
54353
51023
60345
69891
63819
52874
56600
59453
72396
47008
46728
47471
47641
51971
54170
54252
59149
69804
58469
50316
57738
61287
47101
59231
69758
56244
72986
54223
68042
68164
69743
70211
66049
68019
65387
45955
66204
63175
64041
63180
60251
60368
45968
46305
70427
56092
63467
67971
45948
70411
70163
70447
45997
59230
50301
50363
63599
47951
60477
66643
66646
67741
67754
45947
70160
70162
54603
55343
66884
66895
70184
47194
47203
57581
69845
49412
53342
60368
56497
70176
45966
46215
70158
48333
67021
70160
68174
68175
70408
56279
65291
70163
61344
71288
71289
45987
46507
56301
70240
70247
48130
56778
62022
70397
73131
46028
58715
70444
48313
70194
54359
68121
49661
55525
62243
46028
46312
56181
47483
59278
63315
46741
69832
63696
70226
47106
69775
46066
66446
56631
53144
55520
55595
71693
71698
59434
67777
67778
61475
70359
68000
68002
55845
68252
46014
60988
68381
68384
46025
47923
70459
48779
64674
46131
68235
68236
46317
70397
50028
55553
62574
60146
70390
56240
70384
54233
63404
67984
60417
46147
70410
51657
52738
57313
58240
48767
48810
46084
65197
68459
46131
60814
70425
46078
62603
66967
57485
63223
59508
65645
46315
46074
58766
60083
63444
46054
70392
63357
68280
68281
70360
54366
59117
59337
70390
46060
63010
46124
68245
46086
70368
68314
68381
68301
68176
70369
46065
46326
48413
70392
54791
62811
57036
63852
54366
68194
51674
54189
48826
63035
51577
50047
60959
66978
68518
68550
53811
61583
49797
46560
46628
70171
70172
56407
66615
62018
67022
46088
55844
53822
55836
57158
55967
46099
68461
60385
69795
69802
70387
70404
46634
68478
60799
46561
68473
67752
67753
55834
55835
62944
46627
68472
73112
73113
65535
55800
56793
67032
67036
46114
57510
46135
46329
46359
46370
59874
61902
46257
70415
70416
61382
67020
67021
46511
70457
70458
47575
48113
58530
68246
46533
46599
46608
49387
49393
53259
53362
63106
55542
57590
62962
51660
68971
46608
46133
70423
46133
46446
46515
64801
63674
68478
46136
46333
46474
51910
59459
54059
67553
46533
46599
68413
68414
51322
59048
64757
67561
67563
46476
68426
68523
46227
46666
49220
61649
46238
65595
70412
46233
52494
46468
47901
70425
46152
46555
60629
48306
57978
59046
49217
46516
56857
46158
46160
46416
48404
71554
71565
48406
55165
55120
62483
72790
72791
47508
48517
70233
46316
46379
51376
49881
56301
46314
68690
56583
66066
54341
46300
63700
68635
48522
52446
57683
48796
46507
60578
70273
46420
48065
48380
63510
46860
60920
65069
68693
68693
60898
72620
72621
56820
60639
46581
56820
47140
56720
68695
68703
63634
70189
70442
66852
66879
63499
46314
46231
46616
55030
55347
46270
46436
59525
67048
46363
63501
68621
46205
46206
46565
46208
56226
57754
71366
71367
63130
68903
68905
47742
70159
46213
48326
46382
46564
58547
46220
47742
61138
66063
49052
62624
52842
54052
46226
46392
54156
46697
54322
60574
58784
65071
66130
46230
53580
56816
46546
68425
61943
46304
68392
68401
46460
68450
68454
46392
48317
70412
68688
63548
70446
46601
46624
55530
48311
63084
68412
47848
46271
70935
57409
57415
46276
60969
62262
62482
68469
66705
66706
54511
57721
58162
46269
46438
47444
57087
58781
65071
70158
52654
62731
48317
55907
59596
46265
46534
56200
70210
46316
46379
52404
47863
70361
47377
46477
54357
46561
63627
67934
67944
46312
70428
70941
66164
47388
70954
46318
63632
68694
69196
69263
46277
46419
55859
58352
65615
48380
56200
56562
46290
46595
46593
46284
46839
59212
61218
47379
47383
47410
70934
68971
68972
50500
72235
68419
68420
48513
55987
60204
46293
46299
54537
56450
63511
68676
68677
68650
68658
60617
46298
63687
71199
71200
46298
63687
60520
63511
62245
47043
56452
64070
46306
54050
48181
60629
68623
68735
63134
48267
68934
68936
48183
48493
60629
63786
70409
46371
47865
48361
70362
64419
46469
47853
70370
68937
68941
55576
70398
55881
72540
72561
68691
68692
56161
56631
50531
56196
56239
70653
63204
63503
56450
68679
54496
48567
70461
70363
46332
48420
70433
48152
70429
46446
48152
46336
54352
73063
73066
46336
54352
63583
63862
63864
48415
48584
49191
64773
46618
46634
49818
63511
48063
46354
46532
48325
59201
47852
53734
54985
56640
46352
48135
54985
61183
46356
55583
56640
70376
62041
46371
46508
56205
47414
47417
63502
70935
47883
56640
70381
47861
48453
48754
46493
46356
47852
60951
65749
56908
67044
46360
70365
70363
46497
70363
63575
46378
59201
68425
57920
68429
46366
46504
65035
70364
46508
53734
70362
46371
48149
48007
70371
56263
64159
68428
47383
47410
47422
63597
46666
63934
46655
47627
52799
65333
67828
67836
64617
46581
48350
46455
60374
46488
46589
46646
46387
46401
70164
46398
70168
48256
46390
46398
46399
46517
60570
46457
65071
70162
70166
71517
71519
63390
46531
46602
48358
57954
55399
48273
48496
46400
48275
48273
70421
70164
49981
50019
51679
48343
54632
68300
46429
46568
56821
46565
60599
70166
60402
68541
46411
46583
54043
60402
57647
63107
70672
70683
56760
66793
46580
48406
46445
59141
46594
56562
70216
46586
63515
58765
63591
67292
67296
46424
46425
48267
68689
68692
46516
48267
63499
60828
68226
68227
46648
70415
46538
58087
46557
63153
47022
68761
56823
46435
46437
63148
48116
48486
70418
66164
46555
65908
70433
54464
46518
54926
70445
46505
53906
48784
59332
60826
66576
46474
54332
57614
70725
46452
68095
68111
63767
64056
68982
55195
46481
47236
46676
53021
64734
68761
55827
59087
50856
56817
60601
68774
68777
46490
48558
58452
68795
68798
48301
52657
53646
54571
49375
68519
47809
48431
70504
70506
54041
68524
63582
48181
70427
57059
60951
70372
58682
57072
68515
68522
64801
70429
68738
68763
46605
59636
54312
68546
55037
58435
63683
48786
68673
68678
50532
50533
62943
48367
48442
48744
50533
62943
46487
50531
70653
50530
70657
46606
63373
53214
48054
48450
70644
47866
56194
70830
70846
61674
63427
46532
70400
70407
68414
68474
68521
56263
70363
50691
50430
66162
61252
47871
48137
54337
47867
50710
55583
65749
49467
47867
56263
68981
57541
68726
59525
67021
67048
68165
56304
60814
70416
58715
62407
56920
48326
48541
70164
59968
63139
62540
67522
56874
57513
68636
68637
63067
68424
68676
55859
64864
70212
61093
56982
68413
68426
56820
70152
54347
69814
46590
47118
46648
70415
70422
55059
56326
68674
68691
68429
62548
70185
70196
53783
57654
63503
67997
68008
68194
57405
61184
48487
59850
70431
48493
70414
46566
54350
46560
60599
70171
48097
70177
70194
46568
48350
70166
68459
56760
70168
70148
70165
53984
68463
68476
47987
56312
70169
60599
54282
58469
46574
58627
72469
72722
48401
48404
53987
63429
68300
47839
65699
68463
68464
46586
48218
48657
49011
46658
48526
48535
70217
70218
47946
48065
67852
46612
48722
46606
57467
46704
56859
68752
68757
48448
47205
52346
63945
47148
60558
65679
46620
54707
48124
63067
68325
68412
68523
63543
69206
69207
58695
48693
47254
46779
47291
49832
59839
63068
65218
55315
56816
46633
60827
47307
46624
68475
70190
56720
68479
54707
68471
47706
48091
65137
47490
64897
68312
47177
68378
67515
63402
59447
62015
64990
47431
68293
48215
48392
63373
60009
68465
47779
55339
69826
68279
68283
69826
56572
56965
48463
48464
47141
52242
68381
49009
49192
68291
63879
46660
49447
50841
46807
69393
69409
47049
47512
48197
58292
48200
68505
47584
55312
60837
47908
46751
68570
68573
47640
60713
63049
67343
67378
59711
59712
57351
57468
57477
54272
68834
48113
60709
68753
46679
66163
68840
55232
68776
68735
57527
60727
72907
72939
46756
68841
46779
47291
68510
68576
49309
53458
46764
46782
48145
55433
62486
68623
68636
53926
58328
64151
48244
56565
61325
61383
62841
56742
65566
48881
50590
61335
47047
48445
69219
69220
60025
66945
66126
66163
68795
48434
49460
70434
70502
46891
57737
46705
48437
58091
47183
69445
69450
53921
58603
68506
66868
66875
46733
57427
72426
51379
59650
72533
46971
48516
68806
57360
67421
67422
59239
46979
66406
46726
46981
60662
46728
46730
47387
69882
46730
46820
46981
69884
46868
69882
46759
47778
47055
60899
63932
68576
68577
46740
47133
46736
47387
56351
69896
47625
60662
69901
52649
48389
48399
47427
68293
46742
56719
69832
46852
47058
69834
58634
46745
65713
46748
46748
47300
69851
69846
46768
55340
69218
46917
46753
46773
46989
46761
51386
62205
66270
46791
54229
55611
55876
47577
54807
60643
47045
47093
49043
55929
59601
47491
56615
69982
69983
46768
47108
61261
46836
56617
46845
47208
46777
46832
60077
46832
60719
55434
69765
46775
47283
46776
48294
50886
50893
46821
47651
56700
46821
56700
69782
69784
46774
46775
69117
69118
46774
46775
48291
46990
47400
51275
54145
46957
60719
69751
46781
47536
54188
60206
62147
63239
72978
46850
66921
66955
46793
68823
46788
46966
46974
46791
50796
54229
56293
46905
47026
47038
63445
53369
55497
60870
68819
53944
52872
62174
46798
64249
46810
50510
69203
56229
73266
46868
47181
56230
69883
46805
47012
47296
69785
46817
46846
46844
69783
47060
48329
49933
58506
64459
63520
68823
48329
48466
69202
48328
53928
53510
69426
55441
65348
46821
46964
46973
47651
46904
47296
69785
46817
46846
71624
71626
47040
48329
50549
53298
55594
64622
46823
46869
47181
46830
46950
69784
69786
46824
69884
69885
46869
46984
47614
46833
46836
47270
60641
46840
59778
63520
58903
63969
63321
72571
47365
46832
46833
47259
60641
56617
69752
50557
55211
61133
46851
63017
48464
62355
65185
70204
61218
61967
49077
47091
46973
46849
68822
60070
46853
54071
55063
59475
72871
68796
63649
61130
61131
47003
55697
68161
51019
60446
63552
46957
46862
68837
54687
54691
54704
68841
63712
46891
49962
61126
47120
61238
65170
47030
47114
69882
46985
46988
56713
69213
47166
49599
53939
47024
48001
52580
53819
46950
47912
48282
53745
48276
63009
69423
49273
61454
68837
47075
47451
46882
48284
49737
73088
47325
69852
46884
62508
69850
46885
47440
46995
47013
46889
46994
47013
69849
61161
69182
46942
47249
47263
47686
46995
69851
47008
69835
46899
57659
69064
69065
46898
47006
47392
47003
47530
47008
47332
56539
69835
69850
47343
61126
48304
63783
47370
47589
56651
46988
47614
56517
69848
50572
47334
47334
69821
47679
46912
46914
47149
46912
46914
68902
68904
63686
47378
47473
51441
47316
48395
47577
64475
46986
56607
60692
46921
56636
46921
56636
67266
67267
46962
46924
47671
47461
47462
56608
46955
61170
72611
72612
47126
53982
59864
63886
46928
46961
54048
47500
68738
68740
46952
49875
49700
54342
55872
46932
47344
47462
46933
47344
69800
69802
46940
47266
47497
60838
70205
46942
46951
47250
69747
46951
47270
61133
69748
46939
47273
47346
60077
46941
47269
47346
69749
69751
62907
70533
46945
47354
47149
47248
68576
47352
70207
46964
69748
69499
69502
52409
49776
65649
68351
55213
55563
47179
47209
54015
51841
58136
47500
55218
47480
65040
69784
47264
47272
60654
46974
54623
46968
47378
47473
72293
72297
51359
51457
58310
68571
68575
62266
62293
47012
67408
67424
47651
46993
47238
47746
70219
46978
69863
69871
61059
66359
51457
65993
46988
47126
53982
69586
69589
55728
55741
61152
61253
56651
53961
50383
57960
46990
47169
69903
47195
47625
56351
49353
47530
47014
47678
58779
47046
47021
65486
68609
63899
52832
47058
47300
56719
72658
72659
47058
47678
55429
65713
69852
63934
64232
47008
47390
47078
58892
65506
47295
62508
47300
56742
69817
47405
52058
56885
49932
55030
55321
52580
68571
63134
47025
52992
72739
47535
48285
53145
47029
49630
72857
72876
53972
47060
53972
50125
51277
68946
68947
66553
69918
59016
47037
47059
60725
64568
52506
47040
50572
60250
61319
63445
53934
47346
54015
61175
68636
68743
48768
67922
67925
63768
52864
61649
49084
52852
59620
57004
57037
63270
48818
47549
50156
66896
47639
48655
50487
53970
59648
56517
48799
59755
64556
47366
48284
49737
54013
68987
47243
49012
55914
68098
47235
47241
47347
53588
65381
47240
64670
68987
47093
47111
47092
59716
72545
64022
69787
61250
59377
59545
64946
57467
59947
60031
61101
68160
54523
49750
73127
73152
64132
62322
54337
54572
47163
47397
54464
57262
62242
47099
67922
49043
56474
55098
61539
47161
52738
62368
68160
65062
65185
70204
48463
65062
47104
65191
47214
48371
55944
61101
67592
67593
60710
56271
70244
47283
47315
60023
66243
66245
61695
67852
67922
48308
48314
69200
69203
55759
61822
64571
48328
64105
64623
72228
72229
56378
63722
68159
47121
63722
52424
55356
56697
55342
63770
72240
72251
48163
68169
50979
53118
47355
48390
55156
57604
61285
47171
47182
49658
49328
47256
48391
65381
58258
65289
69270
69271
47468
48337
65033
47506
58413
56390
66490
47144
66166
53400
68382
47153
61839
68364
47842
71336
48376
57930
61839
68364
68368
54231
62789
68601
65717
69768
47164
54231
61839
63623
68363
49009
68291
68364
47639
60899
68364
47162
48378
68799
68800
47240
64670
64714
48368
57879
65711
66445
52153
69886
63791
73272
48379
49833
48387
49463
69077
69184
49175
66127
56515
65075
60717
68382
50726
47198
47231
47256
48391
68917
68918
47258
52865
53881
68378
54308
65535
52427
52821
64516
47340
52645
58166
63873
47202
64648
68130
47196
62236
47400
49455
50430
63752
47199
47209
47282
47204
48407
54061
61191
61077
70741
47297
68168
47206
47209
68863
68870
47221
62786
68755
68822
47279
47211
68139
47241
64893
68135
47213
64893
51440
56066
63433
47218
54230
63693
68138
72403
72407
47318
56839
68139
47220
56839
65265
47223
55737
68400
52288
55934
57934
68396
47226
55737
58160
47227
58998
47336
61669
68071
48288
63764
57025
59292
54061
47471
60258
58056
59433
68095
47615
58056
47943
65062
70221
56614
62641
66568
66573
57868
64677
47312
58056
47262
47725
47274
61421
68096
47245
47246
47357
62646
47262
47947
68096
68169
47291
49832
47250
47351
47352
48554
53663
61199
47490
64897
69777
48872
68094
47258
47276
68864
58651
47261
48412
68850
69752
47271
47276
47937
47264
65124
47269
60614
65095
47515
60607
48399
49575
59013
64052
69752
52366
47273
47520
47277
61225
47354
61133
69748
48412
62065
65826
63587
47280
48411
68863
48393
52366
48407
48556
68862
48393
48604
69118
69218
49424
49726
52360
47288
47391
48469
48512
48564
48855
69750
69752
48648
47297
55914
68098
68168
51308
59610
65465
47298
64794
63619
69845
47296
47449
52768
64835
47424
61951
65670
48780
48844
49330
61571
48375
48929
68070
57774
64003
47308
47372
47615
49162
48930
49162
47313
56534
56651
60295
53283
68069
68135
73264
49424
48549
63270
69218
48289
50352
47336
49062
48288
63764
70434
70435
47472
50506
56432
69875
47467
62795
68329
63619
64269
64308
68329
47330
62247
49964
50514
52585
50713
56355
55587
56707
47336
60700
61663
66462
66463
62535
65809
47468
65033
49067
56355
64504
72056
72059
55353
69786
69799
63753
56608
71630
71894
48594
68069
47349
47350
70013
47351
47686
69747
57494
60851
47352
57494
69747
60654
69749
69750
69744
48619
68068
47749
54911
70220
47361
47937
70206
47360
61999
47361
61999
70283
47361
70206
54328
53745
64498
71802
50581
51426
48308
48314
52731
59806
48825
48576
50328
68067
47375
53704
67349
67356
48816
54596
48605
48687
54426
47379
47380
47420
70934
47426
61374
63588
55350
65655
70936
47403
47418
47778
53491
71003
50152
55732
69896
69303
69307
56539
48512
62902
63605
60796
63809
54328
66338
66345
56985
71948
58623
49682
50652
62417
58993
47533
47406
47405
47405
56884
48957
66747
66748
47420
63502
50156
72321
72342
49032
63597
70936
70937
63597
70937
47426
55929
56353
69915
47420
50024
69925
47424
49032
47424
47425
47556
59601
47433
62789
53484
64106
50765
69063
48659
69353
47437
55193
68291
61401
54876
47606
47441
61230
66333
66338
56517
69848
48655
55183
51140
50078
50993
51936
47448
47639
47494
47509
69572
49906
62154
47744
69503
48351
52803
64794
53931
53911
47454
47572
49874
69569
47528
47493
48243
69570
47633
49862
53878
69560
47633
47968
48188
69560
47458
47541
49166
58503
48943
69322
69330
47544
48185
48950
69555
49163
64317
68309
68310
56718
47464
48189
48193
69554
47475
53878
69555
56432
61230
52807
64317
68310
49328
52072
54036
62925
69263
69266
48529
52242
53400
47475
47544
48185
47477
49804
48418
48946
64317
47478
47544
69555
47543
48192
69551
47642
48178
48972
69553
56717
59730
64618
47547
47599
64536
69557
47483
56858
54882
47485
47486
48143
69569
47572
64288
69569
48142
48165
69568
47488
47489
48990
69564
47685
48985
49142
48143
49874
69569
47720
47583
48966
49008
69557
48880
50133
69570
47903
47916
47504
48140
69647
69653
69502
47947
70205
48392
48398
53419
55193
48859
58628
47504
48140
60710
58122
63101
48180
53041
51169
48880
48885
48966
51100
48142
69568
47511
48143
48165
48144
48988
49356
60291
58812
58814
47520
70339
70340
64195
68506
47561
55344
53043
53593
56925
47681
65074
66527
47969
48210
59394
69877
54898
58058
59093
59118
66707
66711
55042
61913
64110
47675
50750
65825
49744
53946
63881
69588
69589
66562
50430
69117
69119
65726
60653
56426
69917
47839
48916
48943
47543
47544
49365
48963
50988
47970
55586
56744
57805
47592
47676
47968
69560
47548
47594
69561
48225
48905
53450
51802
56506
67170
47579
47591
47594
69559
48189
49862
64567
47670
49208
69574
47663
63101
69518
47557
47558
47667
69576
48194
47904
49208
69574
47565
47673
47840
47610
49686
54928
62429
63500
56698
47731
47846
58922
63869
48177
49142
53831
69566
49835
63913
56354
69916
60493
51294
61436
47570
47587
47591
47594
48905
47983
48148
49269
60675
48226
49171
47580
47683
47716
48979
48014
56423
47717
51645
63876
47583
48928
69556
70129
57757
71718
71729
64536
69557
49828
73022
56742
47592
47992
57699
48608
47591
57699
60651
69559
63876
47596
69558
65862
67428
67496
69561
48174
48189
48225
69554
47992
48214
66124
59801
48214
49803
63892
47642
47680
53450
69304
52055
55017
56665
59801
47629
52055
59801
48600
61610
51259
63663
53594
59419
58970
66125
72858
72859
53385
70127
63355
64057
69884
53283
47645
65681
52153
69886
70101
47940
49440
47697
53828
58211
52345
63355
72590
72591
59267
48847
48934
48351
49170
56653
62933
63086
55082
63292
63525
47697
53828
47850
48217
50127
65624
47636
47638
47975
48188
63892
69307
47975
48906
47965
49241
49009
48207
68511
69735
69737
49008
69557
47652
48845
64589
60889
68415
68421
62293
63836
55887
63847
48242
48526
49251
47745
48041
63916
69505
47787
49882
51261
51781
59239
60507
68917
68919
47660
47663
63861
69518
66368
57213
47875
48046
49807
60199
64061
71011
54129
62427
47661
47739
47663
66506
50013
48020
69797
69800
47725
47723
69506
69571
63913
69576
47670
47840
48025
53832
48175
53792
53832
69575
53194
69573
56608
69799
69800
56359
48175
49835
69576
70123
65823
49862
69560
69851
49008
64536
64904
47935
47787
49844
69556
47784
48928
51645
69556
48243
49874
47688
47714
47945
63838
47695
70219
70291
47806
61401
58089
47935
48197
49866
68507
63838
51645
59841
47930
47982
47724
48340
70289
47702
47703
52298
53101
47932
47938
69356
69359
47706
47986
48518
47706
48518
70169
70171
48095
47708
48086
47735
56788
48086
60586
70265
47995
47712
48498
56147
69688
47713
73103
48498
56052
47969
48210
65011
48870
69306
47786
48928
48928
64536
70157
70259
47720
57856
69983
65008
47945
48394
65011
70220
61979
68861
68876
47948
70217
47937
47862
57168
61523
48197
52116
55666
48132
48136
48859
69296
69356
47893
69649
47735
48086
70265
70170
47737
57355
57470
60583
48096
57361
52797
53556
50775
51118
69518
47925
60568
54052
47844
63903
70377
70380
48150
63916
47845
48016
48150
47945
48382
56682
47748
47749
48528
47750
47858
47946
47751
47944
47751
70222
48394
70220
57518
60459
47754
50738
51127
47755
69671
69674
51127
56144
47757
47758
47987
47759
48277
47760
47976
47760
70154
70156
69574
69720
69647
69648
48455
48421
49178
49297
49429
48031
49429
70724
72802
72904
47981
47799
61200
47799
70367
70479
70153
70155
53784
63496
72999
73003
47841
51900
73136
48159
64809
47776
47878
48083
47796
56270
48081
57426
60333
71007
47807
47810
69720
69721
47905
48109
56714
60942
47905
48109
70420
70422
48105
47785
47786
59841
47787
69556
69710
47787
53830
70490
54267
60037
63552
47797
47795
47802
47795
47797
70478
70486
48083
70432
70504
48159
70478
70479
56270
47802
47803
48073
48550
47802
47803
70379
70486
61043
62009
63705
47899
61935
47808
63135
47810
47905
48115
70418
70422
47907
48428
50430
69119
51397
47814
47875
47815
48039
49297
60199
48414
48468
56200
61364
69422
48288
53823
47929
48257
49809
48031
47825
61125
61461
47827
48036
48060
66007
62362
70377
48036
48455
62362
47830
64048
61409
56540
57066
61409
60747
70391
47836
47837
69398
69428
61858
62184
51210
69397
47900
63487
49208
51261
56940
57150
67930
68566
68568
48060
60760
63907
69505
63861
69520
71024
49375
52116
47862
48075
65495
69343
63274
56205
65749
51382
63657
63660
48065
57437
58370
47893
53446
48047
48056
60930
70424
48149
70358
59638
64839
70383
67776
71416
49240
61611
50013
63861
63869
48070
48136
48044
48050
47885
47890
70366
70367
48200
62409
47879
47892
48120
47881
47882
48074
48077
47883
48135
49148
47883
70381
70382
47885
47890
61200
62635
48582
48622
70432
70435
48561
47892
48993
53829
48092
48453
47913
47907
48428
63962
69504
69506
53681
73134
55557
70503
70507
58171
48035
63842
49000
48035
70502
70519
68866
49287
59557
68538
53181
53551
65086
70436
47912
48286
48387
49599
60173
48174
48178
51901
69553
55941
61484
64564
48142
63913
48255
55590
65648
47919
55259
56690
52117
56462
47922
58716
47925
60568
71968
71985
59645
61543
63588
65264
59896
69428
69429
47940
72974
72991
49126
49991
55910
66065
47933
69358
69359
53337
69236
69239
70207
47942
65808
52298
56682
48394
70219
70222
60797
53829
63842
47955
63838
60530
53269
47954
62431
68768
62370
68766
48210
48003
48262
52106
69736
70020
65116
70231
49253
49307
68765
47963
56814
47964
56028
60645
56626
52446
70289
48467
54341
70151
48214
50127
70290
70291
58195
61689
63895
55406
62513
59677
69295
69308
48870
52446
50636
56814
70156
55955
59961
62251
61470
62152
69448
72837
64092
47988
58936
47986
47987
48518
51025
63721
63940
64156
68633
68638
54459
70259
70261
49387
50529
48384
48497
70167
70266
48497
47999
58251
62401
51208
65076
68407
68410
48276
48285
69422
50797
51663
56768
58251
48008
57064
55712
61853
53994
70123
48147
49323
73263
61263
48041
64031
61895
70980
53802
65008
64079
64625
73080
48175
48226
48880
51100
54886
55682
48105
48230
51900
53382
70417
70434
60289
61374
70939
48438
48410
53985
68854
49297
56926
48241
58882
48034
48447
60612
60760
48229
61915
70667
48153
48421
48441
50013
48043
48070
64966
55804
73299
48046
48441
56582
70647
70648
48875
48049
50534
50560
56849
67745
48125
64414
48451
63907
55804
73300
48169
69515
49257
64097
60612
70377
49848
48064
54476
64475
61915
70378
58199
62431
48069
48070
51822
48069
48070
48168
64964
66119
69517
69521
48073
64174
66159
56639
51822
56408
69519
48561
48078
48135
48082
61183
70381
48499
55299
56761
64879
61012
72204
72213
56488
70379
58059
73133
65650
48088
48508
72786
72787
48089
48595
48508
52223
48091
48093
48095
70170
48094
70172
48479
48504
56788
48504
56760
60583
72007
72011
48256
67995
68011
56794
48536
53451
48536
54182
58316
58985
70992
70993
60709
63452
68752
68753
56756
61745
56759
58689
58701
60675
68751
48115
48116
63135
48117
48117
70417
70418
50059
51105
48563
56265
69713
69714
48121
65908
49002
48562
48573
48562
48573
72684
72709
58603
59807
63893
48159
70393
70401
55953
64966
73298
48166
48169
68025
68048
60774
48168
53458
68755
64552
73121
48754
48142
48165
48180
49171
48162
49277
69562
68755
49309
50529
49308
60709
48993
62315
62339
63930
48279
62488
73135
56468
60279
56639
70380
52364
69636
49197
64964
69513
49195
49350
61640
49875
57641
69562
54167
73110
49277
48168
49197
69514
69521
69514
56190
62900
69349
69354
53184
48231
49365
49810
69303
49846
69554
69575
48878
48883
53831
48243
48883
69570
53450
64011
48879
49880
66129
69547
48183
70427
48959
53185
64033
69549
70431
48217
53878
48231
48967
64037
55887
49241
69307
51079
48192
48970
48976
69549
67047
70458
48974
69551
49804
51079
52976
48207
70517
70518
49430
56407
48210
61192
52489
68507
56614
62641
61999
60319
59809
50965
73186
53449
54113
61834
48209
51170
64435
64153
65350
72812
56716
68940
68941
48271
61927
60551
49241
48219
48510
53578
48242
48402
64567
69561
49835
48228
49621
71525
71527
49208
48979
49844
53832
48978
58298
61746
63844
57575
63583
49846
51901
66129
71710
71727
70289
70293
48243
48883
50133
49202
49880
53831
69566
48246
56455
70230
62438
55652
64579
72439
48838
49097
62452
65214
50846
61067
63496
73003
63443
69307
69311
53455
53578
66813
66814
54499
54524
54522
59595
50797
69366
69383
51902
56372
53117
71305
71311
56606
59677
73002
50545
59785
59899
48832
58914
48315
56805
48568
70168
56823
53713
62643
52155
52999
53936
48420
56809
57990
72989
56906
59850
53891
50992
65150
69075
69346
69077
69078
48424
49460
48395
61617
57963
63752
53318
66160
59185
51275
51630
53842
48428
49455
55360
48546
49667
71737
71754
53978
48304
63783
48335
49458
64395
48628
57518
50509
63445
68455
68456
53415
48336
48987
70416
69130
69133
56457
60247
57376
57507
60039
58389
66112
57311
60586
70265
70272
63747
57087
70158
70164
56625
59525
65036
51005
61315
64062
51526
61999
70283
54911
48342
48838
48890
65214
69065
69130
55647
55653
63027
64582
61066
51406
55531
52304
61892
50258
54908
50305
58258
65289
68039
68054
49574
51243
64314
55693
56205
58433
63278
64301
55254
56596
72392
55503
48680
48378
70260
70271
54541
48374
51440
67436
67439
48807
60573
72873
72890
48800
52821
49067
61669
66166
68623
68624
60757
61174
48468
50263
69176
49353
63838
56622
56625
70167
48386
48524
70884
56313
48542
68846
68850
56332
57954
48619
48930
50328
60507
56682
63262
66747
48565
52534
69110
68290
57854
70208
48528
48473
60639
48473
48488
48417
49170
61892
66030
70214
48604
68863
48622
70365
48545
48615
68860
48437
68956
52366
56001
68864
49658
48558
50532
70644
48525
55165
56772
48583
50728
70662
70646
48861
61743
68288
48958
49097
62795
48422
51055
48877
54046
63962
63764
48427
54550
49121
56854
66077
53382
53300
57572
68867
68868
51173
49188
70455
70464
48830
48954
50339
64309
64313
64344
70647
70660
49186
70643
59095
61279
48820
70378
70382
49242
55359
66965
70374
56639
49093
69649
69654
48830
48954
68326
60197
53713
53720
50757
48947
70724
70726
65185
70202
56622
70209
55165
48854
68093
61358
61171
62249
63109
48525
70208
60026
48480
49861
52219
65031
70366
70478
48495
56815
68868
68963
67078
54338
64922
70436
48493
70214
48490
51386
70419
70421
49388
52256
70431
48495
53733
56815
63572
70264
54393
57590
64586
48686
50339
64344
65079
65871
55380
66804
53090
62975
56625
70419
70517
58654
70453
70456
59089
59697
56627
70218
56658
58599
48854
61783
59170
58461
72271
51461
51472
63151
72420
54522
70241
72453
48680
50636
70156
70258
68904
68917
56313
61738
67506
70210
48872
49014
49161
53340
48535
60645
59923
56565
70229
63181
63303
64427
56626
70155
54245
60920
61454
70221
70222
70165
49463
49599
60976
56777
62627
56455
68858
66170
48560
50651
48554
48564
68094
52876
69217
53291
55104
69215
48602
61783
68092
50703
61362
48604
50512
64430
70438
70441
50691
70644
48606
52698
68858
70505
70507
49574
65542
48722
64521
53029
58236
68856
56302
59147
70466
48571
71885
71886
59199
59532
56424
64301
72411
68854
68855
63686
68903
51147
58673
64319
53283
68069
51572
69372
69373
51572
48580
56764
49185
57175
60476
48582
48607
62635
56579
48584
48737
48626
48918
50882
65154
48925
49103
48588
48725
48819
70863
48611
49169
48591
49143
49431
70608
48591
48709
48797
48712
50568
48699
48716
48797
70611
48699
49137
49408
53588
68071
48702
49139
57185
70610
48697
48702
49403
60506
66145
56186
61895
57474
64387
48706
70658
49116
57030
49475
53750
64152
56488
56579
59563
48913
49256
49174
69013
69014
49049
61635
48618
49481
49661
48626
50882
69330
72955
61676
68066
51420
51616
53049
63922
49110
49315
70874
48629
49655
65226
48657
48663
65191
68751
68819
48896
49041
61781
49145
49445
49477
70820
48633
48644
49311
49477
49145
50831
59121
61210
50339
58652
48644
48840
49311
48840
49292
49461
65082
48645
49305
50488
51702
71087
49146
49372
50778
50859
48642
71473
71474
52597
59247
49146
50859
70821
49285
69408
49029
49473
48856
49003
61607
49137
56213
48652
50016
58117
50518
62775
64271
59098
49009
49007
50861
65442
65561
48661
49151
70806
49152
49318
70804
70817
70822
61607
68089
68090
48665
48888
49056
50892
48889
50583
48667
49164
49310
49313
53624
54979
68851
55168
71796
71867
69055
57979
63139
70879
70882
50820
67714
67716
62759
50105
50994
54946
53386
54799
48925
57030
48686
64296
64298
64306
64305
49114
48689
48690
69110
50376
50400
53628
48696
49234
69108
60665
48964
63053
71307
71312
49726
48714
57414
64060
67766
49236
51580
56856
56915
70659
48715
49137
70612
48715
50336
52465
60370
48708
61398
70776
70783
48766
56856
57166
48969
50717
56915
50733
48716
57200
61014
62689
62690
48712
48796
57200
70609
49102
70608
51575
61399
70595
49408
70610
49138
70613
51575
49096
52199
56090
51744
68257
68267
60607
48855
48872
48729
49169
56031
70859
50546
56023
48913
49144
70861
52062
52571
54549
48728
48729
50802
48730
49081
49082
48731
49075
48731
51500
70855
50634
70859
48734
48736
50583
70877
48734
48735
50634
49085
49087
48736
49275
49357
49355
70872
56764
50708
51512
48741
48742
70674
70682
48741
48742
61640
50530
50530
50531
70654
53634
48969
51380
60483
70659
55931
57297
50728
55302
53393
56217
62483
55238
55279
48924
54974
55973
56208
70776
70797
70615
63000
56913
72616
72653
56915
48771
52069
49043
61694
58176
50730
56027
53419
55183
66030
57991
51513
52782
64945
67258
54492
59700
48790
65088
50738
55892
48858
68731
68732
60921
63069
56248
67261
51602
66569
66626
53105
55175
58129
49630
64498
69080
49136
51559
49236
49431
64568
64752
68401
68402
59730
48995
59131
70631
51608
50788
54963
65398
48932
54155
51317
53902
55916
52666
54629
54946
48935
49069
57677
49130
51317
52177
53902
51321
49093
48821
53002
49051
69072
70880
70884
49247
50680
56653
61368
62561
72581
56017
71106
48921
66861
66867
57134
60778
59066
61255
67344
65450
73003
49078
58300
59475
62626
50227
50642
56904
49100
60499
51455
48868
49145
49445
62376
70800
57548
67414
67415
49094
66959
66960
50613
48932
57677
48851
50504
49321
70626
70637
50840
58748
73000
49330
68091
53340
49941
66996
48999
64088
69340
69363
66030
68290
61715
64139
70825
51613
66626
66629
49025
49319
49310
49474
65081
48987
49803
63892
51366
64521
73166
54142
55586
73107
56408
48890
48922
48901
48879
48972
64011
51901
69553
69575
61276
70900
51621
67465
67470
49849
49109
49008
50133
48955
51055
68311
49037
49059
70871
49059
65997
49200
56253
65282
49930
49044
70903
69015
69016
56696
72955
57083
70907
68390
68398
54352
63866
64006
73063
49100
61630
49070
50218
70854
48904
56469
56842
64567
48907
61630
54858
55214
55476
60264
69403
69407
71558
71560
49083
50801
60313
50852
59690
53184
63738
63940
48940
56042
49106
56241
70654
50531
56196
49067
68072
51193
55518
55518
60327
49094
50983
51699
53946
63881
67807
67879
59526
72507
58094
60123
52951
64074
55623
55625
56091
61803
50882
59689
53551
69411
49097
49211
68309
52173
63956
51584
55662
60483
70655
49381
56765
69299
49365
69303
62667
67213
69310
69311
49200
68328
68309
48960
48967
49779
48978
64037
69304
65214
49235
66129
69547
48962
51052
53706
65009
49226
53129
48974
49226
60592
49238
73218
73219
53792
69575
49381
49810
51584
56828
51580
60476
48977
49804
53185
49223
49401
70604
49849
69553
53069
48975
49225
48976
49272
48977
53195
64033
69303
53792
48986
48986
49141
49202
53831
64065
70607
48991
61743
48989
48990
69562
48991
49356
48991
69564
50420
52753
62352
64098
49000
51140
70632
49098
49382
70605
61636
65834
68089
68104
68954
68955
53345
73185
61636
68089
56051
49244
65283
59569
49011
65834
68089
49013
49812
61357
60369
67851
49018
61608
49813
49015
65826
58300
62626
72884
55629
72890
49020
49023
51493
69100
69101
61608
49166
50874
49023
50824
51221
51493
59567
50519
49152
51504
56076
49028
50504
50613
51615
70817
49282
50488
71089
49031
60463
49034
49109
54612
49037
49039
50619
70870
49040
70871
70904
49065
49335
50623
49055
69098
72740
59814
62669
73206
73207
51406
58180
60129
65645
49047
59963
63013
50667
70851
70856
52177
64413
69154
69156
53002
69342
52324
55560
53587
52249
65039
50768
52584
49354
49355
70871
50666
60320
70693
70710
49059
49065
49459
65997
70878
49061
60700
58863
50666
60320
49068
55983
70889
49069
52053
70885
56355
70852
49073
50579
51422
49256
63282
50634
51430
61066
55645
59473
49081
49082
60313
49082
49713
60313
70856
70855
49144
60560
58215
63677
60325
61873
70877
52051
52243
61430
50583
53460
55096
49092
50578
50859
49254
50787
50787
51594
50546
56023
70890
70891
57190
71559
71561
68328
49417
50758
70606
49761
69066
49211
65213
50568
51559
49106
68070
52244
53135
51981
53027
70625
68068
49201
61516
49109
49111
50883
63113
49110
49111
50873
70873
70874
49113
49199
50715
56829
60938
69418
49130
49402
50684
50742
49790
49120
50303
56206
72561
72562
68784
70617
50748
49139
49231
49413
61278
49231
50749
70658
70730
49138
49165
56213
61676
49132
50746
63621
57185
49134
49135
70611
49236
49431
56850
63621
70706
51594
57183
49138
53022
49403
70597
49147
49479
66357
49142
50784
70608
50787
51530
65081
70860
70958
52391
70079
56577
67407
49151
49152
49314
49315
49154
49155
70807
70808
49156
49167
49158
49164
61732
49158
49164
49313
49389
70807
70919
49797
64013
71038
71140
49797
50141
64013
68093
50328
61596
49317
53022
50875
51614
49168
60463
61732
70808
70920
50802
70863
61315
49874
51102
49180
70888
49178
60331
53561
61334
49489
49247
50680
49183
69563
51598
51145
69565
51145
51809
52953
56764
56914
70663
50560
70643
59616
73184
56694
53537
54242
50534
55183
61721
66030
51106
65157
69625
49342
52952
49204
51442
56238
56914
70656
69514
53864
60689
73135
57077
62452
65214
50735
53170
63857
64034
49210
49845
49979
49350
65974
49215
57715
58378
49274
51636
65157
54566
65382
61630
62108
62497
63854
73061
56646
70673
57833
49219
63939
70590
58969
63934
70660
70661
49224
50121
69550
51907
64515
49272
53195
69550
49226
49362
69551
50988
49235
51006
64033
67758
67773
49423
49250
49858
51871
51366
70600
61793
58192
64112
61937
62164
72840
50544
70605
55469
49367
53016
62869
49430
56666
62409
49723
53628
70157
70217
53929
57088
68648
68649
49257
50578
51594
70860
49383
49782
59768
56031
49744
49262
49807
70725
49560
52929
50585
51551
49383
49782
62299
50018
51461
58283
49609
51551
70856
56048
61747
62971
49308
49680
68750
49362
53702
69552
49768
53702
68579
52287
58377
50869
51500
70872
50113
53201
69567
69568
55945
69191
69192
50635
50869
51500
49282
50481
49284
50000
71166
71089
49305
51455
70823
68505
49290
49301
50006
49290
52851
50005
49904
51139
55474
49293
49999
49473
70818
70819
50005
65082
69599
69600
49477
70821
60787
49300
49526
49682
62411
49471
62411
70925
56829
56224
57872
49478
70905
70906
49457
68513
68752
60206
53091
67240
67245
49474
70807
60400
51423
70806
49317
62329
49319
56215
70804
49321
56215
54379
55551
68754
52386
57275
57712
63596
49758
73004
73005
68628
68647
49332
60829
62208
67849
67865
50847
53860
70865
50619
51504
70874
58940
52966
59010
53879
57273
57710
57800
69563
69598
50935
50590
56012
51106
65671
73308
54139
52725
53252
70676
70687
50012
59094
66332
66355
50892
70872
49494
50497
50869
62406
62406
66690
54597
62190
53129
69552
53513
66226
66228
50715
62726
58298
49858
50113
51006
69548
51866
61157
69571
69572
51008
52628
52716
58187
65264
70707
50578
70860
54117
67798
67799
53390
52489
52321
49380
56853
70708
70711
49779
69297
50758
57156
49788
68153
68154
49776
49785
52128
57285
60304
70705
49392
53175
53408
57092
50529
58217
63271
71846
71848
61922
64065
49410
52342
53697
64234
64360
62385
55822
70590
51578
51575
61278
51002
56850
61429
63644
70594
52740
50749
70597
66002
49416
49422
70700
70702
49418
49422
61881
49601
59666
65017
54837
60923
64927
50542
50785
49426
49427
50742
70593
70607
49433
49497
70732
62047
70611
58404
64018
56847
70958
70959
61920
61921
66948
66950
63966
49622
63933
50596
50658
56212
56904
49781
51681
68955
70705
70709
51746
63543
49445
49526
61281
50424
52564
50833
59599
67585
67586
49714
51651
53736
62997
54618
65408
55562
63039
50963
53238
55355
55493
50631
50869
49483
52687
70927
70932
49483
52687
49726
52360
69113
50883
70878
50006
70818
51528
50263
51708
59020
64287
59737
70854
69504
69572
53655
60017
63726
64694
62895
49476
52851
49999
61281
70820
59994
49659
70925
70929
70821
49993
49999
52391
54796
57033
50007
52353
53863
62466
63936
64523
52057
55352
61508
49664
58236
63769
49602
49627
52627
69268
49627
52624
54413
54765
49491
52392
50890
70920
70922
63800
70943
70946
49495
49602
54422
57641
51417
54413
56847
60564
49503
52398
60329
49500
55907
60226
61603
71193
71194
49543
50000
61618
71166
52845
62402
51889
69168
49511
49507
49508
49590
61336
49741
71387
71389
49741
50364
49510
49775
71102
71172
61659
49610
50147
55615
62877
49515
49626
65118
49516
49905
50265
49895
71049
49518
49690
50461
49561
71301
49561
49628
49690
52438
63323
50445
71695
71696
60399
49618
62417
49658
64052
55410
61057
49890
56897
64299
64333
65294
49736
50149
49837
61579
63661
64193
50481
71088
49535
50445
58953
49689
52786
73287
50287
50294
57152
55185
61920
61921
49546
49692
49545
49751
51672
49755
49777
50253
52393
63982
49766
49755
49777
57016
49778
50029
73126
49551
49753
50248
52795
63078
50066
71152
49800
49797
52419
54769
56006
56071
51352
59507
49847
50348
55029
63991
73143
54433
54706
49565
49689
52850
73125
49671
66094
61825
50132
65118
71399
49651
56928
57290
65519
65520
49693
54408
73127
49646
49683
49701
49683
71147
71154
71362
71373
49591
49679
50365
51294
63699
64889
73115
49691
49842
56192
50665
50333
68851
49589
49699
49968
53598
56184
61975
65306
52567
53050
55824
57085
68656
68932
63744
64126
49588
49811
71401
50276
56221
71384
49612
60237
71299
53980
55381
50523
63757
64207
49742
52749
49612
49613
71299
49596
49831
49967
49966
50090
50401
71249
54389
57446
49594
52866
52895
71300
71304
49742
52749
49699
56221
50311
51470
71259
49600
49633
49703
49634
49968
50172
49791
52602
49657
50377
71360
52051
52243
63122
57754
50193
49609
49713
70856
70863
52471
50424
52564
63352
49850
50344
51206
71299
62849
64168
64275
50975
54027
49894
56262
49712
51206
60398
61708
67123
67376
62987
54280
64889
56878
56886
59957
52761
57143
69339
69340
50866
54285
54317
73117
49687
73124
73288
49895
50122
52338
69267
49909
65118
50662
73128
49631
69076
63753
64498
51171
51766
51814
55945
49634
71317
71387
50311
51124
54146
62606
63803
60221
61502
72809
51144
57633
51161
52244
53135
50537
56357
53064
57452
49714
51651
68973
51372
51065
52805
62564
64741
55843
56223
61583
64017
49842
51842
51851
52881
49758
54607
54678
50193
51041
71261
52355
68846
49657
49928
49683
51228
52851
54249
55352
61508
64286
51729
52368
61289
49666
53029
63948
50330
68862
65394
66157
66170
61576
49831
50592
64259
50043
50269
54908
49755
49788
50375
51474
52520
50375
68890
68891
49843
49700
49707
49843
71361
54647
64438
56223
61583
73032
73099
49843
49928
50948
73126
49685
56931
71366
71370
62650
49689
73125
73287
50569
55251
71368
71373
49693
50948
73126
50945
73127
49852
50401
55031
52252
60808
64500
53139
73114
49718
68952
71316
71384
49928
71360
49839
51228
71248
49772
61008
50364
59211
49750
54405
73152
52393
63982
72585
72690
55872
63349
50867
54250
55047
73141
54249
55352
49811
50802
68971
49720
52665
58633
69021
50218
51550
56045
62342
64101
51650
65428
69020
57630
64045
65272
52776
68951
49725
62436
69109
68952
52263
52440
69111
53882
50903
64533
63997
68846
62174
54710
58916
51411
62368
69042
57168
69656
73301
69673
51028
59902
69191
69197
49890
56897
57028
56013
67387
67395
51128
69279
62370
49746
52073
62451
52265
57244
61333
50125
51277
53625
54408
49753
67848
67919
49765
50521
62145
69419
63631
59208
50940
51009
69193
69339
53941
73105
73106
61984
61986
69427
71166
71168
49837
61579
63724
63939
51085
49792
51879
52119
59465
51851
55100
69167
50141
64037
50238
59237
52172
63987
71051
71148
50296
51052
49801
53007
63241
58185
63543
69207
71148
71153
51021
50242
54957
52172
52415
55349
51103
52984
49860
50286
60241
50906
62347
59666
53320
71782
71783
52221
52519
69390
51350
61212
65791
71045
51360
67898
67915
51638
51059
52938
53018
64372
72622
72623
60584
60623
52054
52198
69389
63238
70648
52173
63738
64109
63817
53706
69297
49814
50414
49813
61770
71401
49851
49852
51052
64113
69298
56905
57750
59432
50276
62284
69389
49822
55589
55802
54169
54193
51001
61975
65306
55231
56710
56725
57436
52273
53964
73022
49830
50172
50315
50450
56221
52283
65233
64288
51638
52204
72813
72816
65247
69695
69713
49840
50365
71248
50217
49847
71247
50401
51781
69573
51079
52976
49848
50402
49944
53774
50133
69570
56221
49853
49853
71314
71386
71402
71404
50086
50340
51675
60398
52752
56759
49859
51908
69547
71303
71304
50127
49879
50224
49893
73304
73305
52116
61542
63709
57508
62327
66180
49904
51139
71088
71165
60784
68811
68818
69499
50283
50648
68938
68945
50283
50648
52449
49908
53840
63774
51908
69547
51823
69710
69721
51321
62429
63500
49885
49886
69522
69536
64597
71086
71088
49947
50727
69633
49997
52080
52450
50547
65684
49899
53805
71146
49990
50687
50729
69641
51190
69565
73085
73089
49902
57014
71529
71542
50258
71053
61647
65550
50348
54497
50074
71049
67256
67259
59768
71147
71148
51993
51998
49910
50272
61347
50271
61750
49912
49914
49915
60446
49914
49915
60412
71260
51124
71264
49916
65521
50325
50306
50211
50324
71530
50508
54076
55667
51310
60689
73137
50148
50423
51190
53201
64034
69567
71956
71957
50306
51041
51228
60370
62117
69281
69284
69393
63618
68305
68307
51796
69474
69495
52046
63085
53644
50154
63917
73303
50729
69642
51919
58473
72261
72262
57105
50402
50324
50407
56954
49949
50083
50338
50841
71318
52431
69415
49953
50202
51187
49955
49955
50202
50398
71318
49957
71300
49957
50366
60237
50120
57761
53930
58324
51996
52000
57678
69781
56940
67903
53030
65249
55761
49968
71384
71387
50366
50368
50475
50936
59560
50120
60237
71299
58362
64544
64625
51266
53842
69603
66393
66395
50961
55675
57073
50905
53066
51926
64328
64416
49983
50208
69162
69163
50552
50968
59534
50919
51196
51818
64304
55936
50865
50872
51091
51614
52161
55446
63917
50232
55654
71083
51702
71117
71118
69592
69595
56259
51149
52150
55592
65082
51375
50002
50955
50479
51768
57095
63130
63691
71083
50006
50008
51116
68860
68861
51116
69613
50331
65287
53357
62027
51630
69595
69605
50967
53049
62645
50022
51692
59564
50932
72403
72404
53089
61083
62676
64416
50707
52514
53012
63502
50304
56898
50304
59560
71039
71099
50031
50559
55276
54716
54749
54755
51030
51339
71058
67653
51236
52549
50140
65098
50140
65098
55148
50043
50251
50252
61599
59779
50160
63915
63938
63643
53967
72807
72826
59763
64316
68108
68109
50051
51094
69590
58673
65163
69585
51158
64342
69334
51250
51548
58349
69334
50447
71060
52048
51362
61575
67779
67781
50063
50972
51979
64220
67633
51856
56870
62767
72388
72389
50062
50264
62248
50075
50078
51053
51858
51924
58803
64197
69695
50070
51982
69326
57806
71204
71207
50072
51545
69333
51091
58731
50074
50343
50265
50337
51979
69592
69600
71061
67957
50080
59863
53132
56568
51858
69331
69332
69122
69157
54371
57982
50202
66064
71344
69689
69691
71302
63420
64858
68199
68200
59054
50092
72083
72084
52349
53840
56532
51212
52262
58116
50097
50099
50434
51166
55423
50117
51096
51153
53193
50103
50104
50435
50116
51094
53613
50103
50104
71297
58670
50106
71298
65642
62977
71295
50110
51086
50109
50118
50966
53045
71298
71303
72308
72309
63880
65163
57740
69548
58384
73060
62622
51153
50118
50416
50119
63711
50416
60094
71046
52895
71300
51006
69548
51335
67144
67149
57510
69206
69212
56638
53183
50969
51356
56124
61690
71064
53118
63886
50287
50363
51643
52929
50982
51087
53800
58348
51285
55888
71581
71582
60549
71113
60389
67680
73177
73182
67714
67715
61204
72189
72190
51764
67087
67089
50279
56902
50304
53210
56891
71100
50198
50415
50823
53599
71052
71147
50180
50186
59607
63810
64366
67674
50173
50759
52192
52316
50163
50165
50427
50164
50166
71084
50814
51701
71084
50432
50525
50525
50598
71098
50525
50598
50951
60444
71060
50469
52233
71317
61277
62839
52047
69063
50388
52233
71311
71315
57295
50388
52192
66892
66896
50184
57006
71246
50183
50184
50379
51037
50381
71244
51238
71243
50317
51788
52029
57797
52507
57644
65870
50418
59940
67832
50418
59940
50306
71262
53250
69404
69405
52617
53671
57046
50208
52224
52727
52777
50201
50498
59725
63455
69089
69100
50338
59282
71533
71538
59258
65280
65947
59281
65961
50212
60094
50259
71047
50213
56110
71050
71303
51142
71530
50643
50649
50649
60384
56129
51062
61914
57020
59282
60201
50384
50701
51316
50238
50363
56158
50229
64140
56212
70815
60399
61718
71173
68884
68886
51355
52468
50714
51355
50236
50235
50598
71098
50300
71103
51180
55383
51996
52000
64599
68877
68893
50241
50300
50661
50926
50933
53938
57095
71033
52667
67666
50250
50475
54760
71037
50250
50939
50275
50949
71036
50939
50594
64013
50262
50267
50616
52241
50336
50714
52683
50261
50264
64323
50260
71047
50264
56871
60282
52861
57636
53739
57591
51356
50268
50270
50291
64059
51408
57593
50273
68935
61599
50273
50277
64068
50272
71399
71400
68942
50946
71401
50281
56898
50280
61589
56902
71172
71179
50671
50888
52416
53923
52404
50429
65539
50288
50293
52518
59496
65588
71101
71103
57748
68935
51357
68931
68932
50293
51325
59497
52275
71103
50300
71039
71141
57337
51420
51616
52961
63918
51643
51643
71104
51661
50923
56957
50308
56206
72562
50310
72560
58405
65267
51361
52378
52380
52402
51324
52799
61464
50368
50588
51588
52041
57144
65399
65519
65520
50322
65522
65852
51310
64140
68940
50647
50649
50668
71618
71620
56110
60412
50337
71050
50396
54902
56293
64614
69114
50646
62921
64052
68850
50712
52654
70674
70675
71752
71753
52380
50689
71049
50342
71318
64296
60241
71302
50357
50618
51181
51187
71313
50461
60237
50626
51062
56125
71314
71315
51332
56082
71146
71150
52118
52148
56538
57961
50719
52476
65489
68893
64169
68496
68497
71138
71139
50627
50362
51474
50374
52677
59492
50394
71249
51720
51720
50395
51715
71312
52476
64499
51408
52240
68890
53316
59492
52534
64653
69110
54342
50379
50392
51794
71245
51284
71244
50381
71258
50386
71244
51374
64386
63475
51173
68956
68957
50386
51037
63500
69081
69096
53506
50723
50393
51284
51045
51747
57141
71312
56291
69693
69694
59710
51720
71318
51330
52534
71361
71247
71315
55872
58713
54838
62005
56119
54260
65234
51747
53117
57141
52320
58950
63967
58349
69334
69336
51208
59380
58510
60446
65521
71256
61994
50417
52753
71298
53599
62352
69103
50420
59078
50422
51005
71320
71323
51004
53433
54910
50426
50428
51390
50428
71084
71080
71052
71054
50436
59078
56157
50964
51688
51809
57197
50435
57639
60718
50933
50443
54497
50440
50441
71035
50929
62798
50442
51088
71032
50929
50450
71317
71319
58939
67560
67562
58186
58954
71101
71173
50821
52478
69700
61270
54617
56578
61599
71034
63705
51436
71090
71096
50768
58734
64230
65358
63117
65255
50759
51495
52430
50460
54114
60718
52430
64193
72816
72818
51352
50478
50679
67537
58314
58860
72586
56383
57563
71044
71048
52192
53248
50471
53248
65513
50474
52545
60591
70236
70238
52202
52233
71100
50477
57845
65513
51317
67541
50482
60214
71089
57403
64115
53122
53124
50552
52224
64115
52980
60619
71087
71091
50598
50600
57630
64045
71556
71557
65578
50500
62540
50496
57403
62784
51482
64443
69144
63075
64203
61366
50502
50863
59599
54008
59846
52008
52032
69454
69455
51615
52260
68600
68603
54278
55706
51424
52506
64569
51424
52506
51404
52698
57668
50609
51564
52118
53148
56568
55200
64129
50603
50642
70816
70740
70742
60399
51562
64542
70681
70688
50800
50525
51689
56157
71098
50600
56259
70919
70921
56238
57058
70643
70643
50560
67270
53870
63943
51536
55543
61720
69461
52019
53823
66307
66309
70706
70713
53715
57993
70857
50687
50747
52299
58305
59691
62280
69070
69074
60214
65465
50563
63805
64170
51442
56238
56828
52219
60192
58844
63095
50731
51584
55662
55295
62675
72650
70645
59733
57286
63626
52285
52335
59105
54830
57277
72428
72443
52285
52215
52220
59430
60762
57286
66059
50784
56867
72968
72971
55082
69204
69205
59877
69715
69717
50758
50772
52191
52553
59775
65693
51559
62632
63428
63430
72587
51485
50616
58400
72724
51550
53503
51734
52150
69618
50593
73015
73045
50606
55836
57158
67644
67646
62930
63318
54056
73277
71038
71051
50657
50815
71085
50597
50815
50657
56840
56712
63834
51701
50611
51297
51361
50603
50659
56398
50717
56915
51412
52697
59969
53840
54101
69635
64280
50640
52428
64169
50622
50623
50621
50623
50639
50885
50622
70864
70870
62586
69012
52583
67654
67655
62924
63165
63309
50631
50635
70849
70868
73053
61873
52446
51371
65584
57438
60990
72441
72443
51618
70864
63795
50876
70815
51310
63604
65287
59082
64405
68943
59082
65592
70926
70933
51285
55888
65582
65722
50656
51697
70813
51057
54481
70811
50826
71082
61546
70815
50660
56224
61546
71096
54280
50683
52405
52420
63613
50752
56201
60313
50678
51595
55983
50671
50674
50678
59653
63707
70805
52825
59653
64407
68943
50676
65283
70599
70853
52266
58068
59001
61300
64230
51860
52425
57589
70593
50687
63917
70726
50699
70947
70948
51356
54934
55377
67226
70646
52680
59172
51326
68881
68882
51367
52389
58074
64155
72557
50729
57295
56680
52658
65384
68885
52465
72538
53001
69394
51292
59969
70375
57755
58920
54125
51463
68883
68894
51380
51463
68892
72467
51338
65550
66024
54132
54138
54287
61816
53900
69637
70657
69642
55920
50734
50743
61061
61398
61516
56856
51443
53726
72729
59914
72761
53641
66433
66438
63258
53294
52158
53131
69644
53703
70699
66012
63480
54013
56618
52642
53409
64927
50755
61550
72783
72784
59477
62839
58389
58177
63074
64570
64253
72581
72586
65338
57822
64605
71708
71720
50772
70599
53145
50770
51495
52187
64367
69093
69095
70601
62562
64253
52183
52755
60015
56411
59887
50778
50859
60564
50836
50845
72742
52843
56184
65541
63644
70706
50789
51868
66171
67508
52587
71786
71790
50920
57945
53323
53543
69376
53010
53369
69461
55497
53180
57567
58208
71949
71951
55145
59026
61392
70852
54902
63043
63219
51531
60471
52830
50980
52704
54100
52039
53019
52760
53573
59373
69376
52169
58299
51677
53313
54351
64973
58979
63561
72849
50870
53943
56133
69692
69698
51021
50824
50828
68474
68475
71082
50841
50851
69395
53116
59567
53819
53301
53955
61353
50833
58506
50835
52169
65341
52074
64238
64286
51958
52282
58168
58739
69393
58702
60559
72280
72285
73001
70846
51165
58295
71999
72000
50858
70800
50863
59599
52742
58305
68706
68707
61662
51605
51628
52009
70814
65552
70834
70842
51256
51761
50865
53560
52742
73117
54510
73143
59411
62814
69693
52104
52114
62373
54519
50874
50876
51423
61741
69330
69335
70808
70873
51666
51730
50889
55480
58984
72957
51528
62390
70960
57506
70874
64268
60296
50887
53125
54798
57843
57709
62455
52954
52578
65164
73189
50921
51848
52983
60577
63900
70866
52967
60222
63078
58253
52270
69170
50905
51806
51979
69600
51843
69527
71055
67638
52960
55422
64020
51265
52978
69065
69177
51196
61083
64096
56871
59992
64596
66155
61083
62676
59038
51141
57700
50923
50925
71096
71100
54722
54725
56211
50927
62798
71096
50928
50928
50929
51436
50934
59568
58249
56803
61088
51369
53210
71099
71100
51798
52400
69636
50949
51813
51830
58324
50943
51273
54417
62798
70842
71037
51582
53752
71062
53864
69193
51768
51181
51715
57114
71312
50959
71044
71042
71041
67957
51931
63918
69604
54240
56510
57268
51635
64328
73188
51616
63918
65835
56967
53063
57749
55372
56870
58397
62767
51136
53197
51184
52181
50979
50990
51711
53193
50986
51682
71295
71071
71072
50983
51700
63880
69591
59864
54027
53706
69551
51337
52411
62977
51087
50994
51263
71329
51704
51742
55665
50997
51203
51204
71290
50999
51001
60282
64323
71048
51120
71042
51002
71290
58474
71292
51015
51019
51005
57858
51545
59916
52239
51813
59902
69191
53711
55939
51014
51015
71257
51013
51015
51040
51014
51161
71252
51039
69393
69394
51732
52850
53498
54405
54408
61659
71255
63817
70898
51171
52002
51569
52090
69381
51133
51734
55567
52721
69044
54098
72895
51569
61760
63193
71263
51640
54660
51284
52016
73197
73198
51291
71257
51291
59295
61464
61760
51782
56976
71311
55039
55211
66352
66368
51047
64293
51782
56976
72985
72986
51244
51515
52946
53011
69327
62250
65148
72800
69297
51862
57829
64400
54479
72984
72988
58891
73294
51820
52939
51257
51735
62426
54583
65634
58949
64977
73201
71923
71946
51522
51252
56977
65739
71306
53129
64113
69552
51272
53613
61815
71076
72615
72620
71402
51538
56898
71104
51098
63446
64553
71061
71077
51156
59809
58534
59587
64217
64361
51637
51931
63918
51088
71030
68881
68883
71032
51685
71044
54602
58529
51673
51612
64332
65453
52919
52922
65163
69590
69591
51175
69596
69597
63119
71087
53792
69580
69582
51692
64220
54597
54226
51119
51131
51111
51590
52296
64215
66522
66523
55026
51647
64559
70104
70108
51647
64559
70818
70925
51795
59568
56408
62306
69519
51132
51204
51122
52021
69532
69533
51146
51246
71524
59939
56132
55175
51751
52595
69207
54400
54773
69283
51197
51149
54865
51415
69525
69592
53041
51603
53089
69527
65234
59616
61047
56957
57167
71264
51683
64931
51734
51606
59565
58931
73173
51617
65330
53866
69593
69597
51827
64286
72741
72742
51858
52139
69331
63906
52746
71252
53324
52016
55758
57001
51566
57466
73025
73160
53583
54471
51670
52139
60239
65006
69191
64302
69329
69336
64188
73132
73138
56047
51633
53567
71115
71123
51717
71313
57491
71251
71274
59911
57750
68473
68478
51718
51728
51676
53125
58031
69567
63287
51266
51926
64416
65813
51791
71293
53806
71297
55793
69619
51232
58297
71344
53098
51330
71290
51725
71296
58936
71302
57146
57789
51666
51730
71330
71334
69405
58473
69324
69325
62698
64584
72600
72602
64134
72693
53033
52696
51565
51667
62357
53714
62695
52585
57824
51509
52583
60018
51534
52730
52861
59288
69149
51572
59667
71360
51741
51747
53343
52248
51562
64542
51563
51569
52090
53497
57550
69384
71924
71925
63949
59688
52136
53788
71251
70497
70498
61292
61545
51329
58293
69333
61852
62132
72799
61480
54008
51271
67928
67948
61447
71307
51823
53830
51666
71330
54882
68531
68601
63747
51623
52238
69524
69525
51506
69047
69048
67902
71275
51735
51587
73127
69594
69595
51304
53117
56134
71305
52639
52890
52074
65358
57776
71819
71889
60023
69115
69118
53486
65194
59180
62551
71305
71306
65849
56140
55645
55728
63528
64722
64957
56139
71258
51409
60018
72530
73129
60267
65301
51412
68888
68889
58854
65324
72718
51429
69091
69092
52208
58342
64506
71722
52764
64131
52215
52220
64882
59180
72759
52150
69620
52297
64248
68777
52679
51388
51481
51632
53333
51379
51490
72533
72535
51409
60018
68887
68888
72990
72994
71268
52276
53719
69091
69099
51447
56059
68976
51346
60803
52404
52449
71813
71815
58147
69378
71309
69963
69965
65642
71292
71056
59021
72543
54745
51344
56157
71094
71092
52503
65225
58426
52449
51370
71056
61155
72490
72492
56903
57959
72509
72541
72556
55862
65945
59021
52470
57897
52816
55995
56397
72879
72881
63736
64951
65448
64923
71064
52461
52658
65384
51372
51368
52389
71114
67041
67045
55243
55290
52836
69049
52470
57897
68885
51634
60390
71112
57253
69098
69105
51968
52414
57822
64605
52177
52276
64413
60023
57194
64279
71120
53333
51481
51632
53333
57194
70831
54548
54694
55049
66195
57283
58124
69091
72732
52300
51473
52539
72532
58637
61155
70902
53581
56469
51478
69147
60013
58860
52335
52339
57593
68891
69138
51607
53707
56053
56384
60669
69601
69604
64384
59542
72757
69133
69203
51485
66568
66569
55925
69136
69139
55407
69156
72759
63750
63081
72880
72882
70615
59995
65056
68936
54451
57744
52241
52730
52861
62430
70655
55891
67232
70685
70687
70890
66931
66939
72516
72517
68021
68023
52535
59889
53550
56202
69276
69277
70903
70906
61511
68931
68933
58388
59647
64107
62654
57962
72531
52476
64314
72944
72961
59697
62049
57754
65379
65528
58260
64315
72420
52240
70812
56224
70811
61800
52240
52684
65524
68956
68964
51481
53333
70830
70831
51627
52234
52916
64397
68891
68895
51488
53543
53573
55604
60803
51664
52712
53116
53599
51495
52187
69095
53810
53534
58109
58615
52192
52316
53249
69096
59904
65374
70855
52339
52546
69164
67422
67661
52732
54928
56238
57178
69140
69141
68888
68895
57597
51578
70589
56026
52136
53484
56696
64106
51571
53190
59691
72948
66062
65033
67803
67837
72404
72431
57078
51558
51535
70861
56428
56524
59663
65656
56832
60560
70861
51585
63912
63713
52102
69374
69375
63239
69329
69330
52392
56021
56833
52094
52946
53011
57638
57660
51982
51924
59863
64312
52935
58293
70602
61635
70853
70857
51592
67493
52248
57788
69101
69105
70965
70967
64208
70652
63138
72993
53883
52890
58299
57475
57480
58295
57058
70649
60496
53190
51571
51690
52126
69381
51665
52110
59670
51577
56584
70368
70597
70661
70663
70641
70649
57175
70659
52144
57971
68148
51646
54349
54975
73214
54503
73129
54291
73015
51591
73179
73183
67490
66703
66708
70862
62564
64186
57077
51686
64454
70801
63713
53066
54795
61038
57444
56360
56388
69522
69524
51623
51673
58503
70803
52985
53200
53798
69590
70866
64208
59897
59575
60436
63544
51863
51892
62963
71082
71083
70831
70812
73076
73083
53103
52969
62166
71110
51688
53049
65511
58377
51911
69046
61929
68951
69017
53864
59559
71966
71967
71103
53322
69559
64135
73196
73198
60444
54116
57496
51651
63058
66558
51655
51660
63807
52110
66177
51656
54588
60288
51660
53736
54726
53617
52079
53180
52947
64527
67017
67035
51670
64003
69318
51783
69320
64319
65163
69324
69335
55643
65263
69577
69594
51679
64529
69599
64035
69606
59997
64923
51693
62209
71041
53125
73171
71030
64219
59476
57697
62752
58962
61201
54345
64022
68915
68918
65305
53787
64312
53193
53946
69589
71086
56890
56077
59863
64312
69588
51714
63881
65147
69589
52565
53939
57260
64323
71048
71053
64341
51733
51924
52139
53182
53982
59864
51741
57032
57114
58351
51723
57032
61465
71316
64025
64544
64025
64544
73081
73083
51725
51728
51725
51728
71296
71313
51727
71242
71240
62648
60383
60446
64218
51738
52634
53483
51786
55945
66189
69192
69362
69363
51748
57114
57789
54533
59890
51748
54123
53475
69362
52915
51754
53173
62895
52238
53049
65511
69604
51758
52860
62254
69209
51758
63999
55567
56112
51831
55317
62745
66187
54905
69467
69469
54895
51780
71336
71340
62053
64212
66740
55030
55315
69281
69412
58787
64014
51888
57027
67898
66398
66399
56978
51780
66834
55352
51900
53785
71245
51787
53790
64003
70067
70084
51811
69211
52939
52962
57144
57713
54658
71291
57251
57317
59611
51933
53842
69594
69603
51818
53093
64303
63569
58176
72330
72334
51818
53104
53206
63598
52179
71552
53485
51804
51805
71552
51812
71554
51812
52497
51843
64220
52474
60375
71553
51811
61047
66189
51995
60122
51815
51815
57208
60008
63546
51897
51983
52537
53018
52472
59978
71497
69521
51831
69192
51831
66190
52291
65254
71773
64001
53930
69543
64242
51833
57781
64010
71775
51935
57417
71773
58249
65189
69813
51836
51837
71775
52417
65299
71768
52107
52417
51839
52143
52231
71989
61775
71987
54430
51850
51848
51845
52145
60180
71987
59519
71714
51847
60171
71988
60149
71715
51850
52881
61221
51869
69196
51869
52881
51854
59032
71709
71711
52565
53939
69522
73122
53187
57631
51967
57211
71709
51861
51879
71783
52113
60108
71706
57631
52167
65594
51957
51967
52613
66154
52935
57002
64342
53016
51868
53320
71782
59464
71786
55099
52587
52629
71786
51908
66129
53899
61527
64111
51874
51875
59516
71768
51876
54374
71788
51876
52023
52040
65397
69332
69336
51887
51889
52405
60108
52709
57574
64822
57618
71826
71844
51887
61008
52211
52878
59078
64098
52572
57781
71712
71728
51893
62669
73207
52123
59519
52167
55478
65830
64753
52001
56087
58035
51988
60019
51965
53194
64011
54759
60701
69484
51904
51905
59036
71546
51906
52018
71548
51906
52493
52188
52558
70603
70604
63857
71253
53063
57749
58348
70227
70244
69328
69329
71502
71518
58381
57740
63858
63919
54645
55546
62698
64584
52184
52214
56143
60015
58373
62269
51923
51928
52257
52174
57896
65511
63136
73191
65254
57713
71772
52030
57713
64010
69584
52985
58031
63922
65453
54306
57756
57781
69332
69579
51938
52384
71769
57712
58491
71787
51940
51941
63596
71787
51942
57280
71789
51942
52386
60347
63143
51945
54451
57912
71784
58153
71789
57693
57700
55523
64520
60229
66171
54064
56389
65362
69485
53695
63824
51956
52634
69362
51959
60108
54136
69681
53162
55644
69682
51958
69089
51968
52634
64093
52613
51961
59456
71710
52098
63425
52566
58153
60356
55150
52500
55278
59076
73036
73051
63425
72349
72350
51971
53304
71720
58106
71727
62263
70441
70443
51975
57671
57908
58034
51976
51978
51977
52591
52593
52257
52443
53168
69700
67237
51990
51985
60184
72717
72721
57671
71390
71391
52530
65551
71555
51989
52001
52094
53560
69335
69336
53554
73200
51996
53121
69635
72897
56087
65308
69632
52459
71499
53840
69635
64622
52527
58027
62608
63516
63763
54811
52006
52509
57680
52007
52331
52509
71568
52011
55678
55688
52024
55735
52032
55428
52015
52175
57186
71567
52015
52175
56137
57802
52501
63136
62607
64147
72875
72876
52022
52105
62454
52195
57306
57941
71565
52022
52199
59036
52200
52513
52025
58868
52417
52028
52045
54488
65299
52029
52041
52030
53033
68967
68969
55430
53469
62104
63473
55744
55794
56376
69622
57557
57560
58212
57040
69382
69386
52043
53040
67066
52040
57561
60462
58983
68388
68389
54488
71774
52406
53320
60346
66171
71683
71684
63365
63448
64583
72569
72586
53808
60956
57157
59174
52196
60735
69391
69897
69900
54775
55820
55907
62110
62172
53116
55890
59567
69377
52065
52268
55490
58149
58154
59207
57722
57747
59228
55823
56527
69248
54147
65699
52070
52303
58176
68646
68647
58891
62145
64039
52078
52250
65039
69414
52267
69416
52106
63943
69638
69642
52091
62379
62773
69174
69185
58498
69989
68358
54277
55668
55871
58130
58132
62972
69384
62255
67119
59469
71716
71717
68343
68344
57161
66551
52100
52108
58138
52100
52515
69458
62434
52103
58944
71720
52890
55952
57588
71721
52111
53433
53823
61042
63834
53497
57550
58107
52109
52129
55456
58134
52126
56245
63219
58106
60408
62434
52615
52127
56133
57017
59975
65863
52489
61264
65130
52121
56278
52406
53320
60086
56659
60127
68367
56568
58881
52130
56242
69327
52130
57965
54491
65649
58138
71712
52415
55349
63093
63094
57791
59464
68775
67400
67401
64370
69325
69382
64342
53038
64506
53303
58134
58881
52148
52154
57584
63179
52166
59519
60171
52147
52151
53373
53265
61102
69620
52216
64370
53847
52157
53936
52157
57606
58278
57019
57332
69646
56245
64527
69312
65684
73305
52163
58862
60443
71728
71727
52166
73178
71375
71376
53260
55445
65104
55934
57297
57640
71510
68348
68351
52257
52443
71504
71560
53050
53238
57085
52186
52197
52188
57628
57703
71549
59919
71553
61031
59948
65128
71549
52210
71550
52558
60015
52495
60769
52780
69102
52755
52747
58752
52202
52233
58128
69096
65508
65696
65700
58838
72680
52196
52318
57629
52198
52497
52204
52200
71561
71560
52204
69159
52917
68174
68178
52207
57990
72989
72992
56812
63987
68348
52213
57287
57802
60015
71548
59079
69104
69105
59095
59919
59387
59948
72174
72179
52436
57582
52221
52727
52777
69144
59441
60671
52310
64170
59697
52436
52911
58956
60149
52229
52934
69153
69154
58845
64353
64436
65602
52312
53026
54575
58307
58973
53723
69482
65524
68589
68590
52247
52536
52707
52711
59165
68392
68394
52250
52267
52503
65225
54965
56289
52517
57704
66123
69150
57601
52259
57191
58996
57896
52573
58107
71767
52742
59742
53628
64653
63462
64390
52267
53328
62784
52567
52918
52320
52877
69145
52273
63421
53421
65424
53421
71629
71644
52274
52518
64059
52340
54382
69236
52735
64526
72028
72032
52280
65292
59067
52282
52358
53848
63805
69164
52834
53679
52290
58722
52289
57892
57640
58859
59165
69495
69496
56175
58060
57115
57868
64714
64821
55916
69151
69159
68118
68125
69322
69323
57845
52302
55931
59998
58033
53939
52308
58920
65295
65509
55125
52319
68924
52515
61080
52312
55032
69390
52837
69388
52314
59898
71535
71539
52644
65557
66141
61248
69095
52318
57675
62807
68923
52440
62436
63506
52588
66026
68151
58180
58448
58578
59900
72734
53715
68146
56011
52653
62806
63993
52331
57629
55922
68704
68707
60261
52843
53598
56184
61072
52624
52550
52653
63993
68423
68428
59017
64171
57966
69069
69088
57827
65553
54921
73249
59914
63719
52353
68859
68861
63769
64653
64694
69111
68860
52781
53327
58950
52725
63750
68998
69009
52926
53394
57530
64232
64282
69114
53733
61362
66099
63275
64164
64277
72372
53563
55508
66197
63984
68861
58236
53317
63719
68876
52371
52482
58158
52798
64629
64639
65174
64164
52377
57937
72439
72441
57136
52697
56893
63265
71135
71201
52536
57897
53287
53288
55301
55646
55660
58491
59516
63365
65182
53102
53154
55926
67862
67863
55495
55502
69703
63800
63782
53296
69699
69700
65180
73123
55871
55876
55882
52399
52400
66197
52845
63800
52401
54193
52401
60071
55589
63736
68993
52406
69394
64062
68988
52715
62808
63052
64570
52575
55493
56441
69487
52941
52964
62075
58944
66121
68341
68342
52573
68278
52795
71038
71039
52425
57912
60346
55238
52557
55831
71783
71784
64687
53881
56572
63795
53238
63276
69483
69417
53078
53462
64058
52457
62006
54775
55820
57736
52438
52975
69413
63276
57603
65640
72002
63967
53025
52829
64476
65000
65012
71502
60342
68398
64224
69453
52455
69638
59651
52453
53440
59268
53813
58489
53172
69639
53253
53347
52486
59847
57214
52479
52477
58039
59931
54770
59763
65385
60292
65126
58158
65314
68875
68131
52683
68892
52600
52484
53489
62253
59846
65415
60122
71555
55159
58041
68791
68793
53085
53296
52679
59914
72761
72762
53732
64410
72725
72727
52526
53742
56181
59846
65415
57187
52490
64619
52711
58158
65314
52686
58615
58625
64749
61650
71876
71880
57698
63808
56143
52603
66594
66595
52554
60321
65269
59871
60300
57680
52676
64122
72802
72803
64500
52691
52781
52921
57600
53365
59673
52731
58400
55147
62967
64542
71567
59457
59585
60259
52591
71502
65385
56137
64820
69452
64164
72372
53336
58365
69392
52787
55669
55898
58906
53750
59994
68857
62036
52730
65331
57240
57896
71515
58157
68875
58035
71496
65888
72631
72668
53072
57944
59141
59186
57626
58536
65542
57671
57908
59123
71498
53770
58236
52658
57657
60019
71498
58032
72211
72214
54927
72525
58225
61340
54100
64063
52547
54759
56441
57717
58489
71503
56382
52550
52550
55916
69159
64386
53824
63942
53837
52552
71732
65719
71734
65508
65746
66004
52555
71751
71732
52561
71736
60480
58442
71734
72707
72710
56521
56807
62616
68648
68659
69064
69077
71789
71790
55823
53020
58307
62364
55974
57412
54859
56527
59101
71771
57585
53006
65391
53880
55355
55824
53508
53880
56527
53865
60871
59862
59969
72740
59847
63399
65467
71472
57794
57514
57987
58788
69097
69373
52593
65250
65811
52764
61232
64131
69209
63337
71931
71934
57623
71474
52599
54351
57218
53202
55694
61092
52605
69268
52606
65183
69261
59029
70785
70789
57720
59464
54447
60110
52643
62149
63658
52630
60038
52615
52617
59110
71721
57589
60121
57588
60121
57589
71784
52625
52662
69911
69912
57816
58951
65175
57814
58287
63309
57122
68362
68343
68350
52873
54422
54870
69268
65360
71785
67098
67102
55153
53670
57328
54792
61008
58143
67163
67179
58143
52641
71715
64678
55283
64927
69239
58322
71713
53716
55245
57826
70088
59011
59898
63183
62776
64504
53605
62774
63875
58877
59439
63174
52771
64349
72734
72754
52891
53033
56678
62378
63927
69185
62190
69175
69245
63267
64377
63082
64396
66143
66181
60281
69025
52707
56542
52661
52680
71684
71747
54943
53751
57419
58048
58144
56542
68912
68916
65073
55096
63737
63131
63137
63378
59976
64399
64570
54649
66348
66360
52672
58764
72175
72177
52817
58423
58764
58496
52685
53526
62267
63996
57951
64499
72175
64140
52808
57289
72288
72306
71285
71289
52855
59517
61729
62161
58109
64619
52694
52893
68880
52855
68879
58354
65322
65534
63744
68878
68955
68856
58805
52704
68874
52703
57239
71946
58032
72211
68872
52713
71925
56047
62336
69596
73285
73286
57502
58975
52900
61945
64063
71927
52810
64190
61970
52719
52974
71938
71940
60571
71915
55127
57598
57403
64507
57403
64379
64507
52989
60585
71996
52910
56064
64379
69162
52729
52741
71994
60605
71996
57704
55108
52734
71994
52737
71992
59594
70088
70090
58450
59611
52907
62867
64669
58503
60105
72737
57476
69046
54666
54681
60281
52747
58071
72208
58767
72226
52754
54612
52752
58662
72190
72192
59607
71548
71549
52757
72188
72190
52947
69377
63933
71386
71388
52763
52936
72125
59358
72188
52771
64349
70043
70047
54443
61335
64340
52769
72123
61104
72125
62165
52903
60288
52774
72137
72123
54643
54694
55049
68953
63225
64436
57559
60804
72226
53721
57639
52855
59608
58743
52784
60691
72150
69020
52850
53498
59908
52790
72133
72135
52792
52804
72156
53660
72429
52817
58032
64827
58530
68246
68253
64255
54968
53227
72223
52919
52922
56644
53035
72406
53032
53480
72150
53362
59774
55464
61929
68951
69412
69413
52865
65464
64570
72637
72638
57863
65649
52813
57514
72137
54262
72135
54579
64480
60722
52902
55250
64270
64270
68402
54394
52844
54397
54485
57419
58144
72430
72431
59976
64399
68938
68939
63272
64477
61349
67277
67280
63988
72869
72884
55852
68831
69043
52911
53655
68857
68880
53211
53233
62231
66713
63483
69171
53742
64126
70946
70948
54914
55154
56166
54796
55171
57033
67675
67677
63284
65030
69282
58159
65322
68874
65223
65268
65762
69148
54792
54848
55173
52881
52898
62886
69211
69147
57343
68603
54561
66193
52895
55146
55153
58410
69241
55689
64225
64474
58269
68610
54573
56979
52878
63810
64366
69102
55769
54036
55305
60364
65387
60023
69146
57639
64243
53520
53897
60026
54330
54618
65408
65487
66143
66181
54301
53610
60636
66917
66952
68967
68968
62254
69208
69209
64049
64452
65281
56905
52927
65176
69121
69122
69196
53288
69169
53199
54660
65083
69021
69194
69264
52905
68842
58481
68821
57871
68816
62368
64318
64318
68974
73030
63750
65240
53026
60072
52913
69042
65408
68804
53205
58447
60848
63742
64443
65331
63413
63939
64341
63726
64452
63426
52925
53486
69419
69492
58833
72902
69729
69756
53050
53238
69483
69487
57551
52938
53982
63882
69586
69321
53790
53028
57069
58889
63678
67330
58479
69173
53325
61355
62110
62600
64175
69326
53573
52958
55231
56879
61168
52972
53001
53044
53271
61671
52953
64533
69598
57197
69602
53197
60681
65776
58534
52959
53359
56880
55015
63919
69601
53182
53028
53172
57069
52967
63421
69171
67979
67994
53701
67459
67461
69173
72164
72165
53567
66307
69944
52971
53277
59417
53048
53351
69415
53185
69554
58975
64822
71923
53208
69531
53086
58907
59648
52983
58450
71977
61376
71975
52994
61404
69175
65675
58715
70444
70445
57257
60619
71940
59647
71938
62073
53145
69099
53140
58345
69413
58789
59554
60696
71963
61317
61363
58274
60409
71990
62646
70204
70206
69396
58281
69328
69581
54845
54995
55001
53414
63088
63248
64372
58879
58919
71965
58895
72931
72932
57859
66177
53014
55543
53606
56629
64143
69394
69462
53017
71923
66712
66714
64273
72177
64113
58983
60240
57921
68776
70612
70613
59273
60300
72946
63002
57668
69101
69375
57936
64835
72148
53603
53656
53697
59774
72133
60645
60757
61174
58339
58342
64731
70439
68564
68828
53048
69395
69396
60094
53047
58105
65027
58194
55481
62196
53054
53056
53077
62310
53062
53384
53060
58927
71943
53075
53077
58194
60685
71945
61716
53065
57463
60685
53065
53420
58105
69525
69527
53068
53070
53088
53091
56043
53077
64713
62598
66384
66416
53075
71941
53086
53088
58929
71943
57361
72006
72007
53294
54618
53080
53082
53256
53100
53103
69392
69458
53088
58484
53429
53086
58907
71939
53914
57965
71941
58202
57700
69526
53094
53095
53206
69534
53114
53100
57870
59322
53099
58082
59322
71937
73293
53441
59630
71939
53441
57461
69359
55404
69543
53766
53107
53108
53127
53114
57989
56225
69710
69714
53112
58420
71995
59320
64706
71937
54483
59209
59320
56414
73305
64341
69586
53120
53122
53142
63774
53127
57495
53859
62449
53126
71993
60589
71995
65132
53664
55266
67831
60674
65684
58986
53134
53136
53152
53991
53142
53424
60705
64860
67491
53140
60705
71991
54228
55772
57310
54023
71993
53152
53377
54023
70098
70116
64285
65215
64230
53364
55610
55718
53149
58845
53154
69702
53150
53152
53312
59353
72132
72138
58380
59372
71973
69698
59687
58828
70146
70147
57574
53161
57571
64640
57875
55502
58470
58499
55420
61840
58574
70139
70140
68829
68830
53245
53284
54902
62373
69693
54371
58738
57532
53174
69639
69646
68758
72217
72220
63999
53323
53543
56253
64347
65282
65147
53584
70777
70792
69549
57382
58457
61687
53212
57400
57531
57881
68810
68830
64278
69591
53785
64033
69549
60583
60791
68810
68811
65330
69588
63857
55691
56549
57302
68763
68764
69543
69654
69655
69599
68811
68812
59560
57540
58557
53231
54375
73275
73276
53225
64629
53241
53244
53822
63877
66314
66319
69626
56398
72750
72751
53356
57367
58620
54384
69668
61581
57367
53855
60288
65048
72227
56173
68813
68814
58741
53246
58615
53236
54873
55273
58569
63045
55260
55275
53239
57935
53242
53353
53480
53242
58620
55730
73275
53253
53347
66331
66337
53249
58128
53255
55549
55151
57878
57572
57576
68996
60841
58128
69094
69096
57357
57567
58208
57935
60841
63552
53274
59417
53284
55291
64602
67129
67131
53268
72153
53273
63891
53267
53366
53281
58523
72151
57545
56922
71712
71713
53457
62309
53277
59417
72155
72153
53279
55334
53280
53456
53281
53331
58669
58056
58745
58750
72210
54605
61956
53295
53295
53420
57500
71956
56488
61043
59672
64713
71959
55609
56551
63022
57327
62594
63333
58028
71712
57822
58106
66121
59171
53373
57910
72002
53364
54278
55612
55706
53908
69475
60074
68247
68252
53432
57272
69670
58380
72001
57653
54415
56975
71588
71589
64049
65337
68879
64127
68878
65297
66148
61327
63184
72363
62596
67778
68052
73221
63944
69383
57002
61741
62096
72848
53712
53776
54539
72218
53336
55295
58340
62675
63554
59007
53456
72169
58752
58753
66123
55301
65184
58614
72224
72225
69146
69150
66064
71344
71347
53350
57558
63015
72162
57400
72161
56218
53351
64455
69582
53350
58605
54463
58188
72157
58894
72149
58640
72147
55672
69438
53366
72168
61860
54830
55019
58599
72428
57405
57386
72169
53381
55840
62067
56291
69694
69444
69451
54262
72134
72135
56505
64166
71725
57874
69614
69687
58517
69003
69024
67073
67074
53424
72009
56303
57972
56112
73307
68947
69012
69668
63802
57463
71959
53703
68520
58924
62895
65050
54084
69492
53454
71927
70213
70228
56859
54682
69022
53962
54064
69489
61696
63527
55524
54850
68839
58291
53716
69238
53438
61656
61812
55442
60025
56858
58361
61106
61110
72891
72893
59405
68537
62341
58343
72008
65634
69018
62339
63815
54481
55803
64021
66950
70553
69669
53696
53943
56191
57693
63646
54237
55856
56010
56219
67608
63018
53813
65334
59921
55838
58206
60644
72214
71231
71232
68506
68571
60745
54299
63797
63894
68835
68836
71913
55459
72166
55019
58599
57803
60206
69469
69470
54577
69437
68806
68807
55014
54550
56854
54333
56011
68116
68801
68802
53472
62079
62106
69447
69451
53944
53473
54127
62079
62882
71032
71033
54534
69364
57544
57977
72230
53886
65179
65490
72151
72168
57552
58065
57552
57562
68803
69363
55767
71894
54169
72942
72943
58010
65259
65494
54399
53501
57544
57977
58614
60736
65469
58669
72025
72027
58657
63942
69383
63156
65100
58588
60812
72231
59356
72066
70853
70857
62811
66449
66516
64385
72098
72102
58273
62699
72387
54762
69247
62731
69433
53549
53612
72652
63482
54993
61245
72653
54469
54837
56838
69240
63326
66445
53519
57174
57483
72667
62859
65888
72668
53885
53636
55117
55121
62859
63157
70335
70342
53636
55117
72670
53620
56477
57654
72665
62161
69475
59586
65635
55673
55680
58216
60983
69790
69795
53536
54652
55740
72590
55077
72588
57447
58650
61187
63916
69503
53541
53623
72592
53542
54847
72594
53623
54631
56344
57682
53547
63163
72384
53678
55001
72386
53682
57341
72384
72653
55297
53790
57774
69321
72903
53556
53685
72379
61103
72381
53812
54068
60956
64175
69324
69326
53686
55330
57957
72382
64175
53682
54860
57341
69151
69152
66640
53568
53569
54869
61103
59166
61266
56712
54879
63162
54227
63162
72380
54880
55157
57337
64191
53574
64191
72379
55157
57337
72436
54534
61187
72437
56262
55450
62750
53579
53605
72435
65307
54962
58649
72437
54126
62372
60952
64144
60700
54943
53591
53698
57277
72428
55332
61231
72430
53666
56629
61198
64143
53595
53653
53603
55439
72433
70066
70133
69100
55450
72436
65100
53652
55164
72430
53670
53741
53606
68229
68263
61334
55308
53614
53798
54715
55004
58290
69125
69129
54080
69666
53620
54691
57654
72672
53846
72593
63526
54808
53724
55913
53633
53637
72594
56571
57652
64572
55618
59679
61378
53786
55043
61856
53722
69178
69179
53638
54630
55134
55593
72664
54704
72672
53638
55079
72596
54724
54871
57933
69023
53710
62976
53647
53783
72668
54470
56514
66779
69025
53804
53651
61081
53924
54789
69286
53658
61035
72432
57399
61899
72429
71024
71027
63769
53657
72416
53741
72418
66727
58599
65848
53663
72404
72418
57335
62898
72434
63326
54587
68394
68395
55381
63551
54451
57270
58148
53673
53767
72618
72364
58253
59811
62084
54379
54941
54846
55107
63163
56005
65157
69631
63912
54854
54863
67125
67130
58709
64167
54948
53690
54861
54877
68254
68262
53692
72368
53691
72356
57450
72354
53818
72354
62872
70832
70843
66918
66923
73301
54910
56658
61231
61899
65014
53973
66889
69550
61684
62978
69297
54972
57362
57789
59386
56083
58951
53717
69285
68812
69346
69423
58244
65586
57394
69244
59428
64237
72707
72724
53928
55470
58187
64012
67014
60119
72728
66678
57895
56680
56205
69036
69040
56786
54131
69463
69176
69184
57330
72366
58157
64127
57599
68239
68245
56848
53746
60736
56864
54968
55023
61289
58871
54942
55210
60632
63414
62553
62809
63449
62903
53763
58572
59069
69688
69690
59415
61870
63106
72156
73013
73155
73171
73176
69199
56491
56507
61789
55161
58129
61329
54263
61413
72631
58225
62265
62510
63532
59461
72084
72085
59851
72972
56559
57617
57627
72665
56938
53779
59679
61446
72591
59254
56943
58303
72664
63443
69573
69721
65330
63589
65349
58343
58360
72008
72010
53793
56762
72590
54697
61378
72592
53809
58348
64647
68068
68085
55579
72614
68146
68148
58969
64375
72616
56706
59885
61483
61493
54346
56144
56262
65531
53812
72566
58969
69583
61277
62839
55855
61748
73107
72564
57307
73288
53816
54016
72826
62152
72824
53960
54480
62788
53886
65490
58165
58395
69385
69386
54044
54121
72822
62060
72797
53980
55381
56811
57023
56040
62259
69573
62465
64147
72876
53835
64110
72874
72872
63647
54002
72878
64097
53844
54003
62102
72872
53853
72870
55550
61132
69419
55930
72578
58218
55446
63917
73303
73304
68815
68817
55068
58972
61787
72847
63807
68733
68734
69831
69854
61643
66888
53859
64523
72828
62466
72826
70846
70848
62379
65844
54807
60643
55765
62081
72805
67587
67588
69229
55736
63315
57434
54040
54325
72824
54044
54087
55042
72845
54051
62468
72597
61367
64625
58097
69555
57274
61997
57877
57550
58980
67514
67515
53897
69201
69219
60132
62844
62938
64065
62366
72294
72301
53892
61375
73017
73049
56150
62711
66192
60191
67919
67920
54162
61594
73072
53899
61601
73074
73055
56924
53932
73108
69151
69154
54197
58492
53905
53948
73094
53918
73090
63898
62214
63568
69474
53910
69987
56633
53963
56636
65587
67267
56551
53981
65547
71606
53917
72767
72768
61731
71842
71843
61691
55825
73055
61276
53952
54432
69544
53942
61555
73090
53945
54733
69115
69132
61540
62413
73072
57584
58664
58740
69178
69189
53968
53975
62499
61136
65330
53989
63745
58214
62026
53954
62216
57818
69179
54026
63660
73059
53956
61108
66102
56727
68617
68618
61686
55470
61238
56500
64149
54797
56324
53971
55765
62466
61578
73105
57818
62421
53975
53976
55835
53977
53977
73113
57520
73106
55440
62739
55543
59232
65544
66011
66017
54361
62304
73109
54350
58492
68197
64751
68196
68198
54467
64047
54202
55008
70081
61246
72980
72984
66657
66661
54000
56843
63436
64634
72063
72065
56439
62607
72876
54065
54071
54067
73203
73207
62220
63716
54910
57517
67182
67183
54014
72859
54960
57517
57432
68957
56002
72857
60077
65053
54159
54018
61472
73093
58647
73094
66095
69417
69488
61559
72805
54182
72807
55636
62466
54062
73057
63309
63384
54552
72795
57828
63865
54153
63781
65900
68516
56508
69464
54912
54184
54198
56381
54582
62524
72823
54152
54164
59961
72821
55636
72822
68527
54209
68540
72820
73045
73046
54061
57472
61490
58113
64890
68740
55941
72855
68735
54063
58781
60631
54055
55058
72875
54055
54195
55058
55685
62607
73015
57073
68743
67552
61807
56413
59060
55470
69485
72871
72872
61125
61856
72574
60960
61136
54071
54504
55063
54500
56508
69464
69459
60809
72187
55630
55879
59938
62238
54088
64659
68767
55667
69666
55233
68773
69491
54988
65359
73150
73151
54201
55066
55899
64147
54476
54090
54091
72827
57523
61686
73096
54354
61686
68580
68584
54094
57539
73096
64021
73098
54098
54097
69490
54239
69484
54475
63766
55599
56532
69634
57957
62873
54165
72878
54504
61356
63988
55774
54107
61731
73091
54130
73098
61463
54115
54275
62535
54111
54112
73091
54113
56020
73111
54113
54320
63169
64388
54117
61639
54275
55569
54421
54511
68342
68344
56423
54198
57490
61644
57510
54215
54236
63655
54230
60684
62247
55347
65727
67432
67499
56235
58583
68303
55374
58243
62381
61731
54270
54143
54286
54361
54350
54363
54418
61577
69662
59482
68317
55806
69681
54228
55795
63066
64437
54144
54269
57520
54150
55819
72871
60402
68541
56908
55520
65215
54457
62191
72877
54185
59602
72823
55554
60073
68086
58968
58327
61872
63814
54446
54582
62524
62604
59590
72947
72984
56426
73074
54185
55687
54563
54168
54295
55834
54183
60408
54172
54173
73095
54174
57221
72838
54174
57523
61963
61949
57074
64316
54178
54179
55850
72838
54180
72841
54180
57543
55960
61904
54355
57793
62449
72809
55802
54436
72819
54325
58318
57914
68369
68370
57256
68548
63579
68757
54190
54192
72888
54191
55643
72834
54192
54554
63731
54444
54196
62191
68182
68195
54199
54436
55687
56154
55685
63870
60887
55464
63713
65320
60280
73051
54581
57649
64480
55055
55056
55645
54568
68542
54212
55024
58367
63908
57545
54213
54238
55025
63908
54237
54238
55025
73033
54217
55855
61748
61015
54218
54219
55861
58367
55587
56365
59152
66087
65054
67978
54247
56596
68237
65950
58065
58556
56183
73038
64338
73031
55024
55856
56389
55493
65362
69485
57012
62494
60591
60616
54358
73113
55502
62998
69682
69703
67936
60834
69210
69214
54251
57642
63699
73115
73141
54982
62584
54256
69460
57288
55430
69454
55646
63733
68304
68308
65548
71607
58635
68977
68978
58676
64199
57483
65603
65888
68529
66362
66366
72273
54269
61748
55870
68833
71030
71031
63002
55667
68540
61836
57258
54842
54305
73116
61578
62413
63404
65137
55650
72828
64478
54483
59967
54296
61753
68067
66872
66874
54358
65965
54400
61875
63207
65968
73048
54311
54307
54324
54323
68918
68920
73091
73092
54317
68550
54411
71587
71840
68593
56637
57602
54321
54509
55797
54327
73117
62160
61749
62016
55812
61753
61731
65335
70727
68117
58814
55318
58215
69282
71360
71362
64645
68675
58265
58665
65603
65888
57281
68603
55036
69262
61704
62236
54355
59826
68586
57256
73111
57876
54725
73214
68462
67309
67316
58445
65184
72231
57235
68826
58575
54510
54517
55047
57561
58491
73046
73047
57683
71805
71812
60825
69685
61063
63026
69242
55864
69685
54443
55481
69245
65862
57702
69672
69676
72455
54574
56015
56050
54527
54531
57441
67824
67825
64049
65337
61219
65727
57712
63596
71778
71787
65533
55508
69637
65359
73150
56984
57846
62299
71140
71148
54417
65848
73052
55387
61900
60095
68559
71947
54766
62501
64717
64732
65571
65807
55852
57090
58058
57848
58831
58832
65485
65639
54513
68337
62376
63600
63652
61707
57237
56175
58060
54473
54710
73153
63646
64935
54449
73147
57522
54445
72821
57793
61904
62449
72825
61475
67054
58468
54443
60061
60063
60068
62287
72318
72325
59207
71717
71777
63547
73152
68602
63925
57552
55236
67660
67662
54466
72819
54538
57552
68814
68818
67703
67720
57291
62189
56934
72158
68741
55102
55520
55813
62998
54553
62191
56812
59472
58410
60923
54472
62625
56134
58913
68555
58287
60252
54595
59319
54506
68356
60342
57047
57202
65679
68317
63196
71769
65368
65585
71508
71519
60472
63611
68303
68166
68167
65319
68384
60572
70420
70520
63575
57036
54564
55011
56403
69295
69296
62606
54504
57526
54603
63533
68237
54508
61269
57021
68358
54608
66044
55046
57831
56025
64482
64697
58291
68608
64564
54772
55969
73144
54574
54961
73146
57541
70457
67544
67545
62270
62221
57304
56429
57475
55490
58023
69250
54549
61089
63920
58741
60825
58628
68802
68803
57435
58619
57439
63363
57473
72522
72523
61037
67457
67459
70627
70684
54555
63731
68797
68798
55327
58025
62763
63438
73141
54865
58023
58039
56439
63870
72797
56381
55731
62100
54694
54973
55089
73142
68739
57992
72440
72441
54763
56015
68549
56985
56997
64216
54640
58932
60152
63442
68801
64601
57916
68296
68297
58315
60784
61961
68729
54786
56296
55032
61063
61872
54583
71638
54581
67988
67984
62537
57099
57206
57678
57124
57726
71724
71729
54696
57975
73056
73057
65480
65841
69388
69453
64671
57272
57276
69670
69675
57159
58154
58183
54690
59945
62022
70395
70397
68843
61940
68354
68238
60950
62580
61993
55976
63631
69448
69449
65183
67972
67985
54613
54628
69045
54613
68331
68338
61779
55655
59597
61624
54624
67408
67410
62768
55880
67186
55880
57751
69043
54885
55096
54631
54857
67668
54634
56770
55090
72591
71453
71454
67182
54643
55094
67279
55735
69227
55089
67448
54646
54648
54794
54681
69019
55090
58308
62996
70810
70833
54787
56762
54794
54664
62384
54747
67648
54659
54662
55906
54782
69017
55077
62816
54794
55129
67732
54669
67483
67484
54777
54914
60281
60495
67944
54673
54675
64520
62618
67485
67486
54782
55521
56559
65224
57617
61395
62664
64874
57660
65581
69024
54796
55154
56314
55937
58115
54687
54689
63260
58233
62618
55121
64591
64883
66606
66610
55076
56983
55090
60265
63173
62922
54702
54703
67584
67607
55277
55284
55117
63554
63773
64935
55176
54725
54761
56025
55903
67729
67730
73151
54712
54713
55294
55097
56495
67682
67946
62966
54718
62675
55004
62961
62962
72657
70183
54761
54724
55466
73216
67200
54763
54786
54973
56296
56050
73149
54763
73145
67198
61446
57732
72847
62583
67313
67314
54740
57460
61005
67410
67639
55097
55489
67623
54988
73150
55705
58201
55097
57564
55619
55708
60128
61367
69486
55022
69486
55089
54766
69267
69265
68034
68109
68113
58493
59511
72663
55051
73142
69262
71583
71594
54781
58517
69024
57165
68107
56891
63599
54914
66067
69022
55303
62810
68022
68035
55074
56015
55740
65632
55937
55939
69286
56308
55100
55144
67530
55128
67585
69170
68340
68342
62127
65251
54803
54819
54901
54814
67856
67875
59888
60975
56537
55651
54839
58901
61761
67854
55638
67533
54819
54896
69285
65407
65679
69280
54824
56672
67797
58775
70411
70448
67424
58775
70649
70655
61228
62196
64992
55332
56672
56673
56679
67224
69238
62691
62953
67310
54846
61188
60975
55301
64329
69237
67323
67324
68954
68965
54854
63163
70782
63520
65231
68823
68827
54873
55263
65470
54865
69247
54861
55902
61396
67425
69249
56518
61682
54869
54877
60732
62501
62925
69266
54914
55942
56166
60761
55214
55279
61295
67299
72535
55250
57848
69263
57957
55212
55283
63026
54880
65716
64086
56250
67663
56662
64705
55375
55396
65678
66995
67012
54927
58872
56350
64784
54894
54938
66662
66663
54901
55939
66715
55360
59275
65334
55937
67222
69272
69280
62117
66058
58025
61198
68977
68993
69263
70666
57170
69180
67080
66200
62668
54923
55410
57333
61168
66817
66818
55729
55009
69047
64142
66760
67217
59091
55375
66981
55396
68979
54940
56704
61019
65716
58113
63415
56779
69011
55322
64086
54951
66966
55512
56782
63293
55150
67162
67193
73153
58823
56818
63306
71415
71654
73284
70616
56100
60732
54981
67142
55018
55076
73146
55968
73144
68909
68928
67152
56598
55011
56006
56007
56062
65035
64082
62168
63312
63156
73286
55006
69047
67934
67936
65855
55149
72649
54995
55001
55306
63995
55166
60525
67208
66609
61036
66587
66529
66509
57564
66494
57598
62997
69041
60887
66364
62650
69051
55109
66490
62309
68809
55114
66500
56691
56054
72155
55027
59777
57450
72381
55861
73033
56024
73033
56025
66430
66575
55046
57143
71361
71386
61080
55035
55052
55950
72884
55060
72607
56602
55170
55040
55060
55639
55637
66125
72859
72595
55161
56166
55094
73139
73142
66194
55050
55051
62475
66475
55050
55051
59658
66195
55060
61356
55055
55056
55745
72890
72883
55698
55485
65673
66493
55731
72877
55310
64807
63988
72869
66294
66490
55787
62464
72875
61631
65052
60976
55072
66499
61251
55076
55740
69468
55639
55084
66598
66375
55606
57068
63316
55935
57422
59140
59160
55094
55544
66319
56404
66531
55491
58276
55100
55144
55173
61394
55357
65541
55167
60900
67027
55152
62867
56410
66278
66240
66243
55123
55277
55487
72669
66500
61939
66292
66293
57174
55307
56282
57483
57798
55276
72651
62671
67528
55139
56681
55129
64584
72602
72603
56782
57434
67146
61143
61722
65001
66763
66765
69387
69402
67091
67193
61283
61524
72397
67219
67219
67230
68729
68730
69239
70684
70688
66647
62637
62863
72387
64329
55306
56701
63995
72400
56687
57893
72399
72378
63050
55161
55171
56314
69023
57419
61035
62758
61283
66023
60080
67792
61610
58129
69279
55329
57899
72442
69167
69237
56888
60420
57033
59506
55178
57979
69052
69053
55179
57979
55182
55206
55213
59888
58286
55193
72384
72400
55463
64884
56280
56483
55189
70394
70396
55191
56463
72646
72656
57615
66697
66699
61721
66491
55313
57823
55272
56475
60580
57249
55204
56771
57365
57458
55563
55208
59481
55268
55563
57655
61160
66946
66947
65252
58125
55529
58286
61120
72398
72645
68201
68213
55320
68958
55264
55221
56687
62519
56701
72400
72402
55224
55248
55314
56702
55225
56702
72390
72391
57453
62904
63103
72797
72820
55324
70185
70187
62742
57436
55412
66476
55247
57575
72170
72171
66751
56912
68057
55243
56672
56673
60990
72443
55247
55287
56736
59045
69264
56867
58184
58745
56702
62107
62133
56459
56694
70438
70455
55299
57325
67023
55280
62375
55273
62075
69242
55461
58137
55602
57617
57627
62816
56490
67135
69246
56533
56554
55279
69250
55277
55489
60151
69243
61264
72647
72648
55284
72671
65879
55286
69239
72669
58376
58772
57826
60264
69243
56656
58602
57590
57615
72670
57590
57615
64879
72654
65289
66344
69236
70656
70657
56826
57627
55364
57379
55308
69266
55311
72397
55507
66471
69241
56753
55317
69264
57949
66188
69260
62045
66419
64327
69260
62117
63999
69281
56705
68956
55347
69284
56868
70298
70315
70299
70301
66471
66496
55329
57899
61076
56419
69825
57423
55336
55342
55357
62641
56399
69826
55342
61261
66822
56773
56295
69261
61415
64833
57085
55363
66095
69488
66963
57307
66825
66832
55387
61900
71596
71597
69492
63004
72388
72390
56443
66962
55884
67041
61176
56603
63985
73028
59363
67384
59996
65845
70782
70783
67194
67205
63903
66820
63648
71675
71678
60989
61406
65052
56635
56637
72452
70308
70312
67013
64425
67282
55777
67627
67644
70454
65433
71072
70687
70688
55405
60974
69458
69462
66814
57429
58317
56735
66290
73026
55415
56402
73249
73250
66836
66839
63841
73025
56029
56373
56294
65809
67799
67834
73012
73013
66618
69852
55435
56673
57992
63371
61178
73010
73011
64143
72435
69026
67743
67744
55447
66341
66562
66563
55680
69641
69660
69083
64709
70065
70077
58317
72434
69924
68606
68607
58297
61051
72886
58578
58556
68780
68797
66435
60139
72608
72882
66443
69820
68949
66498
57526
57554
66934
66944
57760
72987
72988
55498
57641
63026
69168
69169
64897
69777
57849
69483
66344
63673
73154
73160
59541
61106
62272
69248
58205
70090
70095
69487
61422
55926
69697
65074
66528
69667
69694
69562
69563
57263
61973
63322
60688
61394
61574
56707
55508
66197
56723
66473
55756
64960
72754
72755
67273
67274
67167
67168
66882
55819
62810
72666
58233
62618
72666
72108
72112
67616
63154
65049
67007
58513
56443
56792
60156
55559
70235
60574
70179
61092
56049
61777
59129
72654
72655
69462
58308
61451
72609
66966
63047
55549
62071
69410
55898
67282
69405
67016
67018
55764
56396
55603
70406
70407
61123
63437
63969
68301
70393
70394
61372
72566
64591
61170
69645
67004
67077
73306
62939
69893
69622
65964
56464
57485
57624
55574
66997
59638
56102
60782
65821
65865
72616
55744
58451
69360
70375
55761
60900
55760
69610
66813
72589
69323
55598
69708
69275
69285
58986
62998
69703
55605
62965
69634
57655
61160
56771
57458
57465
68816
68818
62480
62696
69640
55609
63509
69697
69699
55612
69662
69664
55617
70668
70685
72592
72593
55621
61857
67810
67812
55623
55624
62290
72833
72831
55625
55955
56344
56344
57685
61134
65751
55720
56335
55633
59472
56352
55879
55637
67695
59597
61624
68656
60221
55640
61794
59888
67731
67786
67823
55805
69663
55700
55648
56319
66994
66999
57730
62256
69031
57663
57687
67656
63293
67132
67133
66978
67389
55700
69465
70594
67252
62574
56418
55709
55668
55882
69666
67278
62268
67184
55678
62408
69457
67633
61877
58189
69455
65855
55688
56084
55684
55696
67269
63031
64522
57075
55694
63477
55697
59535
61803
59778
55720
61814
67798
69460
60431
61813
67804
58212
64331
55883
63509
69664
55708
62585
67809
67810
67901
72389
61275
55715
58230
55717
60908
70054
70058
55805
69662
58216
62800
67566
56063
71320
71328
58658
56481
61569
55728
55951
58301
61247
69228
63461
59074
56125
61914
62584
62613
55742
63963
58166
65317
68287
68354
57349
71634
71635
72531
72532
69195
69199
55997
67938
67939
56999
56531
69608
55795
69607
68104
72807
72153
72154
62174
55921
56199
55784
69621
58811
55793
57607
70680
62425
73274
61044
72827
72838
55793
57607
69617
71265
59812
62396
69619
57971
59893
57993
56335
67884
58564
69476
69477
69619
69620
69621
61515
67581
67582
55807
55905
69663
55813
69682
62016
56266
56283
65274
56273
65022
72196
72199
56057
73092
55819
69682
58013
65457
65573
60765
64080
61889
69680
70399
70400
55847
55824
69248
69487
58214
73057
60964
61030
58797
71580
71645
55831
69496
69489
71270
55841
55841
69490
69495
55860
72736
72741
55857
63566
66169
56512
57663
63027
64016
58958
58229
59835
55870
69463
57779
73034
55858
55858
56009
73034
65736
55869
56511
59687
55869
56511
55871
69667
55879
55882
69667
69665
60958
67188
69667
55889
69663
55885
65584
56553
60179
69665
67240
67288
70842
70847
68640
68655
62187
62464
62759
67429
57529
64021
65241
60426
69027
69029
61647
65238
62573
61225
57070
61407
71507
61441
62588
55924
56474
55921
56199
71581
71589
55998
65266
65728
62211
67924
67925
71044
71045
62244
68161
65271
67904
61135
72564
57227
60815
63935
56467
57565
61777
69285
61413
72857
56314
69022
69023
67076
67079
65113
61022
69471
69478
55979
58299
56001
68864
68869
57685
72833
64642
65149
55958
55959
72733
56411
69092
56411
63812
67397
67401
63980
67288
67289
55969
56006
56007
73144
58019
56056
70618
56098
56320
72836
56098
56319
61808
65249
69373
69375
70636
61912
57225
56433
56436
58396
59913
71536
59130
58396
72885
59238
59142
72830
72832
58357
55996
66793
61152
61149
62425
57227
61338
61842
71402
56159
56403
73140
56010
73032
56022
73031
57764
63933
56037
58372
67213
67214
70833
61556
63895
71116
61753
56173
56219
73050
70619
61174
67948
67953
73084
73085
60502
70635
70683
56207
62603
70853
70854
56182
56280
73145
56306
56054
73149
61753
65023
73110
56210
57515
61001
56071
73140
57576
73085
73103
56853
60308
67260
67261
56923
58988
64272
73211
64972
70839
71114
61054
70843
56165
72991
72992
60180
61775
71987
72002
56415
65700
71825
71828
62807
66916
66917
56131
64672
65611
72831
65277
56677
67462
67489
60261
68123
68124
61407
57536
65575
61764
57272
57276
61956
73074
73108
61888
57607
71677
71603
61309
61310
61312
71416
61352
57127
58014
73006
67692
58014
65141
71547
57790
65150
72835
71062
71427
71428
67963
56144
69696
71307
71303
66462
66466
61764
60204
65454
71533
56149
56151
57034
59289
59004
59005
68145
56178
59308
71526
59885
57985
61389
56168
56198
66025
71094
69631
62372
59940
56197
56314
62982
67640
57198
57628
58007
70983
70984
63624
67090
67103
65413
59875
63400
65284
71471
65238
65443
58011
71525
65221
58193
73106
56211
73215
73216
59125
61700
67843
67844
64627
70386
71232
71233
56772
70851
56210
57515
69444
65975
70678
70640
63576
65364
70815
70803
58366
59808
70680
70684
64338
72998
73001
61485
70809
56948
61754
56347
57687
58341
61950
56346
56230
68346
68367
56853
57529
61963
65364
62602
70639
70640
58991
72322
72331
65523
57707
60452
70742
67259
67279
67280
57266
57529
65241
73095
57372
64036
69757
64597
65717
70362
64221
62511
57767
71818
71819
58433
70372
57508
57716
66819
69701
57138
70161
61749
62016
73097
57767
63490
56286
56307
56585
69725
69727
56384
58356
56293
62814
61947
63043
73145
73146
56834
56308
69172
69188
62577
65667
65839
56906
70430
66099
67047
67048
70177
70178
70169
65996
70294
64899
69613
69614
68955
69020
56320
64582
72843
56416
63143
69170
69187
70462
70465
61382
64801
70423
70519
70520
61898
56340
70248
70249
65236
65704
57888
66745
66746
65611
70440
70441
62163
70268
70518
70498
56660
61859
69918
66910
66927
56440
61146
57407
63263
70841
56366
69387
56707
69420
62532
66423
66426
56403
73139
73140
62129
69442
69476
69467
69484
66329
66330
62184
63233
56379
57310
69622
61022
66329
66342
57777
60037
57362
72983
72986
65875
73280
57407
60701
69484
66490
62591
69328
69332
56437
63877
64100
56445
56571
61765
68227
68264
69821
60771
66541
56663
62763
56721
60742
68446
68450
60674
69643
69644
65957
60712
64401
72842
72843
57682
65611
70130
60675
56650
57815
70130
57283
57301
56434
56846
72978
72985
66452
66453
61887
61992
62496
56530
69486
72096
56481
61460
71414
72881
72892
69366
56690
65130
58387
70452
62387
70232
70154
70155
56515
65075
67983
62964
56577
67406
67407
72645
72646
56495
63456
68219
68223
66870
67141
56471
56573
67008
67015
56553
72604
72880
61412
56538
58493
60156
62618
56533
56554
61548
67568
59640
61170
70180
70075
70077
56500
69305
69310
66342
66343
58276
72656
65648
70178
56507
56720
68691
62549
60401
66279
66292
62505
58187
64012
59287
65237
70539
70543
63059
66777
68080
61849
62549
56541
68020
68022
65427
57832
68256
68265
66376
69247
64964
69513
69517
69904
60660
60847
64571
67902
67903
70092
70096
69887
73264
69274
57526
57554
72869
61378
69837
64228
73148
73285
56664
69157
63089
66234
66253
62165
65673
66489
56664
67784
67819
69087
61139
69351
69352
62868
63510
70215
68490
68492
71714
71715
56848
57065
67886
67959
70364
70366
61162
56616
64773
58125
66767
56588
56623
62520
70203
64563
62478
61048
56604
58408
64890
70528
70555
56695
61173
58724
66925
66928
67272
62584
56718
64368
56611
60652
62848
65667
61067
73002
73003
60845
69745
57432
65723
67926
60654
66802
70191
63669
67056
67057
62750
60323
69787
56693
57602
72445
56710
57436
70376
69771
69737
69797
69823
58659
72152
62777
65570
65759
61082
60662
56743
60693
62761
72449
57136
61065
67847
67864
69896
60401
61503
64848
70538
70541
57899
65769
69030
69031
63488
69779
69806
62739
57277
72442
70131
65653
61076
57963
57970
60978
63995
61283
64586
60985
66597
66601
61285
72400
62153
70119
56824
68006
68013
69897
70093
63548
62659
72956
61238
69488
69489
57325
62873
72392
59684
72393
57886
60004
63278
72409
65836
56823
65040
72198
72200
56775
68293
68363
56879
65836
57338
69211
69281
63361
64609
72954
73182
65119
66482
69867
66798
66805
67845
67846
72451
72452
60756
56752
66795
66802
69992
70006
72644
72648
60888
60942
62262
72191
72192
70172
61378
64993
60786
64037
67503
69432
69436
60975
61444
57862
58248
70210
70215
67873
67940
70486
70491
70439
70443
70404
66861
66862
62977
63249
67132
56809
56813
56906
70437
70532
70774
57209
66972
70374
70378
72444
62192
63822
62485
61177
59419
72404
57136
57556
70167
70419
57176
70157
57970
64327
66187
63480
56951
63955
62643
60968
64998
72588
72603
60569
70508
61257
61268
70961
56855
56835
70850
60516
62420
64655
56841
71082
61546
70809
66133
72885
65704
61765
63104
67750
70909
69615
73029
56922
70658
65410
70595
70612
63217
63640
57831
68342
68376
61091
56877
63547
71051
71053
70624
60188
65526
65557
56880
57333
72447
72448
66078
67577
59092
71388
59596
65557
71525
71539
57151
71087
56898
71104
72167
72441
56929
60855
59407
63112
63385
71167
71169
71136
71134
61605
57101
60241
70430
71099
71102
62235
62320
68789
68792
70731
70738
57533
70656
63623
68363
68366
61165
57476
69042
69046
60537
58952
60821
60199
70724
58451
70488
70492
72219
72220
61488
56933
57398
60739
57291
72160
57291
60739
59678
68561
57207
58589
59956
71544
56938
68785
72158
57306
65860
65865
66009
63041
59042
61736
63046
71581
71583
62189
72217
61691
62259
63314
66895
66896
60161
68587
68598
57313
57346
71954
65545
65548
67643
67647
71262
59711
65423
71367
71374
71723
71724
63717
71596
57016
65539
72338
72346
59935
59983
68583
68584
60166
71372
59180
71306
65596
65606
61551
58593
72004
72005
68594
68595
67820
67821
71240
71351
60583
59037
71534
56992
56993
58382
57003
57346
71954
57346
63934
60235
64944
57001
68557
68559
71362
71364
58349
58133
71961
63298
57129
59718
59988
64887
60370
58594
59273
60063
71483
67087
60285
65278
71537
57174
58340
72667
72670
65378
71003
71004
57017
65446
57813
65547
57869
57035
65239
59858
60447
59232
57722
58149
59011
66141
67906
60209
58160
63298
65292
59485
71512
57100
59256
61848
63473
72856
72861
57150
57267
58103
59110
57237
68123
68387
71516
71520
62799
62800
67880
70762
68125
68126
64911
70712
70651
68240
68275
66875
61200
58017
71899
71908
59470
57068
57621
64228
57103
57224
59230
71562
57121
57245
65279
67205
67206
72711
72712
57121
64171
70905
57722
57742
57203
61281
70927
65285
71091
57097
57099
59072
71765
65789
59062
59148
67830
57189
71763
68121
57621
59902
59375
57608
60157
62821
63625
58018
68158
67864
57705
58047
64720
59249
64584
57137
57160
68356
57757
57165
68035
68107
57133
58164
59709
59714
59984
60262
68370
68371
66693
66694
65958
68035
68036
68172
59290
59885
60213
71521
57937
63675
61813
65103
71311
71682
71709
71764
71774
58179
59884
57167
71263
71264
61772
57171
71085
65592
57837
58181
58522
58581
68156
71563
70667
57861
68369
68389
65637
59502
66670
66687
57798
70663
68348
68590
67065
67066
70702
70704
67250
58253
60463
60316
70609
70862
71347
70610
58010
59847
65494
57279
60337
65789
60494
57236
57240
62595
62806
64600
71199
62752
64035
57703
59248
60334
57643
57237
65335
57229
71520
61195
62481
65770
58055
65856
71516
71763
60029
65442
70455
70456
57926
59794
65373
71731
71707
60802
71095
71110
59109
67186
67187
57223
71566
68513
68524
57220
58357
69262
57663
57481
58414
68583
57224
71562
60814
70425
70430
57898
65174
58057
71513
60814
57755
63549
57903
60695
69671
69672
66040
57661
57871
57637
61307
71508
71509
59680
60852
59752
57279
57643
66922
57648
57739
58149
58017
58274
58278
60849
60390
57283
57281
57343
68602
68603
60636
57916
60849
72072
68634
68741
60434
57582
65356
58581
71719
71776
58187
63741
57795
57898
59848
57719
57714
57703
60334
66022
68586
58850
57780
59170
59465
60086
57304
72220
72158
58954
59312
59313
71695
60160
60576
59797
59799
65393
65705
59998
71511
59327
59589
65316
59004
59005
63395
57304
57396
57445
72222
57413
57430
57499
57796
62764
69621
58119
58424
57321
71955
72122
72123
58101
71767
58278
58282
62774
72414
61167
57368
58422
64954
60521
72399
61176
61035
64334
60325
70875
70877
72368
57368
57369
60522
71960
57863
57869
57429
72447
59500
65935
57664
61056
57865
72887
72892
61195
57350
58133
58336
60003
63262
72382
57706
60598
57474
58285
64425
61306
72134
72139
58422
59400
58513
57894
60147
61478
71957
71961
57864
57470
58329
58402
57471
58331
57862
69514
57457
57363
57375
57579
57873
65132
57370
64047
64601
57377
58640
71955
58250
58422
57873
71957
72204
58250
63901
57454
57452
71949
71950
57507
71948
71950
57454
63004
71960
71961
62480
57401
57424
63716
57448
57546
62527
57928
57444
57547
58643
70499
70516
62654
59004
57397
63015
63215
57442
72160
72217
57577
58144
72431
58557
60791
65864
61299
63124
57511
73004
73008
59748
57415
66055
67767
57449
57426
58468
62570
72215
57423
57578
72166
57571
64640
72215
58775
61742
63743
59474
72213
63100
64995
72450
64669
57439
64381
72218
57532
58819
57578
57444
57547
57445
68992
68994
60686
61293
72414
58871
64334
72431
72383
72159
72160
58336
63110
68552
68554
57674
60040
71950
72007
62961
62962
57870
58208
71951
62976
64078
71956
58337
59209
57603
58639
57480
70073
60580
62465
59104
57478
57745
58338
58263
58285
63141
58235
64731
65134
72024
72035
63456
65387
68596
63012
63021
63428
66700
57526
62468
72954
72958
58970
61912
64202
66125
65132
72009
61639
58319
63537
63568
58417
57579
72213
58210
61864
62123
58905
71944
61867
66278
59113
59955
72955
59656
63849
64624
61534
63725
73058
73062
60521
70922
70947
69300
69319
73086
73087
73088
73089
65369
61962
68086
68088
65469
72230
61226
68786
59590
65486
68539
68609
58520
72863
72866
65440
62525
59203
60875
61073
69783
62151
62524
61832
60839
72161
64737
68805
59826
61949
58051
72225
60874
70098
70102
64589
61724
64223
59358
60836
65042
72596
62521
61501
66620
69429
58605
63215
72225
58598
72227
65182
59369
58212
58290
72650
58484
59741
72210
58728
69004
58775
72443
57653
69257
69840
57736
71725
58824
59203
64579
57923
71767
71768
65360
58944
58148
60976
64352
57718
62850
62956
63419
62112
72864
62860
63727
72781
72790
58845
72001
60994
58099
65640
71989
57611
71895
57610
64672
60576
60157
68259
60414
66134
71812
71814
57968
72656
65630
71603
71676
72959
72962
72598
72599
67807
67810
58536
71532
57665
65641
65803
65308
72588
71547
57941
62591
57698
65141
58015
59034
59165
71772
57770
58086
59288
57662
64367
57657
59998
71075
71322
63252
61189
62263
71519
71520
68493
68495
57839
64204
67983
67984
65295
69254
61395
59268
71503
59895
62218
63977
57678
57667
61949
58317
72434
72450
59384
65801
58096
68856
68862
69701
69724
59871
71484
72770
72773
58033
62756
61354
69033
69054
60414
65955
62251
72840
59661
72941
62310
71569
71570
69660
73303
61083
57815
58967
73071
58241
72938
58367
65139
63922
69602
69558
61532
64714
71933
72030
58121
71598
71599
69312
69327
57723
63113
70873
70876
60243
58124
71774
58383
68417
68418
71505
58175
71761
71778
57791
71749
59227
57739
73100
73104
65327
58098
63194
57740
69548
69583
72574
71728
57742
71777
71781
59502
71776
71779
68499
68500
58309
57959
58016
58151
59156
59809
60546
60858
57771
69446
69673
63666
69648
69719
71386
71387
73160
73164
61485
73273
73274
61377
73084
73101
67560
59158
69319
61377
59000
57947
61583
59948
62389
60315
61525
62094
58719
72933
59372
63900
60242
60349
65902
63539
72808
57790
61808
61950
72835
58093
68392
58341
71747
72898
72827
58118
60229
60462
58103
61826
66111
58340
63554
68372
61997
68754
68755
57806
60258
63895
73099
73102
69256
69265
63056
59464
69308
69309
64057
71542
71614
72353
72357
64074
69441
72829
63784
58153
60347
59456
60231
68374
60819
62423
62416
68311
68316
61445
60829
62208
58633
65083
69021
69025
63375
59615
59469
60118
63855
59153
64798
71985
68340
60708
68652
68654
62925
66090
62070
58258
61609
63831
67364
67371
61025
62422
62935
69396
69461
60991
68346
68339
68350
68351
58230
59474
60659
71952
62388
58750
58191
58517
60773
65279
68801
60839
59394
58772
58451
72317
72321
58677
60706
65846
69000
69001
60722
69908
69912
59175
68867
68869
59067
59123
62519
63247
64410
59266
72449
57917
60743
61100
59198
68944
68945
71500
58153
63613
64764
63575
68462
58000
68512
68580
68428
68778
58928
60594
71990
73019
73048
63981
65329
71750
60254
71657
71661
59724
59725
71795
71797
60899
63932
68732
57934
63549
65428
63504
59770
62722
64728
65004
71762
71780
60020
63457
65292
71568
57943
59685
60815
71509
71566
59968
63139
68638
59525
73032
73034
60957
60961
68125
71514
59492
61331
68893
63531
68106
65788
68716
72380
68962
58493
63806
72526
65988
58018
57969
66026
58963
59974
61167
60736
64994
72189
59702
58265
59353
62723
64249
58119
72208
65134
59435
60624
64925
70186
70188
58052
64920
65109
71928
59629
59209
72006
63061
59041
60990
68611
68612
71478
71541
60647
71944
58004
64950
71978
65272
64718
64720
60543
65181
65076
71718
71719
60224
59978
60361
59289
59291
65526
65429
65924
65963
71274
58996
62595
71515
65323
72509
72529
65149
65209
65697
58117
68302
58472
65504
71755
63920
65800
71824
65551
58881
71714
72003
72004
64795
65742
65675
60479
65404
59252
71554
68118
68119
60863
58041
60699
58042
58079
70133
70136
58829
59391
60577
71506
71507
68584
64447
64633
61231
62758
58054
59409
72122
64921
72180
63393
68122
63393
68217
68222
58920
71896
71901
67442
67448
58066
59414
64485
64661
58441
63177
65431
59635
63114
58096
64631
68389
64620
65438
59729
59626
60877
64811
65059
63048
66887
59378
65403
64692
68120
59630
64865
60556
60593
60536
58583
60403
61600
58188
60739
65173
58485
59168
58519
59501
59570
68026
68031
66100
70125
70146
71785
59562
71965
58581
60174
68232
60685
58182
71771
68261
60049
64759
59754
64974
72200
71790
72212
65103
62308
61973
64916
60387
71713
60865
65510
60093
65317
68357
58382
63332
59694
59699
72145
62558
71710
60236
60448
61829
60759
72157
72165
62174
61231
58225
61343
72649
69446
72835
63613
60620
68714
68715
60672
68419
68423
59486
72367
59107
68877
61979
68876
58998
68404
61103
72380
72381
59227
68344
68371
71778
71779
72694
72696
61147
64233
58604
58753
64105
64623
66105
58370
58819
72864
64233
63250
72570
72638
71780
71781
59818
65719
58522
60848
62209
58436
71696
62374
63006
62704
69611
58927
64017
62027
69067
69090
59229
61861
65873
68767
61955
67954
64050
73009
58484
71958
59547
66481
63735
63864
73066
73068
58756
63848
68217
61882
63508
72860
59644
58595
63804
59620
58325
63579
61506
61535
69638
58813
62400
63844
63846
63424
61416
72629
64861
58642
58732
61907
62835
64383
72363
61763
68948
68960
72671
68961
58239
66012
68566
71955
63513
63801
72801
61565
61885
73028
60357
63669
72866
72936
58248
69814
62444
69722
69725
59985
71564
68855
68915
58464
72427
62657
62785
62792
72357
63423
63424
72620
64345
64387
60672
61235
62732
68143
68606
62367
68313
68317
61595
68985
62735
72652
71992
72651
68650
68652
58281
62890
63077
72415
68689
68690
72463
72471
72610
72612
62790
72353
61329
63498
65311
72657
60598
60291
59916
66562
66579
59318
69530
69531
61046
65249
72883
72877
72888
64156
65148
65350
59042
61140
62992
64622
60843
72454
72519
62698
72602
65281
61934
64497
64135
72922
72989
63430
72587
68817
68818
61934
62537
65148
72800
64119
69072
58448
58578
59686
68606
61541
62484
58900
63075
59547
69677
69683
60580
67118
67120
58707
58718
72789
72793
62218
63976
63332
71950
71952
61343
63592
64050
61987
63880
73202
73220
61447
62262
65371
73167
63691
64056
58380
68610
65900
64059
68923
68935
61833
71441
71451
62476
72868
62851
64244
69017
69018
64030
59844
72915
72916
58383
62871
72008
60535
62326
63703
58837
64051
68677
68679
64706
64865
67060
61117
67589
59613
59603
60715
66907
66911
58708
61135
62567
72694
61027
72889
59023
63088
63344
63350
64359
63076
58842
64256
58776
59374
62987
58924
64441
59674
68561
72137
72152
59418
58655
58711
64706
59335
72211
60115
68882
72508
72555
64402
61205
72403
60836
72148
71682
64737
68732
68805
58637
59414
60451
65048
58604
58745
58750
64623
64105
72229
64902
64903
72126
58884
58638
58714
63442
65382
60804
65018
72209
58609
58636
59706
65045
72146
59352
59718
59719
72197
59403
59720
62886
64995
58617
59422
72178
67965
58744
59474
68844
59500
59501
65665
65927
60318
65750
71690
60131
59126
60410
58540
65380
71697
58540
60432
64783
60222
63078
71702
71703
64494
64496
64664
64668
71951
68326
68587
68588
68334
68338
59529
71291
65182
58495
58816
60644
58725
65949
68233
68250
62379
62773
60045
65336
71574
61809
62105
59742
71641
58561
60138
72039
63085
59060
60435
65698
65762
71755
71758
60363
65212
71256
68005
68258
69037
72446
58779
65670
66949
65341
65498
59311
59797
59571
71802
71827
59316
59823
71717
71719
59149
65414
65206
71491
71744
59357
58621
59149
60541
64496
64796
71981
60416
60429
62282
62289
64754
65529
65270
59223
60394
60354
65599
59576
60433
67747
67751
63955
70148
70152
72037
64763
72051
62933
63086
63111
64816
59120
71832
60714
72159
72161
72051
59737
62880
63117
65255
71579
71911
72050
72052
65496
65944
71844
60406
60861
71575
64616
59283
59445
68558
68560
71837
68545
65491
72113
72203
72207
63748
63830
66542
66597
58614
64629
72224
59960
59966
66024
63129
64008
60060
60061
71488
58647
58985
62026
63536
68393
64755
65184
61706
64602
65898
65940
59164
59356
68253
66091
72247
72265
58611
61687
61032
63708
59183
59190
59181
64266
59437
59765
60772
64381
65414
64835
68740
72468
64881
65211
72018
61520
72265
71999
72001
72224
59678
60088
60275
60950
68206
59406
63804
60527
64690
58650
63383
59097
62364
72501
72502
72154
58661
59350
58664
60804
58665
62754
60451
58666
72405
59353
72132
72243
59400
72246
72253
60124
58686
72251
58675
59413
72136
58676
72134
60859
67330
67332
63240
71824
64457
65056
72264
61965
66000
73259
73260
60691
60841
59953
63037
72493
58691
72192
62612
72173
60972
61728
62345
60043
64851
66824
64955
65067
58699
58701
72191
59396
60935
72172
62982
67545
67640
58747
60935
58721
72720
72721
64931
64926
59450
61123
61469
64530
72474
72476
72465
72466
59073
72203
72221
62217
58751
58925
64121
68486
68502
58837
72934
58859
72915
72917
62263
60861
63147
60505
70689
70704
63332
62460
63150
68901
68903
69333
69335
63992
72582
72583
58799
63953
72216
64289
59046
68642
68654
63000
72228
67655
67728
64979
63592
72914
73224
60142
65261
72904
72905
62330
71857
62103
63860
62011
64069
73065
73066
59014
65922
59405
58796
62432
59409
59629
72900
60879
73155
73226
59211
64018
64699
68713
68723
64699
73118
58784
58783
59446
60631
60840
67980
67984
59609
68613
71977
68592
61534
73058
73174
59051
64549
64197
59087
59717
64469
64545
70866
70867
62457
72903
73202
73205
71876
71896
62368
68972
69042
58810
59370
58812
58814
62396
60480
59335
65041
65934
67294
67297
64119
59844
68595
68599
58851
67508
67516
58851
72163
72439
58827
59376
60696
64944
63224
64838
59537
71969
71971
59537
60165
58892
59382
59918
72965
72933
72682
68669
68670
58841
72682
59886
59073
65640
63684
61169
69475
69480
63987
58901
72698
59189
58898
62912
63200
65193
72677
64134
64409
64300
72707
72708
59015
63255
58979
62593
59002
72527
61551
65621
66106
60151
66179
71692
61038
64176
73208
59836
71694
61379
72628
62075
63483
59023
69418
64205
65501
58904
63506
66331
66332
72571
72683
65235
71946
67278
67282
64871
59225
63292
63525
72010
72011
59786
73064
59747
58916
64962
58928
59554
59762
72695
58932
60149
63317
66879
69520
69722
69723
62900
60649
59553
60647
62617
64510
72970
60181
61014
61193
65760
66653
66658
72755
64094
68559
68566
58941
67189
67257
63325
64605
59769
60125
58948
68088
63739
72968
59608
65236
63330
58954
59313
59287
60128
67809
67811
64023
73215
63339
73268
62182
66333
66334
63439
65354
59683
62467
73073
68908
68909
69587
62473
65771
71287
71289
61787
62102
69603
69604
73161
73162
58976
63188
64137
64417
72691
63522
64201
72674
60230
60234
72955
62781
59613
66169
72770
72962
66016
59829
59165
72768
68397
59906
59820
63108
63114
63380
72785
62959
63462
68144
65445
60802
72521
65124
68301
62349
63997
61911
64595
63221
70677
70679
72456
72461
63141
63142
65325
72542
62235
60985
59075
59878
64207
64252
64834
65006
65183
65305
72326
72031
63425
59135
63157
59105
69164
69165
59235
59835
71532
59129
72696
72697
63434
72269
59052
67239
67246
67281
67282
59632
63512
64824
65417
71384
71385
59782
65160
65757
66135
64707
59279
63161
68238
69715
60102
71797
71867
65406
72110
59270
68400
68404
64150
72865
60300
59095
59079
62069
68940
72484
67306
67307
72723
62776
63115
63146
63994
72786
59155
60293
59154
59266
63457
68983
68994
59104
65710
70739
70756
65622
71770
72523
59179
63793
67092
67093
59275
60063
59549
60991
65302
72087
71671
65290
60008
71621
60020
63208
66057
71576
59122
70585
70586
65060
63361
64609
66087
64720
72029
72030
59261
71576
59137
63367
59200
71653
71664
64438
65634
67687
65360
66120
65278
65559
65718
71537
60270
71478
59167
65334
71484
59592
65070
71363
71388
65254
70720
70736
59329
66103
68387
68388
66103
60646
72112
59750
63390
60123
69234
69235
59465
66104
71707
63410
64638
65674
69257
69259
64128
59409
59413
59629
61114
63481
67523
67527
71448
71452
59189
59224
71691
59217
71964
60855
60334
65244
65426
63322
67745
67746
61988
64938
65662
64301
65312
72411
59205
59299
65902
71748
59304
71750
65786
61519
71952
66774
66785
63375
72073
72069
59216
65419
71733
60326
71731
59218
60394
59220
60388
71964
59220
60394
64777
59559
71967
59222
60416
60432
59224
59514
65096
59224
60432
71697
71691
69224
69226
62360
65785
65422
69462
69466
61069
63676
72070
71546
71561
72090
59365
63436
72048
59452
59245
71531
59247
71473
61834
68511
68512
59872
61313
65426
71522
68216
71858
71500
71501
71649
65948
65708
59855
65462
65564
60075
59262
71531
59282
71533
59264
71473
59279
71471
68530
68531
71501
59817
65455
66801
62392
59294
60064
60030
71483
60051
65459
71540
71631
71898
59869
59875
60117
71901
71902
65239
59293
66141
71521
63887
68082
71650
59290
59293
59954
59293
65557
71525
71536
71521
72043
72059
59296
71254
71258
60069
60302
59301
60085
60233
59302
60034
60084
60085
59302
59585
71748
71753
61450
60036
59307
59323
71914
71917
66799
66804
60223
65162
63177
65705
65706
65747
71681
59314
66149
59316
71695
59316
59574
65756
66149
71699
59321
61304
67794
67892
61304
64947
61077
61292
72040
59351
59347
59440
61302
64920
60628
65678
59443
60490
72212
72115
71621
71623
61674
63427
59341
59396
59424
72178
72102
72106
59343
59423
64986
72195
64994
72191
59423
59424
60203
71874
71875
60817
59350
61306
72134
72132
59383
64900
59354
72122
63172
72124
60708
59408
59364
72187
71158
71225
59363
67383
67384
61633
59402
64688
64962
71926
60714
59371
71972
59390
71974
71975
63228
63676
60261
59377
71976
71962
62453
59386
69431
63439
60388
71962
65096
71693
60769
71550
71551
59395
61471
59398
64652
71976
59391
59393
71974
60554
64652
59393
59556
60553
60554
60565
71979
65914
59429
72172
62286
64160
65372
59402
59403
59404
59404
72127
60833
72193
64907
68780
72105
72106
65042
72136
63219
68782
68783
72136
68215
71855
59418
72154
63106
72406
71847
59422
59423
64971
72195
59424
72178
60753
60772
64723
60663
60755
60663
72174
71822
71823
59436
72179
60490
64726
72180
72178
64990
71922
71875
64882
72176
71912
60596
60604
71914
63518
68243
68244
71856
71860
69007
60589
59457
63425
71708
68500
68504
66160
68314
71782
72012
60106
65153
60106
63079
65153
65783
68488
68489
63063
72024
72026
59475
62606
60119
65200
60119
65200
72728
72730
65321
60128
68299
64370
65288
65288
60311
65767
62686
64040
72509
59491
60464
72075
72076
68890
65645
59908
63453
72555
72556
65929
66142
65952
66142
63608
72537
72538
63406
60129
71696
60156
65432
60156
65432
60146
65794
66140
71590
71591
69147
69148
59522
64786
63064
69733
69735
59871
60151
59531
60568
61369
64793
65072
59778
64456
59572
60126
71693
72750
59544
59546
59645
71980
59545
71966
59546
72745
60441
59552
60163
60178
66046
59554
71963
71990
60409
60556
66165
71979
61649
73166
59918
71963
69605
60416
60423
65309
71698
69100
59571
65665
60318
65504
64648
65258
73171
59575
66118
71699
59576
71685
66149
62684
71683
64184
65731
72957
59582
59584
71685
59583
65365
71686
59584
60458
60433
71748
72901
63189
63202
59589
60459
65316
71686
71752
64651
64793
65070
71983
64643
64651
63784
63828
64526
64702
63432
65538
66695
66697
62251
61568
59605
59624
64643
71984
59625
64798
71986
62808
63491
64190
63758
64044
68608
64248
64413
65210
63472
64365
72359
72361
69879
69909
59617
64797
59618
64797
64368
72981
69282
69286
59624
64643
72486
63242
59627
65059
66257
66312
64939
60615
62177
72078
64757
72421
64711
64711
59964
62424
60540
70769
70786
71933
71935
60536
59646
64053
65129
71980
71985
64706
59649
72541
72503
68942
72559
59657
71947
71948
63438
65379
65528
61131
61455
61461
72573
62963
69373
72979
64774
61040
61064
60479
72214
64861
68562
60579
63594
73000
72593
59682
65024
59773
62025
70692
70754
59690
64534
59691
64534
59693
64581
59694
59695
64581
72143
59707
64845
60656
64845
72145
60830
59704
72130
59704
64581
59704
59717
59707
64843
65010
59707
64843
59709
59717
64465
60754
59975
59981
59981
71542
71543
65121
60813
68799
64265
60813
72129
59720
60833
60813
59722
60754
62377
64763
64763
64975
60809
64748
65993
59731
72198
72199
59734
62377
59743
64768
64888
64756
67541
67546
69322
69324
61824
62702
68045
65258
72731
72765
62569
64105
65469
59761
59756
62222
61704
62236
69895
69902
62384
66281
66287
64750
72079
72080
60475
59765
64873
60475
59946
69577
69580
59772
65180
64457
65024
60474
61860
59776
65695
59780
65351
59783
65703
59783
65694
65169
65792
64349
72754
63641
59788
65393
65705
65703
66157
72914
64356
66042
61022
60341
60343
65329
65171
73172
72773
71741
59799
59805
60336
59802
63893
65898
65179
65651
65832
65179
65832
71801
71809
66175
60493
71740
71743
62444
70920
70945
63057
73310
61697
63585
65456
60021
71762
71766
59823
60456
60429
65756
59825
65520
65714
59828
68920
60507
68919
60158
72938
59833
65203
65477
68415
68416
60375
65472
65472
72907
72909
59859
65477
65843
59840
65203
65478
71492
71493
59849
60024
60290
65218
59845
65203
65517
73155
73157
59927
63068
60361
60021
63274
63068
72967
59853
59860
65262
65256
59856
65473
59927
65298
65319
65589
65298
65589
60274
65473
65138
67769
67771
69331
59866
59867
60006
71475
59868
65577
71476
59869
59870
60287
59869
60273
59875
65780
71475
71482
65293
70971
70992
60709
63452
71471
73217
73218
68712
68721
72483
72771
59882
60209
71538
59883
59956
71539
59898
60209
63183
71523
65441
65555
72276
72280
70251
70313
59933
72974
62989
63926
64211
63233
65454
64565
72996
72975
59997
72932
72934
69093
69094
59917
64138
64397
69143
59910
59981
65423
71543
65561
71545
60375
64822
64990
71534
63020
60022
72755
60769
71551
72458
61026
71491
71495
59928
65246
65245
65266
65728
72239
72530
68966
69216
61891
67603
60000
63973
61493
71435
59942
60481
65521
72289
72300
62190
65164
71551
59977
62073
72726
60224
68144
60213
65244
59957
71539
59966
60188
59965
65550
71544
62990
63791
61647
71527
63461
62708
68639
68105
60150
65227
65436
65485
59980
62451
69416
69417
65276
63051
70088
71499
59985
71556
71564
59987
60285
65224
59988
65423
65561
65278
65552
72129
72131
72117
64715
65416
68859
61796
64265
64428
72520
61925
64426
60287
60109
63223
64501
68101
68103
63319
67379
62253
65259
71474
72685
72696
72187
72188
64452
71496
71518
72757
65843
63978
72309
71544
71545
60300
71481
68007
68012
72332
60035
65694
71753
60036
65168
71754
60085
66154
71706
60040
71949
60522
66167
65435
72120
65619
65780
71475
71489
60200
60045
65395
71738
60336
71737
64161
60049
60069
71739
60303
71738
72038
60063
65430
71483
65833
60559
72280
68881
68889
60057
60058
60059
71908
71909
60059
60067
72043
60067
60068
71489
71488
65301
60301
63206
61348
60303
65395
65419
71738
71856
72095
71867
65340
65328
65752
72704
72721
63640
65340
65694
63444
68501
66741
66742
60090
65497
65502
65160
65785
60096
71840
65616
60526
64955
65087
71916
65158
65762
71755
60435
68446
68699
64779
71967
71689
71702
65341
65498
63065
66104
63254
64658
60114
65626
65750
71984
72054
63262
71846
60442
64710
65308
72034
72036
65641
65803
68362
65803
71694
60132
65642
71292
71297
66068
71647
60135
65201
65743
66146
60456
60140
64782
64783
71875
60418
65377
64782
65227
65096
63358
65639
71701
65401
65482
65192
65481
65765
70536
70537
71558
71569
60178
60166
65077
64780
65482
61369
60380
60555
60567
71133
63533
61480
60294
60332
71132
60469
65468
65564
60294
65114
65752
66864
66883
63394
60236
71390
63183
68692
68694
70956
70719
61420
70646
70648
65155
70647
61617
60204
60621
70918
63487
70499
70503
68341
68343
61483
65426
65210
70791
60224
63395
61075
60426
70910
70949
69172
69173
70987
71164
63590
64735
60259
65902
63590
71138
71304
71748
71749
68373
68394
71356
71446
63198
63370
65730
63538
67970
72353
72354
60430
60373
60991
68346
68353
65396
65623
61637
65439
66029
68150
63026
65470
66590
71250
71385
65577
61442
65568
65262
64969
70913
61428
70911
67530
69024
71047
71541
64894
65625
63807
62941
63841
71494
64905
71735
71144
70483
70501
67388
62605
60303
66092
71735
64759
61429
70502
70503
65411
71488
60360
72367
72368
65622
62516
65626
65754
65732
71821
71888
70796
60341
65336
65373
61889
61387
67703
65394
61988
63466
64938
73174
73201
71440
71731
71529
71606
62348
62921
60356
71783
66120
71749
65771
71287
71072
71586
65158
65357
65369
71573
63307
65599
66171
71790
65586
71363
71365
65789
65328
65752
71472
71499
60459
65365
71686
71688
71526
63310
65410
64061
71482
63193
64451
71580
60436
63544
64642
64785
65072
60565
71978
71979
65372
63277
68001
68002
61651
65212
61203
71246
71248
65645
71711
71964
67681
68625
68626
71381
71398
71412
67808
61589
60425
71592
64782
65380
71701
71643
71260
67841
65960
61967
65189
66429
69813
65794
66140
60432
64783
71697
65744
62575
60456
65986
65103
63544
71465
61319
61473
71431
71577
71167
71178
71138
71149
67345
67382
63159
66033
70744
62004
67382
67386
65201
66146
65309
65363
61405
63615
61827
71137
67125
67490
64710
61870
72133
72156
60530
70928
70931
64827
65027
69502
69504
70655
68965
68966
60487
64920
60489
64991
69168
69180
60777
65109
64725
63512
65029
65417
71561
67939
66922
66926
60501
64919
60503
64685
60504
64958
64934
68192
68197
63374
67348
67352
60610
70733
67303
72202
72219
67964
67965
61186
60515
60518
60531
65003
60518
71930
64685
64688
70933
71200
65533
68611
60527
60529
64862
65067
60529
65120
65087
65120
65131
60534
64947
65181
68555
63998
67445
67518
70487
70488
60544
60567
64810
64850
67604
67605
73052
73053
60556
60567
65372
60556
64939
71979
71947
71955
64954
62281
63418
70603
60567
61298
65070
71973
63197
70181
64842
70251
64652
68613
68614
63492
62195
60600
60614
66864
60605
64798
64939
71988
62359
71972
70496
70166
70264
70268
64956
66260
64628
70704
61915
70378
73116
73184
66862
64871
62038
70751
70753
64438
65634
69018
69019
71942
62195
60671
60780
65388
62359
70497
70515
64958
65388
71936
70498
64659
68767
68772
70440
70442
63495
64161
60658
66615
66616
69986
69991
68510
69961
65110
71932
60687
70135
71943
71944
72295
72300
60794
72172
62515
62514
65638
64908
64974
64989
73149
73168
60762
66069
62829
65774
68470
68485
68732
64239
63693
68992
67023
67030
73137
60703
72152
61056
72450
61809
62105
64123
60839
61654
69857
62546
68016
68017
61568
62517
71417
69746
65643
60863
66593
64636
70001
63951
68785
68812
62438
68239
68240
61103
60742
63448
64310
62683
64864
64929
66615
66622
69978
69979
72202
72205
70494
62602
60770
70500
62382
65355
70008
70010
60792
64971
64989
64887
64980
60762
70971
70978
70349
61078
70501
70501
70262
61850
68756
64873
65388
68172
61280
70474
62391
69351
69355
70162
70163
69299
69304
64505
61003
61150
65770
62393
69123
69128
62029
70205
70010
61708
67123
60805
72193
60817
64886
72194
64635
64908
64989
70322
65060
64629
65121
65404
64914
64635
65661
65064
62343
63330
64132
62370
68765
68766
70141
64845
70118
64581
72143
68439
72223
69264
69268
69748
60999
73223
73225
62476
60847
61652
64351
68410
68412
69980
69982
69207
69278
69720
69727
70302
70303
62442
65390
62321
68627
68628
61860
64199
62280
70144
70145
61879
65877
64439
64829
69796
69801
60873
72138
62039
64837
72139
62533
64369
72159
72170
62075
63483
69171
69242
61010
70341
72904
72912
60886
65681
60891
63424
61242
62055
65167
68405
68409
62689
62690
64546
62146
68188
68192
60897
60897
72615
62693
66023
70401
60902
62826
63087
60903
60904
62824
63087
72619
60929
61242
60907
60929
61562
60907
60929
63089
72613
72892
72893
70075
70086
60918
60937
63218
60914
60916
60931
72632
60917
61528
60916
60918
63087
60917
60932
63008
62796
62822
60922
60937
60924
63829
60926
60933
63055
63070
60927
60928
61418
63055
72630
62824
61382
61528
62824
72613
61418
62796
72632
61091
63829
62612
62986
63509
69663
69697
70572
70573
61216
70304
61017
66322
66349
63444
68501
68503
68205
63756
63765
60955
60961
70564
62588
60957
60960
61430
72563
62559
62560
61179
64335
70559
69223
69224
70419
70420
66600
66601
61120
61407
61285
62183
62326
62484
67075
70396
70453
62155
61674
70779
62669
64258
62788
65767
67575
67578
69977
66724
66725
65241
62604
61188
62735
63364
61982
62529
61921
68097
68108
69966
70331
65632
62629
61173
63014
64649
66356
66357
66360
65543
69187
61049
69372
72978
67147
67162
62142
61051
62683
64864
70212
70213
61479
62103
66726
66734
61057
62761
62912
63873
61190
70958
70961
62085
70066
62256
61086
70743
61088
69390
69452
66379
66594
61085
61224
62680
63398
66033
61088
61197
72403
63341
72630
70385
70386
63033
64977
62552
64846
67363
67367
69967
64835
61106
61110
73251
73252
61435
72578
62448
66920
66921
65046
66398
66401
66468
61209
66571
66632
62130
62884
69968
71512
61444
72610
69731
69754
61124
72576
69781
69804
64812
61129
61130
72579
61131
72573
61468
62630
61463
62590
66903
66908
61136
61139
69805
64497
61458
63552
69424
61194
63081
70041
70112
71188
71193
62479
70320
64855
62213
62656
62983
66856
66858
61417
62424
65633
68492
68494
64813
62180
61216
70563
70381
61944
70315
70316
67735
67736
63383
61271
70442
70443
62660
61298
62713
72405
62898
61205
62276
63193
63279
72417
70586
66911
63339
66648
66650
68695
68698
62193
62227
62751
69027
70968
61236
62680
70933
64088
67332
63423
70998
71019
61340
61597
72614
63185
65107
70143
70147
70580
67349
68668
68705
63270
70527
66986
66992
62852
72364
63390
61417
63364
72386
70484
70488
66760
66761
70825
69083
69095
70820
61330
70746
61375
70720
70743
70750
72356
61300
64315
67367
61440
71409
63125
61843
62820
71937
71952
61352
61571
71418
61567
61483
71524
63306
61743
62661
62905
61449
71424
71377
61837
71446
61480
61859
62842
62855
64162
68684
68688
61329
63498
72617
62846
64162
65326
71250
71251
71090
61396
72383
71389
72856
72857
61885
64036
72633
61880
72667
65771
61355
62097
72844
67678
67712
63222
69374
69385
71405
71422
61766
61677
63460
72643
72646
61458
62597
71668
67521
61469
63437
72577
72722
72725
72629
67242
63411
66192
62553
67545
67547
65014
66608
73240
61494
62842
65437
62693
63369
71007
71011
61419
67614
67615
70850
67165
62998
72385
61897
67340
62565
64520
72599
72601
66613
70377
70484
72633
72601
72658
72631
61909
72632
73219
65826
71029
70835
70837
66744
66806
70909
62812
72565
70771
70782
71406
62848
69981
62592
72576
63438
67558
67559
61452
62567
72563
71450
72609
69189
69190
71309
71422
71208
72575
71604
69422
71658
61463
71430
62636
63201
62567
62589
63921
66290
66291
62673
61492
61482
61848
72856
61484
72854
63813
62474
62425
61487
61875
62141
72796
64107
69372
69380
61913
64110
61806
69449
72836
63813
61499
61537
61557
72804
62521
62158
72795
71012
71013
63545
68057
68062
61533
63725
63837
73058
64965
61533
61756
63660
63550
63553
66619
66634
71018
62028
62522
66963
66975
72765
72766
61961
65083
61627
61523
62655
72808
62143
72794
61550
64515
61529
61601
61693
61562
61597
61976
73073
62525
63742
69149
69150
62204
73056
62538
63299
63545
71029
62162
72806
61541
73056
73070
62183
73054
62875
61562
61597
70809
65205
64931
71664
71665
61837
67820
73099
73100
62028
62257
62522
72817
72818
73059
67777
63697
61593
63607
73021
62369
61591
62304
73109
63573
67817
67829
67833
62876
64103
66043
63199
71410
71724
66995
66998
65037
69818
68272
68282
73072
64317
62960
71036
65191
65412
62338
64195
64047
68543
68545
62008
73069
70529
71165
65755
69131
61877
71025
72296
61885
62381
70778
62437
73041
65089
67126
70851
68370
72953
73180
61730
63524
62965
69608
69634
61893
65846
62921
71257
71264
61669
62040
63734
61666
72931
72942
67570
67533
67534
61847
61672
64004
62888
67822
62487
62971
71180
71182
69612
67759
61849
66646
66648
67819
61831
63849
61692
61755
65546
67598
63648
64043
67605
67819
67820
61734
69816
63702
63702
67673
67675
62206
66585
68290
68291
62260
61733
62329
62455
70919
70920
65840
65847
70722
65850
67749
67753
71233
64922
63633
63688
73092
65118
71399
63751
61817
61755
62491
62511
63550
63553
63382
67764
71261
62831
71449
68315
68319
69005
69269
62626
64724
62906
67773
69937
70002
67539
65640
62100
72891
62678
62803
71379
72845
67788
62515
65102
61853
67736
63389
73218
72607
71439
71443
72545
67666
71008
71010
67296
67298
67575
68870
61818
67735
71242
62744
71437
66053
68046
62916
62764
67942
61832
73222
73223
71186
63431
61846
63932
66316
62755
62139
63555
65273
67499
67502
61847
67823
67827
62888
63557
63720
61865
62214
61864
61865
62121
67734
65205
61938
62021
66150
61870
69136
69137
62119
67304
70859
64097
66961
66976
67128
62700
65054
67978
67982
62141
72854
68393
68403
63060
67602
70956
63888
62063
68726
68796
63167
65208
67587
67591
62232
67510
67512
62109
63176
67086
67088
62820
65922
63534
64202
70539
65812
62176
67416
65041
65934
63192
64693
67096
67100
65339
71436
71437
61957
62251
62671
63411
61957
62151
69450
69451
62327
66180
62652
70408
64356
66042
62334
64582
72839
73184
73185
63650
61960
62538
62030
73106
73107
62015
63520
65231
71484
71503
67830
65652
62392
73054
66262
66727
69617
69618
62867
62828
66682
66683
62828
67744
67767
62352
64098
69103
69105
62093
66990
66994
71761
71762
65038
67264
67266
63704
64004
63704
62010
73077
73076
62335
63735
63871
66685
66245
64823
70323
64080
66041
62148
62520
62497
63725
63854
62036
73061
62495
63635
62495
63635
72088
72089
62327
73102
73104
62282
63856
73060
62326
65253
64934
70027
66417
62409
68507
68508
65570
65422
65682
66268
63539
63867
63657
72855
62155
65549
63040
69668
63276
69413
69483
65307
62149
65597
63740
69830
69831
64558
73059
73093
72805
63889
62354
65914
62110
62172
72862
63534
72858
62099
63558
72867
62608
62621
63888
63925
62173
62106
72861
67974
67980
63558
72862
69971
68309
68315
62113
62115
63508
72860
62113
62123
72860
62114
62476
62229
72861
70314
70318
62119
63513
62120
62121
63556
72799
62123
72799
72860
64558
66669
62576
65166
62506
72796
63507
73179
73197
69972
62473
63473
72856
72854
65385
65233
65686
62290
72834
62510
68513
68514
62164
63812
69990
69992
70181
70182
63730
72841
73255
70140
66731
62513
62611
62608
63558
63860
62272
70994
71014
70252
62202
62332
63872
64381
72218
62621
66932
66950
66923
66930
63689
66679
66681
65375
64701
66263
66270
62497
66393
71645
71648
64784
67339
67341
62543
66656
66671
62219
63792
62989
63828
63835
63945
62222
63577
66150
70287
66757
64108
67372
62476
66989
67059
63513
62264
62558
63730
72811
62270
63529
62270
63529
65605
63714
65633
64116
64156
72817
64579
62264
62510
63730
62285
62538
73062
62265
72810
62498
63724
72813
63537
63505
73252
62435
66365
64808
64073
71401
71403
63532
72810
63910
62449
62318
63602
72833
62376
63796
67838
72813
73065
69799
69801
64744
63874
73028
70960
63670
69924
65965
73108
70132
70042
64747
62446
66403
62314
64625
63706
63723
63947
62323
63855
64056
68905
68982
62455
63376
63848
73054
73060
64968
64069
73195
66771
69197
64444
62456
63979
69890
69891
66782
62496
65723
66778
70495
70648
67059
67063
64043
63219
64224
65022
66508
65646
64041
71536
71551
70943
65660
63809
73023
73024
64028
69028
69030
63819
63600
63843
73281
73282
62461
63884
63624
64374
66649
66650
64224
63616
70926
66874
65140
64400
70926
69949
63865
64498
64218
67342
67343
63616
63985
66997
68976
69047
64475
63591
64338
73031
63604
66262
66263
64419
66102
69500
69530
68328
68332
66309
63850
73076
64790
64178
73247
63846
73011
73013
73200
73201
69942
72873
72874
72870
68041
68053
72858
66340
66343
64151
68508
68570
64096
73120
66682
66935
62511
69714
69718
73050
73052
64100
63868
72910
64200
63811
66960
64166
69789
69812
63207
72796
69849
63418
66799
66814
65636
70223
70225
70205
68452
68454
72804
72810
65688
72825
67335
70975
70098
66229
66242
63754
62547
67396
66528
67399
66015
64819
64128
65721
63451
64364
66399
70046
64819
66514
64985
64194
72567
62812
63447
64194
62562
62589
63035
63028
72577
71655
71656
63289
64733
62586
67134
67137
62589
63028
65751
63969
62594
62636
63561
62687
65058
70951
70952
63870
67001
64680
66381
66387
65351
66914
70669
69421
63988
63007
63017
63201
72579
62632
63201
63818
63320
63821
66648
66860
66925
66661
62897
64360
70410
63151
65758
62661
63384
62873
65760
62785
64967
67298
67091
67151
64422
66674
64554
69524
69526
67117
67125
62713
64077
65536
73048
73051
68896
68900
67309
62853
72621
67132
62705
63164
72370
62856
63417
72371
65095
65767
72885
72886
66271
66275
67101
67104
66862
68782
68793
67355
63124
64915
62727
67419
65025
64844
63453
67210
67277
64249
72408
67356
69059
69082
68773
68778
66188
69192
69260
67551
64251
69602
69606
66083
72417
62918
62763
67617
63672
68505
68520
64234
72416
63136
70650
70673
67542
67545
62781
72358
67596
72419
62801
72358
62790
72367
62794
63384
67579
62931
63149
72636
71035
63149
63441
64226
63074
63447
72603
63043
70275
70277
62918
62896
67791
63024
62823
63218
72636
62825
63087
72619
72613
62826
63350
72619
63344
63088
63230
63241
63350
65545
65869
66019
65831
62947
67707
67708
63069
63345
64185
62841
63419
65437
72369
62849
62855
63184
72369
63717
67268
67272
62862
62863
62855
72370
62945
62945
62956
63360
64362
72366
63498
72617
72369
62857
63308
72371
62858
64613
72376
64257
64393
67308
72385
64969
63728
64825
67152
65264
67087
67589
62934
67823
67639
72413
67546
62904
63110
72444
67539
72432
72448
67836
70532
63370
71004
71005
71410
64800
71454
71455
67677
67678
67594
67595
63979
63308
64260
67304
62956
63359
63369
64387
63301
63303
68421
68425
64566
70199
70226
67426
69892
65036
63419
64383
63422
63474
62985
71105
67312
62966
72655
72644
72662
67662
62976
64228
72598
72600
63316
63230
63243
63345
67748
64630
65758
67567
66583
62989
62991
64196
62991
63514
63825
72844
63514
63760
72850
73146
73147
67760
67761
64820
69452
69455
63014
66951
70554
63035
63818
63428
72580
63430
67790
66903
66904
72567
72344
64225
63201
64102
72579
68469
68279
64591
64883
63980
73049
73053
68631
68635
63316
63409
70528
64617
63634
63052
63226
63440
73294
73295
66559
68640
63778
63205
63066
68853
68855
65421
63090
70770
70788
63978
66988
66993
63073
63294
63346
64376
63250
63076
64234
64360
63083
68475
65644
72615
63340
64437
63092
63462
64394
72375
72470
63388
64308
64309
64308
64309
72422
72425
63100
63108
63380
72426
72334
63104
64563
72394
64572
69005
63109
68495
68494
64251
72421
68484
68485
63446
64435
65312
65370
72293
72313
63125
66240
66241
68997
68999
63182
63629
72360
64881
65211
63148
64271
64294
64254
64333
64295
64295
65389
68221
65774
68485
67523
67524
63378
72419
65500
66354
64699
64900
68441
68496
65359
68357
68234
72378
63417
63308
64284
72371
65907
63463
63170
64388
69091
69093
64901
65918
63565
63308
64613
64008
64383
72363
63331
63385
72103
72105
68037
63189
64137
68056
68057
65959
63210
63391
63790
63790
71626
71660
65166
71578
63210
65195
65420
68254
68257
63642
63227
63230
68213
63944
63329
64353
64364
63345
72636
72658
72661
72335
72336
64158
72553
64839
72976
72336
72337
63243
72623
64806
64396
72641
72323
64598
67365
67370
64180
63253
63257
63491
72622
72639
72622
72724
64410
64595
69038
72445
67460
67462
63714
64740
68215
68491
72626
63267
63456
65230
72144
64346
64729
65312
67774
67775
65006
72410
65571
65777
71588
71595
64261
68644
68661
64997
67768
67776
69026
63540
63291
64313
72494
72495
63295
71599
71666
63346
64698
68403
68404
63378
63472
72359
72359
64263
64427
64613
72376
71573
64284
72388
72396
63313
64257
72377
64168
64228
66878
63469
72374
68465
68471
63430
64227
65318
72569
64610
63829
72635
72570
72572
64397
69143
69144
69112
69116
63561
69479
69481
64512
64517
72642
63342
72628
64588
72641
64376
72623
63472
64287
64365
63360
72621
72626
68453
68454
72655
63606
65437
72621
68509
68526
71857
72360
65856
72421
68502
67762
64262
63403
68005
68006
71152
68052
68054
64077
72407
63400
64251
67966
67964
68232
70939
71006
68174
64260
72373
64279
71118
71120
72620
72580
64751
64606
72063
64141
72577
63699
63451
63491
72634
71406
71408
64588
68795
63496
65644
63451
72568
72634
68457
71796
63560
67082
67083
64394
68011
66061
67999
68007
68034
65536
64345
64387
69255
69259
64294
64279
69350
69369
72638
64671
73006
73007
68622
68341
68352
64358
66256
66264
63515
63556
64201
72851
70215
70222
63760
72850
68646
63790
72584
67757
64351
66641
66645
70245
70247
68634
68637
63573
68105
66125
63867
65350
72812
72800
67971
65802
68103
65368
65585
72801
65199
72862
68246
63760
63761
64201
68250
68252
69495
68233
68236
63724
68461
63946
68533
63707
64068
68925
68942
64006
65546
66288
66295
65566
64024
64015
63601
71102
71104
63854
72043
67548
67549
64036
73021
64893
68135
68136
68266
68306
65713
69852
63621
70706
73069
73070
63645
68903
68690
63845
73061
73068
64896
70705
68635
66102
67870
67875
73281
64750
72080
73034
73038
63837
72829
72837
63837
63793
68487
71631
71635
68479
70160
70161
65392
72062
63874
68424
68427
68902
68008
68634
68905
64023
65265
64204
68639
68076
68087
73069
73075
73077
73082
63863
73078
73079
64335
68621
63945
69301
69302
63863
64044
68880
64049
64452
66200
64087
68991
65253
67082
67086
68889
68894
67658
67666
63910
64197
64138
65850
68618
68641
64624
69177
64116
72815
72817
63756
63762
69145
69148
63762
72852
63765
72850
68871
68741
69219
68857
63824
73301
73302
64998
63970
63975
72341
72343
63970
63975
63780
72690
63808
69473
69493
64198
63835
72582
72853
68084
63839
68931
68939
63872
73057
73094
69162
72662
72663
64367
66956
69037
69039
70113
70117
68243
68247
64102
63976
72587
64318
64206
72851
63928
66570
66571
65412
69633
63992
63902
63889
73012
73023
73163
73075
73075
68632
68639
69652
73062
64056
70055
70062
69520
69073
69080
73217
72812
64147
72416
72435
69704
69306
69403
69584
64312
64051
73278
73279
68386
63964
69306
65706
71974
71975
73279
63907
69443
66007
65139
73033
69209
69282
63911
64109
64160
64288
73026
73164
63923
69503
69583
69601
65593
63977
64196
69188
69027
69045
63942
63944
69383
69385
72863
72935
64116
66222
66249
63943
63944
64430
64001
63953
63954
63953
63954
72935
72939
63958
63958
72912
72917
63960
63961
72905
72907
68626
68649
64141
72582
72689
72853
72930
72518
65226
68847
65608
73027
64506
69221
69223
72624
72722
72793
64092
64122
68848
67746
67765
64343
73069
65252
72458
64079
72730
68667
68672
64016
68554
69482
69485
64066
68547
68409
68411
69686
69689
65349
72972
72973
64065
67272
73203
73223
69654
68907
68930
69566
64328
64529
73020
64071
69145
72524
65129
65138
66037
64891
64578
68747
64898
64577
72141
72248
64857
68432
68444
64369
72408
72600
72611
72254
69314
68405
68406
64191
72981
65677
64337
64366
64196
72852
69704
69722
68952
68968
72583
72879
72887
69329
72956
64120
64151
69298
69178
69180
64379
66812
66813
72863
72864
72815
72912
68910
68914
64127
68877
68878
64127
72904
72906
65668
69150
68886
72575
69033
72852
72929
65223
65268
65757
69310
72798
72413
72314
68411
64383
68295
64530
72377
68894
68895
64241
73202
73234
64181
72232
72233
64346
72375
72377
64371
72641
69963
69964
64190
72642
72638
64193
72568
72853
65193
72584
64200
72572
72684
72865
64332
65453
69585
65597
66739
73193
73196
72584
72691
69579
69580
69578
69596
72624
72625
65486
72625
72627
65603
72460
72528
72624
72626
71267
71268
69155
69156
72138
72407
64339
64259
72376
64263
64393
72505
72506
72376
72425
72427
73191
73198
72360
72423
64926
67810
67880
64346
72377
72373
64997
72357
64294
69576
64290
64293
64307
69665
69699
72361
72463
65180
73123
64333
72362
72464
64304
69534
69524
64306
72362
72422
65560
65644
69391
69408
72412
72489
64995
66191
64332
72141
72422
72423
72490
72501
72433
69587
72422
72494
72374
72471
69711
69712
67956
67957
64397
72637
72709
64373
64372
72623
72584
72626
72583
72851
64427
69103
73176
65151
70393
70395
69355
69360
72618
72640
72642
69287
69291
69183
65143
72772
66101
64391
64392
64392
72477
72470
64613
69113
69120
72287
72572
72637
65188
72483
72554
64406
64407
68943
68945
64409
72693
72697
68875
68876
64418
72696
65390
64425
72463
72465
64423
64424
72731
66675
72733
72359
72544
72471
72476
65198
72425
72495
72237
64574
64996
64832
72488
72490
69149
64447
64512
64718
64514
64720
64450
64517
71931
72028
64450
64513
64517
64717
64456
64555
64456
64555
64459
64636
64459
64636
72184
72284
65004
64461
64760
64761
72198
72266
64463
64980
64464
72196
72268
65022
64466
64538
64545
64467
64980
64545
72131
72243
64470
64470
72130
72242
64472
64522
64477
64976
72144
72249
64479
64480
65217
64675
65075
64675
64482
64483
65085
71920
72022
64485
64486
72061
64661
72054
64488
64525
64489
72055
64490
72060
64525
64492
72047
64493
72049
64495
64496
71981
72053
64658
71971
72048
69136
69153
64742
69252
69253
64715
72034
66855
66857
72551
64514
64702
71934
72029
65663
64519
64728
64557
64717
68093
68094
67536
67555
69370
64781
65078
71278
71280
64533
65296
69322
72948
65313
64540
65190
64745
72270
64543
64745
64549
64760
64556
73120
69581
69582
72183
72281
71914
71915
64718
64572
72992
72181
72283
64656
65193
65318
69632
72625
72725
68542
68543
66154
64612
69093
69104
67361
67365
66658
66665
69935
70003
72200
68783
68817
68873
68874
69571
69719
64889
71933
71934
64639
64764
64667
68679
72266
72283
69583
69584
66947
71248
71261
64803
71974
69111
66168
72055
67829
70917
70928
68219
68493
68813
64662
64686
64664
64686
64679
65885
71984
64796
72022
72030
64721
65100
64902
67983
67986
71921
72023
64815
64683
68537
65117
64862
71918
73163
73164
65959
64717
71931
72183
65018
64821
68426
68427
71958
64849
72031
64727
65417
72180
64921
64732
65115
66851
66855
65633
68494
68950
68951
72268
67353
67355
67333
70973
64761
64888
68937
72542
65395
64761
68581
68369
64770
67541
70662
71969
64785
65380
66348
66349
67223
67785
64803
64859
71807
72048
73184
73190
71986
70423
72048
72050
64805
64814
64806
71982
65099
71017
71019
65127
65105
68687
68694
64828
71925
65110
66963
64863
72489
64834
64996
72142
67591
67596
65021
66687
70251
72145
72146
65010
65721
65099
67098
70329
72779
72787
65742
71916
71926
66836
68203
68204
68039
68040
64925
72186
71879
71880
64926
72176
70603
68680
68686
72174
64887
64980
72131
72196
64888
64908
72194
72201
68758
66055
66325
65535
66838
64902
64903
64906
72127
68536
68537
73014
73015
70256
70257
66240
66700
66066
64991
66151
64921
72179
69238
68828
68829
68564
68567
66741
66756
65866
65348
71986
71962
71966
64955
65087
65181
71917
67779
71807
71808
71917
66151
71929
71381
71924
64966
70894
70897
64974
70735
70736
72195
67707
67714
72144
65101
65572
71476
71537
64989
67576
72191
72141
66867
65111
67952
72145
67443
68681
68716
72029
72036
68859
68878
72185
73125
73150
70892
70893
73243
73244
72144
70174
65067
71919
70221
70547
65990
68766
68837
71985
70412
68953
69021
66528
65874
65092
70820
67030
67149
71691
71919
71982
67977
67996
71921
70769
70771
68562
71928
71144
72129
71156
65291
68308
65356
66039
68134
66909
66914
66022
66165
71930
72006
73036
73072
73109
72774
65159
68830
65672
69320
73088
68168
68171
72640
72710
66053
69631
71756
72203
65683
71760
71688
71690
65196
73209
65682
65169
66157
71754
65703
71759
65704
65707
65884
65796
72499
72501
66039
72722
72723
72270
65953
72586
71894
71895
65221
71527
71528
68460
72512
71704
70881
70890
65488
65907
71687
71689
68629
68633
69923
71494
66451
66522
71854
65238
71758
71760
65452
71541
70257
70322
65401
65232
65933
65443
71530
71646
71650
65718
73097
73043
73044
73123
73193
65246
71479
71492
65421
65475
68100
72460
68619
68621
65260
65619
73173
71472
65625
71477
72832
72889
65468
65379
65685
66135
65439
66029
73040
73044
65562
65818
71485
69378
69382
67681
67696
72362
65409
71487
65430
72083
72347
66637
66638
71698
72409
72715
68873
72326
65363
65493
68361
68359
68948
68949
65352
72716
65354
72790
71486
65395
68877
72701
65409
71129
71757
71759
65646
69301
69305
68345
68349
65750
67573
67574
73205
72461
66165
71731
72549
72549
66181
65872
71697
68939
72544
68886
68686
68690
65919
65394
71741
71737
65618
71808
71815
66079
71511
71739
65843
71495
69406
69407
69865
69866
72185
68240
71733
72345
68002
68059
71485
66847
66848
72659
72663
72115
71700
71701
72369
68115
65531
68656
68660
66024
71529
72551
65539
71051
71052
65451
66038
65451
66038
72996
65552
65561
71545
69603
71535
65456
67068
65458
65460
65459
71540
71612
65460
65573
71480
71582
65463
65590
65564
71479
71480
71486
71479
71581
69242
69243
71478
71480
65475
65590
65475
65590
71477
71479
65610
65726
65478
65480
65479
65480
71493
71495
71700
71807
65483
65485
65484
65485
71700
71971
65743
71705
65798
71702
71809
66075
65753
65790
65921
65502
69097
72737
65503
65697
71689
71690
66355
68260
68261
68258
71894
65797
65505
65507
65506
71755
71827
65507
65698
65666
65748
71757
71825
65513
65514
65513
65514
69606
69094
69151
65606
65728
71492
71589
65606
65728
71740
71842
71490
71742
71260
72714
66652
66675
69126
69160
71259
71366
67135
67158
65555
70929
71168
70201
70224
69006
69010
66010
65995
71614
65869
71497
69989
69991
72020
65562
65817
72411
72488
65569
65591
65817
67833
65842
68055
68056
71380
70961
70963
68358
68359
65601
65777
65991
71088
71101
72803
72905
71354
65601
65714
65886
65732
66175
71745
73027
68383
68384
65729
72842
65738
65939
66938
66939
65738
65939
65617
65701
65623
65625
70084
70086
66080
66179
65627
65780
65629
71840
71843
65631
66003
65957
71825
71826
65638
67802
67806
71969
65798
65910
71722
71723
66849
66850
66480
67163
67164
70728
70729
69341
69343
71683
65690
65698
65748
65762
65666
70124
70128
66493
65694
71753
65690
65695
66115
66122
71684
66908
66915
65693
65696
65897
65708
72829
72830
65740
70332
65736
69766
71538
65720
71734
71771
70285
70296
65729
67592
67595
71744
65736
71490
71587
65945
71243
71840
71841
71704
66861
68361
68362
71690
71802
66118
65792
71760
65778
65895
66001
66086
71758
71828
65921
65774
65775
65776
65776
65781
65891
65893
71742
71743
65784
65786
71717
65785
68344
65786
68717
71842
71844
71043
71759
65920
65960
71803
71814
65798
65799
65798
65799
71689
71801
65932
65962
65803
71693
71694
65822
65806
65916
65806
71809
71814
65811
65846
67330
65812
67329
65846
65814
65815
67170
65816
67169
65816
71537
65854
66006
65854
66006
71837
71841
65995
66020
71614
66017
66020
65824
71612
71616
66062
71612
71613
65828
65829
65868
65868
65911
71743
71745
66091
72448
72452
69416
69433
66935
66936
69185
71480
71540
73047
70881
70882
71618
65866
67098
66021
71608
67753
65995
65900
68516
66011
71608
67274
67276
65876
68417
68422
66014
71372
66543
66544
67076
71822
71839
65925
71803
66229
66230
66168
71983
72055
65889
65898
65945
71587
71588
66096
70576
71757
71758
65936
71830
67145
66698
65911
65920
71803
65911
71801
65952
71804
67375
66138
66131
66132
66133
72062
72064
65941
67805
67812
65925
65955
65960
71803
65925
65956
66136
68047
68048
65931
65930
65931
65930
65931
65935
71829
71830
71824
71829
66186
71848
71859
71613
71614
71743
71843
65944
65943
65944
66183
66185
66886
70527
66109
71868
71869
65950
71829
65958
71813
65956
71805
71703
71808
71804
71802
71804
65968
65969
65971
71609
65970
71611
66019
66008
66019
65974
65975
70676
70678
65974
65975
65980
65981
66790
65986
66783
65989
65987
65988
71615
71616
65987
65988
68001
68003
71592
71594
66017
66558
70114
70115
66005
66005
71825
71842
66021
66021
66011
71606
71613
71620
71371
70196
71619
67548
67733
67450
67781
67782
68132
71543
71613
66047
66050
68018
70716
68277
68697
68698
67926
71462
71463
71505
71625
71626
68192
66089
72464
72466
71733
66102
70425
70426
71869
71893
66288
71751
71682
69148
69558
68845
69630
71535
71827
71829
71703
71705
66160
68448
72073
71929
68814
68835
71708
73131
73136
68865
69117
68674
68677
71980
72771
68839
66178
66185
71839
71844
66188
66190
66189
66190
73141
73142
73259
70109
70110
70003
70007
70200
70201
69742
69743
69993
69996
70023
70026
73248
73247
73246
73245
73252
73253
73251
73249
73250
73238
73239
73237
73235
73236
73242
73244
73243
73241
73240
73297
73298
73300
73299
73293
73292
73296
73295
73294
73307
73306
73310
73309
73308
73304
73305
73301
73302
73303
73267
73266
73265
73264
73271
73272
73270
73268
73269
73257
73258
73256
73254
73255
73261
73263
73262
73260
73259
73278
73279
73281
73280
73274
73273
73277
73276
73275
73288
73287
73291
73290
73289
73285
73286
73282
73283
73284
)


// ************************************************************************* //
