/*--------------------------------*- C++ -*----------------------------------*\
  =========                 |
  \\      /  F ield         | OpenFOAM: The Open Source CFD Toolbox
|  \\    /   O peration     | Version:  6.x                                   |
    \\  /    A nd           | Version:  dev
     \\/     M anipulation  |
\*---------------------------------------------------------------------------*/
FoamFile
{
    version     2.0;
    format      ascii;
    class       vectorField;
    location    "constant/solid/polyMesh";
    object      points;
}
// * * * * * * * * * * * * * * * * * * * * * * * * * * * * * * * * * * * * * //


20454
(
(17.064703 -5.7267701 500)
(17.776783 -2.8259467 500)
(18 3.5527137e-15 500)
(15.825337 -8.5766372 500)
(14.203607 -11.057013 500)
(12.189123 -13.244821 500)
(9.8503991 -15.065512 500)
(7.1634758 -16.513165 500)
(4.2709274 -17.485971 500)
(1.3935214 -17.945977 500)
(-1.4145803 -17.94433 500)
(-4.2804829 -17.483634 500)
(-7.1610071 -16.514236 500)
(-9.8551732 -15.062389 500)
(-12.191553 -13.242585 500)
(-14.205728 -11.054289 500)
(-15.823381 -8.5802447 500)
(-17.063861 -5.7292798 500)
(-17.776585 -2.8271947 500)
(-18 1.7763568e-15 500)
(-18 -1.5987212e-14 497.00599)
(-18 1.5987212e-14 494.01198)
(-18 -1.5987212e-14 491.01796)
(-18 1.5987212e-14 488.02395)
(-18 -1.5987212e-14 485.02994)
(-18 1.5987212e-14 482.03593)
(-18 0 479.04192)
(-18 -1.5987212e-14 476.0479)
(-18 0 473.05389)
(-18 -1.5987212e-14 470.05988)
(-18 1.5987212e-14 467.06587)
(-18 -1.5987212e-14 464.07186)
(-18 0 461.07784)
(-18 0 458.08383)
(-18 0 455.08982)
(-18 0 452.09581)
(-18 0 449.1018)
(-18 1.5987212e-14 446.10778)
(-18 1.5987212e-14 443.11377)
(-18 -1.5987212e-14 440.11976)
(-18 0 437.12575)
(-18 0 434.13174)
(-18 1.5987212e-14 431.13772)
(-18 0 428.14371)
(-18 0 425.1497)
(-18 0 422.15569)
(-18 -3.1974423e-14 419.16168)
(-18 0 416.16766)
(-18 -1.5987212e-14 413.17365)
(-18 1.5987212e-14 410.17964)
(-18 0 407.18563)
(-18 -1.5987212e-14 404.19162)
(-18 1.5987212e-14 401.1976)
(-18 -1.5987212e-14 398.20359)
(-18 1.5987212e-14 395.20958)
(-18 -3.1974423e-14 392.21557)
(-18 0 389.22156)
(-18 -1.5987212e-14 386.22754)
(-18 -1.5987212e-14 383.23353)
(-18 0 380.23952)
(-18 1.5987212e-14 377.24551)
(-18 0 374.2515)
(-18 0 371.25748)
(-18 0 368.26347)
(-18 0 365.26946)
(-18 1.5987212e-14 362.27545)
(-18 0 359.28144)
(-18 0 356.28743)
(-18 0 353.29341)
(-18 1.5987212e-14 350.2994)
(-18 0 347.30539)
(-18 1.5987212e-14 344.31138)
(-18 1.5987212e-14 341.31737)
(-18 0 338.32335)
(-18 -1.5987212e-14 335.32934)
(-18 -1.5987212e-14 332.33533)
(-18 0 329.34132)
(-18 -1.5987212e-14 326.34731)
(-18 -1.5987212e-14 323.35329)
(-18 1.5987212e-14 320.35928)
(-18 1.5987212e-14 317.36527)
(-18 -1.5987212e-14 314.37126)
(-18 -1.5987212e-14 311.37725)
(-18 -1.5987212e-14 308.38323)
(-18 0 305.38922)
(-18 0 302.39521)
(-18 1.5987212e-14 299.4012)
(-18 1.5987212e-14 296.40719)
(-18 -1.5987212e-14 293.41317)
(-18 0 290.41916)
(-18 -1.5987212e-14 287.42515)
(-18 -1.5987212e-14 284.43114)
(-18 0 281.43713)
(-18 0 278.44311)
(-18 0 275.4491)
(-18 -1.5987212e-14 272.45509)
(-18 1.5987212e-14 269.46108)
(-18 -1.5987212e-14 266.46707)
(-18 0 263.47305)
(-18 0 260.47904)
(-18 1.5987212e-14 257.48503)
(-18 1.5987212e-14 254.49102)
(-18 0 251.49701)
(-18 0 248.50299)
(-18 -1.5987212e-14 245.50898)
(-18 0 242.51497)
(-18 0 239.52096)
(-18 0 236.52695)
(-18 0 233.53293)
(-18 0 230.53892)
(-18 0 227.54491)
(-18 0 224.5509)
(-18 0 221.55689)
(-18 0 218.56287)
(-18 0 215.56886)
(-18 0 212.57485)
(-18 0 209.58084)
(-18 0 206.58683)
(-18 0 203.59281)
(-18 0 200.5988)
(-18 0 197.60479)
(-18 0 194.61078)
(-18 0 191.61677)
(-18 0 188.62275)
(-18 0 185.62874)
(-18 0 182.63473)
(-18 0 179.64072)
(-18 0 176.64671)
(-18 0 173.65269)
(-18 0 170.65868)
(-18 0 167.66467)
(-18 0 164.67066)
(-18 0 161.67665)
(-18 0 158.68263)
(-18 0 155.68862)
(-18 0 152.69461)
(-18 0 149.7006)
(-18 0 146.70659)
(-18 0 143.71257)
(-18 0 140.71856)
(-18 0 137.72455)
(-18 0 134.73054)
(-18 0 131.73653)
(-18 0 128.74251)
(-18 0 125.7485)
(-18 0 122.75449)
(-18 0 119.76048)
(-18 0 116.76647)
(-18 0 113.77246)
(-18 0 110.77844)
(-18 0 107.78443)
(-18 0 104.79042)
(-18 0 101.79641)
(-18 0 98.802395)
(-18 0 95.808383)
(-18 0 92.814371)
(-18 0 89.820359)
(-18 0 86.826347)
(-18 0 83.832335)
(-18 -1.5987212e-14 80.838323)
(-18 0 77.844311)
(-18 0 74.850299)
(-18 0 71.856287)
(-18 0 68.862275)
(-18 0 65.868263)
(-18 0 62.874251)
(-18 0 59.88024)
(-18 0 56.886228)
(-18 0 53.892216)
(-18 0 50.898204)
(-18 0 47.904192)
(-18 0 44.91018)
(-18 0 41.916168)
(-18 0 38.922156)
(-18 -1.5987212e-14 35.928144)
(-18 0 32.934132)
(-18 0 29.94012)
(-18 0 26.946108)
(-18 0 23.952096)
(-18 0 20.958084)
(-18 0 17.964072)
(-18 0 14.97006)
(-18 0 11.976048)
(-18 0 8.9820359)
(-18 0 5.988024)
(-18 0 2.994012)
(-18 3.5527137e-15 0)
(-17.752675 -2.9736663 0)
(-17.024343 -5.8458856 0)
(-15.829105 -8.5696926 0)
(-14.207097 -11.052596 0)
(-12.200892 -13.234055 0)
(-9.8388009 -15.073127 0)
(-7.2219452 -16.487741 0)
(-4.420934 -17.448649 0)
(-1.4914439 -17.938168 0)
(1.4827128 -17.938854 0)
(4.4223448 -17.448315 0)
(7.2310362 -16.483697 0)
(9.8440474 -15.069682 0)
(12.189829 -13.244182 0)
(14.20671 -11.053133 0)
(15.832761 -8.5629915 0)
(17.024835 -5.8442641 0)
(17.752491 -2.9751853 0)
(18 -3.5527137e-15 0)
(18 0 2.994012)
(18 0 5.988024)
(18 0 8.9820359)
(18 0 11.976048)
(18 0 14.97006)
(18 0 17.964072)
(18 0 20.958084)
(18 0 23.952096)
(18 0 26.946108)
(18 0 29.94012)
(18 0 32.934132)
(18 0 35.928144)
(18 0 38.922156)
(18 0 41.916168)
(18 0 44.91018)
(18 0 47.904192)
(18 0 50.898204)
(18 0 53.892216)
(18 0 56.886228)
(18 0 59.88024)
(18 0 62.874251)
(18 0 65.868263)
(18 0 68.862275)
(18 0 71.856287)
(18 0 74.850299)
(18 0 77.844311)
(18 0 80.838323)
(18 0 83.832335)
(18 0 86.826347)
(18 0 89.820359)
(18 0 92.814371)
(18 0 95.808383)
(18 0 98.802395)
(18 0 101.79641)
(18 0 104.79042)
(18 0 107.78443)
(18 0 110.77844)
(18 0 113.77246)
(18 0 116.76647)
(18 0 119.76048)
(18 0 122.75449)
(18 0 125.7485)
(18 0 128.74251)
(18 0 131.73653)
(18 0 134.73054)
(18 0 137.72455)
(18 0 140.71856)
(18 0 143.71257)
(18 0 146.70659)
(18 0 149.7006)
(18 0 152.69461)
(18 0 155.68862)
(18 0 158.68263)
(18 0 161.67665)
(18 0 164.67066)
(18 0 167.66467)
(18 0 170.65868)
(18 0 173.65269)
(18 0 176.64671)
(18 0 179.64072)
(18 0 182.63473)
(18 0 185.62874)
(18 0 188.62275)
(18 0 191.61677)
(18 0 194.61078)
(18 0 197.60479)
(18 0 200.5988)
(18 0 203.59281)
(18 0 206.58683)
(18 0 209.58084)
(18 0 212.57485)
(18 0 215.56886)
(18 0 218.56287)
(18 0 221.55689)
(18 0 224.5509)
(18 0 227.54491)
(18 0 230.53892)
(18 0 233.53293)
(18 0 236.52695)
(18 0 239.52096)
(18 0 242.51497)
(18 0 245.50898)
(18 0 248.50299)
(18 0 251.49701)
(18 0 254.49102)
(18 0 257.48503)
(18 0 260.47904)
(18 0 263.47305)
(18 0 266.46707)
(18 0 269.46108)
(18 0 272.45509)
(18 0 275.4491)
(18 0 278.44311)
(18 0 281.43713)
(18 0 284.43114)
(18 0 287.42515)
(18 0 290.41916)
(18 0 293.41317)
(18 0 296.40719)
(18 0 299.4012)
(18 0 302.39521)
(18 0 305.38922)
(18 0 308.38323)
(18 0 311.37725)
(18 0 314.37126)
(18 0 317.36527)
(18 0 320.35928)
(18 0 323.35329)
(18 0 326.34731)
(18 0 329.34132)
(18 0 332.33533)
(18 0 335.32934)
(18 0 338.32335)
(18 0 341.31737)
(18 0 344.31138)
(18 0 347.30539)
(18 0 350.2994)
(18 0 353.29341)
(18 0 356.28743)
(18 0 359.28144)
(18 0 362.27545)
(18 0 365.26946)
(18 0 368.26347)
(18 0 371.25748)
(18 0 374.2515)
(18 0 377.24551)
(18 0 380.23952)
(18 0 383.23353)
(18 0 386.22754)
(18 0 389.22156)
(18 0 392.21557)
(18 0 395.20958)
(18 0 398.20359)
(18 0 401.1976)
(18 0 404.19162)
(18 0 407.18563)
(18 0 410.17964)
(18 0 413.17365)
(18 0 416.16766)
(18 0 419.16168)
(18 0 422.15569)
(18 0 425.1497)
(18 0 428.14371)
(18 0 431.13772)
(18 0 434.13174)
(18 0 437.12575)
(18 0 440.11976)
(18 0 443.11377)
(18 0 446.10778)
(18 0 449.1018)
(18 0 452.09581)
(18 0 455.08982)
(18 0 458.08383)
(18 0 461.07784)
(18 0 464.07186)
(18 0 467.06587)
(18 0 470.05988)
(18 0 473.05389)
(18 0 476.0479)
(18 0 479.04192)
(18 0 482.03593)
(18 0 485.02994)
(18 0 488.02395)
(18 0 491.01796)
(18 0 494.01198)
(18 0 497.00599)
(-17.745669 -3.0151657 251.49723)
(-16.998274 -5.9210381 251.49704)
(-15.7941 -8.6340256 251.49685)
(-14.182526 -11.08404 251.49676)
(-12.205375 -13.229846 251.49676)
(-9.9058223 -15.029128 251.49682)
(-7.319519 -16.444593 251.49693)
(-4.4957783 -17.429515 251.49712)
(-1.5180124 -17.935876 251.49728)
(1.5249013 -17.935291 251.4973)
(4.4976069 -17.429043 251.49716)
(7.3167668 -16.445818 251.49695)
(9.8977923 -15.034417 251.49682)
(12.196899 -13.23766 251.49677)
(14.172549 -11.096795 251.49678)
(15.78635 -8.6481877 251.49685)
(16.993227 -5.9355052 251.49702)
(17.744201 -3.0237948 251.4972)
(-17.739885 -3.0490106 377.24573)
(-16.981174 -5.9699006 377.24554)
(-15.770982 -8.676182 377.24535)
(-14.166812 -11.104118 377.24526)
(-12.209115 -13.226395 377.24526)
(-9.9321788 -15.011723 377.24532)
(-7.3619517 -16.425641 377.24544)
(-4.5346893 -17.419431 377.24562)
(-1.5367043 -17.934284 377.24578)
(1.5399169 -17.934008 377.2458)
(4.5354629 -17.41923 377.24566)
(7.3605344 -16.426276 377.24546)
(9.928208 -15.014349 377.24532)
(12.204931 -13.230256 377.24527)
(14.16188 -11.110407 377.24528)
(15.767133 -8.6831737 377.24536)
(16.978666 -5.9770325 377.24552)
(17.739152 -3.0532722 377.2457)
(-17.736969 -3.0659313 440.11998)
(-16.972571 -5.9943178 440.1198)
(-15.75938 -8.6972376 440.1196)
(-14.158945 -11.114148 440.11951)
(-12.210984 -13.224669 440.11951)
(-9.9453454 -15.003003 440.11957)
(-7.383151 -16.416123 440.11969)
(-4.5541403 -17.414356 440.11987)
(-1.5460502 -17.933481 440.12003)
(1.5474243 -17.933362 440.12005)
(4.5543865 -17.414292 440.11991)
(7.3824005 -16.41646 440.11971)
(9.9434006 -15.004292 440.11958)
(12.208944 -13.226552 440.11952)
(14.156541 -11.117209 440.11953)
(15.757496 -8.7006512 440.11961)
(16.971345 -5.9977868 440.11978)
(17.736609 -3.0680098 440.11995)
(-17.735539 -3.0741917 470.0602)
(-16.968329 -6.0063142 470.06003)
(-15.753558 -8.7077795 470.05984)
(-14.15471 -11.119541 470.05975)
(-12.211151 -13.224515 470.05975)
(-9.950616 -14.999508 470.05982)
(-7.3919486 -16.412163 470.05995)
(-4.5618965 -17.412326 470.0601)
(-1.5488418 -17.93324 470.06017)
(1.5525854 -17.932916 470.06009)
(4.5648326 -17.411557 470.0599)
(7.3939721 -16.411252 470.0597)
(9.951529 -14.998902 470.05958)
(12.211506 -13.224187 470.05953)
(14.154436 -11.119889 470.05954)
(15.753158 -8.7085018 470.05962)
(16.967969 -6.0073313 470.05979)
(17.735426 -3.0748447 470.05997)
(-1.5442548 -17.933635 473.05419)
(-1.5382921 -17.934148 476.04821)
(-1.5321853 -17.934671 479.04222)
(-1.5261257 -17.935187 482.03624)
(-1.5204334 -17.935671 485.03028)
(-1.5156491 -17.936076 488.02431)
(-1.511772 -17.936403 491.01704)
(-1.5108693 -17.936479 493.99923)
(-1.5037994 -17.937073 496.98387)
(-4.5390375 -17.418299 485.03048)
(-7.373922 -16.42027 485.03044)
(-9.9363486 -15.008963 485.03023)
(-12.199294 -13.235453 485.02997)
(-14.144669 -11.13231 485.02977)
(-15.746017 -8.7214068 485.02978)
(-16.964074 -6.0183202 485.02997)
(-17.734269 -3.0815096 485.03015)
(-12.201004 -13.233877 482.03593)
(-12.203651 -13.231436 479.04191)
(-12.206392 -13.228908 476.0479)
(-12.209069 -13.226437 473.05385)
(-9.9418053 -15.005349 479.04199)
(-7.3811043 -16.417043 479.04212)
(-4.5483684 -17.415865 479.04224)
(-7.3771384 -16.418825 482.03622)
(-9.9386274 -15.007454 482.03607)
(-4.5434232 -17.417155 482.03632)
(-7.3890813 -16.413454 473.05406)
(-7.3851503 -16.415223 476.04811)
(-9.9482547 -15.001074 473.05392)
(-9.945074 -15.003183 476.04797)
(-4.558261 -17.413278 473.05418)
(-4.5533804 -17.414555 476.04823)
(-17.734748 -3.0787493 479.04234)
(-16.965669 -6.0138245 479.04218)
(-15.748798 -8.716385 479.04199)
(-14.148364 -11.127614 479.0419)
(-16.964761 -6.0163844 482.03612)
(-17.73448 -3.0802959 482.0363)
(-15.747167 -8.7193316 482.03593)
(-14.146159 -11.130417 482.03586)
(-16.967519 -6.0086026 473.05412)
(-16.9666 -6.0111976 476.04817)
(-17.735296 -3.0755953 473.05429)
(-17.735024 -3.0771625 476.04833)
(-14.152875 -11.121876 473.05384)
(-15.752138 -8.7103477 473.05393)
(-14.150641 -11.124718 476.04789)
(-15.750481 -8.7133439 476.04797)
(-12.198025 -13.236623 497.01605)
(-12.201571 -13.233354 494.01852)
(-12.201481 -13.233437 491.01816)
(-12.19999 -13.234812 488.024)
(-9.9343414 -15.010292 494.01867)
(-7.3661912 -16.42374 494.01561)
(-4.5298256 -17.420697 494.00731)
(-7.3168339 -16.445788 497.01379)
(-9.9043149 -15.030121 497.01703)
(-4.487278 -17.431705 496.99902)
(-7.3726224 -16.420854 488.02466)
(-7.3719222 -16.421168 491.01876)
(-9.9364032 -15.008927 488.02439)
(-9.9372069 -15.008395 491.01873)
(-4.5360269 -17.419083 488.02463)
(-4.5337746 -17.41967 491.01816)
(-17.735054 -3.0769864 494.00545)
(-16.967454 -6.0087843 494.01293)
(-15.750074 -8.7140794 494.0181)
(-14.150123 -11.125377 494.01876)
(-16.989138 -5.9472016 497.01056)
(-17.742459 -3.0339978 496.99082)
(-15.777167 -8.6649293 497.01726)
(-14.165806 -11.105402 497.01492)
(-16.963955 -6.0186582 488.02382)
(-16.964214 -6.017928 491.0182)
(-17.734205 -3.0818809 488.02401)
(-17.734212 -3.0818371 491.01735)
(-14.145031 -11.131851 488.02367)
(-15.746096 -8.7212649 488.02362)
(-14.146306 -11.13023 491.01796)
(-15.746733 -8.7201139 491.01849)
(17.735327 -3.0754135 485.03014)
(16.968188 -6.006712 485.02997)
(15.755119 -8.7049535 485.0298)
(14.160449 -11.112232 485.02965)
(12.223408 -13.213186 485.02948)
(9.9705741 -14.986249 485.02936)
(7.4196695 -16.39965 485.02942)
(4.5952105 -17.403564 485.02961)
(1.5835382 -17.930209 485.02992)
(12.221689 -13.214777 482.03547)
(12.219054 -13.217213 479.04146)
(12.216324 -13.219736 476.04745)
(12.213649 -13.222208 473.05347)
(14.158373 -11.114877 479.04148)
(15.754565 -8.7059559 479.04155)
(16.968207 -6.0066602 479.04172)
(17.735395 -3.0750235 479.04191)
(15.755071 -8.7050406 482.03563)
(14.159755 -11.113115 482.03554)
(16.968303 -6.0063884 482.0358)
(17.735388 -3.0750603 482.03598)
(15.753478 -8.7079238 473.05356)
(15.75401 -8.7069602 476.04754)
(14.155498 -11.118537 473.05348)
(14.156918 -11.116729 476.04746)
(16.967979 -6.0073021 473.05373)
(16.968088 -6.0069958 476.04771)
(17.735397 -3.0750083 473.05392)
(17.735395 -3.0750247 476.0479)
(7.4150428 -16.401742 482.03556)
(7.4095572 -16.404221 479.04161)
(7.4039779 -16.40674 476.0476)
(7.3984983 -16.409212 473.05363)
(9.9632862 -14.991095 479.0415)
(9.9673949 -14.988363 482.03546)
(9.9590782 -14.993891 476.04749)
(9.9549395 -14.996639 473.05351)
(1.5708789 -17.931323 479.04204)
(4.5829384 -17.4068 479.0418)
(1.5774491 -17.930746 482.03601)
(4.589381 -17.405102 482.03575)
(1.5577611 -17.932467 473.05404)
(1.564251 -17.931902 476.04803)
(4.5700421 -17.41019 473.05382)
(4.576429 -17.408512 476.04779)
(12.205467 -13.229761 497.01731)
(12.216531 -13.219545 494.01931)
(12.220961 -13.21545 491.01803)
(12.22278 -13.213767 488.02349)
(14.158228 -11.115061 494.01949)
(15.753812 -8.7073199 494.01867)
(16.969162 -6.0039594 494.01331)
(17.735511 -3.0743537 494.00573)
(15.779172 -8.6612784 497.01784)
(14.170017 -11.100028 497.01591)
(16.99024 -5.9440508 497.01072)
(17.74278 -3.0321185 496.99097)
(15.754002 -8.7069756 488.02397)
(15.752519 -8.7096584 491.01898)
(14.159362 -11.113617 488.02377)
(14.157739 -11.115683 491.01829)
(16.967534 -6.0085601 488.02414)
(16.966835 -6.0105327 491.01863)
(17.735127 -3.0765674 488.0243)
(17.734891 -3.0779295 491.01772)
(1.5870683 -17.929897 493.99982)
(4.5916325 -17.404508 494.00832)
(7.4123784 -16.402946 494.01692)
(9.9613409 -14.992388 494.02003)
(4.5164016 -17.424182 497.0015)
(1.5428688 -17.933755 496.9844)
(7.3406723 -16.435161 497.01649)
(9.916592 -15.022024 497.01843)
(4.5994712 -17.402438 488.02347)
(4.6021659 -17.401726 491.01728)
(1.5884528 -17.929775 488.02384)
(1.5921794 -17.929444 491.01643)
(9.9713545 -14.985729 488.02327)
(7.4221085 -16.398546 488.02328)
(9.9704508 -14.986331 491.01837)
(7.4229864 -16.398148 491.01835)
(-1.5464952 -17.933442 443.11404)
(-1.5469403 -17.933404 446.10806)
(-1.5473853 -17.933366 449.10207)
(-1.5478303 -17.933327 452.09608)
(-1.5482754 -17.933289 455.09009)
(-1.5487204 -17.93325 458.0841)
(-1.5491655 -17.933212 461.07812)
(-1.5496105 -17.933173 464.07213)
(-1.5499134 -17.933147 467.06615)
(-4.5587711 -17.413145 455.08993)
(-7.3881968 -16.413852 455.08975)
(-9.9484791 -15.000925 455.08963)
(-12.211429 -13.224258 455.08957)
(-14.15707 -11.116536 455.08957)
(-15.756614 -8.7022486 455.08966)
(-16.970517 -6.0001301 455.08986)
(-17.736272 -3.0699599 455.09004)
(-12.21134 -13.22434 452.09556)
(-12.211251 -13.224422 449.10155)
(-12.211162 -13.224504 446.10753)
(-12.211073 -13.224586 443.11352)
(-9.9472257 -15.001757 449.10161)
(-7.3861785 -16.414761 449.10173)
(-4.5569188 -17.413629 449.10191)
(-7.3871877 -16.414307 452.09574)
(-9.9478524 -15.001341 452.09562)
(-4.557845 -17.413387 452.09592)
(-7.3841602 -16.415669 443.1137)
(-7.3851694 -16.415215 446.10771)
(-9.9459722 -15.002588 443.11358)
(-9.9465989 -15.002172 446.1076)
(-4.5550665 -17.414114 443.11388)
(-4.5559926 -17.413872 446.10789)
(-17.736551 -3.0683485 449.10201)
(-16.971339 -5.9978052 449.10183)
(-15.75772 -8.7002443 449.10164)
(-14.15782 -11.115581 449.10155)
(-16.970928 -5.9989676 452.09584)
(-17.736411 -3.0691542 452.09603)
(-15.757167 -8.7012465 452.09565)
(-14.157445 -11.116058 452.09556)
(-16.97216 -5.9954803 443.11381)
(-16.971749 -5.9966428 446.10782)
(-17.73683 -3.066737 443.11399)
(-17.73669 -3.0675428 446.108)
(-14.15857 -11.114626 443.11352)
(-15.758827 -8.6982399 443.11361)
(-14.158195 -11.115103 446.10753)
(-15.758274 -8.6992421 446.10762)
(-12.211721 -13.223988 467.06565)
(-12.211697 -13.224011 464.07161)
(-12.211607 -13.224093 461.07759)
(-12.211518 -13.224175 458.08358)
(-9.9503592 -14.999678 464.07167)
(-7.3912239 -16.412489 464.07178)
(-4.5615495 -17.412417 464.07197)
(-7.392118 -16.412087 467.06584)
(-9.9508974 -14.999321 467.06572)
(-4.5623453 -17.412209 467.06601)
(-7.3892059 -16.413398 458.08376)
(-7.3902149 -16.412944 461.07777)
(-9.9491058 -15.00051 458.08364)
(-9.9497325 -15.000094 461.07766)
(-4.5596973 -17.412902 458.08394)
(-4.5606234 -17.41266 461.07795)
(-17.735853 -3.0723771 464.07207)
(-16.969283 -6.0036172 464.07189)
(-15.754953 -8.7052548 464.0717)
(-14.155945 -11.117968 464.0716)
(-16.968861 -6.0048122 467.06594)
(-17.73571 -3.0732025 467.06612)
(-15.754374 -8.7063028 467.06574)
(-14.155527 -11.1185 467.06565)
(-16.970106 -6.0012925 458.08387)
(-16.969695 -6.0024548 461.07788)
(-17.736133 -3.0707656 458.08405)
(-17.735993 -3.0715714 461.07806)
(-14.156695 -11.117013 458.08358)
(-15.75606 -8.7032507 458.08367)
(-14.15632 -11.11749 461.07759)
(-15.755506 -8.7042528 461.07768)
(17.736002 -3.0715187 455.09001)
(16.969598 -6.0027275 455.08984)
(15.755198 -8.7048109 455.08967)
(14.15527 -11.118828 455.08959)
(12.2099 -13.22567 455.08958)
(9.9470164 -15.001895 455.08964)
(7.3876051 -16.414119 455.08977)
(4.5588917 -17.413113 455.08997)
(1.5492118 -17.933208 455.09011)
(12.209709 -13.225846 452.09557)
(12.209518 -13.226023 449.10156)
(12.209327 -13.226199 446.10755)
(12.209135 -13.226376 443.11353)
(14.155778 -11.118181 449.10157)
(15.756117 -8.7031471 449.10164)
(16.970297 -6.0007512 449.10181)
(17.736245 -3.0701151 449.10198)
(15.755658 -8.703979 452.09565)
(14.155524 -11.118505 452.09558)
(16.969948 -6.0017394 452.09582)
(17.736124 -3.0708169 452.096)
(15.757036 -8.7014832 443.11362)
(15.756577 -8.7023151 446.10763)
(14.156287 -11.117533 443.11354)
(14.156033 -11.117857 446.10755)
(16.970996 -5.998775 443.11379)
(16.970647 -5.9997631 446.1078)
(17.736488 -3.0687116 443.11396)
(17.736367 -3.0694133 446.10797)
(7.3865642 -16.414587 452.09576)
(7.3855233 -16.415055 449.10175)
(7.3844824 -16.415524 446.10773)
(7.3834415 -16.415992 443.11372)
(9.9455701 -15.002854 449.10161)
(9.9462932 -15.002375 452.09562)
(9.944847 -15.003334 446.1076)
(9.9441238 -15.003813 443.11359)
(1.5484968 -17.93327 449.10209)
(4.5570897 -17.413585 449.10195)
(1.5488543 -17.933239 452.0961)
(4.5579907 -17.413349 452.09596)
(1.5477818 -17.933331 443.11406)
(1.5481393 -17.9333 446.10808)
(4.5552876 -17.414056 443.11392)
(4.5561886 -17.413821 446.10793)
(12.210722 -13.224911 467.0656)
(12.210473 -13.225141 464.07162)
(12.210282 -13.225317 461.07761)
(12.210091 -13.225494 458.08359)
(14.154507 -11.1198 464.07163)
(15.753819 -8.7073065 464.0717)
(16.968549 -6.0056917 464.07187)
(17.735637 -3.073624 464.07204)
(15.753382 -8.708097 467.06568)
(14.154291 -11.120074 467.06561)
(16.96821 -6.0066502 467.06585)
(17.735519 -3.074308 467.06603)
(15.754738 -8.7056428 458.08368)
(15.754279 -8.7064747 461.07769)
(14.155015 -11.119152 458.0836)
(14.154761 -11.119476 461.07761)
(16.969249 -6.0037156 458.08385)
(16.968899 -6.0047036 461.07786)
(17.735881 -3.0722204 458.08402)
(17.735759 -3.0729222 461.07803)
(7.3918716 -16.412198 467.06578)
(7.3907275 -16.412713 464.07181)
(7.3896867 -16.413182 461.07779)
(7.3886459 -16.41365 458.08378)
(9.9491856 -15.000457 464.07167)
(9.9499882 -14.999924 467.06565)
(9.9484625 -15.000936 461.07766)
(9.9477395 -15.001416 458.08365)
(1.5502842 -17.933115 464.07215)
(4.5615948 -17.412405 464.07201)
(1.5507783 -17.933072 467.06613)
(4.5626229 -17.412136 467.06598)
(1.5495693 -17.933177 458.08412)
(1.5499268 -17.933146 461.07814)
(4.5597928 -17.412877 458.08398)
(4.5606938 -17.412641 461.07799)
(-17.73836 -3.0578739 410.17986)
(-16.976672 -5.9826917 410.17968)
(-15.764908 -8.687213 410.17948)
(-14.162692 -11.109372 410.17939)
(-12.210094 -13.225491 410.17939)
(-9.9390766 -15.007157 410.17945)
(-7.3730575 -16.420658 410.17957)
(-4.5448782 -17.416776 410.17975)
(-1.5415998 -17.933864 410.17991)
(1.5438494 -17.93367 410.17993)
(4.5453756 -17.416646 410.17979)
(7.3719895 -16.421138 410.17959)
(9.9361673 -15.009083 410.17946)
(12.207033 -13.228316 410.1794)
(14.159084 -11.113971 410.17941)
(15.762087 -8.6923299 410.17949)
(16.974834 -5.9879045 410.17966)
(17.737822 -3.060992 410.17983)
(-1.5420448 -17.933826 413.17393)
(-1.5424899 -17.933787 416.16794)
(-1.5429349 -17.933749 419.16195)
(-1.5433799 -17.933711 422.15596)
(-1.543825 -17.933672 425.14997)
(-1.54427 -17.933634 428.14399)
(-1.5447151 -17.933596 431.138)
(-1.5451601 -17.933557 434.13201)
(-1.5456051 -17.933519 437.12602)
(-4.5495094 -17.415567 425.14981)
(-7.3781045 -16.418391 425.14963)
(-9.9422112 -15.00508 425.14951)
(-12.210539 -13.22508 425.14945)
(-14.160818 -11.11176 425.14945)
(-15.762145 -8.6922257 425.14954)
(-16.974622 -5.988505 425.14974)
(-17.737665 -3.0619026 425.14992)
(-12.21045 -13.225162 422.15544)
(-12.210361 -13.225244 419.16143)
(-12.210272 -13.225326 416.16741)
(-12.210183 -13.225408 413.1734)
(-9.9409574 -15.005911 419.16149)
(-7.3760858 -16.419298 419.16161)
(-4.5476569 -17.416051 419.16179)
(-7.3770952 -16.418845 422.15562)
(-9.9415843 -15.005496 422.1555)
(-4.5485831 -17.415809 422.1558)
(-7.3740669 -16.420205 413.17358)
(-7.3750764 -16.419752 416.16759)
(-9.9397035 -15.006742 413.17346)
(-9.9403305 -15.006326 416.16748)
(-4.5458045 -17.416534 413.17376)
(-4.5467307 -17.416292 416.16777)
(-17.737943 -3.0602912 419.16189)
(-16.975443 -5.9861797 419.16171)
(-15.76325 -8.6902207 419.16152)
(-14.161568 -11.110805 419.16143)
(-16.975033 -5.9873424 422.15572)
(-17.737804 -3.0610969 422.15591)
(-15.762698 -8.6912232 422.15553)
(-14.161193 -11.111283 422.15544)
(-16.976262 -5.9838544 413.17369)
(-16.975853 -5.9850171 416.1677)
(-17.738221 -3.0586797 413.17387)
(-17.738082 -3.0594854 416.16788)
(-14.162317 -11.10985 413.1734)
(-15.764356 -8.6882156 413.17349)
(-14.161943 -11.110328 416.16741)
(-15.763803 -8.6892182 416.16751)
(-12.210895 -13.224751 437.1255)
(-12.210806 -13.224833 434.13149)
(-12.210717 -13.224915 431.13747)
(-12.210628 -13.224997 428.14346)
(-9.9440918 -15.003834 434.13155)
(-7.3811325 -16.41703 434.13167)
(-4.5522879 -17.414841 434.13185)
(-7.3821417 -16.416576 437.12568)
(-9.9447186 -15.003419 437.12556)
(-4.5532141 -17.414599 437.12586)
(-7.3791139 -16.417938 428.14364)
(-7.3801232 -16.417484 431.13765)
(-9.9428381 -15.004665 428.14352)
(-9.9434649 -15.00425 431.13754)
(-4.5504356 -17.415325 428.14382)
(-4.5513618 -17.415083 431.13783)
(-17.737247 -3.0643198 434.13195)
(-16.973392 -5.9919927 434.13177)
(-15.760486 -8.6952329 434.13158)
(-14.159694 -11.113193 434.13149)
(-16.972981 -5.9931553 437.12578)
(-17.737108 -3.0651256 437.12597)
(-15.759933 -8.6962353 437.12559)
(-14.159319 -11.113671 437.1255)
(-16.974212 -5.9896676 428.14375)
(-16.973802 -5.9908302 431.13776)
(-17.737526 -3.0627084 428.14393)
(-17.737387 -3.0635141 431.13794)
(-14.160444 -11.112238 428.14346)
(-15.761592 -8.6932282 428.14355)
(-14.160069 -11.112716 431.13747)
(-15.761039 -8.6942306 431.13756)
(17.737216 -3.0645009 425.14989)
(16.97309 -5.9928458 425.14972)
(15.759792 -8.6964908 425.14955)
(14.157813 -11.11559 425.14947)
(12.207989 -13.227434 425.14946)
(9.9397842 -15.006688 425.14952)
(7.3771954 -16.4188 425.14965)
(4.5498811 -17.41547 425.14985)
(1.5456369 -17.933516 425.14999)
(12.207798 -13.22761 422.15545)
(12.207607 -13.227787 419.16144)
(12.207415 -13.227963 416.16743)
(12.207224 -13.22814 413.17341)
(14.158321 -11.114942 419.16145)
(15.76071 -8.6948265 419.16152)
(16.973788 -5.9908694 419.16169)
(17.737459 -3.0630973 419.16186)
(15.760251 -8.6956587 422.15553)
(14.158067 -11.115266 422.15546)
(16.973439 -5.9918576 422.1557)
(17.737337 -3.0637991 422.15588)
(15.761628 -8.6931621 413.1735)
(15.761169 -8.6939943 416.16751)
(14.15883 -11.114294 413.17342)
(14.158575 -11.114618 416.16743)
(16.974486 -5.9888928 413.17367)
(16.974137 -5.9898811 416.16768)
(17.737701 -3.0616938 413.17384)
(17.73758 -3.0623956 416.16785)
(7.3761542 -16.419268 422.15564)
(7.3751131 -16.419735 419.16163)
(7.3740719 -16.420203 416.16761)
(7.3730307 -16.42067 413.1736)
(9.9383375 -15.007646 419.16149)
(9.9390609 -15.007167 422.1555)
(9.9376141 -15.008125 416.16748)
(9.9368907 -15.008604 413.17347)
(1.5449219 -17.933578 419.16197)
(4.5480789 -17.41594 419.16183)
(1.5452794 -17.933547 422.15598)
(4.54898 -17.415705 422.15584)
(1.5442069 -17.933639 413.17395)
(1.5445644 -17.933609 416.16796)
(4.5462767 -17.416411 413.1738)
(4.5471778 -17.416176 416.16781)
(12.208753 -13.226728 437.12551)
(12.208562 -13.226905 434.1315)
(12.208371 -13.227081 431.13749)
(12.20818 -13.227258 428.14347)
(14.15705 -11.116562 434.13151)
(15.758414 -8.6989871 434.13158)
(16.972043 -5.9958105 434.13175)
(17.736852 -3.0666062 434.13192)
(15.757955 -8.6998191 437.12559)
(14.156796 -11.116885 437.12552)
(16.971694 -5.9967986 437.12576)
(17.736731 -3.067308 437.12594)
(15.759333 -8.6973229 428.14356)
(15.758874 -8.698155 431.13757)
(14.157558 -11.115914 428.14348)
(14.157304 -11.116238 431.13749)
(16.972741 -5.9938341 428.14373)
(16.972392 -5.9948223 431.13774)
(17.737095 -3.0652027 428.1439)
(17.736974 -3.0659045 431.13791)
(7.3813596 -16.416928 437.1257)
(7.3803185 -16.417396 434.13169)
(7.3792775 -16.417864 431.13767)
(7.3782364 -16.418332 428.14366)
(9.9419541 -15.005251 434.13155)
(9.9426773 -15.004771 437.12556)
(9.9412308 -15.00573 431.13754)
(9.9405075 -15.006209 428.14353)
(1.5467094 -17.933424 434.13203)
(4.5525844 -17.414763 434.13189)
(1.5470668 -17.933393 437.12604)
(4.5534854 -17.414528 437.1259)
(1.5459944 -17.933485 428.14401)
(1.5463519 -17.933455 431.13802)
(4.5507822 -17.415234 428.14386)
(4.5516833 -17.414999 431.13787)
(-1.5371494 -17.934246 380.23979)
(-1.5375944 -17.934208 383.23381)
(-1.5380395 -17.934169 386.22782)
(-1.5384845 -17.934131 389.22183)
(-1.5389295 -17.934093 392.21584)
(-1.5393746 -17.934055 395.20985)
(-1.5398196 -17.934017 398.20387)
(-1.5402647 -17.933978 401.19788)
(-1.5407097 -17.93394 404.19189)
(-1.5411547 -17.933902 407.1859)
(-4.5393207 -17.418225 392.21568)
(-7.3670002 -16.423377 392.2155)
(-9.9353144 -15.009648 392.21538)
(-12.20956 -13.225984 392.21532)
(-14.16494 -11.106506 392.21532)
(-15.768222 -8.6811966 392.21541)
(-16.979129 -5.9757151 392.2156)
(-17.739193 -3.0530394 392.21579)
(-12.209471 -13.226066 389.22131)
(-12.209382 -13.226148 386.2273)
(-12.209293 -13.22623 383.23328)
(-12.209204 -13.226313 380.23927)
(-9.9340602 -15.010478 386.22736)
(-7.3649808 -16.424283 386.22747)
(-4.5374682 -17.418708 386.22766)
(-7.3659905 -16.42383 389.22149)
(-9.9346873 -15.010063 389.22137)
(-4.5383944 -17.418467 389.22167)
(-7.3629614 -16.425188 380.23945)
(-7.3639711 -16.424735 383.23346)
(-9.932806 -15.011308 380.23933)
(-9.9334331 -15.010893 383.23335)
(-4.5356156 -17.41919 380.23963)
(-4.5365419 -17.418949 383.23364)
(-17.73947 -3.0514279 386.22776)
(-16.979948 -5.9733894 386.22758)
(-15.769326 -8.6791909 386.22739)
(-14.165689 -11.105551 386.2273)
(-16.979538 -5.9745522 389.22159)
(-17.739331 -3.0522336 389.22177)
(-15.768774 -8.6801938 389.2214)
(-14.165314 -11.106029 389.22131)
(-16.980766 -5.9710636 380.23956)
(-16.980357 -5.9722265 383.23357)
(-17.739747 -3.0498163 380.23974)
(-17.739608 -3.0506221 383.23375)
(-14.166438 -11.104595 380.23927)
(-15.77043 -8.677185 380.23936)
(-14.166063 -11.105073 383.23328)
(-15.769878 -8.678188 383.23337)
(-12.210005 -13.225573 407.18538)
(-12.209916 -13.225655 404.19137)
(-12.209827 -13.225737 401.19736)
(-12.209738 -13.225819 398.20334)
(-12.209649 -13.225902 395.20933)
(-9.9371956 -15.008402 401.19742)
(-7.3700289 -16.422018 401.19753)
(-4.5420995 -17.417501 401.19772)
(-7.3710385 -16.421565 404.19155)
(-7.372048 -16.421112 407.18556)
(-9.9378226 -15.007987 404.19143)
(-9.9384496 -15.007572 407.18544)
(-4.5430258 -17.417259 404.19173)
(-4.543952 -17.417018 407.18574)
(-7.3680098 -16.422924 395.20951)
(-7.3690194 -16.422471 398.20352)
(-9.9359415 -15.009233 395.20939)
(-9.9365685 -15.008818 398.2034)
(-4.540247 -17.417984 395.20969)
(-4.5411733 -17.417742 398.2037)
(-17.738776 -3.0554567 401.19782)
(-16.977901 -5.9792035 401.19764)
(-15.766565 -8.684205 401.19745)
(-14.163816 -11.107939 401.19735)
(-16.977492 -5.9803662 404.19165)
(-16.977082 -5.981529 407.18566)
(-17.738637 -3.0562624 404.19183)
(-17.738499 -3.0570682 407.18585)
(-14.163441 -11.108417 404.19137)
(-15.766013 -8.6852077 404.19146)
(-14.163067 -11.108895 407.18538)
(-15.765461 -8.6862104 407.18547)
(-16.97872 -5.9768779 395.20962)
(-16.978311 -5.9780407 398.20363)
(-17.739054 -3.0538452 395.2098)
(-17.738915 -3.0546509 398.20381)
(-14.164565 -11.106984 395.20933)
(-15.76767 -8.6821994 395.20942)
(-14.16419 -11.107462 398.20334)
(-15.767118 -8.6832022 398.20343)
(17.738548 -3.0567812 392.21576)
(16.976925 -5.9819745 392.21558)
(15.76484 -8.687336 392.21541)
(14.160609 -11.112027 392.21534)
(12.205886 -13.229374 392.21533)
(9.9318262 -15.011956 392.21538)
(7.3657416 -16.423941 392.21552)
(4.5399688 -17.418056 392.21572)
(1.5417044 -17.933855 392.21586)
(12.205695 -13.22955 389.22132)
(12.205504 -13.229727 386.22731)
(12.205313 -13.229903 383.2333)
(12.205122 -13.23008 380.23928)
(14.161118 -11.111379 386.22732)
(15.765758 -8.6856711 386.22739)
(16.977621 -5.9799977 386.22756)
(17.73879 -3.0553776 386.22773)
(15.765299 -8.6865036 389.2214)
(14.160863 -11.111703 389.22133)
(16.977273 -5.9809861 389.22157)
(17.738669 -3.0560794 389.22174)
(15.766675 -8.6840062 380.23937)
(15.766216 -8.6848387 383.23338)
(14.161626 -11.110731 380.23929)
(14.161372 -11.111055 383.2333)
(16.978318 -5.9780209 380.23954)
(16.977969 -5.9790093 383.23355)
(17.739032 -3.053974 380.23971)
(17.738911 -3.0546758 383.23372)
(7.3647002 -16.424408 389.22151)
(7.3636588 -16.424875 386.22749)
(7.3626174 -16.425342 383.23348)
(7.3615759 -16.425809 380.23947)
(9.930379 -15.012914 386.22736)
(9.9311026 -15.012435 389.22137)
(9.9296553 -15.013392 383.23335)
(9.9289317 -15.013871 380.23934)
(1.5409894 -17.933916 386.22784)
(4.5381664 -17.418526 386.22769)
(1.5413469 -17.933886 389.22185)
(4.5390676 -17.418291 389.22171)
(1.5402744 -17.933978 380.23982)
(1.5406319 -17.933947 383.23383)
(4.5363641 -17.418995 380.23967)
(4.5372652 -17.418761 383.23368)
(12.206842 -13.228492 407.18539)
(12.206651 -13.228669 404.19138)
(12.20646 -13.228845 401.19737)
(12.206269 -13.229021 398.20336)
(12.206077 -13.229198 395.20934)
(14.159847 -11.112999 401.19738)
(15.763464 -8.689833 401.19745)
(16.97588 -5.9849396 401.19762)
(17.738185 -3.0588866 401.19779)
(15.763005 -8.6906653 404.19146)
(15.762546 -8.6914976 407.18547)
(14.159592 -11.113323 404.19139)
(14.159338 -11.113647 407.1854)
(16.975531 -5.9859279 404.19163)
(16.975183 -5.9869162 407.18564)
(17.738064 -3.0595884 404.1918)
(17.737943 -3.0602902 407.18582)
(15.764382 -8.6881683 395.20943)
(15.763923 -8.6890007 398.20344)
(14.160355 -11.112351 395.20935)
(14.160101 -11.112675 398.20336)
(16.976577 -5.9829629 395.2096)
(16.976228 -5.9839512 398.20361)
(17.738427 -3.057483 395.20977)
(17.738306 -3.0581848 398.20378)
(1.5427769 -17.933763 401.1979)
(4.5426722 -17.417351 401.19775)
(7.3688657 -16.42254 401.19755)
(9.9339968 -15.01052 401.19742)
(4.5435733 -17.417116 404.19177)
(4.5444745 -17.416881 407.18578)
(1.5431344 -17.933732 404.19191)
(1.5434919 -17.933701 407.18592)
(9.9347203 -15.010041 404.19143)
(7.369907 -16.422073 404.19157)
(9.9354438 -15.009562 407.18544)
(7.3709483 -16.421605 407.18558)
(4.5408699 -17.417821 395.20973)
(4.5417711 -17.417586 398.20374)
(1.5420619 -17.933824 395.20987)
(1.5424194 -17.933793 398.20389)
(9.9325498 -15.011477 395.2094)
(7.366783 -16.423474 395.20953)
(9.9332733 -15.010999 398.20341)
(7.3678244 -16.423007 398.20354)
(-17.742786 -3.0320888 314.37148)
(-16.989742 -5.9454742 314.37129)
(-15.782555 -8.6551114 314.3711)
(-14.174673 -11.094082 314.37101)
(-12.207245 -13.228121 314.37101)
(-9.9190045 -15.020431 314.37107)
(-7.340741 -16.435131 314.37119)
(-4.5152354 -17.424484 314.37137)
(-1.5273584 -17.935082 314.37153)
(1.5324092 -17.934651 314.37155)
(4.5165364 -17.424147 314.37141)
(7.3386565 -16.436062 314.37121)
(9.9130052 -15.024391 314.37107)
(12.200916 -13.233959 314.37102)
(14.167216 -11.103603 314.37103)
(15.776751 -8.6656859 314.3711)
(16.98596 -5.9562721 314.37127)
(17.741683 -3.038534 314.37145)
(-17.741268 -3.0409527 347.30561)
(-16.985259 -5.9582702 347.30542)
(-15.776496 -8.6661503 347.30523)
(-14.170556 -11.099339 347.30514)
(-12.208224 -13.227217 347.30514)
(-9.9259063 -15.015871 347.3052)
(-7.3518528 -16.430163 347.30532)
(-4.5254259 -17.42184 347.3055)
(-1.5322539 -17.934665 347.30566)
(1.5363419 -17.934315 347.30568)
(4.5264506 -17.421574 347.30554)
(7.3501178 -16.430939 347.30534)
(9.9209698 -15.019133 347.30521)
(12.203019 -13.232019 347.30515)
(14.164421 -11.107167 347.30516)
(15.771716 -8.6748475 347.30524)
(16.982142 -5.9671474 347.3054)
(17.740359 -3.0462541 347.30558)
(-1.532699 -17.934627 350.29968)
(-1.533144 -17.934589 353.29369)
(-1.5335891 -17.934551 356.2877)
(-1.5340341 -17.934513 359.28171)
(-1.5344791 -17.934474 362.27572)
(-1.5349242 -17.934436 365.26974)
(-1.5353692 -17.934398 368.26375)
(-1.5358143 -17.93436 371.25776)
(-1.5362593 -17.934322 374.25177)
(-4.5300577 -17.420637 362.27556)
(-7.3569026 -16.427903 362.27538)
(-9.9290428 -15.013797 362.27526)
(-12.20867 -13.226806 362.2752)
(-14.168684 -11.101729 362.2752)
(-15.77374 -8.6711666 362.27529)
(-16.983218 -5.9640857 362.27548)
(-17.740577 -3.0449817 362.27567)
(-12.208581 -13.226888 359.28119)
(-12.208491 -13.22697 356.28718)
(-12.208402 -13.227052 353.29316)
(-12.208313 -13.227134 350.29915)
(-9.9277882 -15.014627 356.28724)
(-7.3548827 -16.428807 356.28735)
(-4.528205 -17.421118 356.28754)
(-7.3558927 -16.428355 359.28137)
(-9.9284155 -15.014212 359.28125)
(-4.5291313 -17.420877 359.28155)
(-7.3528628 -16.429711 350.29933)
(-7.3538728 -16.429259 353.29334)
(-9.9265336 -15.015456 350.29921)
(-9.9271609 -15.015042 353.29323)
(-4.5263522 -17.4216 350.29951)
(-4.5272786 -17.421359 353.29352)
(-17.740854 -3.0433701 356.28764)
(-16.984034 -5.9617595 356.28746)
(-15.774843 -8.6691602 356.28727)
(-14.169433 -11.100773 356.28718)
(-16.983626 -5.9629226 359.28147)
(-17.740716 -3.0441759 359.28166)
(-15.774291 -8.6701634 359.28128)
(-14.169059 -11.101251 359.28119)
(-16.984851 -5.9594333 350.29944)
(-16.984443 -5.9605964 353.29345)
(-17.74113 -3.0417585 350.29962)
(-17.740992 -3.0425643 353.29363)
(-14.170182 -11.099817 350.29915)
(-15.775945 -8.6671536 350.29924)
(-14.169808 -11.100295 353.29316)
(-15.775394 -8.6681569 353.29325)
(-12.209026 -13.226477 374.25125)
(-12.208937 -13.226559 371.25724)
(-12.208848 -13.226641 368.26322)
(-12.208759 -13.226723 365.26921)
(-9.9309245 -15.012553 371.2573)
(-7.3599321 -16.426546 371.25741)
(-4.5328366 -17.419914 371.2576)
(-7.3609419 -16.426093 374.25143)
(-9.9315517 -15.012138 374.25131)
(-4.533763 -17.419673 374.25161)
(-7.3579124 -16.42745 365.26939)
(-7.3589223 -16.426998 368.2634)
(-9.92967 -15.013382 365.26927)
(-9.9302973 -15.012968 368.26329)
(-4.530984 -17.420396 365.26957)
(-4.5319103 -17.420155 368.26358)
(-17.740162 -3.047399 371.2577)
(-16.981992 -5.9675747 371.25752)
(-15.772085 -8.674176 371.25733)
(-14.167561 -11.103162 371.25724)
(-16.981583 -5.9687377 374.25153)
(-17.740024 -3.0482048 374.25172)
(-15.771534 -8.675179 374.25134)
(-14.167187 -11.10364 374.25125)
(-16.982809 -5.9652487 365.2695)
(-16.982401 -5.9664117 368.26351)
(-17.740439 -3.0457875 365.26968)
(-17.740301 -3.0465932 368.26369)
(-14.16831 -11.102207 365.26921)
(-15.773188 -8.6721697 365.2693)
(-14.167936 -11.102684 368.26322)
(-15.772637 -8.6731729 368.26331)
(17.739756 -3.0497632 362.27564)
(16.980405 -5.9720901 362.27546)
(15.769425 -8.6790109 362.2753)
(14.163151 -11.108787 362.27522)
(12.203975 -13.231138 362.27521)
(9.9245892 -15.016742 362.27527)
(7.3553264 -16.428608 362.2754)
(4.5309568 -17.420403 362.2756)
(1.5381294 -17.934162 362.27574)
(12.203784 -13.231314 359.2812)
(12.203592 -13.23149 356.28719)
(12.203401 -13.231667 353.29318)
(12.20321 -13.231843 350.29916)
(14.163659 -11.108139 356.2872)
(15.770342 -8.6773456 356.28727)
(16.9811 -5.970113 356.28744)
(17.739997 -3.0483595 356.28761)
(15.769883 -8.6781783 359.28128)
(14.163405 -11.108463 359.28121)
(16.980752 -5.9711016 359.28145)
(17.739877 -3.0490614 359.28163)
(15.771258 -8.6756802 350.29925)
(15.7708 -8.6765129 353.29326)
(14.164167 -11.107491 350.29917)
(14.163913 -11.107815 353.29318)
(16.981795 -5.9681359 350.29942)
(16.981447 -5.9691245 353.29343)
(17.740238 -3.0469559 350.29959)
(17.740118 -3.0476577 353.2936)
(7.3542847 -16.429075 359.28139)
(7.353243 -16.429541 356.28737)
(7.3522013 -16.430007 353.29336)
(7.3511596 -16.430473 350.29935)
(9.9231415 -15.017698 356.28724)
(9.9238654 -15.01722 359.28125)
(9.9224177 -15.018177 353.29323)
(9.9216938 -15.018655 350.29922)
(1.5374144 -17.934223 356.28772)
(4.5291544 -17.420871 356.28757)
(1.5377719 -17.934192 359.28173)
(4.5300556 -17.420637 359.28159)
(1.5366994 -17.934284 350.2997)
(1.5370569 -17.934254 353.29371)
(4.5273519 -17.42134 350.29955)
(4.5282531 -17.421106 353.29356)
(12.204739 -13.230432 374.25126)
(12.204548 -13.230609 371.25725)
(12.204357 -13.230785 368.26324)
(12.204166 -13.230961 365.26922)
(14.162388 -11.109759 371.25726)
(15.76805 -8.6815087 371.25733)
(16.979361 -5.9750556 371.2575)
(17.739394 -3.0518686 371.25767)
(15.767592 -8.6823412 374.25134)
(14.162134 -11.110083 374.25127)
(16.979013 -5.976044 374.25151)
(17.739273 -3.0525704 374.25168)
(15.768967 -8.6798435 365.26931)
(15.768509 -8.6806761 368.26332)
(14.162897 -11.109111 365.26923)
(14.162643 -11.109435 368.26324)
(16.980057 -5.9730786 365.26948)
(16.979709 -5.9740671 368.26349)
(17.739635 -3.050465 365.26965)
(17.739515 -3.0511668 368.26366)
(7.3594928 -16.426742 374.25145)
(7.3584513 -16.427209 371.25743)
(7.3574097 -16.427676 368.26342)
(7.3563681 -16.428142 365.26941)
(9.9267605 -15.015306 371.2573)
(9.9274843 -15.014828 374.25131)
(9.9260368 -15.015785 368.26329)
(9.925313 -15.016263 365.26928)
(1.5392019 -17.93407 371.25778)
(4.5336605 -17.419699 371.25763)
(1.5395594 -17.934039 374.25179)
(4.5345617 -17.419465 374.25165)
(1.5384869 -17.934131 365.26976)
(1.5388444 -17.9341 368.26377)
(4.5318581 -17.420168 365.26961)
(4.5327593 -17.419934 368.26362)
(-1.5278035 -17.935044 317.36554)
(-1.5282485 -17.935006 320.35956)
(-1.5286936 -17.934969 323.35357)
(-1.5291386 -17.934931 326.34758)
(-1.5295837 -17.934893 329.34159)
(-1.5300287 -17.934855 332.3356)
(-1.5304738 -17.934817 335.32962)
(-1.5309188 -17.934779 338.32363)
(-1.5313638 -17.934741 341.31764)
(-1.5318089 -17.934703 344.31165)
(-4.5198675 -17.423283 329.34143)
(-7.3457922 -16.432874 329.34125)
(-9.9221419 -15.018359 329.34113)
(-12.20769 -13.22771 329.34107)
(-14.172802 -11.096472 329.34107)
(-15.779802 -8.6601296 329.34116)
(-16.987705 -5.9512909 329.34135)
(-17.742096 -3.0361179 329.34154)
(-12.207601 -13.227792 326.34706)
(-12.207512 -13.227874 323.35305)
(-12.207423 -13.227956 320.35903)
(-12.207334 -13.228038 317.36502)
(-9.920887 -15.019188 323.35311)
(-7.3437718 -16.433777 323.35322)
(-4.5180147 -17.423764 323.3534)
(-7.344782 -16.433325 326.34723)
(-9.9215145 -15.018773 326.34712)
(-4.5189411 -17.423524 326.34742)
(-7.3417513 -16.434679 317.3652)
(-7.3427616 -16.434228 320.35921)
(-9.919632 -15.020017 317.36508)
(-9.9202595 -15.019602 320.35909)
(-4.5161618 -17.424244 317.36538)
(-4.5170882 -17.424004 320.35939)
(-17.742372 -3.0345062 323.35351)
(-16.98852 -5.9489643 323.35333)
(-15.780904 -8.6581224 323.35313)
(-14.17355 -11.095516 323.35305)
(-16.988113 -5.9501276 326.34734)
(-17.742234 -3.0353121 326.34752)
(-15.780353 -8.659126 326.34715)
(-14.173176 -11.095994 326.34706)
(-16.989335 -5.9466376 317.3653)
(-16.988928 -5.947801 320.35932)
(-17.742648 -3.0328946 317.36549)
(-17.74251 -3.0337004 320.3595)
(-14.174299 -11.09456 317.36502)
(-15.782005 -8.6561151 317.36511)
(-14.173925 -11.095038 320.35903)
(-15.781454 -8.6571188 320.35912)
(-12.208135 -13.227299 344.31113)
(-12.208046 -13.227381 341.31712)
(-12.207957 -13.227463 338.32311)
(-12.207868 -13.227545 335.32909)
(-12.207779 -13.227627 332.33508)
(-9.9240242 -15.017115 338.32317)
(-7.3488226 -16.431519 338.32328)
(-4.5226467 -17.422562 338.32346)
(-7.3498327 -16.431067 341.31729)
(-7.3508428 -16.430615 344.31131)
(-9.9246516 -15.0167 341.31718)
(-9.9252789 -15.016286 344.31119)
(-4.5235731 -17.422321 341.31748)
(-4.5244995 -17.422081 344.31149)
(-7.3468024 -16.432422 332.33526)
(-7.3478125 -16.43197 335.32927)
(-9.9227694 -15.017944 332.33514)
(-9.9233968 -15.01753 335.32915)
(-4.5207939 -17.423043 332.33544)
(-4.5217203 -17.422802 335.32945)
(-17.741683 -3.0385353 338.32357)
(-16.986482 -5.9547806 338.32339)
(-15.77815 -8.6631401 338.32319)
(-14.171679 -11.097906 338.3231)
(-16.986075 -5.9559438 341.3174)
(-16.985667 -5.957107 344.31141)
(-17.741545 -3.0393411 341.31758)
(-17.741407 -3.0401469 344.3116)
(-14.171305 -11.098384 341.31712)
(-15.777599 -8.6641435 341.31721)
(-14.170931 -11.098861 344.31113)
(-15.777048 -8.6651469 344.31122)
(-16.987298 -5.9524542 332.33536)
(-16.98689 -5.9536174 335.32938)
(-17.741959 -3.0369237 332.33555)
(-17.741821 -3.0377295 335.32956)
(-14.172428 -11.09695 332.33508)
(-15.779251 -8.6611331 332.33517)
(-14.172053 -11.097428 335.32909)
(-15.7787 -8.6621366 335.32918)
(17.741082 -3.0420431 329.34151)
(16.984225 -5.9612156 329.34133)
(15.774463 -8.6698506 329.34116)
(14.165946 -11.105223 329.34109)
(12.201872 -13.233077 329.34108)
(9.9166259 -15.022002 329.34113)
(7.3438666 -16.433734 329.34127)
(4.521043 -17.422978 329.34147)
(1.5341968 -17.934499 329.34161)
(12.20168 -13.233253 326.34707)
(12.201489 -13.23343 323.35306)
(12.201298 -13.233606 320.35905)
(12.201107 -13.233782 317.36503)
(14.166454 -11.104575 323.35307)
(15.775379 -8.6681848 323.35314)
(16.984919 -5.9592382 323.35331)
(17.741322 -3.0406395 323.35348)
(15.774921 -8.6690177 326.34715)
(14.1662 -11.104899 326.34708)
(16.984572 -5.9602269 326.34732)
(17.741202 -3.0413413 326.34749)
(15.776294 -8.6665189 317.36512)
(15.775836 -8.6673519 320.35913)
(14.166962 -11.103927 317.36504)
(14.166708 -11.104251 320.35905)
(16.985613 -5.9572608 317.36528)
(16.985266 -5.9582495 320.3593)
(17.741563 -3.0392358 317.36546)
(17.741442 -3.0399376 320.35947)
(1.5334818 -17.93456 323.35359)
(4.5192404 -17.423446 323.35344)
(7.3417826 -16.434665 323.35324)
(9.9151777 -15.022957 323.35311)
(4.5201417 -17.423212 326.34746)
(1.5338393 -17.934529 326.3476)
(7.3428246 -16.4342 326.34725)
(9.9159018 -15.02248 326.34712)
(4.5174377 -17.423913 317.36542)
(4.518339 -17.42368 320.35943)
(1.5327667 -17.934621 317.36557)
(1.5331243 -17.93459 320.35958)
(9.9137294 -15.023913 317.36509)
(7.3396986 -16.435596 317.36522)
(9.9144535 -15.023435 320.3591)
(7.3407406 -16.435131 320.35923)
(12.202828 -13.232196 344.31114)
(12.202636 -13.232372 341.31713)
(12.202445 -13.232548 338.32312)
(12.202254 -13.232724 335.32911)
(12.202063 -13.232901 332.33509)
(14.165184 -11.106195 338.32312)
(15.77309 -8.6723492 338.3232)
(16.983184 -5.9641815 338.32337)
(17.74072 -3.0441486 338.32354)
(15.772632 -8.673182 341.31721)
(15.772174 -8.6740147 344.31122)
(14.16493 -11.106519 341.31714)
(14.164676 -11.106843 344.31115)
(16.982837 -5.9651702 341.31738)
(16.982489 -5.9661588 344.31139)
(17.7406 -3.0448504 341.31755)
(17.740479 -3.0455523 344.31157)
(15.774005 -8.6706835 332.33518)
(15.773548 -8.6715163 335.32919)
(14.165692 -11.105547 332.3351)
(14.165438 -11.105871 335.32911)
(16.983878 -5.9622043 332.33534)
(16.983531 -5.9631929 335.32936)
(17.740961 -3.042745 332.33552)
(17.740841 -3.0434468 335.32953)
(1.5352693 -17.934407 338.32365)
(4.5237468 -17.422276 338.3235)
(7.3469923 -16.432337 338.3233)
(9.918798 -15.020567 338.32317)
(4.5246481 -17.422042 341.31752)
(4.5255494 -17.421808 344.31153)
(1.5356268 -17.934376 341.31766)
(1.5359844 -17.934346 344.31167)
(9.9195219 -15.020089 341.31718)
(7.3480342 -16.431871 341.31731)
(9.9202459 -15.019611 344.31119)
(7.349076 -16.431405 344.31133)
(4.5219443 -17.422744 332.33548)
(4.5228456 -17.42251 335.32949)
(1.5345543 -17.934468 332.33563)
(1.5349118 -17.934437 335.32964)
(9.9173499 -15.021524 332.33515)
(7.3449085 -16.433269 332.33528)
(9.9180739 -15.021046 335.32916)
(7.3459504 -16.432803 335.32929)
(-17.744161 -3.0240303 284.43136)
(-16.993809 -5.9338392 284.43117)
(-15.788056 -8.6450725 284.43098)
(-14.178414 -11.089301 284.43089)
(-12.206354 -13.228942 284.43089)
(-9.9127282 -15.024574 284.43095)
(-7.3306367 -16.43964 284.43107)
(-4.5059705 -17.426882 284.43125)
(-1.522908 -17.935461 284.43141)
(1.528834 -17.934957 284.43144)
(4.5075227 -17.426481 284.43129)
(7.3282343 -16.440711 284.43109)
(9.9057622 -15.029167 284.43095)
(12.199003 -13.235721 284.4309)
(14.169756 -11.100361 284.43091)
(15.781325 -8.6573547 284.43098)
(16.989424 -5.9463839 284.43115)
(17.742883 -3.0315154 284.43133)
(-1.523353 -17.935423 287.42543)
(-1.5237981 -17.935385 290.41944)
(-1.5242431 -17.935347 293.41345)
(-1.5246882 -17.935309 296.40746)
(-1.5251332 -17.935272 299.40147)
(-1.5255782 -17.935234 302.39549)
(-1.5260233 -17.935196 305.3895)
(-1.5264683 -17.935158 308.38351)
(-1.5269134 -17.93512 311.37752)
(-4.510603 -17.425684 299.40131)
(-7.3356892 -16.437386 299.40113)
(-9.9158666 -15.022503 299.40101)
(-12.2068 -13.228531 299.40095)
(-14.176543 -11.091691 299.40095)
(-15.785307 -8.6500924 299.40104)
(-16.991777 -5.939657 299.40123)
(-17.743474 -3.0280596 299.40142)
(-12.206711 -13.228614 296.40694)
(-12.206621 -13.228696 293.41293)
(-12.206532 -13.228778 290.41891)
(-12.206443 -13.22886 287.4249)
(-9.9146113 -15.023331 293.41299)
(-7.3336683 -16.438288 293.4131)
(-4.50875 -17.426163 293.41328)
(-7.3346788 -16.437837 296.40711)
(-9.9152389 -15.022917 296.407)
(-4.5096765 -17.425924 296.4073)
(-7.3316473 -16.439189 287.42508)
(-7.3326578 -16.438739 290.41909)
(-9.9133559 -15.02416 287.42496)
(-9.9139836 -15.023746 290.41898)
(-4.506897 -17.426643 287.42526)
(-4.5078235 -17.426403 290.41927)
(-17.743749 -3.0264479 293.41339)
(-16.99259 -5.93733 293.41321)
(-15.786407 -8.6480845 293.41301)
(-14.177292 -11.090735 293.41293)
(-16.992183 -5.9384935 296.40722)
(-17.743611 -3.0272537 296.40741)
(-15.785857 -8.6490884 296.40703)
(-14.176918 -11.091213 296.40694)
(-16.993403 -5.9350028 287.42518)
(-16.992996 -5.9361664 290.4192)
(-17.744023 -3.0248362 287.42537)
(-17.743886 -3.025642 290.41938)
(-14.17804 -11.089779 287.4249)
(-15.787506 -8.6460765 287.42499)
(-14.177666 -11.090257 290.41891)
(-15.786957 -8.6470805 290.419)
(-12.207156 -13.228203 311.377)
(-12.207067 -13.228285 308.38299)
(-12.206978 -13.228367 305.38897)
(-12.206889 -13.228449 302.39496)
(-9.9177494 -15.02126 308.38305)
(-7.3387204 -16.436033 308.38316)
(-4.5133824 -17.424964 308.38334)
(-7.3397307 -16.435582 311.37717)
(-9.9183769 -15.020845 311.37706)
(-4.5143089 -17.424724 311.37736)
(-7.3366996 -16.436935 302.39514)
(-7.33771 -16.436484 305.38915)
(-9.9164942 -15.022089 302.39502)
(-9.9171218 -15.021674 305.38903)
(-4.5115295 -17.425444 302.39532)
(-4.512456 -17.425204 305.38933)
(-17.743061 -3.0304771 308.38345)
(-16.990556 -5.9431474 308.38327)
(-15.783656 -8.6531039 308.38307)
(-14.175421 -11.093126 308.38299)
(-16.990149 -5.9443108 311.37728)
(-17.742923 -3.0312829 311.37746)
(-15.783106 -8.6541077 311.37709)
(-14.175047 -11.093604 311.377)
(-16.99137 -5.9408205 302.39524)
(-16.990963 -5.941984 305.38926)
(-17.743336 -3.0288654 302.39543)
(-17.743198 -3.0296713 305.38944)
(-14.176169 -11.092169 302.39496)
(-15.784756 -8.6510962 302.39505)
(-14.175795 -11.092647 305.38897)
(-15.784206 -8.6521001 305.38906)
(17.742284 -3.0350247 299.40139)
(16.987692 -5.9513282 299.40121)
(15.779039 -8.6615206 299.40104)
(14.168486 -11.101982 299.40097)
(12.199959 -13.23484 299.40096)
(9.909384 -15.02678 299.40101)
(7.3334457 -16.438387 299.40115)
(4.5120297 -17.425315 299.40135)
(1.5306216 -17.934804 299.40149)
(12.199768 -13.235016 296.40695)
(12.199577 -13.235193 293.41294)
(12.199386 -13.235369 290.41893)
(12.199194 -13.235545 287.42491)
(14.168994 -11.101334 293.41295)
(15.779953 -8.6598543 293.41302)
(16.988385 -5.9493505 293.41319)
(17.742524 -3.033621 293.41336)
(15.779496 -8.6606875 296.40703)
(14.16874 -11.101658 296.40696)
(16.988039 -5.9503394 296.4072)
(17.742404 -3.0343229 296.40737)
(15.780868 -8.658188 287.425)
(15.78041 -8.6590212 290.41901)
(14.169502 -11.100686 287.42492)
(14.169248 -11.10101 290.41893)
(16.989078 -5.9473728 287.42516)
(16.988731 -5.9483617 290.41918)
(17.742764 -3.0322173 287.42534)
(17.742644 -3.0329192 290.41935)
(1.5299066 -17.934865 293.41347)
(4.5102269 -17.425781 293.41332)
(7.3313612 -16.439317 293.41312)
(9.9079354 -15.027735 293.41299)
(4.5111283 -17.425548 296.40734)
(1.5302641 -17.934835 296.40748)
(7.3324035 -16.438852 296.40713)
(9.9086597 -15.027257 296.407)
(4.5084241 -17.426248 287.4253)
(4.5093255 -17.426015 290.41931)
(1.5291916 -17.934926 287.42545)
(1.5295491 -17.934896 290.41946)
(9.9064866 -15.02869 287.42497)
(7.3292766 -16.440246 287.4251)
(9.907211 -15.028212 290.41898)
(7.330319 -16.439782 290.41911)
(12.200724 -13.234135 311.37701)
(12.200533 -13.234311 308.383)
(12.200342 -13.234487 305.38899)
(12.200151 -13.234664 302.39497)
(14.167724 -11.102954 308.38301)
(15.777666 -8.6640199 308.38308)
(16.986653 -5.9542946 308.38325)
(17.741923 -3.0371303 308.38342)
(15.777209 -8.6648529 311.37709)
(14.16747 -11.103279 311.37702)
(16.986306 -5.9552833 311.37726)
(17.741803 -3.0378321 311.37743)
(15.778581 -8.6623537 302.39506)
(15.778124 -8.6631868 305.38907)
(14.168232 -11.102306 302.39498)
(14.167978 -11.10263 305.38899)
(16.987346 -5.952317 302.39522)
(16.986999 -5.9533058 305.38924)
(17.742163 -3.0357266 302.3954)
(17.742043 -3.0364284 305.38941)
(1.5316942 -17.934713 308.38353)
(4.5147337 -17.424614 308.38338)
(7.3365723 -16.436992 308.38318)
(9.9115568 -15.025347 308.38305)
(4.5156351 -17.424381 311.3774)
(1.5320517 -17.934682 311.37754)
(7.3376144 -16.436527 311.37719)
(9.912281 -15.024869 311.37706)
(4.512931 -17.425081 302.39536)
(4.5138324 -17.424848 305.38937)
(1.5309792 -17.934774 302.39551)
(1.5313367 -17.934743 305.38952)
(9.9101083 -15.026302 302.39503)
(7.3344879 -16.437922 302.39516)
(9.9108326 -15.025824 305.38904)
(7.3355301 -16.437457 305.38917)
(-1.5184574 -17.935838 254.4913)
(-1.5189025 -17.9358 257.48531)
(-1.5193475 -17.935763 260.47932)
(-1.5197926 -17.935725 263.47333)
(-1.5202376 -17.935687 266.46734)
(-1.5206827 -17.93565 269.46135)
(-1.5211277 -17.935612 272.45537)
(-1.5215728 -17.935574 275.44938)
(-1.5220178 -17.935536 278.44339)
(-1.5224629 -17.935499 281.4374)
(-4.5004112 -17.428319 266.46718)
(-7.3245729 -16.442343 266.46699)
(-9.9089616 -15.027058 266.46688)
(-12.20582 -13.229435 266.46682)
(-14.180657 -11.086431 266.46682)
(-15.791354 -8.6390474 266.46691)
(-16.996246 -5.9268572 266.4671)
(-17.744984 -3.0191951 266.46729)
(-12.205731 -13.229518 263.47281)
(-12.205642 -13.2296 260.4788)
(-12.205553 -13.229682 257.48478)
(-12.205464 -13.229764 254.49077)
(-9.9077059 -15.027886 260.47886)
(-7.3225514 -16.443243 260.47897)
(-4.4985581 -17.428797 260.47915)
(-7.3235622 -16.442793 263.47298)
(-9.9083338 -15.027472 263.47287)
(-4.4994847 -17.428558 263.47316)
(-7.3205298 -16.444143 254.49095)
(-7.3215406 -16.443693 257.48496)
(-9.9064502 -15.028714 254.49083)
(-9.907078 -15.0283 257.48484)
(-4.4967049 -17.429276 254.49113)
(-4.4976315 -17.429036 257.48514)
(-17.745258 -3.0175834 260.47926)
(-16.997057 -5.9245296 260.47908)
(-15.792453 -8.6370388 260.47888)
(-14.181405 -11.085475 260.47879)
(-16.996651 -5.9256934 263.47309)
(-17.745121 -3.0183892 263.47327)
(-15.791903 -8.6380431 263.4729)
(-14.181031 -11.085953 263.47281)
(-16.997868 -5.922202 254.49105)
(-16.997463 -5.9233658 257.48506)
(-17.745532 -3.0159716 254.49124)
(-17.745395 -3.0167775 257.48525)
(-14.182153 -11.084518 254.49077)
(-15.793551 -8.63503 254.49086)
(-14.181779 -11.084997 257.48478)
(-15.793002 -8.6360344 257.48487)
(-12.206265 -13.229024 281.43688)
(-12.206176 -13.229107 278.44287)
(-12.206087 -13.229189 275.44886)
(-12.205998 -13.229271 272.45484)
(-12.205909 -13.229353 269.46083)
(-9.910845 -15.025816 275.44892)
(-7.3276049 -16.440992 275.44903)
(-4.5031909 -17.427601 275.44921)
(-7.3286155 -16.440541 278.44304)
(-7.3296261 -16.440091 281.43705)
(-9.9114727 -15.025402 278.44293)
(-9.9121005 -15.024988 281.43694)
(-4.5041175 -17.427361 278.44322)
(-4.505044 -17.427122 281.43724)
(-7.3255836 -16.441892 269.46101)
(-7.3265943 -16.441442 272.45502)
(-9.9095894 -15.026644 269.46089)
(-9.9102172 -15.02623 272.4549)
(-4.5013378 -17.42808 269.46119)
(-4.5022644 -17.42784 272.4552)
(-17.744573 -3.0216127 275.44932)
(-16.995028 -5.9303483 275.44914)
(-15.789705 -8.6420601 275.44894)
(-14.179535 -11.087866 275.44885)
(-16.994622 -5.931512 278.44315)
(-16.994215 -5.9326756 281.43716)
(-17.744435 -3.0224186 278.44333)
(-17.744298 -3.0232245 281.43735)
(-14.179162 -11.088344 278.44287)
(-15.789156 -8.6430643 278.44296)
(-14.178788 -11.088822 281.43688)
(-15.788606 -8.6440684 281.43697)
(-16.99584 -5.9280209 269.46111)
(-16.995434 -5.9291846 272.45512)
(-17.744847 -3.020001 269.4613)
(-17.74471 -3.0208069 272.45531)
(-14.180283 -11.08691 269.46083)
(-15.790805 -8.6400517 269.46092)
(-14.179909 -11.087388 272.45484)
(-15.790255 -8.6410559 272.45493)
(17.743602 -3.0273042 266.46726)
(16.991499 -5.9404503 266.46708)
(15.784066 -8.6523549 266.46691)
(14.171279 -11.098416 266.46684)
(12.197856 -13.236779 266.46683)
(9.9014153 -15.032032 266.46688)
(7.3219797 -16.443498 266.46701)
(4.5021142 -17.427879 266.46722)
(1.5266889 -17.935139 266.46736)
(12.197664 -13.236955 263.47282)
(12.197473 -13.237132 260.47881)
(12.197282 -13.237308 257.4848)
(12.197091 -13.237484 254.49078)
(14.171787 -11.097768 260.47881)
(15.78498 -8.6506881 260.47889)
(16.992191 -5.9384723 260.47906)
(17.743842 -3.0259005 260.47923)
(15.784523 -8.6515215 263.4729)
(14.171533 -11.098092 263.47283)
(16.991845 -5.9394613 263.47307)
(17.743722 -3.0266024 263.47324)
(15.785893 -8.6490212 254.49087)
(15.785437 -8.6498546 257.48488)
(14.172295 -11.09712 254.49079)
(14.172041 -11.097444 257.4848)
(16.992882 -5.9364943 254.49103)
(16.992536 -5.9374833 257.48504)
(17.744081 -3.0244967 254.49121)
(17.743962 -3.0251986 257.48522)
(1.5259738 -17.9352 260.47934)
(4.5003113 -17.428345 260.47919)
(7.3198946 -16.444426 260.47899)
(9.8999662 -15.032986 260.47886)
(4.5012127 -17.428112 263.4732)
(1.5263314 -17.93517 263.47335)
(7.3209372 -16.443962 263.473)
(9.9006908 -15.032509 263.47287)
(4.4985083 -17.42881 254.49117)
(4.4994098 -17.428577 257.48518)
(1.5252588 -17.935261 254.49132)
(1.5256163 -17.935231 257.48533)
(9.8985169 -15.03394 254.49084)
(7.3178094 -16.445354 254.49097)
(9.8992416 -15.033463 257.48485)
(7.318852 -16.44489 257.48498)
(12.198812 -13.235898 281.43689)
(12.198621 -13.236074 278.44288)
(12.198429 -13.23625 275.44887)
(12.198238 -13.236426 272.45486)
(12.198047 -13.236603 269.46084)
(14.170518 -11.099389 275.44887)
(15.782696 -8.6548549 275.44895)
(16.990462 -5.9434172 275.44912)
(17.743243 -3.0294098 275.44929)
(15.782239 -8.6556882 278.44296)
(15.781782 -8.6565215 281.43697)
(14.170264 -11.099713 278.44289)
(14.17001 -11.100037 281.4369)
(16.990116 -5.9444061 278.44313)
(16.98977 -5.945395 281.43714)
(17.743123 -3.0301117 278.4433)
(17.743003 -3.0308136 281.43731)
(15.78361 -8.6531883 269.46092)
(15.783153 -8.6540216 272.45494)
(14.171025 -11.098741 269.46085)
(14.170771 -11.099065 272.45486)
(16.991154 -5.9414393 269.46109)
(16.990808 -5.9424283 272.4551)
(17.743483 -3.0280061 269.46127)
(17.743363 -3.028708 272.45528)
(1.5277615 -17.935048 275.4494)
(4.5048185 -17.42718 275.44925)
(7.3251071 -16.442105 275.44905)
(9.9035889 -15.0306 275.44892)
(4.5057199 -17.426947 278.44326)
(4.5066213 -17.426714 281.43728)
(1.528119 -17.935017 278.44341)
(1.5284765 -17.934987 281.43742)
(9.9043134 -15.030122 278.44293)
(7.3261495 -16.44164 278.44306)
(9.9050378 -15.029645 281.43694)
(7.3271919 -16.441176 281.43707)
(4.5030156 -17.427646 269.46123)
(4.5039171 -17.427413 272.45524)
(1.5270464 -17.935109 269.46138)
(1.527404 -17.935078 272.45539)
(9.9021399 -15.031554 269.46089)
(7.3230222 -16.443033 269.46103)
(9.9028644 -15.031077 272.45491)
(7.3240647 -16.442569 272.45504)
(-17.751388 -2.981315 125.74873)
(-17.015229 -5.8721353 125.74854)
(-15.817106 -8.5918081 125.74835)
(-14.198212 -11.06394 125.74826)
(-12.201633 -13.233297 125.74826)
(-9.8794342 -15.046487 125.74832)
(-7.27704 -16.463435 125.74843)
(-4.4568537 -17.439508 125.74861)
(-1.4993194 -17.937448 125.74878)
(1.5098843 -17.936562 125.74881)
(4.4597378 -17.438771 125.74865)
(7.2729508 -16.465242 125.74845)
(9.8673357 -15.054424 125.74832)
(12.188863 -13.24506 125.74827)
(14.183205 -11.083172 125.74828)
(15.805489 -8.6131597 125.74835)
(17.007685 -5.8939505 125.74852)
(17.7492 -2.9943134 125.74869)
(-17.748537 -2.9982412 188.62298)
(-17.006769 -5.896592 188.62279)
(-15.805617 -8.6129245 188.6226)
(-14.190373 -11.073993 188.62251)
(-12.203504 -13.231572 188.62251)
(-9.8926322 -15.037813 188.62257)
(-7.2982853 -16.454028 188.62268)
(-4.4763178 -17.434523 188.62286)
(-1.508666 -17.936664 188.62303)
(1.517393 -17.935928 188.62306)
(4.4786741 -17.433917 188.62291)
(7.2948649 -16.455545 188.6227)
(9.8825691 -15.044428 188.62257)
(12.192882 -13.241361 188.62252)
(14.177878 -11.089985 188.62253)
(15.795929 -8.630679 188.6226)
(17.000469 -5.9147315 188.62277)
(17.746706 -3.0090547 188.62294)
(-17.747037 -3.0071066 221.55711)
(-17.002324 -5.9093984 221.55692)
(-15.799588 -8.6239794 221.55673)
(-14.186264 -11.079256 221.55664)
(-12.204484 -13.230668 221.55664)
(-9.8995423 -15.033265 221.5567)
(-7.3094092 -16.449089 221.55682)
(-4.4865119 -17.431902 221.557)
(-1.5135618 -17.936252 221.55716)
(1.5213259 -17.935595 221.55719)
(4.4885917 -17.431367 221.55704)
(7.3063388 -16.450453 221.55683)
(9.8905444 -15.039187 221.5567)
(12.194986 -13.239423 221.55665)
(14.175087 -11.093553 221.55666)
(15.790914 -8.6398515 221.55673)
(16.996679 -5.9256139 221.5569)
(17.745396 -3.0167759 221.55708)
(-1.5140068 -17.936214 224.55118)
(-1.5144519 -17.936177 227.54519)
(-1.514897 -17.936139 230.5392)
(-1.515342 -17.936102 233.53321)
(-1.5157871 -17.936064 236.52722)
(-1.5162321 -17.936026 239.52124)
(-1.5166772 -17.935989 242.51525)
(-1.5171223 -17.935951 245.50926)
(-1.5175673 -17.935913 248.50327)
(-4.4911452 -17.430709 236.52706)
(-7.3144644 -16.446842 236.52687)
(-9.9026825 -15.031197 236.52676)
(-12.204929 -13.230257 236.5267)
(-14.184395 -11.081648 236.5267)
(-15.796845 -8.6290029 236.52679)
(-17.0003 -5.9152186 236.52698)
(-17.746353 -3.0111362 236.52717)
(-12.20484 -13.230339 233.53269)
(-12.204751 -13.230421 230.53868)
(-12.204662 -13.230504 227.54466)
(-12.204573 -13.230586 224.55065)
(-9.9014264 -15.032024 230.53874)
(-7.3124424 -16.447741 230.53885)
(-4.4892919 -17.431186 230.53903)
(-7.3134534 -16.447292 233.53286)
(-9.9020545 -15.031611 233.53275)
(-4.4902185 -17.430948 233.53304)
(-7.3104203 -16.44864 224.55083)
(-7.3114313 -16.448191 227.54484)
(-9.9001703 -15.032852 224.55071)
(-9.9007984 -15.032438 227.54472)
(-4.4874386 -17.431664 224.55101)
(-4.4883652 -17.431425 227.54502)
(-17.746627 -3.0095244 230.53914)
(-17.00111 -5.9128906 230.53896)
(-15.797942 -8.6269936 230.53876)
(-14.185143 -11.080692 230.53868)
(-17.000705 -5.9140546 233.53297)
(-17.74649 -3.0103303 233.53315)
(-15.797394 -8.6279983 233.53278)
(-14.184769 -11.08117 233.53269)
(-17.001919 -5.9105625 224.55093)
(-17.001514 -5.9117265 227.54494)
(-17.7469 -3.0079125 224.55112)
(-17.746763 -3.0087184 227.54513)
(-14.18589 -11.079735 224.55065)
(-15.799039 -8.6249842 224.55074)
(-14.185516 -11.080213 227.54466)
(-15.798491 -8.6259889 227.54475)
(-12.205286 -13.229928 248.50275)
(-12.205196 -13.230011 245.50874)
(-12.205107 -13.230093 242.51472)
(-12.205018 -13.230175 239.52071)
(-9.9045664 -15.029956 245.5088)
(-7.3174972 -16.445493 245.50891)
(-4.4939251 -17.429992 245.50909)
(-7.3185081 -16.445043 248.50292)
(-9.9051943 -15.029542 248.50281)
(-4.4948517 -17.429754 248.5031)
(-7.3154754 -16.446392 239.52089)
(-7.3164863 -16.445943 242.5149)
(-9.9033105 -15.030783 239.52077)
(-9.9039384 -15.030369 242.51478)
(-4.4920718 -17.43047 239.52107)
(-4.4929985 -17.430231 242.51508)
(-17.745943 -3.0135539 245.5092)
(-16.999084 -5.9187104 245.50902)
(-15.795198 -8.6320167 245.50882)
(-14.183274 -11.083083 245.50874)
(-16.998679 -5.9198743 248.50303)
(-17.745806 -3.0143598 248.50321)
(-15.794649 -8.6330212 248.50284)
(-14.1829 -11.083562 248.50275)
(-16.999895 -5.9163825 239.52099)
(-16.99949 -5.9175465 242.515)
(-17.746217 -3.0119421 239.52118)
(-17.74608 -3.012748 242.51519)
(-14.184022 -11.082127 239.52071)
(-15.796296 -8.6300075 239.5208)
(-14.183648 -11.082605 242.51472)
(-15.795747 -8.6310121 242.51481)
(17.744799 -3.0202854 236.52714)
(16.994954 -5.9305597 236.52696)
(15.788633 -8.6440199 236.52679)
(14.173818 -11.095174 236.52672)
(12.195943 -13.238541 236.52671)
(9.8941686 -15.036802 236.52676)
(7.3115531 -16.448136 236.52689)
(4.4930994 -17.430205 236.5271)
(1.5231136 -17.935443 236.52725)
(12.195752 -13.238718 233.5327)
(12.19556 -13.238894 230.53869)
(12.195369 -13.23907 227.54468)
(12.195178 -13.239246 224.55066)
(14.174325 -11.094526 230.5387)
(15.789545 -8.6423526 230.53877)
(16.995644 -5.9285814 230.53894)
(17.745037 -3.0188816 230.53911)
(15.789089 -8.6431863 233.53278)
(14.174072 -11.09485 233.53271)
(16.995299 -5.9295706 233.53295)
(17.744918 -3.0195835 233.53312)
(15.790458 -8.6406852 224.55075)
(15.790002 -8.6415189 227.54476)
(14.174833 -11.093877 224.55067)
(14.174579 -11.094201 227.54468)
(16.996334 -5.9266031 224.55091)
(16.995989 -5.9275923 227.54492)
(17.745276 -3.0174778 224.55109)
(17.745157 -3.0181797 227.5451)
(1.5223985 -17.935504 230.53922)
(4.4912963 -17.43067 230.53907)
(7.3094675 -16.449063 230.53887)
(9.892719 -15.037756 230.53874)
(4.4921978 -17.430438 233.53308)
(1.5227561 -17.935474 233.53323)
(7.3105103 -16.4486 233.53288)
(9.8934439 -15.037279 233.53275)
(4.4894932 -17.431135 224.55105)
(4.4903948 -17.430902 227.54506)
(1.5216835 -17.935565 224.5512)
(1.522041 -17.935534 227.54521)
(9.8912693 -15.03871 224.55072)
(7.3073818 -16.44999 224.55085)
(9.8919942 -15.038233 227.54473)
(7.3084246 -16.449527 227.54486)
(12.196708 -13.237836 248.50276)
(12.196517 -13.238013 245.50875)
(12.196325 -13.238189 242.51474)
(12.196134 -13.238365 239.52072)
(14.173056 -11.096147 245.50876)
(15.787263 -8.6465207 245.50883)
(16.993918 -5.9335271 245.509)
(17.74444 -3.0223911 245.50917)
(15.786807 -8.6473542 248.50284)
(14.172802 -11.096471 248.50277)
(16.993573 -5.9345162 248.50301)
(17.74432 -3.023093 248.50318)
(15.788176 -8.6448535 239.52081)
(15.78772 -8.6456871 242.51482)
(14.173564 -11.095498 239.52073)
(14.17331 -11.095823 242.51474)
(16.994609 -5.9315489 239.52097)
(16.994264 -5.932538 242.51498)
(17.744679 -3.0209873 239.52115)
(17.74456 -3.0216892 242.51516)
(1.5241862 -17.935352 245.50928)
(4.4958039 -17.429508 245.50913)
(7.3146814 -16.446745 245.50893)
(9.8963429 -15.035372 245.5088)
(4.4967054 -17.429275 248.50314)
(1.5245437 -17.935322 248.50329)
(7.3157241 -16.446282 248.50294)
(9.8970676 -15.034895 248.50281)
(4.4940009 -17.429973 239.52111)
(4.4949024 -17.42974 242.51512)
(1.5234711 -17.935413 239.52126)
(1.5238287 -17.935383 242.51527)
(9.8948934 -15.036325 239.52078)
(7.3125959 -16.447673 239.52091)
(9.8956182 -15.035849 242.51479)
(7.3136387 -16.447209 242.51492)
(-1.5091111 -17.936627 191.61705)
(-1.5095562 -17.936589 194.61106)
(-1.5100013 -17.936552 197.60507)
(-1.5104463 -17.936514 200.59908)
(-1.5108914 -17.936477 203.59309)
(-1.5113365 -17.93644 206.5871)
(-1.5117815 -17.936402 209.58112)
(-1.5122266 -17.936364 212.57513)
(-1.5126716 -17.936327 215.56914)
(-1.5131167 -17.936289 218.56315)
(-4.4809516 -17.433332 203.59292)
(-7.303342 -16.451784 203.59274)
(-9.8957734 -15.035746 203.59263)
(-12.203949 -13.231161 203.59257)
(-14.188505 -11.076385 203.59257)
(-15.802878 -8.61795 203.59266)
(-17.00475 -5.9024134 203.59285)
(-17.747855 -3.002271 203.59304)
(-12.20386 -13.231243 200.59856)
(-12.203771 -13.231325 197.60455)
(-12.203682 -13.231407 194.61053)
(-12.203593 -13.23149 191.61652)
(-9.894517 -15.036573 197.6046)
(-7.3013194 -16.452682 197.60472)
(-4.4790981 -17.433809 197.6049)
(-7.3023307 -16.452233 200.59873)
(-9.8951452 -15.03616 200.59862)
(-4.4800249 -17.43357 200.59891)
(-7.2992967 -16.453579 191.6167)
(-7.3003081 -16.45313 194.61071)
(-9.8932605 -15.0374 191.61658)
(-9.8938887 -15.036987 194.61059)
(-4.4772446 -17.434285 191.61688)
(-4.4781714 -17.434047 194.61089)
(-17.748128 -3.0006591 197.60501)
(-17.005558 -5.9000849 197.60482)
(-15.803974 -8.6159399 197.60463)
(-14.189252 -11.075428 197.60454)
(-17.005154 -5.9012492 200.59884)
(-17.747992 -3.001465 200.59902)
(-15.803426 -8.616945 200.59864)
(-14.188879 -11.075907 200.59856)
(-17.006366 -5.8977563 191.6168)
(-17.005962 -5.8989206 194.61081)
(-17.7484 -2.9990471 191.61699)
(-17.748264 -2.9998531 194.611)
(-14.19 -11.074471 191.61652)
(-15.805069 -8.6139297 191.61661)
(-14.189626 -11.07495 194.61053)
(-15.804521 -8.6149348 194.61062)
(-12.204395 -13.23075 218.56263)
(-12.204306 -13.230832 215.56862)
(-12.204217 -13.230914 212.57461)
(-12.204128 -13.230997 209.58059)
(-12.204039 -13.231079 206.58658)
(-9.8976579 -15.034506 212.57466)
(-7.3063757 -16.450437 212.57478)
(-4.4837318 -17.432617 212.57496)
(-7.3073869 -16.449988 215.56879)
(-7.308398 -16.449539 218.5628)
(-9.898286 -15.034092 215.56868)
(-9.8989142 -15.033679 218.56269)
(-4.4846585 -17.432379 215.56897)
(-4.4855852 -17.432141 218.56298)
(-7.3043533 -16.451335 206.58676)
(-7.3053645 -16.450886 209.58077)
(-9.8964016 -15.035333 206.58664)
(-9.8970297 -15.034919 209.58065)
(-4.4818783 -17.433094 206.58694)
(-4.4828051 -17.432856 209.58095)
(-17.747446 -3.0046888 212.57507)
(-17.003537 -5.905906 212.57488)
(-15.801233 -8.6209649 212.57469)
(-14.187385 -11.077821 212.5746)
(-17.003133 -5.9070702 215.5689)
(-17.002728 -5.9082343 218.56291)
(-17.74731 -3.0054947 215.56908)
(-17.747173 -3.0063007 218.5631)
(-14.187011 -11.078299 215.56862)
(-15.800685 -8.6219697 215.5687)
(-14.186637 -11.078778 218.56263)
(-15.800136 -8.6229746 218.56272)
(-17.004346 -5.9035777 206.58686)
(-17.003941 -5.9047419 209.58087)
(-17.747719 -3.0030769 206.58705)
(-17.747583 -3.0038829 209.58106)
(-14.188132 -11.076864 206.58658)
(-15.802329 -8.618955 206.58667)
(-14.187758 -11.077342 209.58059)
(-15.801781 -8.6199599 209.58068)
(17.746111 -3.0125644 203.593)
(16.998747 -5.9196783 203.59283)
(15.79365 -8.6348487 203.59266)
(14.176609 -11.091607 203.59259)
(12.193838 -13.24048 203.59258)
(9.8861946 -15.042046 203.59263)
(7.3000808 -16.453231 203.59276)
(4.4831822 -17.432759 203.59296)
(1.5191807 -17.935777 203.59311)
(12.193647 -13.240656 200.59857)
(12.193456 -13.240832 197.60456)
(12.193264 -13.241008 194.61055)
(12.193073 -13.241185 191.61653)
(14.177117 -11.090958 197.60456)
(15.794562 -8.6331809 197.60464)
(16.999436 -5.9176996 197.6048)
(17.746349 -3.0111605 197.60498)
(15.794106 -8.6340148 200.59865)
(14.176863 -11.091283 200.59858)
(16.999092 -5.9186889 200.59882)
(17.74623 -3.0118624 200.59899)
(15.795474 -8.631513 191.61661)
(15.795018 -8.6323469 194.61063)
(14.177624 -11.09031 191.61654)
(14.177371 -11.090634 194.61055)
(17.000125 -5.9157209 191.61678)
(16.999781 -5.9167103 194.61079)
(17.746587 -3.0097567 191.61696)
(17.746468 -3.0104586 194.61097)
(1.5184656 -17.935837 197.60509)
(4.481379 -17.433222 197.60494)
(7.2979945 -16.454157 197.60474)
(9.8847445 -15.042999 197.60461)
(4.4822806 -17.432991 200.59895)
(1.5188231 -17.935807 200.5991)
(7.2990376 -16.453694 200.59875)
(9.8854696 -15.042523 200.59862)
(4.4795757 -17.433686 191.61692)
(4.4804773 -17.433454 194.61093)
(1.5177505 -17.935898 191.61707)
(1.518108 -17.935868 194.61108)
(9.8832943 -15.043952 191.61658)
(7.2959081 -16.455082 191.61672)
(9.8840194 -15.043476 194.6106)
(7.2969513 -16.454619 194.61073)
(12.194795 -13.239599 218.56264)
(12.194604 -13.239775 215.56863)
(12.194412 -13.239951 212.57462)
(12.194221 -13.240127 209.5806)
(12.19403 -13.240304 206.58659)
(14.175848 -11.09258 212.57462)
(15.792282 -8.6373502 212.5747)
(16.997713 -5.9226461 212.57486)
(17.745753 -3.0146701 212.57504)
(15.791826 -8.638184 215.56871)
(15.79137 -8.6390178 218.56272)
(14.175594 -11.092904 215.56864)
(14.175341 -11.093228 218.56265)
(16.997369 -5.9236354 215.56888)
(16.997024 -5.9246246 218.56289)
(17.745634 -3.015372 215.56905)
(17.745515 -3.016074 218.56306)
(15.793194 -8.6356825 206.58667)
(15.792738 -8.6365164 209.58069)
(14.176356 -11.091931 206.5866)
(14.176102 -11.092256 209.58061)
(16.998403 -5.9206676 206.58684)
(16.998058 -5.9216569 209.58085)
(17.745992 -3.0132663 206.58702)
(17.745873 -3.0139682 209.58103)
(1.5202533 -17.935686 212.57515)
(4.485887 -17.432063 212.575)
(7.3032099 -16.451843 212.5748)
(9.8883696 -15.040617 212.57467)
(4.4867885 -17.431831 215.56901)
(4.4876901 -17.431599 218.56302)
(1.5206108 -17.935656 215.56916)
(1.5209684 -17.935625 218.56317)
(9.8890946 -15.04014 215.56868)
(7.3042529 -16.45138 215.56881)
(9.8898195 -15.039663 218.56269)
(7.3052959 -16.450916 218.56282)
(4.4840838 -17.432527 206.58698)
(4.4849854 -17.432295 209.58099)
(1.5195382 -17.935747 206.58713)
(1.5198958 -17.935716 209.58114)
(9.8869196 -15.04157 206.58664)
(7.3011238 -16.452768 206.58677)
(9.8876446 -15.041093 209.58066)
(7.3021669 -16.452306 209.58079)
(-17.749896 -2.9901813 158.68286)
(-17.010802 -5.8849473 158.68267)
(-15.811091 -8.602871 158.68248)
(-14.194107 -11.069206 158.68239)
(-12.202613 -13.232393 158.68239)
(-9.8863484 -15.041945 158.68245)
(-7.28817 -16.458511 158.68256)
(-4.4670497 -17.4369 158.68275)
(-1.5042153 -17.937038 158.68291)
(1.5138174 -17.93623 158.68294)
(4.4696572 -17.436231 158.68279)
(7.2844312 -16.460166 158.68258)
(9.8753164 -15.04919 158.68245)
(12.190968 -13.243123 158.6824)
(14.180415 -11.086741 158.68241)
(15.800484 -8.6223378 158.68248)
(17.003908 -5.9048367 158.68265)
(17.747895 -3.0020352 158.68283)
(-1.5046604 -17.937001 161.67693)
(-1.5051055 -17.936963 164.67094)
(-1.5055505 -17.936926 167.66495)
(-1.5059956 -17.936889 170.65896)
(-1.5064407 -17.936851 173.65297)
(-1.5068858 -17.936814 176.64699)
(-1.5073308 -17.936777 179.641)
(-1.5077759 -17.936739 182.63501)
(-1.508221 -17.936702 185.62902)
(-4.4716839 -17.435712 173.65281)
(-7.293228 -16.45627 173.65262)
(-9.8894905 -15.03988 173.65251)
(-12.203059 -13.231982 173.65245)
(-14.19224 -11.0716 173.65245)
(-15.808355 -8.6078982 173.65254)
(-17.008787 -5.8907699 173.65273)
(-17.749217 -2.9942113 173.65292)
(-12.20297 -13.232065 170.65844)
(-12.20288 -13.232147 167.66443)
(-12.202791 -13.232229 164.67041)
(-12.202702 -13.232311 161.6764)
(-9.8882337 -15.040706 167.66449)
(-7.2912049 -16.457167 167.6646)
(-4.4698302 -17.436187 167.66478)
(-7.2922164 -16.456718 170.65861)
(-9.8888621 -15.040293 170.6585)
(-4.470757 -17.435949 170.65879)
(-7.2891816 -16.458063 161.67658)
(-7.2901933 -16.457615 164.67059)
(-9.8869769 -15.041532 161.67646)
(-9.8876053 -15.041119 164.67047)
(-4.4679765 -17.436662 161.67676)
(-4.4689034 -17.436425 164.67077)
(-17.749489 -2.9925993 167.66489)
(-17.009593 -5.8884409 167.6647)
(-15.80945 -8.6058874 167.66451)
(-14.192987 -11.070642 167.66443)
(-17.00919 -5.8896054 170.65872)
(-17.749353 -2.9934053 170.6589)
(-15.808902 -8.6068928 170.65852)
(-14.192614 -11.071121 170.65844)
(-17.010399 -5.8861119 161.67668)
(-17.009996 -5.8872764 164.67069)
(-17.74976 -2.9909873 161.67687)
(-17.749625 -2.9917933 164.67088)
(-14.193734 -11.069685 161.6764)
(-15.810544 -8.6038765 161.67649)
(-14.19336 -11.070164 164.67041)
(-15.809997 -8.604882 164.6705)
(-12.203415 -13.231654 185.6285)
(-12.203326 -13.231736 182.63449)
(-12.203237 -13.231818 179.64047)
(-12.203148 -13.2319 176.64646)
(-9.8913756 -15.03864 182.63455)
(-7.2962625 -16.454925 182.63466)
(-4.4744643 -17.434998 182.63484)
(-7.2972739 -16.454476 185.62867)
(-9.8920039 -15.038227 185.62856)
(-4.4753911 -17.434761 185.62885)
(-7.2942395 -16.455822 176.64664)
(-7.295251 -16.455373 179.64065)
(-9.8901189 -15.039466 176.64652)
(-9.8907472 -15.039053 179.64053)
(-4.4726107 -17.435474 176.64682)
(-4.4735375 -17.435236 179.64083)
(-17.748809 -2.9966292 182.63495)
(-17.007577 -5.8942632 182.63476)
(-15.806712 -8.6109141 182.63457)
(-14.19112 -11.073036 182.63449)
(-17.007173 -5.8954276 185.62878)
(-17.748673 -2.9974352 185.62896)
(-15.806165 -8.6119193 185.62858)
(-14.190746 -11.073514 185.6285)
(-17.008384 -5.8919344 176.64674)
(-17.00798 -5.8930988 179.64075)
(-17.749081 -2.9950173 176.64693)
(-17.748945 -2.9958233 179.64094)
(-14.191867 -11.072078 176.64646)
(-15.807808 -8.6089035 176.64655)
(-14.191493 -11.072557 179.64047)
(-15.80726 -8.6099088 179.64056)
(17.747301 -3.005545 173.65288)
(17.00219 -5.9097843 173.65271)
(15.798207 -8.6265087 173.65254)
(14.179147 -11.088363 173.65247)
(12.191925 -13.242242 173.65246)
(9.878943 -15.04681 173.65251)
(7.2896484 -16.457856 173.65264)
(4.4741657 -17.435075 173.65285)
(1.5156052 -17.936079 173.653)
(12.191734 -13.242418 170.65845)
(12.191542 -13.242594 167.66444)
(12.191351 -13.24277 164.67043)
(12.19116 -13.242946 161.67641)
(14.179654 -11.087715 167.66445)
(15.799118 -8.6248404 167.66452)
(17.002877 -5.9078053 167.66468)
(17.747539 -3.0041411 167.66486)
(15.798663 -8.6256745 170.65853)
(14.1794 -11.088039 170.65846)
(17.002533 -5.9087948 170.6587)
(17.74742 -3.004843 170.65887)
(15.800029 -8.623172 161.67649)
(15.799573 -8.6240062 164.67051)
(14.180161 -11.087066 161.67642)
(14.179908 -11.08739 164.67043)
(17.003565 -5.9058263 161.67666)
(17.003221 -5.9068158 164.67067)
(17.747776 -3.0027372 161.67684)
(17.747658 -3.0034391 164.67085)
(1.5148901 -17.93614 167.66497)
(4.4723624 -17.435538 167.66482)
(7.2875616 -16.45878 167.66462)
(9.8774924 -15.047762 167.66449)
(4.4732641 -17.435306 170.65883)
(1.5152477 -17.93611 170.65898)
(7.288605 -16.458318 170.65863)
(9.8782178 -15.047286 170.6585)
(4.4705589 -17.436 161.6768)
(4.4714607 -17.435769 164.67081)
(1.514175 -17.9362 161.67695)
(1.5145326 -17.93617 164.67096)
(9.8760418 -15.048714 161.67647)
(7.2854747 -16.459704 161.6766)
(9.8767671 -15.048238 164.67048)
(7.2865182 -16.459242 164.67061)
(12.19269 -13.241537 185.62851)
(12.192499 -13.241713 182.6345)
(12.192308 -13.241889 179.64049)
(12.192116 -13.242066 176.64647)
(14.178386 -11.089336 182.6345)
(15.796841 -8.6290109 182.63458)
(17.001157 -5.9127527 182.63474)
(17.746944 -3.0076508 182.63492)
(15.796385 -8.629845 185.62859)
(14.178132 -11.089661 185.62852)
(17.000813 -5.9137421 185.62876)
(17.746825 -3.0083528 185.62893)
(15.797752 -8.6273428 176.64655)
(15.797296 -8.6281769 179.64057)
(14.178893 -11.088688 176.64648)
(14.178639 -11.089012 179.64049)
(17.001846 -5.9107738 176.64672)
(17.001502 -5.9117632 179.64073)
(17.747182 -3.0062469 176.6469)
(17.747063 -3.0069489 179.64091)
(1.5166779 -17.935989 182.63503)
(4.4768708 -17.434381 182.63488)
(7.2927784 -16.456469 182.63468)
(9.8811188 -15.045381 182.63455)
(4.4777724 -17.434149 185.62889)
(1.5170354 -17.935958 185.62904)
(7.2938217 -16.456007 185.62869)
(9.8818439 -15.044905 185.62856)
(4.4750674 -17.434844 176.64686)
(4.4759691 -17.434612 179.64087)
(1.5159628 -17.936049 176.64701)
(1.5163203 -17.936019 179.64102)
(9.8796683 -15.046334 176.64652)
(7.2906918 -16.457394 176.64666)
(9.8803935 -15.045857 179.64054)
(7.2917351 -16.456932 179.64067)
(-1.4997645 -17.937411 128.7428)
(-1.5002096 -17.937374 131.73681)
(-1.5006547 -17.937336 134.73082)
(-1.5010997 -17.937299 137.72483)
(-1.5015448 -17.937262 140.71884)
(-1.5019899 -17.937225 143.71285)
(-1.502435 -17.937187 146.70687)
(-1.5028801 -17.93715 149.70088)
(-1.5033251 -17.937113 152.69489)
(-1.5037702 -17.937075 155.6889)
(-4.4614883 -17.438323 140.71867)
(-7.2820995 -16.461198 140.71849)
(-9.8825773 -15.044423 140.71838)
(-12.202079 -13.232886 140.71832)
(-14.196347 -11.066334 140.71832)
(-15.814373 -8.5968372 140.71841)
(-17.013218 -5.8779593 140.7186)
(-17.75071 -2.9853452 140.71878)
(-12.20199 -13.232968 137.72431)
(-12.2019 -13.23305 134.7303)
(-12.201811 -13.233133 131.73628)
(-12.201722 -13.233215 128.74227)
(-9.8813201 -15.045249 134.73035)
(-7.2800758 -16.462093 134.73047)
(-4.4596345 -17.438798 134.73065)
(-7.2810876 -16.461645 137.72448)
(-9.8819487 -15.044836 137.72437)
(-4.4605614 -17.43856 137.72466)
(-7.278052 -16.462988 128.74244)
(-7.2790639 -16.46254 131.73646)
(-9.8800629 -15.046074 128.74233)
(-9.8806915 -15.045662 131.73634)
(-4.4577806 -17.439272 128.74263)
(-4.4587076 -17.439035 131.73664)
(-17.750981 -2.9837331 134.73076)
(-17.014023 -5.8756298 134.73057)
(-15.815466 -8.5948256 134.73038)
(-14.197093 -11.065376 134.73029)
(-17.013621 -5.8767945 137.72458)
(-17.750846 -2.9845391 137.72477)
(-15.81492 -8.5958314 137.72439)
(-14.19672 -11.065855 137.72431)
(-17.014827 -5.8733001 128.74255)
(-17.014425 -5.874465 131.73656)
(-17.751252 -2.982121 128.74274)
(-17.751117 -2.9829271 131.73675)
(-14.197839 -11.064419 128.74227)
(-15.816559 -8.592814 128.74236)
(-14.197466 -11.064897 131.73628)
(-15.816013 -8.5938198 131.73637)
(-12.202524 -13.232475 155.68838)
(-12.202435 -13.232558 152.69437)
(-12.202346 -13.23264 149.70036)
(-12.202257 -13.232722 146.70634)
(-12.202168 -13.232804 143.71233)
(-9.8844629 -15.043184 149.70041)
(-7.2851348 -16.459854 149.70053)
(-4.464269 -17.437612 149.70071)
(-7.2861466 -16.459407 152.69454)
(-7.2871583 -16.458959 155.68855)
(-9.8850915 -15.042771 152.69443)
(-9.88572 -15.042358 155.68844)
(-4.4651959 -17.437374 152.69472)
(-4.4661228 -17.437137 155.68873)
(-7.2831113 -16.46075 143.7125)
(-7.2841231 -16.460302 146.70652)
(-9.8832059 -15.04401 143.71239)
(-9.8838344 -15.043597 146.7064)
(-4.4624152 -17.438086 143.71269)
(-4.4633421 -17.437849 146.7067)
(-17.750303 -2.9877633 149.70082)
(-17.012011 -5.8814534 149.70063)
(-15.812732 -8.5998543 149.70044)
(-14.195227 -11.06777 149.70035)
(-17.011608 -5.882618 152.69464)
(-17.011205 -5.8837827 155.68866)
(-17.750168 -2.9885693 152.69483)
(-17.750032 -2.9893753 155.68884)
(-14.194854 -11.068249 152.69437)
(-15.812185 -8.6008599 152.69445)
(-14.19448 -11.068728 155.68838)
(-15.811638 -8.6018655 155.68847)
(-17.012816 -5.879124 143.71261)
(-17.012413 -5.8802887 146.70662)
(-17.750575 -2.9861512 143.7128)
(-17.750439 -2.9869572 146.70681)
(-14.195973 -11.066813 143.71233)
(-15.813826 -8.5978429 143.71242)
(-14.1956 -11.067291 146.70634)
(-15.813279 -8.5988486 146.70643)
(17.748607 -2.9978234 140.71875)
(17.005969 -5.898899 140.71858)
(15.803215 -8.6173319 140.71841)
(14.181937 -11.084795 140.71834)
(12.18982 -13.244179 140.71833)
(9.8709636 -15.052046 140.71838)
(7.2781696 -16.462936 140.71851)
(4.4642467 -17.437617 140.71871)
(1.5116721 -17.936411 140.71887)
(12.189629 -13.244356 137.72432)
(12.189437 -13.244532 134.73031)
(12.189246 -13.244708 131.7363)
(12.189054 -13.244884 128.74228)
(14.182444 -11.084146 134.73031)
(15.804124 -8.6156631 134.73039)
(17.006656 -5.8969197 134.73055)
(17.748844 -2.9964194 134.73073)
(15.80367 -8.6164975 137.7244)
(14.18219 -11.08447 137.72433)
(17.006313 -5.8979094 137.72456)
(17.748726 -2.9971214 137.72474)
(15.805034 -8.6139942 128.74236)
(15.804579 -8.6148286 131.73637)
(14.182951 -11.083497 128.74229)
(14.182697 -11.083821 131.7363)
(17.007342 -5.8949402 128.74253)
(17.006999 -5.89593 131.73654)
(17.749081 -2.9950154 128.74271)
(17.748963 -2.9957174 131.73672)
(1.510957 -17.936471 134.73084)
(4.4624432 -17.438079 134.73069)
(7.2760822 -16.463858 134.73049)
(9.8695125 -15.052997 134.73036)
(4.4633449 -17.437848 137.7247)
(1.5113145 -17.936441 137.72485)
(7.2771259 -16.463397 137.7245)
(9.8702381 -15.052521 137.72437)
(4.4606396 -17.43854 128.74267)
(4.4615414 -17.43831 131.73668)
(1.5102419 -17.936532 128.74282)
(1.5105994 -17.936502 131.73683)
(9.8680613 -15.053949 128.74233)
(7.2739946 -16.464781 128.74246)
(9.8687869 -15.053473 131.73635)
(7.2750384 -16.464319 131.73648)
(12.190777 -13.243299 155.68839)
(12.190585 -13.243475 152.69438)
(12.190394 -13.243651 149.70037)
(12.190203 -13.243827 146.70635)
(12.190011 -13.244003 143.71234)
(14.181176 -11.085768 149.70037)
(15.801849 -8.6198349 149.70045)
(17.004939 -5.9018679 149.70061)
(17.748251 -2.9999293 149.70079)
(15.801394 -8.6206692 152.69446)
(15.800939 -8.6215035 155.68847)
(14.180922 -11.086092 152.69439)
(14.180669 -11.086417 155.6884)
(17.004596 -5.9028576 152.69462)
(17.004252 -5.9038471 155.68864)
(17.748133 -3.0006313 152.6948)
(17.748014 -3.0013332 155.68881)
(15.80276 -8.6181663 143.71242)
(15.802305 -8.6190006 146.70643)
(14.181683 -11.085119 143.71235)
(14.181429 -11.085444 146.70636)
(17.005626 -5.8998887 143.71259)
(17.005283 -5.9008783 146.7066)
(17.748489 -2.9985254 143.71277)
(17.74837 -2.9992273 146.70678)
(1.5127448 -17.936321 149.7009)
(4.466952 -17.436925 149.70075)
(7.2813005 -16.461551 149.70055)
(9.8731401 -15.050618 149.70042)
(4.4678538 -17.436694 152.69476)
(4.4687555 -17.436463 155.68877)
(1.5131023 -17.936291 152.69491)
(1.5134599 -17.93626 155.68892)
(9.8738656 -15.050142 152.69443)
(7.2823441 -16.461089 152.69456)
(9.874591 -15.049666 155.68844)
(7.2833876 -16.460628 155.68857)
(4.4651485 -17.437387 143.71273)
(4.4660503 -17.437156 146.70674)
(1.5120297 -17.936381 143.71288)
(1.5123872 -17.936351 146.70689)
(9.8716891 -15.05157 143.71239)
(7.2792133 -16.462474 143.71252)
(9.8724146 -15.051094 146.70641)
(7.2802569 -16.462013 146.70654)
(-17.754222 -2.9643869 62.874475)
(-17.023654 -5.8476676 62.874284)
(-15.828566 -8.5706761 62.874095)
(-14.206045 -11.053881 62.874009)
(-12.199762 -13.235022 62.87401)
(-9.8662283 -15.05515 62.874068)
(-7.2557829 -16.472814 62.87418)
(-4.4373854 -17.444472 62.874362)
(-1.4899723 -17.938227 62.874534)
(1.5023752 -17.937192 62.874556)
(4.4407977 -17.443604 62.874403)
(7.2510242 -16.47491 62.8742)
(9.8520919 -15.064405 62.874071)
(12.184843 -13.248759 62.874021)
(14.188528 -11.076357 62.874028)
(15.815029 -8.5956297 62.8741)
(17.014875 -5.8731617 62.874265)
(17.75168 -2.9795708 62.874443)
(-17.752739 -2.9732542 95.808606)
(-17.019245 -5.8604854 95.808416)
(-15.822567 -8.5817471 95.808226)
(-14.201943 -11.059151 95.80814)
(-12.200742 -13.234118 95.808141)
(-9.8731467 -15.050614 95.808199)
(-7.266919 -16.467905 95.808312)
(-4.4475836 -17.441875 95.808494)
(-1.4948685 -17.937819 95.808665)
(1.5063086 -17.936862 95.808687)
(4.4507192 -17.441075 95.808534)
(7.2625111 -16.469849 95.808332)
(9.860078 -15.059179 95.808202)
(12.186949 -13.246821 95.808152)
(14.18574 -11.079927 95.808159)
(15.810034 -8.6048134 95.808232)
(17.011112 -5.8840521 95.808397)
(17.750383 -2.9872933 95.808574)
(-1.4953136 -17.937782 98.802677)
(-1.4957587 -17.937745 101.79669)
(-1.4962038 -17.937708 104.7907)
(-1.4966488 -17.937671 107.78471)
(-1.4970939 -17.937634 110.77872)
(-1.497539 -17.937597 113.77274)
(-1.4979841 -17.93756 116.76675)
(-1.4984292 -17.937522 119.76076)
(-1.4988743 -17.937485 122.75477)
(-4.4522187 -17.440692 110.77855)
(-7.2719799 -16.465671 110.77837)
(-9.8762907 -15.048551 110.77826)
(-12.201188 -13.233708 110.7782)
(-14.200078 -11.061545 110.7782)
(-15.819837 -8.586778 110.77829)
(-17.017238 -5.8663106 110.77848)
(-17.752064 -2.9772847 110.77867)
(-12.201099 -13.23379 107.78419)
(-12.20101 -13.233872 104.79018)
(-12.20092 -13.233954 101.79616)
(-12.200831 -13.234036 98.802153)
(-9.8750331 -15.049376 104.79023)
(-7.2699556 -16.466564 104.79035)
(-4.4503647 -17.441166 104.79053)
(-7.2709678 -16.466118 107.78436)
(-9.8756619 -15.048963 107.78425)
(-4.4512917 -17.440929 107.78454)
(-7.2679313 -16.467458 98.802324)
(-7.2689435 -16.467011 101.79634)
(-9.8737755 -15.050201 98.802211)
(-9.8744043 -15.049789 101.79622)
(-4.4485106 -17.441638 98.802506)
(-4.4494377 -17.441402 101.79652)
(-17.752334 -2.9756725 104.79064)
(-17.018041 -5.8639806 104.79045)
(-15.820929 -8.5847658 104.79026)
(-14.200824 -11.060588 104.79018)
(-17.01764 -5.8651456 107.78446)
(-17.752199 -2.9764786 107.78465)
(-15.820383 -8.5857719 107.78427)
(-14.200451 -11.061066 107.78419)
(-17.018844 -5.8616505 98.802428)
(-17.018443 -5.8628156 101.79644)
(-17.752604 -2.9740603 98.802618)
(-17.752469 -2.9748664 101.79663)
(-14.20157 -11.05963 98.802152)
(-15.822021 -8.5827534 98.802238)
(-14.201197 -11.060109 101.79616)
(-15.821475 -8.5837596 101.79625)
(-12.201544 -13.233379 122.75425)
(-12.201455 -13.233461 119.76024)
(-12.201366 -13.233543 116.76622)
(-12.201277 -13.233626 113.77221)
(-9.8781769 -15.047313 119.76029)
(-7.275016 -16.464329 119.76041)
(-4.4549997 -17.439982 119.76059)
(-7.276028 -16.463882 122.75442)
(-9.8788055 -15.0469 122.75431)
(-4.4559267 -17.439745 122.7546)
(-7.2729919 -16.465224 113.77238)
(-7.274004 -16.464777 116.7664)
(-9.8769194 -15.048138 113.77227)
(-9.8775482 -15.047725 116.76628)
(-4.4531457 -17.440456 113.77257)
(-4.4540727 -17.440219 116.76658)
(-17.751658 -2.9797029 119.7607)
(-17.016033 -5.8698055 119.76051)
(-15.818198 -8.5897962 119.76032)
(-14.198959 -11.062982 119.76024)
(-17.015631 -5.8709704 122.75452)
(-17.751523 -2.9805089 122.75471)
(-15.817652 -8.5908021 122.75433)
(-14.198586 -11.063461 122.75425)
(-17.016837 -5.8674756 113.77249)
(-17.016435 -5.8686406 116.7665)
(-17.751929 -2.9780907 113.77268)
(-17.751794 -2.9788968 116.76669)
(-14.199705 -11.062024 113.77221)
(-15.819291 -8.5877841 113.7723)
(-14.199332 -11.062503 116.76622)
(-15.818745 -8.5887902 116.76631)
(17.749791 -2.9908034 110.77863)
(17.009399 -5.8890015 110.77846)
(15.807762 -8.6089868 110.77829)
(14.184472 -11.08155 110.77822)
(12.187906 -13.245941 110.77821)
(9.8637072 -15.056802 110.77826)
(7.2677313 -16.467546 110.77839)
(4.4552286 -17.439924 110.77859)
(1.5080965 -17.936712 110.77875)
(12.187715 -13.246117 107.7842)
(12.187523 -13.246293 104.79019)
(12.187332 -13.246469 101.79618)
(12.18714 -13.246645 98.802164)
(14.184979 -11.080901 104.7902)
(15.808671 -8.6073175 104.79027)
(17.010085 -5.8870218 104.79043)
(17.750028 -2.9893994 104.79061)
(15.808217 -8.6081522 107.78428)
(14.184726 -11.081225 107.78421)
(17.009742 -5.8880116 107.78444)
(17.74991 -2.9901014 107.78462)
(15.80958 -8.6056481 98.802243)
(15.809126 -8.6064828 101.79626)
(14.185486 -11.080252 98.802171)
(14.185233 -11.080576 101.79618)
(17.01077 -5.885042 98.802409)
(17.010427 -5.8860319 101.79642)
(17.750264 -2.9879953 98.802586)
(17.750146 -2.9886974 101.7966)
(1.5073813 -17.936772 104.79072)
(4.4534248 -17.440384 104.79057)
(7.2656433 -16.468468 104.79037)
(9.8622556 -15.057753 104.79024)
(4.4543267 -17.440154 107.78458)
(1.5077389 -17.936742 107.78473)
(7.2666873 -16.468007 107.78438)
(9.8629814 -15.057277 107.78425)
(4.4516211 -17.440845 98.802546)
(4.4525229 -17.440615 101.79656)
(1.5066662 -17.936832 98.802699)
(1.5070237 -17.936802 101.79671)
(9.8608039 -15.058703 98.802214)
(7.2635552 -16.469389 98.802344)
(9.8615298 -15.058228 101.79623)
(7.2645993 -16.468928 101.79636)
(12.188672 -13.245236 122.75426)
(12.18848 -13.245412 119.76025)
(12.188289 -13.245589 116.76624)
(12.188097 -13.245765 113.77222)
(14.183712 -11.082523 119.76025)
(15.806398 -8.6114906 119.76033)
(17.008371 -5.8919709 119.76049)
(17.749436 -2.9929094 119.76067)
(15.805944 -8.6123251 122.75434)
(14.183458 -11.082848 122.75427)
(17.008028 -5.8929607 122.7545)
(17.749318 -2.9936114 122.75468)
(15.807308 -8.6098214 113.7723)
(15.806853 -8.610656 116.76632)
(14.184219 -11.081874 113.77223)
(14.183965 -11.082199 116.76624)
(17.009056 -5.8899913 113.77247)
(17.008714 -5.8909811 116.76648)
(17.749673 -2.9915054 113.77265)
(17.749555 -2.9922074 116.76666)
(1.5091692 -17.936622 119.76078)
(4.4579341 -17.439232 119.76063)
(7.2708631 -16.466164 119.76043)
(9.8658843 -15.055375 119.7603)
(4.4588359 -17.439002 122.75464)
(1.5095267 -17.936592 122.75479)
(7.271907 -16.465703 122.75444)
(9.86661 -15.0549 122.75431)
(4.4561304 -17.439693 113.77261)
(4.4570323 -17.439463 116.76662)
(1.508454 -17.936682 113.77276)
(1.5088116 -17.936652 116.76677)
(9.8644329 -15.056326 113.77227)
(7.2687753 -16.467086 113.7724)
(9.8651586 -15.055851 116.76629)
(7.2698192 -16.466625 116.76642)
(-1.4904174 -17.93819 65.868546)
(-1.4908625 -17.938153 68.862558)
(-1.4913076 -17.938116 71.85657)
(-1.4917527 -17.938079 74.850581)
(-1.4921979 -17.938042 77.844593)
(-1.492643 -17.938005 80.838605)
(-1.4930881 -17.937968 83.832617)
(-1.4935332 -17.937931 86.826629)
(-1.4939783 -17.937894 89.820641)
(-1.4944234 -17.937857 92.814653)
(-4.4420211 -17.443292 77.844422)
(-7.2608452 -16.470584 77.84424)
(-9.8693733 -15.053088 77.844127)
(-12.200208 -13.234611 77.844069)
(-14.204181 -11.056277 77.844069)
(-15.82584 -8.5757089 77.844154)
(-17.021651 -5.8534942 77.844344)
(-17.753549 -2.9684176 77.844535)
(-12.200118 -13.234693 74.850057)
(-12.200029 -13.234776 71.856045)
(-12.19994 -13.234858 68.862033)
(-12.199851 -13.23494 65.868022)
(-9.8681154 -15.053913 71.856104)
(-7.2588203 -16.471476 71.856216)
(-4.4401669 -17.443764 71.856398)
(-7.2598328 -16.47103 74.850228)
(-9.8687444 -15.053501 74.850115)
(-4.441094 -17.443528 74.85041)
(-7.2567954 -16.472368 65.868192)
(-7.2578079 -16.471922 68.862204)
(-9.8668574 -15.054738 65.86808)
(-9.8674864 -15.054325 68.862092)
(-4.4383126 -17.444236 65.868374)
(-4.4392397 -17.444 68.862386)
(-17.753818 -2.9668053 71.856511)
(-17.022452 -5.8511637 71.85632)
(-15.826931 -8.5736959 71.85613)
(-14.204926 -11.055318 71.856045)
(-17.022052 -5.852329 74.850332)
(-17.753684 -2.9676114 74.850523)
(-15.826386 -8.5747024 74.850142)
(-14.204554 -11.055798 74.850057)
(-17.023253 -5.848833 65.868296)
(-17.022853 -5.8499983 68.862308)
(-17.754088 -2.965193 65.868487)
(-17.753953 -2.9659992 68.862499)
(-14.205672 -11.05436 65.868021)
(-15.828021 -8.5716827 65.868107)
(-14.205299 -11.054839 68.862033)
(-15.827476 -8.5726893 68.862118)
(-12.200653 -13.234201 92.814129)
(-12.200564 -13.234283 89.820117)
(-12.200475 -13.234365 86.826105)
(-12.200386 -13.234447 83.832093)
(-12.200297 -13.234529 80.838081)
(-9.8712601 -15.051851 86.826163)
(-7.2638822 -16.469245 86.826276)
(-4.4448024 -17.442584 86.826458)
(-7.2648945 -16.468798 89.820288)
(-7.2659068 -16.468351 92.8143)
(-9.871889 -15.051439 89.820175)
(-9.8725178 -15.051026 92.814187)
(-4.4457295 -17.442348 89.82047)
(-4.4466565 -17.442111 92.814482)
(-7.2618576 -16.470137 80.838252)
(-7.2628699 -16.469691 83.832264)
(-9.8700023 -15.052676 80.838139)
(-9.8706312 -15.052264 83.832151)
(-4.4429482 -17.443056 80.838434)
(-4.4438753 -17.44282 83.832446)
(-17.753144 -2.9708359 86.82657)
(-17.020449 -5.8569899 86.82638)
(-15.824204 -8.5787282 86.82619)
(-14.203062 -11.057714 86.826104)
(-17.020048 -5.8581551 89.820392)
(-17.019646 -5.8593203 92.814404)
(-17.753009 -2.971642 89.820582)
(-17.752874 -2.9724481 92.814594)
(-14.202689 -11.058193 89.820116)
(-15.823658 -8.5797345 89.820202)
(-14.202316 -11.058672 92.814128)
(-15.823112 -8.5807409 92.814214)
(-17.02125 -5.8546595 80.838356)
(-17.020849 -5.8558247 83.832368)
(-17.753414 -2.9692237 80.838546)
(-17.753279 -2.9700298 83.832558)
(-14.203808 -11.056756 80.83808)
(-15.825295 -8.5767154 80.838166)
(-14.203435 -11.057235 83.832092)
(-15.824749 -8.5777218 83.832178)
(17.751091 -2.9830811 77.844503)
(17.013165 -5.8781122 77.844325)
(15.81276 -8.5998045 77.84416)
(14.187261 -11.07798 77.844088)
(12.1858 -13.247878 77.844081)
(9.8557223 -15.06203 77.844131)
(7.2562459 -16.47261 77.84426)
(4.4453076 -17.442455 77.844462)
(1.5041631 -17.937042 77.844616)
(12.185609 -13.248054 74.850069)
(12.185417 -13.24823 71.856057)
(12.185226 -13.248406 68.862045)
(12.185034 -13.248582 65.868033)
(14.187767 -11.077331 71.856064)
(15.813668 -8.5981346 71.856136)
(17.013849 -5.876132 71.856301)
(17.751327 -2.981677 71.856479)
(15.813214 -8.5989696 74.850148)
(14.187514 -11.077655 74.850076)
(17.013507 -5.8771221 74.850313)
(17.751209 -2.982379 74.850491)
(15.814575 -8.5964647 65.868112)
(15.814121 -8.5972997 68.862124)
(14.188274 -11.076681 65.86804)
(14.188021 -11.077006 68.862052)
(17.751563 -2.9802729 65.868455)
(17.014533 -5.8741519 65.868277)
(17.751445 -2.9809749 68.862467)
(17.014191 -5.875142 68.862289)
(1.503448 -17.937102 71.856592)
(4.4435037 -17.442915 71.856438)
(7.2541573 -16.47353 71.856236)
(9.8542703 -15.06298 71.856107)
(4.4444056 -17.442685 74.85045)
(1.5038056 -17.937072 74.850604)
(7.2552017 -16.47307 74.850248)
(9.8549963 -15.062505 74.850119)
(4.4416997 -17.443374 65.868415)
(4.4426017 -17.443145 68.862426)
(1.5027328 -17.937162 65.868568)
(1.5030904 -17.937132 68.86258)
(9.8528181 -15.06393 65.868083)
(7.2520686 -16.47445 65.868212)
(9.8535442 -15.063455 68.862095)
(7.253113 -16.47399 68.862224)
(12.186757 -13.246998 92.81414)
(12.186566 -13.247174 89.820128)
(12.186375 -13.24735 86.826116)
(12.186183 -13.247526 83.832104)
(12.185992 -13.247702 80.838092)
(14.1865 -11.078954 86.826124)
(15.811397 -8.602309 86.826196)
(17.012139 -5.8810822 86.826361)
(17.750737 -2.9851872 86.826539)
(15.810943 -8.6031439 89.820208)
(15.810489 -8.6039786 92.81422)
(14.186247 -11.079278 89.820136)
(14.185993 -11.079603 92.814147)
(17.750619 -2.9858892 89.82055)
(17.011797 -5.8820722 89.820373)
(17.750501 -2.9865913 92.814562)
(17.011454 -5.8830621 92.814385)
(15.812305 -8.6006394 80.838172)
(15.811851 -8.6014742 83.832184)
(14.187007 -11.078304 80.8381)
(14.186754 -11.078629 83.832112)
(17.750973 -2.9837831 80.838515)
(17.012823 -5.8791022 80.838337)
(17.750855 -2.9844852 83.832527)
(17.012481 -5.8800922 83.832349)
(1.5052359 -17.936953 86.826651)
(4.4480134 -17.441765 86.826498)
(7.2593787 -16.47123 86.826296)
(9.8579003 -15.060604 86.826167)
(4.4489153 -17.441535 89.82051)
(4.4498173 -17.441305 92.814522)
(1.5055935 -17.936922 89.820663)
(1.505951 -17.936892 92.814675)
(9.8586262 -15.060129 89.820178)
(7.2604228 -16.47077 89.820308)
(9.8593522 -15.059654 92.81419)
(7.261467 -16.47031 92.81432)
(4.4462095 -17.442225 80.838474)
(4.4471115 -17.441995 83.832486)
(1.5045207 -17.937013 80.838628)
(1.5048783 -17.936982 83.832639)
(9.8564484 -15.061555 80.838143)
(7.2572902 -16.47215 80.838272)
(9.8571743 -15.061079 83.832155)
(7.2583345 -16.47169 83.832284)
(-17.755569 -2.9563121 32.934363)
(-17.027661 -5.8359879 32.934172)
(-15.834032 -8.5605737 32.933983)
(-14.209804 -11.049049 32.933897)
(-12.198918 -13.2358 32.933898)
(-9.8600018 -15.059229 32.933956)
(-7.245739 -16.477235 32.934068)
(-4.4282081 -17.446804 32.934248)
(-1.4856242 -17.938587 32.934415)
(1.4987008 -17.9375 32.934433)
(4.4316874 -17.445921 32.934276)
(7.2405042 -16.479536 32.934073)
(9.8447713 -15.06919 32.933945)
(12.182886 -13.250558 32.933895)
(14.191033 -11.073147 32.933902)
(15.819549 -8.5873089 32.933974)
(17.018282 -5.8632815 32.934138)
(17.752855 -2.9725617 32.934317)
(-1.4859751 -17.938558 35.928427)
(-1.4864114 -17.938522 38.922439)
(-1.4868565 -17.938485 41.916451)
(-1.4873016 -17.938448 44.910463)
(-1.4877467 -17.938412 47.904474)
(-1.4881919 -17.938375 50.898486)
(-1.488637 -17.938338 53.892498)
(-1.4890821 -17.938301 56.88651)
(-1.4895272 -17.938264 59.880522)
(-4.4327495 -17.445651 47.904302)
(-7.2507199 -16.475044 47.90412)
(-9.8630829 -15.057211 47.904008)
(-12.199316 -13.235433 47.90395)
(-14.207909 -11.051485 47.903949)
(-15.831291 -8.5656423 47.904035)
(-17.025654 -5.8418403 47.904225)
(-17.754895 -2.9603561 47.904415)
(-12.199227 -13.235515 44.909938)
(-12.199138 -13.235597 41.915926)
(-12.199049 -13.235679 38.921914)
(-12.198964 -13.235757 35.927905)
(-9.8618246 -15.058035 41.915984)
(-7.2486945 -16.475935 41.916096)
(-4.4308951 -17.446122 41.916278)
(-7.2497072 -16.475489 44.910108)
(-9.8624538 -15.057623 44.909996)
(-4.4318223 -17.445886 44.91029)
(-7.2466764 -16.476823 35.928075)
(-7.2476818 -16.47638 38.922084)
(-9.860572 -15.058855 35.927963)
(-9.8611954 -15.058447 38.921972)
(-4.4290488 -17.446591 35.928256)
(-4.4299678 -17.446357 38.922266)
(-17.755164 -2.9587437 41.916391)
(-17.026454 -5.8395091 41.916201)
(-15.83238 -8.5636286 41.916011)
(-14.208654 -11.050527 41.915926)
(-17.026054 -5.8406747 44.910213)
(-17.755029 -2.9595499 44.910403)
(-15.831836 -8.5646355 44.910023)
(-14.208281 -11.051006 44.909938)
(-17.027254 -5.8371758 35.928179)
(-17.026854 -5.8383436 38.922189)
(-17.755432 -2.9571301 35.92837)
(-17.755298 -2.9579375 38.92238)
(-14.209402 -11.049565 35.927904)
(-15.833471 -8.5616117 35.927989)
(-14.209027 -11.050048 38.921914)
(-15.832925 -8.5626217 38.921999)
(-12.199673 -13.235104 59.879998)
(-12.199584 -13.235186 56.885986)
(-12.199495 -13.235268 53.891974)
(-12.199406 -13.235351 50.897962)
(-9.8649702 -15.055974 56.886044)
(-7.2537578 -16.473706 56.886156)
(-4.4355311 -17.444944 56.886338)
(-7.2547703 -16.47326 59.880168)
(-9.8655993 -15.055562 59.880056)
(-4.4364583 -17.444708 59.88035)
(-7.2517326 -16.474598 50.898132)
(-7.2527452 -16.474152 53.892144)
(-9.863712 -15.056799 50.89802)
(-9.8643411 -15.056386 53.892032)
(-4.4336767 -17.445415 50.898314)
(-4.4346039 -17.44518 53.892326)
(-17.754491 -2.9627746 56.886451)
(-17.024454 -5.8453367 56.886261)
(-15.829656 -8.5686627 56.886071)
(-14.20679 -11.052923 56.885985)
(-17.024054 -5.8465022 59.880272)
(-17.754357 -2.9635807 59.880463)
(-15.829111 -8.5696694 59.880083)
(-14.206418 -11.053402 59.879997)
(-17.025254 -5.8430058 50.898237)
(-17.024854 -5.8441713 53.892249)
(-17.75476 -2.9611623 50.898427)
(-17.754626 -2.9619684 53.892439)
(-14.207536 -11.051965 50.897961)
(-15.830746 -8.5666492 50.898047)
(-14.207163 -11.052444 53.891973)
(-15.830201 -8.5676559 53.892059)
(17.752269 -2.9760604 47.904383)
(17.016583 -5.8682109 47.904205)
(15.817298 -8.5914543 47.90404)
(14.189795 -11.074734 47.903969)
(12.183886 -13.249639 47.903961)
(9.848461 -15.066779 47.904011)
(7.2458017 -16.477207 47.90414)
(4.4362876 -17.444751 47.904343)
(1.5005873 -17.937342 47.904497)
(12.183694 -13.249815 44.909949)
(12.183503 -13.249991 41.915938)
(12.183311 -13.250167 38.921926)
(12.183116 -13.250347 35.927912)
(14.190301 -11.074084 41.915945)
(15.818205 -8.589784 41.916016)
(17.017266 -5.8662304 41.916181)
(17.752505 -2.9746563 41.916359)
(15.817751 -8.5906192 44.910028)
(14.190048 -11.074409 44.909957)
(17.016925 -5.8672206 44.910193)
(17.752387 -2.9753583 44.910371)
(15.819111 -8.5881163 35.92799)
(15.818659 -8.5889488 38.922004)
(14.190806 -11.073438 35.927919)
(14.190555 -11.07376 38.921933)
(17.75274 -2.9732532 35.928334)
(17.017948 -5.8642517 35.928155)
(17.752622 -2.9739542 38.922347)
(17.017607 -5.8652401 38.922169)
(1.4998721 -17.937402 41.916473)
(4.4344835 -17.44521 41.916319)
(7.2437125 -16.478126 41.916116)
(9.8470084 -15.067728 41.915987)
(4.4353855 -17.444981 44.910331)
(1.5002297 -17.937372 44.910485)
(7.2447571 -16.477667 44.910128)
(9.8477347 -15.067253 44.909999)
(4.4326714 -17.445671 35.928293)
(4.4335814 -17.445439 38.922307)
(1.4991484 -17.937462 35.928448)
(1.4995145 -17.937432 38.922461)
(9.8455506 -15.068681 35.927961)
(7.2416166 -16.479047 35.92809)
(9.8462821 -15.068203 38.921975)
(7.2426678 -16.478585 38.922104)
(12.184651 -13.248935 59.880009)
(12.18446 -13.249111 56.885997)
(12.184269 -13.249287 53.891985)
(12.184077 -13.249463 50.897973)
(14.189035 -11.075708 56.886004)
(15.815937 -8.5939596 56.886076)
(17.015558 -5.8711814 56.886241)
(17.751916 -2.9781667 56.886419)
(15.815483 -8.5947947 59.880088)
(14.188781 -11.076032 59.880016)
(17.015217 -5.8721716 59.880253)
(17.751798 -2.9788687 59.880431)
(15.816844 -8.5922895 50.898052)
(15.816391 -8.5931246 53.892064)
(14.189541 -11.075058 50.897981)
(14.189288 -11.075383 53.891992)
(17.752152 -2.9767625 50.898395)
(17.016242 -5.8692011 50.898217)
(17.752034 -2.9774646 53.892407)
(17.0159 -5.8701913 53.892229)
(1.5016601 -17.937252 56.886533)
(4.4389937 -17.444063 56.886379)
(7.2489353 -16.475829 56.886176)
(9.8506396 -15.065354 56.886047)
(4.4398957 -17.443833 59.880391)
(1.5020177 -17.937222 59.880544)
(7.2499797 -16.475369 59.880188)
(9.8513658 -15.064879 59.880059)
(4.4371896 -17.444522 50.898355)
(4.4380917 -17.444293 53.892367)
(1.5009449 -17.937312 50.898509)
(1.5013025 -17.937282 53.892521)
(9.8491872 -15.066304 50.898023)
(7.2468462 -16.476748 50.898152)
(9.8499134 -15.065829 53.892035)
(7.2478908 -16.476288 53.892164)
(-1.483842 -17.938735 2.994692)
(-1.4837294 -17.938744 5.9887306)
(-1.4851235 -17.938629 8.9823771)
(-1.4854383 -17.938603 11.976303)
(-1.4853536 -17.93861 14.970302)
(-1.4853342 -17.938612 17.964343)
(-1.4853662 -17.938609 20.958368)
(-1.4854051 -17.938606 23.95238)
(-1.4854439 -17.938602 26.946392)
(-1.4854914 -17.938598 29.940403)
(-4.4249503 -17.447631 14.970114)
(-7.2417676 -16.478981 14.969926)
(-9.8579718 -15.060558 14.969835)
(-12.199749 -13.235034 14.969826)
(-14.212979 -11.044963 14.969874)
(-15.837864 -8.5534821 14.969982)
(-17.030314 -5.8282408 14.970172)
(-17.756439 -2.95108 14.970357)
(-12.200725 -13.234135 11.975755)
(-12.201656 -13.233276 8.9816167)
(-12.201657 -13.233275 5.987316)
(-12.199178 -13.235561 2.993323)
(-9.8586959 -15.060083 8.9815127)
(-7.2413698 -16.479155 8.9818228)
(-4.4242357 -17.447812 8.982249)
(-7.2417651 -16.478982 11.975859)
(-9.8584401 -15.060251 11.9757)
(-4.4248031 -17.447668 11.976135)
(-7.2355706 -16.481703 2.9948668)
(-7.2394378 -16.480004 5.9882969)
(-9.8539687 -15.063177 2.9927973)
(-9.8575841 -15.060811 5.9871765)
(-4.4197585 -17.448947 2.9957506)
(-4.4222674 -17.448311 5.9891092)
(-17.756814 -2.9488251 8.9822792)
(-17.031549 -5.8246335 8.9821836)
(-15.840011 -8.5495056 8.9820902)
(-14.215314 -11.041958 8.9819173)
(-17.030947 -5.8263926 11.976196)
(-17.756631 -2.9499223 11.976354)
(-15.838929 -8.5515103 11.976037)
(-14.214151 -11.043455 11.975902)
(-17.029914 -5.829411 2.9942751)
(-17.031798 -5.8239044 5.988249)
(-17.756306 -2.9518821 2.9927607)
(-17.756866 -2.9485085 5.9875484)
(-14.213842 -11.043853 2.9950457)
(-15.838619 -8.5520848 2.9949024)
(-14.21569 -11.041475 5.9883775)
(-15.840562 -8.5484849 5.9887644)
(-12.198971 -13.235751 29.939892)
(-12.199063 -13.235666 26.945882)
(-12.199159 -13.235577 23.95187)
(-12.199256 -13.235489 20.957858)
(-12.199377 -13.235377 17.963844)
(-9.8588098 -15.060009 23.951928)
(-7.2435899 -16.47818 23.95204)
(-4.4264532 -17.447249 23.952217)
(-7.2442787 -16.477877 26.946052)
(-7.2449748 -16.477571 29.940062)
(-9.8591855 -15.059763 26.94594)
(-9.859567 -15.059513 29.93995)
(-4.4270066 -17.447109 26.946229)
(-4.4275682 -17.446966 29.940239)
(-7.2422339 -16.478776 17.963993)
(-7.2429011 -16.478482 20.958028)
(-9.8580828 -15.060485 17.963886)
(-9.8584342 -15.060255 20.957916)
(-4.4253611 -17.447526 17.964172)
(-4.4258998 -17.44739 20.958205)
(-17.755994 -2.9537567 23.952334)
(-17.028949 -5.8322282 23.952144)
(-15.835863 -8.5571865 23.951954)
(-14.211262 -11.047174 23.951869)
(-17.028517 -5.8334896 26.946156)
(-17.028086 -5.8347488 29.940166)
(-17.755852 -2.9546129 26.946346)
(-17.755709 -2.9554678 29.940356)
(-14.210765 -11.047812 26.945881)
(-15.835247 -8.558327 26.945966)
(-14.210271 -11.048447 29.939891)
(-15.834632 -8.5594644 29.939976)
(-17.029819 -5.8296872 17.964139)
(-17.029381 -5.8309667 20.958132)
(-17.75628 -2.9520338 17.964327)
(-17.756136 -2.9529005 20.958322)
(-14.212274 -11.045871 17.963859)
(-15.837109 -8.5548803 17.963949)
(-14.211758 -11.046535 20.957857)
(-15.836479 -8.5560459 20.957942)
(17.753518 -2.9685991 14.970244)
(17.020163 -5.8578185 14.970064)
(15.821907 -8.5829638 14.9699)
(14.19193 -11.071998 14.969827)
(12.180801 -13.252475 14.969816)
(9.8391285 -15.072875 14.969863)
(7.2325874 -16.483012 14.96999)
(4.4242689 -17.447803 14.970193)
(1.4943018 -17.937867 14.970341)
(12.180534 -13.25272 11.975802)
(12.180424 -13.252822 8.9817837)
(12.180867 -13.252414 5.9872724)
(12.183593 -13.249908 2.9931508)
(14.192492 -11.071276 8.9817398)
(15.822893 -8.5811448 8.9818571)
(17.020897 -5.855687 8.9821041)
(17.753775 -2.9670675 8.9823122)
(15.82234 -8.5821648 11.975884)
(14.19214 -11.071728 11.975794)
(17.020496 -5.8568507 11.976075)
(17.753635 -2.9679018 11.97626)
(15.825983 -8.5754458 2.9946981)
(15.823779 -8.5795121 5.9884528)
(14.196665 -11.065926 2.9935006)
(14.193344 -11.070184 5.987564)
(17.754195 -2.9645526 2.9943819)
(17.022453 -5.851162 2.9955928)
(17.753977 -2.9658552 5.9884859)
(17.021541 -5.8538143 5.9888985)
(1.4931425 -17.937963 8.9822598)
(4.4222128 -17.448325 8.9821325)
(7.2303433 -16.483996 8.9820379)
(9.8376508 -15.073839 8.9819196)
(4.4230887 -17.448103 11.976168)
(1.4935503 -17.937929 11.976297)
(7.2313405 -16.483559 11.976)
(9.8382745 -15.073432 11.975876)
(4.4211492 -17.448594 2.9934217)
(4.4219974 -17.448379 5.9876719)
(1.4918429 -17.938071 2.9935594)
(1.4934147 -17.937941 5.9878862)
(9.8395225 -15.072617 2.993486)
(7.2301159 -16.484096 2.9937187)
(9.8377725 -15.07376 5.9877117)
(7.2299346 -16.484176 5.9879252)
(12.182566 -13.250852 29.939878)
(12.182212 -13.251178 26.945864)
(12.181853 -13.251508 23.951852)
(12.181495 -13.251837 20.95784)
(12.181138 -13.252165 17.963828)
(14.191487 -11.072565 23.95186)
(15.82073 -8.5851319 23.951931)
(17.019224 -5.8605468 23.952095)
(17.753187 -2.9705787 23.952275)
(15.820342 -8.5858474 26.945943)
(15.819952 -8.5865656 29.939957)
(14.191345 -11.072747 26.945872)
(14.191201 -11.072932 29.939886)
(17.753077 -2.9712358 26.946287)
(17.018913 -5.861451 26.946107)
(17.752967 -2.971894 29.940301)
(17.018601 -5.8623572 29.940121)
(15.821508 -8.5836991 17.963909)
(15.821119 -8.5844164 20.957919)
(14.191772 -11.0722 17.963837)
(14.191629 -11.072384 20.957848)
(17.753407 -2.9692638 17.964252)
(17.019847 -5.858737 17.964073)
(17.753297 -2.9699217 20.958263)
(17.019536 -5.8596426 20.958083)
(1.4965606 -17.937678 23.952392)
(4.4280151 -17.446853 23.952233)
(7.236572 -16.481263 23.95203)
(9.8419674 -15.071021 23.951902)
(4.4292691 -17.446535 26.946245)
(4.4305152 -17.446218 29.940259)
(1.4973067 -17.937616 26.946404)
(1.4980445 -17.937555 29.940418)
(9.8429215 -15.070398 26.945914)
(7.2379075 -16.480676 26.946042)
(9.8438704 -15.069778 29.939928)
(7.2392365 -16.480093 29.940056)
(4.4255084 -17.447489 17.964208)
(4.426761 -17.447171 20.958221)
(1.4950658 -17.937803 17.964364)
(1.4958145 -17.937741 20.95838)
(9.8400608 -15.072266 17.963877)
(7.2339026 -16.482435 17.964005)
(9.8410132 -15.071644 20.95789)
(7.2352363 -16.481849 20.958019)
(20 -6.4324906e-15 500)
(19.792156 -2.8758552 500)
(19.131197 -5.8307212 500)
(18.033875 -8.6475047 500)
(16.547992 -11.232273 500)
(14.665348 -13.598808 500)
(12.4442 -15.657007 500)
(9.9611378 -17.342887 500)
(7.284383 -18.626265 500)
(4.343324 -19.522693 500)
(1.4310132 -19.948739 500)
(-1.4259311 -19.949103 500)
(-4.3546362 -19.520173 500)
(-7.3030671 -18.618948 500)
(-9.9621399 -17.342312 500)
(-12.450677 -15.651857 500)
(-14.672296 -13.591311 500)
(-16.548384 -11.231695 500)
(-18.03017 -8.6552281 500)
(-19.136443 -5.8134808 500)
(-19.790526 -2.8870561 500)
(-20 0 500)
(-20 0 497.00599)
(-20 0 494.01198)
(-20 0 491.01796)
(-20 0 488.02395)
(-20 0 485.02994)
(-20 0 482.03593)
(-20 0 479.04192)
(-20 0 476.0479)
(-20 0 473.05389)
(-20 0 470.05988)
(-20 0 467.06587)
(-20 0 464.07186)
(-20 0 461.07784)
(-20 0 458.08383)
(-20 0 455.08982)
(-20 0 452.09581)
(-20 0 449.1018)
(-20 0 446.10778)
(-20 0 443.11377)
(-20 0 440.11976)
(-20 0 437.12575)
(-20 0 434.13174)
(-20 0 431.13772)
(-20 0 428.14371)
(-20 0 425.1497)
(-20 0 422.15569)
(-20 0 419.16168)
(-20 0 416.16766)
(-20 0 413.17365)
(-20 0 410.17964)
(-20 0 407.18563)
(-20 0 404.19162)
(-20 0 401.1976)
(-20 0 398.20359)
(-20 0 395.20958)
(-20 0 392.21557)
(-20 0 389.22156)
(-20 0 386.22754)
(-20 0 383.23353)
(-20 0 380.23952)
(-20 0 377.24551)
(-20 0 374.2515)
(-20 0 371.25748)
(-20 0 368.26347)
(-20 0 365.26946)
(-20 0 362.27545)
(-20 0 359.28144)
(-20 0 356.28743)
(-20 0 353.29341)
(-20 0 350.2994)
(-20 0 347.30539)
(-20 0 344.31138)
(-20 0 341.31737)
(-20 0 338.32335)
(-20 0 335.32934)
(-20 0 332.33533)
(-20 0 329.34132)
(-20 0 326.34731)
(-20 0 323.35329)
(-20 0 320.35928)
(-20 0 317.36527)
(-20 0 314.37126)
(-20 0 311.37725)
(-20 0 308.38323)
(-20 0 305.38922)
(-20 0 302.39521)
(-20 0 299.4012)
(-20 0 296.40719)
(-20 0 293.41317)
(-20 0 290.41916)
(-20 0 287.42515)
(-20 0 284.43114)
(-20 0 281.43713)
(-20 0 278.44311)
(-20 0 275.4491)
(-20 0 272.45509)
(-20 0 269.46108)
(-20 0 266.46707)
(-20 0 263.47305)
(-20 0 260.47904)
(-20 0 257.48503)
(-20 0 254.49102)
(-20 0 251.49701)
(-20 0 248.50299)
(-20 0 245.50898)
(-20 0 242.51497)
(-20 0 239.52096)
(-20 0 236.52695)
(-20 0 233.53293)
(-20 0 230.53892)
(-20 0 227.54491)
(-20 0 224.5509)
(-20 0 221.55689)
(-20 0 218.56287)
(-20 0 215.56886)
(-20 0 212.57485)
(-20 0 209.58084)
(-20 0 206.58683)
(-20 0 203.59281)
(-20 0 200.5988)
(-20 0 197.60479)
(-20 0 194.61078)
(-20 0 191.61677)
(-20 0 188.62275)
(-20 0 185.62874)
(-20 0 182.63473)
(-20 0 179.64072)
(-20 0 176.64671)
(-20 0 173.65269)
(-20 0 170.65868)
(-20 0 167.66467)
(-20 0 164.67066)
(-20 0 161.67665)
(-20 0 158.68263)
(-20 0 155.68862)
(-20 0 152.69461)
(-20 0 149.7006)
(-20 0 146.70659)
(-20 0 143.71257)
(-20 0 140.71856)
(-20 0 137.72455)
(-20 0 134.73054)
(-20 0 131.73653)
(-20 0 128.74251)
(-20 0 125.7485)
(-20 0 122.75449)
(-20 0 119.76048)
(-20 0 116.76647)
(-20 0 113.77246)
(-20 0 110.77844)
(-20 0 107.78443)
(-20 0 104.79042)
(-20 0 101.79641)
(-20 0 98.802395)
(-20 0 95.808383)
(-20 0 92.814371)
(-20 0 89.820359)
(-20 0 86.826347)
(-20 0 83.832335)
(-20 0 80.838323)
(-20 0 77.844311)
(-20 0 74.850299)
(-20 0 71.856287)
(-20 0 68.862275)
(-20 0 65.868263)
(-20 0 62.874251)
(-20 0 59.88024)
(-20 0 56.886228)
(-20 0 53.892216)
(-20 0 50.898204)
(-20 0 47.904192)
(-20 0 44.91018)
(-20 0 41.916168)
(-20 0 38.922156)
(-20 0 35.928144)
(-20 0 32.934132)
(-20 0 29.94012)
(-20 0 26.946108)
(-20 0 23.952096)
(-20 0 20.958084)
(-20 0 17.964072)
(-20 0 14.97006)
(-20 0 11.976048)
(-20 0 8.9820359)
(-20 0 5.988024)
(-20 0 2.994012)
(-20 1.2864981e-14 0)
(-19.787621 -2.9068947 0)
(-19.112364 -5.8921609 0)
(-18.038883 -8.6370548 0)
(-16.530871 -11.257456 0)
(-14.662354 -13.602036 0)
(-12.466902 -15.638937 0)
(-9.9692179 -17.338244 0)
(-7.2737973 -18.630402 0)
(-4.396528 -19.51078 0)
(-1.4375636 -19.948268 0)
(1.4375628 -19.948268 0)
(4.3965253 -19.510781 0)
(7.2737947 -18.630403 0)
(9.9692169 -17.338244 0)
(12.466902 -15.638937 0)
(14.662354 -13.602036 0)
(16.530871 -11.257456 0)
(18.038883 -8.6370536 0)
(19.112364 -5.8921587 0)
(19.787622 -2.9068936 0)
(20 -6.4324906e-15 0)
(20 2.4492936e-15 2.994012)
(20 2.4492936e-15 5.988024)
(20 2.4492936e-15 8.9820359)
(20 2.4492936e-15 11.976048)
(20 1.1331078e-14 14.97006)
(20 2.4492936e-15 17.964072)
(20 2.4492936e-15 20.958084)
(20 2.4492936e-15 23.952096)
(20 2.4492936e-15 26.946108)
(20 2.4492936e-15 29.94012)
(20 2.4492936e-15 32.934132)
(20 1.1331078e-14 35.928144)
(20 2.4492936e-15 38.922156)
(20 2.4492936e-15 41.916168)
(20 2.4492936e-15 44.91018)
(20 2.4492936e-15 47.904192)
(20 2.4492936e-15 50.898204)
(20 2.4492936e-15 53.892216)
(20 -6.4324906e-15 56.886228)
(20 1.1331078e-14 59.88024)
(20 2.4492936e-15 62.874251)
(20 2.4492936e-15 65.868263)
(20 -6.4324906e-15 68.862275)
(20 2.4492936e-15 71.856287)
(20 2.4492936e-15 74.850299)
(20 2.4492936e-15 77.844311)
(20 2.4492936e-15 80.838323)
(20 2.4492936e-15 83.832335)
(20 2.4492936e-15 86.826347)
(20 2.4492936e-15 89.820359)
(20 2.4492936e-15 92.814371)
(20 2.4492936e-15 95.808383)
(20 2.4492936e-15 98.802395)
(20 2.4492936e-15 101.79641)
(20 2.4492936e-15 104.79042)
(20 2.4492936e-15 107.78443)
(20 2.4492936e-15 110.77844)
(20 2.4492936e-15 113.77246)
(20 2.4492936e-15 116.76647)
(20 2.4492936e-15 119.76048)
(20 2.4492936e-15 122.75449)
(20 2.4492936e-15 125.7485)
(20 2.4492936e-15 128.74251)
(20 2.4492936e-15 131.73653)
(20 2.4492936e-15 134.73054)
(20 2.4492936e-15 137.72455)
(20 2.4492936e-15 140.71856)
(20 2.4492936e-15 143.71257)
(20 2.4492936e-15 146.70659)
(20 -6.4324906e-15 149.7006)
(20 2.4492936e-15 152.69461)
(20 2.4492936e-15 155.68862)
(20 1.1331078e-14 158.68263)
(20 2.4492936e-15 161.67665)
(20 2.4492936e-15 164.67066)
(20 1.1331078e-14 167.66467)
(20 1.1331078e-14 170.65868)
(20 -6.4324906e-15 173.65269)
(20 1.1331078e-14 176.64671)
(20 2.4492936e-15 179.64072)
(20 2.4492936e-15 182.63473)
(20 -6.4324906e-15 185.62874)
(20 2.4492936e-15 188.62275)
(20 2.4492936e-15 191.61677)
(20 -6.4324906e-15 194.61078)
(20 2.4492936e-15 197.60479)
(20 2.4492936e-15 200.5988)
(20 2.4492936e-15 203.59281)
(20 2.4492936e-15 206.58683)
(20 2.4492936e-15 209.58084)
(20 -6.4324906e-15 212.57485)
(20 2.4492936e-15 215.56886)
(20 1.1331078e-14 218.56287)
(20 2.4492936e-15 221.55689)
(20 2.4492936e-15 224.5509)
(20 2.4492936e-15 227.54491)
(20 2.4492936e-15 230.53892)
(20 2.4492936e-15 233.53293)
(20 2.4492936e-15 236.52695)
(20 1.1331078e-14 239.52096)
(20 2.4492936e-15 242.51497)
(20 1.1331078e-14 245.50898)
(20 2.4492936e-15 248.50299)
(20 2.4492936e-15 251.49701)
(20 2.4492936e-15 254.49102)
(20 -6.4324906e-15 257.48503)
(20 2.4492936e-15 260.47904)
(20 1.1331078e-14 263.47305)
(20 2.0212862e-14 266.46707)
(20 -6.4324906e-15 269.46108)
(20 1.1331078e-14 272.45509)
(20 2.4492936e-15 275.4491)
(20 -1.5314275e-14 278.44311)
(20 2.4492936e-15 281.43713)
(20 1.1331078e-14 284.43114)
(20 1.1331078e-14 287.42515)
(20 1.1331078e-14 290.41916)
(20 1.1331078e-14 293.41317)
(20 -1.5314275e-14 296.40719)
(20 -6.4324906e-15 299.4012)
(20 2.4492936e-15 302.39521)
(20 2.4492936e-15 305.38922)
(20 1.1331078e-14 308.38323)
(20 1.1331078e-14 311.37725)
(20 2.0212862e-14 314.37126)
(20 2.4492936e-15 317.36527)
(20 -6.4324906e-15 320.35928)
(20 1.1331078e-14 323.35329)
(20 1.1331078e-14 326.34731)
(20 1.1331078e-14 329.34132)
(20 2.0212862e-14 332.33533)
(20 1.1331078e-14 335.32934)
(20 2.4492936e-15 338.32335)
(20 -6.4324906e-15 341.31737)
(20 -6.4324906e-15 344.31138)
(20 2.4492936e-15 347.30539)
(20 -1.5314275e-14 350.2994)
(20 1.1331078e-14 353.29341)
(20 2.0212862e-14 356.28743)
(20 1.1331078e-14 359.28144)
(20 -1.5314275e-14 362.27545)
(20 -6.4324906e-15 365.26946)
(20 1.1331078e-14 368.26347)
(20 -6.4324906e-15 371.25748)
(20 1.1331078e-14 374.2515)
(20 2.4492936e-15 377.24551)
(20 2.4492936e-15 380.23952)
(20 1.1331078e-14 383.23353)
(20 1.1331078e-14 386.22754)
(20 2.4492936e-15 389.22156)
(20 2.0212862e-14 392.21557)
(20 -6.4324906e-15 395.20958)
(20 1.1331078e-14 398.20359)
(20 1.1331078e-14 401.1976)
(20 1.1331078e-14 404.19162)
(20 2.4492936e-15 407.18563)
(20 2.4492936e-15 410.17964)
(20 1.1331078e-14 413.17365)
(20 1.1331078e-14 416.16766)
(20 2.0212862e-14 419.16168)
(20 2.4492936e-15 422.15569)
(20 2.4492936e-15 425.1497)
(20 2.4492936e-15 428.14371)
(20 -6.4324906e-15 431.13772)
(20 2.4492936e-15 434.13174)
(20 -6.4324906e-15 437.12575)
(20 1.1331078e-14 440.11976)
(20 -6.4324906e-15 443.11377)
(20 -6.4324906e-15 446.10778)
(20 2.4492936e-15 449.1018)
(20 -6.4324906e-15 452.09581)
(20 2.4492936e-15 455.08982)
(20 2.4492936e-15 458.08383)
(20 1.1331078e-14 461.07784)
(20 1.1331078e-14 464.07186)
(20 -6.4324906e-15 467.06587)
(20 2.4492936e-15 470.05988)
(20 2.4492936e-15 473.05389)
(20 1.1331078e-14 476.0479)
(20 2.4492936e-15 479.04192)
(20 -1.5314275e-14 482.03593)
(20 2.0212862e-14 485.02994)
(20 1.1331078e-14 488.02395)
(20 2.4492936e-15 491.01796)
(20 2.4492936e-15 494.01198)
(20 1.1331078e-14 497.00599)
(-19.755732 -3.1162546 251.49701)
(-19.046546 -6.1015649 251.49701)
(-17.92271 -8.87561 251.49701)
(-16.441536 -11.387532 251.49701)
(-14.639598 -13.626525 251.49701)
(-12.541917 -15.578842 251.49701)
(-10.164953 -17.224219 251.49701)
(-7.5207952 -18.532071 251.49701)
(-4.6291946 -19.45689 251.49701)
(-1.5704994 -19.938243 251.49701)
(1.5704719 -19.938245 251.49701)
(4.6291534 -19.4569 251.49701)
(7.5207372 -18.532094 251.49701)
(10.164916 -17.224241 251.49701)
(12.541886 -15.578867 251.49701)
(14.639601 -13.626522 251.49701)
(16.441516 -11.387561 251.49701)
(17.922726 -8.8755794 251.49701)
(19.04653 -6.1016148 251.49701)
(19.755736 -3.1162286 251.49701)
(-19.755739 -3.1162091 377.24551)
(-19.046598 -6.1014003 377.24551)
(-17.922727 -8.8755761 377.24551)
(-16.441587 -11.387458 377.24551)
(-14.639591 -13.626533 377.24551)
(-12.541937 -15.578826 377.24551)
(-10.164915 -17.224242 377.24551)
(-7.5208023 -18.532068 377.24551)
(-4.6291076 -19.45691 377.24551)
(-1.5705335 -19.93824 377.24551)
(1.5704923 -19.938243 377.24551)
(4.6290457 -19.456925 377.24551)
(7.5207152 -18.532103 377.24551)
(10.164859 -17.224275 377.24551)
(12.541891 -15.578863 377.24551)
(14.639595 -13.626528 377.24551)
(16.441558 -11.387501 377.24551)
(17.92275 -8.8755301 377.24551)
(19.046574 -6.1014752 377.24551)
(19.755746 -3.1161701 377.24551)
(-19.755729 -3.1162729 440.1198)
(-19.046573 -6.10148 440.11981)
(-17.922623 -8.8757862 440.11981)
(-16.441422 -11.387697 440.11981)
(-14.639302 -13.626843 440.11981)
(-12.541554 -15.579134 440.11981)
(-10.164381 -17.224557 440.11982)
(-7.5201579 -18.532329 440.11982)
(-4.6283253 -19.457097 440.11981)
(-1.5697426 -19.938303 440.11977)
(1.5712781 -19.938182 440.11972)
(4.6296998 -19.45677 440.1197)
(7.521293 -18.531869 440.1197)
(10.165298 -17.224016 440.11971)
(12.542251 -15.578573 440.11971)
(14.639852 -13.626252 440.11971)
(16.441752 -11.38722 440.11972)
(17.922864 -8.875299 440.11972)
(19.046644 -6.1012582 440.11972)
(19.755763 -3.116062 440.11972)
(-1.5672939 -19.938495 443.11378)
(-1.5641706 -19.93874 446.1078)
(-1.5609723 -19.938991 449.10181)
(-1.5577719 -19.939241 452.09582)
(-1.5545709 -19.939491 455.08983)
(-1.5513697 -19.939741 458.08384)
(-1.5481682 -19.939989 461.07786)
(-1.5449665 -19.940238 464.07187)
(-1.5417703 -19.940485 467.06587)
(-1.538618 -19.940729 470.05986)
(-1.5355739 -19.940963 473.05385)
(-1.5325735 -19.941194 476.04785)
(-1.5295785 -19.941424 479.04187)
(-1.5266695 -19.941647 482.03583)
(-1.5244103 -19.94182 485.02974)
(-1.5237495 -19.94187 488.02364)
(-1.5242504 -19.941832 491.0168)
(-1.526926 -19.941627 494.00067)
(-1.5203055 -19.942133 496.98612)
(-4.5998842 -19.46384 470.05996)
(-7.4952338 -18.542424 470.06)
(-10.144722 -17.236143 470.06)
(-12.526456 -15.591277 470.05999)
(-14.628419 -13.638525 470.05998)
(-16.434144 -11.398198 470.05998)
(-17.918327 -8.8844554 470.05998)
(-19.044596 -6.1076485 470.05998)
(-19.755218 -3.1195136 470.05997)
(-4.6144689 -19.460387 455.08991)
(-7.508048 -18.537239 455.08995)
(-10.154816 -17.230198 455.08994)
(-12.534214 -15.58504 455.08993)
(-14.634004 -13.632532 455.08992)
(-16.437879 -11.39281 455.08992)
(-17.920532 -8.8800075 455.08992)
(-19.045611 -6.1044834 455.08992)
(-19.755481 -3.11785 455.08991)
(-14.635121 -13.631333 452.09591)
(-14.636238 -13.630134 449.1019)
(-14.637354 -13.628935 446.10789)
(-14.638445 -13.627763 443.11386)
(-12.537315 -15.582545 449.10191)
(-10.158852 -17.227818 449.10192)
(-7.5131698 -18.535163 449.10192)
(-4.6203115 -19.459001 449.10189)
(-10.156834 -17.229008 452.09593)
(-12.535765 -15.583793 452.09592)
(-7.5106093 -18.536201 452.09593)
(-4.6173903 -19.459694 452.0959)
(-10.162838 -17.225467 443.11387)
(-10.160869 -17.226629 446.1079)
(-12.540373 -15.580085 443.11386)
(-12.538864 -15.581299 446.10789)
(-7.5182142 -18.533118 443.11388)
(-7.5157264 -18.534127 446.10791)
(-4.6260855 -19.457629 443.11385)
(-4.623232 -19.458307 446.10788)
(-17.920973 -8.8791179 452.09591)
(-17.921414 -8.8782282 449.10189)
(-17.921854 -8.8773385 446.10788)
(-17.922285 -8.8764689 443.11386)
(-16.439373 -11.390655 449.1019)
(-16.438626 -11.391733 452.09591)
(-16.44012 -11.389577 446.10788)
(-16.44085 -11.388523 443.11386)
(-19.755586 -3.1171845 449.10189)
(-19.046016 -6.1032173 449.10189)
(-19.755533 -3.1175172 452.0959)
(-19.045813 -6.1038503 452.0959)
(-19.755689 -3.1165274 443.11385)
(-19.755638 -3.1168518 446.10787)
(-19.046417 -6.1019653 443.11385)
(-19.046219 -6.1025842 446.10788)
(-14.629536 -13.637327 467.06597)
(-14.630653 -13.636128 464.07196)
(-14.63177 -13.63493 461.07795)
(-14.632887 -13.633731 458.08394)
(-12.52956 -15.588782 464.07197)
(-10.14876 -17.233765 464.07198)
(-7.500361 -18.54035 464.07198)
(-4.6057036 -19.462464 464.07195)
(-10.146741 -17.234954 467.06599)
(-12.528008 -15.590029 467.06598)
(-7.4977977 -18.541387 467.06599)
(-4.6027844 -19.463154 467.06596)
(-10.152797 -17.231387 458.08395)
(-10.150779 -17.232576 461.07796)
(-12.532663 -15.586288 458.08394)
(-12.531111 -15.587535 461.07796)
(-7.5054862 -18.538276 458.08396)
(-7.5029239 -18.539313 461.07797)
(-4.6115474 -19.46108 458.08392)
(-4.6086256 -19.461772 461.07794)
(-17.918768 -8.8835659 467.06597)
(-17.919209 -8.8826763 464.07195)
(-17.91965 -8.8817867 461.07794)
(-17.920091 -8.8808971 458.08393)
(-16.435638 -11.396043 464.07196)
(-16.434891 -11.397121 467.06597)
(-16.436385 -11.394966 461.07794)
(-16.437132 -11.393888 458.08393)
(-19.755323 -3.1188482 464.07195)
(-19.045002 -6.1063825 464.07195)
(-19.75527 -3.1191809 467.06596)
(-19.044799 -6.1070155 467.06596)
(-19.755428 -3.1181827 458.08392)
(-19.755376 -3.1185154 461.07793)
(-19.045408 -6.1051164 458.08393)
(-19.045205 -6.1057494 461.07794)
(-4.5865306 -19.466991 485.03016)
(-7.4833376 -18.547228 485.03035)
(-10.135908 -17.241328 485.03035)
(-12.520053 -15.596418 485.03026)
(-14.624166 -13.643085 485.03004)
(-16.431405 -11.402145 485.02983)
(-17.916789 -8.887558 485.02975)
(-19.043888 -6.1098546 485.02975)
(-19.755036 -3.1206641 485.02976)
(-14.624059 -13.6432 482.03603)
(-14.625065 -13.642121 479.04202)
(-14.626183 -13.640922 476.04801)
(-14.627301 -13.639724 473.054)
(-12.521792 -15.595023 479.04203)
(-10.138661 -17.239708 479.04204)
(-7.4875352 -18.545534 479.04204)
(-4.5913484 -19.465855 479.04199)
(-10.136754 -17.24083 482.03613)
(-12.52035 -15.59618 482.03611)
(-7.4850484 -18.546537 482.03614)
(-4.5885976 -19.466504 482.03605)
(-10.142702 -17.237331 473.05401)
(-10.140682 -17.23852 476.04802)
(-12.524903 -15.592524 473.054)
(-12.523349 -15.593772 476.04802)
(-7.4926693 -18.54346 473.05402)
(-7.4901033 -18.544497 476.04803)
(-4.5970254 -19.464515 473.05397)
(-4.5941855 -19.465186 476.04798)
(-17.916622 -8.8878945 482.03594)
(-17.917004 -8.8871239 479.04201)
(-17.917445 -8.8862344 476.048)
(-17.917886 -8.8853449 473.05399)
(-16.431899 -11.401433 479.04202)
(-16.431235 -11.402391 482.03596)
(-16.432648 -11.400354 476.048)
(-16.433396 -11.399276 473.05399)
(-19.75506 -3.1205118 479.04201)
(-19.043987 -6.1095476 479.04201)
(-19.755016 -3.1207949 482.03594)
(-19.043811 -6.1100964 482.03594)
(-19.755165 -3.1198464 473.05398)
(-19.755113 -3.1201791 476.04799)
(-19.044393 -6.1082816 473.05399)
(-19.04419 -6.1089146 476.048)
(-14.644798 -13.620935 497.01993)
(-14.635614 -13.630804 494.01989)
(-14.631181 -13.635562 491.0183)
(-14.627131 -13.639907 488.02406)
(-12.529171 -15.589095 494.01898)
(-10.138129 -17.240021 494.01665)
(-7.4822524 -18.547666 494.01341)
(-4.5827798 -19.467874 494.00745)
(-10.1 -17.262387 497.0112)
(-12.514876 -15.600573 497.0188)
(-7.4289149 -18.569093 497.00828)
(-4.5412088 -19.477613 497.00081)
(-10.137768 -17.240234 488.02456)
(-10.140455 -17.238654 491.01855)
(-12.52271 -15.594285 488.02441)
(-12.526567 -15.591187 491.01856)
(-7.4836074 -18.547119 488.02457)
(-7.4847275 -18.546667 491.01876)
(-4.5861123 -19.46709 488.02427)
(-4.5863156 -19.467042 491.01826)
(-19.756558 -3.1110154 494.00489)
(-19.049314 -6.0929182 494.01051)
(-17.925938 -8.86909 494.01571)
(-16.44332 -11.384956 494.01845)
(-19.07095 -6.0248553 497.00546)
(-19.763384 -3.067354 496.99118)
(-17.957241 -8.8055375 497.01248)
(-16.469597 -11.346911 497.0155)
(-19.044615 -6.10759 488.02356)
(-19.045702 -6.1041993 491.01761)
(-19.755223 -3.1194833 488.02359)
(-19.755496 -3.1177516 491.01706)
(-16.433731 -11.398794 488.02371)
(-17.918355 -8.8844004 488.02356)
(-16.437037 -11.394026 491.01801)
(-17.92056 -8.8799502 491.01801)
(19.756211 -3.1132171 470.05986)
(19.048387 -6.0958132 470.05986)
(17.926615 -8.8677213 470.05986)
(16.448138 -11.377995 470.05984)
(14.649407 -13.615979 470.05979)
(12.555518 -15.567882 470.05974)
(10.182741 -17.213709 470.05972)
(7.5434064 -18.522878 470.05971)
(4.6564663 -19.450381 470.05971)
(1.6009906 -19.935818 470.05976)
(14.648698 -13.616741 467.06578)
(14.647711 -13.617803 464.07176)
(14.646696 -13.618895 461.07775)
(14.645681 -13.619987 458.08374)
(14.644666 -13.621078 455.08973)
(14.64365 -13.622169 452.09571)
(14.642636 -13.62326 449.1017)
(14.641621 -13.62435 446.10769)
(14.64063 -13.625416 443.11369)
(16.444982 -11.382556 455.08973)
(17.92477 -8.8714504 455.08973)
(19.04753 -6.0984932 455.08973)
(19.755991 -3.1146164 455.08974)
(16.447024 -11.379605 464.07177)
(17.925975 -8.8690151 464.07177)
(19.048089 -6.096744 464.07177)
(19.756135 -3.1137013 464.07177)
(17.926362 -8.8682325 467.0658)
(16.447684 -11.378651 467.06579)
(19.048269 -6.0961817 467.0658)
(19.756181 -3.1134085 467.0658)
(17.925171 -8.8706387 458.08374)
(17.925573 -8.8698269 461.07776)
(16.445663 -11.381572 458.08374)
(16.446343 -11.380588 461.07775)
(19.047716 -6.0979102 458.08374)
(19.047903 -6.0973271 461.07776)
(19.756039 -3.1143114 458.08375)
(19.756087 -3.1140063 461.07776)
(17.923173 -8.8746765 443.1137)
(17.923565 -8.8738839 446.1077)
(17.923967 -8.873073 449.10171)
(17.924368 -8.8722619 452.09572)
(16.44294 -11.385505 446.10769)
(16.442275 -11.386466 443.1137)
(16.44362 -11.384522 449.10171)
(16.444301 -11.383539 452.09572)
(19.755846 -3.115531 446.1077)
(19.04697 -6.1002406 446.1077)
(19.755799 -3.1158283 443.1137)
(19.046788 -6.1008101 443.1137)
(19.755943 -3.1149213 452.09573)
(19.755894 -3.1152262 449.10171)
(19.047343 -6.0990758 452.09572)
(19.047156 -6.0996582 449.10171)
(1.5858122 -19.937031 455.08975)
(4.6428312 -19.45364 455.0897)
(7.5321996 -18.527438 455.08971)
(10.173961 -17.2189 455.08972)
(12.548883 -15.573231 455.08972)
(7.5344984 -18.526504 458.08372)
(7.536797 -18.525569 461.07773)
(7.5390955 -18.524633 464.07174)
(7.5413687 -18.523708 467.06574)
(4.6483664 -19.452318 461.07773)
(1.5919359 -19.936543 461.07777)
(4.6455989 -19.452979 458.08372)
(1.5888741 -19.936787 458.08376)
(4.6538835 -19.450999 467.06573)
(4.6511339 -19.451657 464.07174)
(1.5980473 -19.936054 467.06578)
(1.5949977 -19.936298 464.07178)
(12.551679 -15.570978 461.07775)
(10.177614 -17.216741 461.07774)
(12.550281 -15.572105 458.08374)
(10.175788 -17.217821 458.08373)
(12.553077 -15.569851 464.07176)
(10.17944 -17.215661 464.07175)
(12.554444 -15.568748 467.06576)
(10.181235 -17.2146 467.06575)
(7.5230558 -18.531153 443.11368)
(7.5253027 -18.530241 446.10767)
(7.5276018 -18.529307 449.10168)
(7.5299007 -18.528373 452.0957)
(4.6345279 -19.45562 446.10767)
(1.5766264 -19.937759 446.10771)
(4.6318225 -19.456264 443.11367)
(1.5736314 -19.937996 443.11371)
(4.6400635 -19.454301 452.09569)
(4.6372957 -19.45496 449.10168)
(1.5827503 -19.937274 452.09573)
(1.5796884 -19.937517 449.10172)
(12.54469 -15.576609 446.10769)
(10.168483 -17.222136 446.10768)
(12.543323 -15.57771 443.11369)
(10.166698 -17.223189 443.11368)
(12.546088 -15.575484 449.1017)
(10.170309 -17.221057 449.10169)
(12.547485 -15.574357 452.09571)
(10.172135 -17.219979 452.0957)
(14.647763 -13.617747 497.02091)
(14.643895 -13.621907 494.02068)
(14.64496 -13.620761 491.01887)
(14.64652 -13.619084 488.0244)
(14.647834 -13.61767 485.03017)
(14.648463 -13.616994 482.03594)
(14.648811 -13.61662 479.04183)
(14.649121 -13.616286 476.04782)
(14.649403 -13.615983 473.05381)
(16.446737 -11.38002 485.03004)
(17.925587 -8.869798 485.02999)
(19.047916 -6.0972871 485.02999)
(19.75609 -3.1139879 485.02999)
(16.447623 -11.378739 494.01914)
(17.928447 -8.8640166 494.01596)
(19.050156 -6.0902841 494.01087)
(19.756862 -3.1090865 494.00546)
(17.957601 -8.8048029 497.01189)
(16.470403 -11.34574 497.01676)
(19.071121 -6.0243135 497.00572)
(19.763272 -3.0680763 496.99218)
(17.925349 -8.8702792 488.02401)
(17.925217 -8.8705459 491.0184)
(16.446099 -11.380942 488.02413)
(16.44547 -11.38185 491.0186)
(19.047806 -6.0976287 488.024)
(19.047794 -6.0976662 491.018)
(19.756061 -3.1141672 488.024)
(19.75606 -3.1141761 491.01759)
(16.447474 -11.378954 479.04193)
(17.926064 -8.8688355 479.04197)
(19.048134 -6.0966038 479.04197)
(19.756146 -3.1136294 479.04196)
(17.925826 -8.8693167 482.03598)
(16.447155 -11.379415 482.03596)
(19.048025 -6.0969455 482.03598)
(19.756118 -3.1138087 482.03598)
(17.926525 -8.867902 473.05392)
(17.926302 -8.8683542 476.04796)
(16.448061 -11.378106 473.05389)
(16.447778 -11.378515 476.04792)
(19.048347 -6.0959407 473.05392)
(19.048244 -6.096262 476.04796)
(19.756201 -3.1132829 473.05392)
(19.756174 -3.11345 476.04795)
(1.6125115 -19.934889 485.02932)
(4.6649751 -19.448342 485.02931)
(7.5477105 -18.521125 485.02973)
(10.183999 -17.212965 485.03016)
(12.554865 -15.568409 485.03029)
(7.5430979 -18.523004 488.02376)
(7.5366199 -18.525641 491.01846)
(7.5227524 -18.531276 494.01441)
(7.4486067 -18.561203 497.01084)
(4.6573022 -19.450181 491.01721)
(1.6082016 -19.935237 491.01614)
(4.662055 -19.449042 488.02305)
(1.6109789 -19.935013 488.02302)
(4.643342 -19.453518 494.00792)
(1.6010522 -19.935813 494.00068)
(4.5751352 -19.469672 497.00146)
(1.5644335 -19.93872 496.98598)
(12.548359 -15.573654 491.01897)
(10.174879 -17.218357 491.01881)
(12.552031 -15.570694 488.02467)
(10.180213 -17.215205 488.02447)
(12.542388 -15.578463 494.01981)
(10.16294 -17.225407 494.0178)
(12.518505 -15.597661 497.01907)
(10.110027 -17.256516 497.01303)
(7.5448439 -18.522293 473.05368)
(7.546046 -18.521803 476.04768)
(7.5472229 -18.521324 479.04169)
(7.548252 -18.520904 482.03571)
(4.6606114 -19.449388 476.04767)
(1.606242 -19.935395 476.04773)
(4.6586222 -19.449865 473.05368)
(1.6036694 -19.935602 473.05373)
(4.664432 -19.448472 482.03557)
(4.6625828 -19.448916 479.04168)
(1.6112276 -19.934993 482.03561)
(1.6088023 -19.935189 479.04174)
(12.555858 -15.567609 476.04773)
(10.183996 -17.212967 476.04768)
(12.555835 -15.567627 473.05373)
(10.183513 -17.213252 473.05369)
(12.555851 -15.567614 479.04174)
(10.184448 -17.212699 479.04169)
(12.555752 -15.567694 482.03591)
(10.184793 -17.212495 482.03585)
(-19.755741 -3.1161971 410.17964)
(-19.046612 -6.1013572 410.17964)
(-17.922732 -8.8755672 410.17964)
(-16.441601 -11.387439 410.17964)
(-14.639589 -13.626535 410.17964)
(-12.541943 -15.578821 410.17964)
(-10.164905 -17.224248 410.17964)
(-7.5208042 -18.532067 410.17964)
(-4.6290849 -19.456916 410.17964)
(-1.5705424 -19.93824 410.17964)
(1.5704976 -19.938243 410.17964)
(4.6290176 -19.456932 410.17964)
(7.5207095 -18.532105 410.17964)
(10.164844 -17.224284 410.17964)
(12.541892 -15.578862 410.17964)
(14.639594 -13.626529 410.17964)
(16.441569 -11.387485 410.17964)
(17.922756 -8.8755172 410.17964)
(19.046586 -6.1014387 410.17964)
(19.755748 -3.1161547 410.17964)
(-1.5705432 -19.938239 413.17365)
(-1.570544 -19.938239 416.16766)
(-1.5705449 -19.938239 419.16168)
(-1.5705457 -19.938239 422.15569)
(-1.5705465 -19.938239 425.1497)
(-1.5705473 -19.938239 428.14371)
(-1.5705481 -19.938239 431.13772)
(-1.5705489 -19.938239 434.13174)
(-1.5704803 -19.938244 437.12575)
(-4.6290745 -19.456918 425.1497)
(-7.520805 -18.532067 425.1497)
(-10.1649 -17.22425 425.1497)
(-12.541945 -15.578819 425.1497)
(-14.639588 -13.626535 425.1497)
(-16.441607 -11.38743 425.1497)
(-17.922734 -8.8755631 425.1497)
(-19.046619 -6.1013376 425.1497)
(-19.755742 -3.1161917 425.1497)
(-14.639588 -13.626535 422.15569)
(-14.639588 -13.626535 419.16168)
(-14.639588 -13.626535 416.16766)
(-14.639589 -13.626535 413.17365)
(-12.541944 -15.57882 419.16168)
(-10.164902 -17.224249 419.16168)
(-7.5208047 -18.532067 419.16168)
(-4.6290786 -19.456917 419.16168)
(-10.164901 -17.22425 422.15569)
(-12.541945 -15.57882 422.15569)
(-7.5208048 -18.532067 422.15569)
(-4.6290766 -19.456918 422.15569)
(-10.164904 -17.224248 413.17365)
(-10.164903 -17.224249 416.16766)
(-12.541943 -15.578821 413.17365)
(-12.541944 -15.57882 416.16766)
(-7.5208043 -18.532067 413.17365)
(-7.5208045 -18.532067 416.16767)
(-4.6290828 -19.456916 413.17365)
(-4.6290807 -19.456917 416.16766)
(-17.922733 -8.8755639 422.15569)
(-17.922733 -8.8755647 419.16168)
(-17.922732 -8.8755655 416.16767)
(-17.922732 -8.8755664 413.17365)
(-16.441605 -11.387433 419.16168)
(-16.441606 -11.387432 422.15569)
(-16.441603 -11.387435 416.16766)
(-16.441602 -11.387437 413.17365)
(-19.755742 -3.1161939 419.16168)
(-19.046616 -6.1013455 419.16168)
(-19.755742 -3.1161928 422.15569)
(-19.046617 -6.1013416 422.15569)
(-19.755741 -3.116196 413.17365)
(-19.755742 -3.116195 416.16766)
(-19.046614 -6.1013533 413.17365)
(-19.046615 -6.1013494 416.16766)
(-14.639562 -13.626563 437.12576)
(-14.639587 -13.626536 434.13174)
(-14.639587 -13.626536 431.13772)
(-14.639588 -13.626536 428.14371)
(-12.541947 -15.578818 434.13174)
(-10.164897 -17.224252 434.13174)
(-7.5208055 -18.532066 434.13174)
(-4.6290683 -19.45692 434.13174)
(-10.164851 -17.22428 437.12577)
(-12.541912 -15.578846 437.12576)
(-7.5207481 -18.53209 437.12577)
(-4.6290021 -19.456936 437.12576)
(-10.164899 -17.224251 428.14371)
(-10.164898 -17.224252 431.13772)
(-12.541946 -15.578819 428.14371)
(-12.541946 -15.578819 431.13772)
(-7.5208052 -18.532067 428.14371)
(-7.5208054 -18.532066 431.13772)
(-4.6290724 -19.456919 428.14371)
(-4.6290704 -19.456919 431.13772)
(-17.922725 -8.87558 437.12576)
(-17.922735 -8.8755607 434.13174)
(-17.922734 -8.8755615 431.13773)
(-17.922734 -8.8755623 428.14371)
(-16.441611 -11.387425 434.13174)
(-16.441595 -11.387447 437.12576)
(-16.441609 -11.387426 431.13772)
(-16.441608 -11.387428 428.14371)
(-19.755743 -3.1161884 434.13174)
(-19.046622 -6.1013259 434.13174)
(-19.755742 -3.1161957 437.12576)
(-19.046619 -6.1013362 437.12576)
(-19.755742 -3.1161906 428.14371)
(-19.755743 -3.1161895 431.13772)
(-19.04662 -6.1013337 428.14371)
(-19.046621 -6.1013298 431.13772)
(12.541892 -15.578862 413.17365)
(12.541893 -15.578862 416.16766)
(12.541893 -15.578862 419.16168)
(12.541893 -15.578862 422.15569)
(12.541893 -15.578861 425.1497)
(12.541893 -15.578861 428.14371)
(12.541893 -15.578861 431.13772)
(12.541893 -15.578861 434.13174)
(12.541925 -15.578835 437.12573)
(10.164837 -17.224288 425.1497)
(7.5207069 -18.532106 425.1497)
(4.6290048 -19.456935 425.1497)
(1.5705001 -19.938243 425.1497)
(7.5207074 -18.532106 422.15569)
(7.5207079 -18.532106 419.16168)
(7.5207084 -18.532106 416.16767)
(7.520709 -18.532106 413.17365)
(10.16484 -17.224286 419.16168)
(10.164838 -17.224287 422.15569)
(10.164841 -17.224285 416.16766)
(10.164842 -17.224285 413.17365)
(1.5704991 -19.938243 419.16168)
(4.6290099 -19.456934 419.16168)
(1.5704996 -19.938243 422.15569)
(4.6290073 -19.456934 422.15569)
(1.5704981 -19.938243 413.17365)
(1.5704986 -19.938243 416.16766)
(4.629015 -19.456932 413.17365)
(4.6290124 -19.456933 416.16766)
(7.5207571 -18.532086 437.12573)
(7.5207053 -18.532107 434.13174)
(7.5207058 -18.532107 431.13772)
(7.5207063 -18.532107 428.14371)
(10.164833 -17.22429 434.13174)
(10.164873 -17.224266 437.12573)
(10.164834 -17.224289 431.13772)
(10.164836 -17.224289 428.14371)
(1.5705015 -19.938243 434.13174)
(4.6289971 -19.456937 434.13174)
(1.5705689 -19.938237 437.12574)
(4.6290571 -19.456922 437.12573)
(1.5705005 -19.938243 428.14371)
(1.570501 -19.938243 431.13772)
(4.6290022 -19.456935 428.14371)
(4.6289996 -19.456936 431.13772)
(19.755749 -3.1161478 425.1497)
(19.046592 -6.101422 425.1497)
(17.922759 -8.8755114 425.1497)
(16.441574 -11.387478 425.1497)
(14.639593 -13.62653 425.1497)
(17.922759 -8.8755125 422.15569)
(17.922758 -8.8755137 419.16168)
(17.922757 -8.8755149 416.16767)
(17.922757 -8.875516 413.17365)
(19.046589 -6.1014287 419.16168)
(19.755749 -3.1161505 419.16168)
(19.04659 -6.1014254 422.15569)
(19.755749 -3.1161491 422.15569)
(19.046587 -6.1014353 413.17365)
(19.046588 -6.101432 416.16766)
(19.755748 -3.1161533 413.17365)
(19.755748 -3.1161519 416.16766)
(14.639593 -13.62653 419.16168)
(16.441572 -11.387481 419.16168)
(14.639593 -13.62653 422.15569)
(16.441573 -11.38748 422.15569)
(14.639593 -13.626529 416.16766)
(16.441571 -11.387482 416.16766)
(14.639594 -13.626529 413.17365)
(16.44157 -11.387484 413.17365)
(17.922771 -8.8754884 437.12574)
(17.922761 -8.8755078 434.13174)
(17.92276 -8.875509 431.13773)
(17.92276 -8.8755102 428.14371)
(19.046595 -6.1014121 434.13174)
(19.75575 -3.1161436 434.13174)
(19.0466 -6.1013958 437.12574)
(19.755751 -3.1161346 437.12574)
(19.046593 -6.1014187 428.14371)
(19.046594 -6.1014154 431.13772)
(19.755749 -3.1161464 428.14371)
(19.75575 -3.116145 431.13772)
(14.639593 -13.62653 434.13174)
(16.441577 -11.387474 434.13174)
(14.639616 -13.626506 437.12573)
(16.441593 -11.38745 437.12574)
(14.639593 -13.62653 431.13772)
(16.441576 -11.387475 431.13772)
(14.639593 -13.62653 428.14371)
(16.441575 -11.387477 428.14371)
(-1.5705343 -19.93824 380.23952)
(-1.5705351 -19.93824 383.23353)
(-1.5705359 -19.93824 386.22754)
(-1.5705367 -19.93824 389.22156)
(-1.5705375 -19.93824 392.21557)
(-1.5705384 -19.93824 395.20958)
(-1.5705392 -19.93824 398.20359)
(-1.57054 -19.93824 401.1976)
(-1.5705408 -19.93824 404.19162)
(-1.5705416 -19.93824 407.18563)
(-4.6290973 -19.456913 392.21557)
(-7.5208032 -18.532067 392.21557)
(-10.16491 -17.224245 392.21557)
(-12.54194 -15.578824 392.21557)
(-14.63959 -13.626533 392.21557)
(-16.441594 -11.387449 392.21557)
(-17.922729 -8.875572 392.21557)
(-19.046605 -6.1013807 392.21557)
(-19.75574 -3.1162036 392.21557)
(-14.63959 -13.626533 389.22156)
(-14.63959 -13.626533 386.22755)
(-14.63959 -13.626533 383.23353)
(-14.63959 -13.626533 380.23952)
(-12.541939 -15.578824 386.22754)
(-10.164912 -17.224243 386.22755)
(-7.5208028 -18.532067 386.22755)
(-4.6291014 -19.456912 386.22755)
(-10.164911 -17.224244 389.22156)
(-12.541939 -15.578824 389.22156)
(-7.520803 -18.532067 389.22156)
(-4.6290994 -19.456912 389.22156)
(-10.164914 -17.224242 380.23952)
(-10.164913 -17.224243 383.23353)
(-12.541938 -15.578825 380.23952)
(-12.541938 -15.578825 383.23353)
(-7.5208025 -18.532068 380.23952)
(-7.5208027 -18.532068 383.23353)
(-4.6291056 -19.456911 380.23952)
(-4.6291035 -19.456911 383.23353)
(-17.922729 -8.8755728 389.22156)
(-17.922728 -8.8755736 386.22755)
(-17.922728 -8.8755744 383.23353)
(-17.922728 -8.8755753 380.23952)
(-16.441591 -11.387453 386.22755)
(-16.441592 -11.387451 389.22156)
(-16.44159 -11.387455 383.23353)
(-16.441589 -11.387456 380.23952)
(-19.75574 -3.1162058 386.22754)
(-19.046602 -6.1013886 386.22755)
(-19.75574 -3.1162047 389.22156)
(-19.046604 -6.1013847 389.22156)
(-19.75574 -3.116208 380.23952)
(-19.75574 -3.1162069 383.23353)
(-19.0466 -6.1013964 380.23952)
(-19.046601 -6.1013925 383.23353)
(-14.639589 -13.626534 407.18563)
(-14.639589 -13.626534 404.19162)
(-14.639589 -13.626534 401.1976)
(-14.639589 -13.626534 398.20359)
(-14.63959 -13.626534 395.20958)
(-12.541941 -15.578822 401.1976)
(-10.164908 -17.224246 401.1976)
(-7.5208037 -18.532067 401.19761)
(-4.6290911 -19.456914 401.19761)
(-10.164907 -17.224247 404.19162)
(-10.164906 -17.224247 407.18563)
(-12.541942 -15.578822 404.19162)
(-12.541942 -15.578822 407.18563)
(-7.5208038 -18.532067 404.19162)
(-7.520804 -18.532067 407.18563)
(-4.629089 -19.456915 404.19162)
(-4.6290869 -19.456915 407.18563)
(-10.164909 -17.224245 395.20958)
(-10.164908 -17.224246 398.20359)
(-12.54194 -15.578823 395.20958)
(-12.541941 -15.578823 398.20359)
(-7.5208033 -18.532067 395.20958)
(-7.5208035 -18.532067 398.20359)
(-4.6290952 -19.456913 395.20958)
(-4.6290931 -19.456914 398.20359)
(-19.755741 -3.1162004 401.1976)
(-19.046609 -6.101369 401.19761)
(-17.92273 -8.8755696 401.19761)
(-16.441597 -11.387444 401.19761)
(-19.04661 -6.1013651 404.19162)
(-19.046611 -6.1013611 407.18563)
(-19.755741 -3.1161993 404.19162)
(-19.755741 -3.1161982 407.18563)
(-16.441598 -11.387442 404.19162)
(-17.922731 -8.8755688 404.19162)
(-16.4416 -11.387441 407.18563)
(-17.922731 -8.875568 407.18563)
(-19.046606 -6.1013768 395.20958)
(-19.046607 -6.1013729 398.20359)
(-19.75574 -3.1162026 395.20958)
(-19.755741 -3.1162015 398.20359)
(-16.441595 -11.387448 395.20958)
(-17.92273 -8.8755712 395.20958)
(-16.441596 -11.387446 398.20359)
(-17.92273 -8.8755704 398.20359)
(12.541891 -15.578863 380.23952)
(12.541891 -15.578863 383.23353)
(12.541891 -15.578863 386.22755)
(12.541891 -15.578863 389.22156)
(12.541892 -15.578862 392.21557)
(12.541892 -15.578862 395.20958)
(12.541892 -15.578862 398.20359)
(12.541892 -15.578862 401.1976)
(12.541892 -15.578862 404.19162)
(12.541892 -15.578862 407.18563)
(10.164852 -17.224279 392.21557)
(7.5207126 -18.532104 392.21557)
(4.6290329 -19.456928 392.21557)
(1.5704947 -19.938243 392.21557)
(7.5207131 -18.532104 389.22156)
(7.5207137 -18.532104 386.22755)
(7.5207142 -18.532103 383.23353)
(7.5207147 -18.532103 380.23952)
(10.164855 -17.224277 386.22755)
(10.164853 -17.224278 389.22156)
(10.164856 -17.224277 383.23353)
(10.164857 -17.224276 380.23952)
(1.5704937 -19.938243 386.22754)
(4.6290381 -19.456927 386.22754)
(1.5704942 -19.938243 389.22156)
(4.6290355 -19.456928 389.22156)
(1.5704928 -19.938243 380.23952)
(1.5704933 -19.938243 383.23353)
(4.6290432 -19.456926 380.23952)
(4.6290406 -19.456926 383.23353)
(10.164848 -17.224281 401.19761)
(7.520711 -18.532105 401.19761)
(4.6290252 -19.45693 401.1976)
(1.5704962 -19.938243 401.1976)
(7.5207116 -18.532105 398.20359)
(7.5207121 -18.532104 395.20958)
(10.164849 -17.224281 398.20359)
(10.164851 -17.22428 395.20958)
(4.6290278 -19.456929 398.20359)
(4.6290304 -19.456929 395.20958)
(1.5704957 -19.938243 398.20359)
(1.5704952 -19.938243 395.20958)
(7.52071 -18.532105 407.18563)
(7.5207105 -18.532105 404.19162)
(10.164845 -17.224283 407.18563)
(10.164847 -17.224282 404.19162)
(4.6290201 -19.456931 407.18563)
(4.6290227 -19.456931 404.19162)
(1.5704971 -19.938243 407.18563)
(1.5704967 -19.938243 404.19162)
(19.755747 -3.1161631 392.21557)
(19.04658 -6.1014586 392.21557)
(17.922753 -8.8755243 392.21557)
(16.441563 -11.387494 392.21557)
(14.639594 -13.626528 392.21557)
(17.922752 -8.8755254 389.22156)
(17.922752 -8.8755266 386.22755)
(17.922751 -8.8755278 383.23353)
(17.922751 -8.875529 380.23952)
(19.046578 -6.1014653 386.22755)
(19.755746 -3.1161659 386.22754)
(19.046579 -6.1014619 389.22156)
(19.755746 -3.1161645 389.22156)
(19.046576 -6.1014719 380.23952)
(19.046577 -6.1014686 383.23353)
(19.755746 -3.1161687 380.23952)
(19.755746 -3.1161673 383.23353)
(14.639595 -13.626528 386.22755)
(16.441561 -11.387497 386.22755)
(14.639595 -13.626528 389.22156)
(16.441562 -11.387495 389.22156)
(14.639595 -13.626528 383.23353)
(16.44156 -11.387498 383.23353)
(14.639595 -13.626528 380.23952)
(16.441559 -11.3875 380.23952)
(19.755747 -3.1161589 401.1976)
(19.046583 -6.1014486 401.19761)
(17.922755 -8.8755207 401.19761)
(16.441566 -11.38749 401.19761)
(14.639594 -13.626529 401.1976)
(17.922754 -8.8755219 398.20359)
(17.922753 -8.8755231 395.20958)
(19.755747 -3.1161603 398.20359)
(19.755747 -3.1161617 395.20958)
(19.046582 -6.101452 398.20359)
(19.046581 -6.1014553 395.20958)
(14.639594 -13.626529 398.20359)
(16.441565 -11.387491 398.20359)
(14.639594 -13.626528 395.20958)
(16.441564 -11.387492 395.20958)
(17.922756 -8.8755184 407.18563)
(17.922755 -8.8755196 404.19162)
(19.755748 -3.1161561 407.18563)
(19.755748 -3.1161575 404.19162)
(19.046585 -6.101442 407.18563)
(19.046584 -6.1014453 404.19162)
(14.639594 -13.626529 407.18563)
(16.441568 -11.387487 407.18563)
(14.639594 -13.626529 404.19162)
(16.441567 -11.387488 404.19162)
(-19.755736 -3.1162319 314.37126)
(-19.046572 -6.1014826 314.37126)
(-17.922719 -8.8755931 314.37126)
(-16.441562 -11.387495 314.37126)
(-14.639594 -13.626529 314.37126)
(-12.541927 -15.578834 314.37126)
(-10.164934 -17.224231 314.37126)
(-7.5207988 -18.532069 314.37126)
(-4.6291511 -19.4569 314.37126)
(-1.5705164 -19.938242 314.37126)
(1.5704821 -19.938244 314.37126)
(4.6290995 -19.456912 314.37126)
(7.5207262 -18.532099 314.37126)
(10.164887 -17.224258 314.37126)
(12.541888 -15.578865 314.37126)
(14.639598 -13.626525 314.37126)
(16.441537 -11.387531 314.37126)
(17.922738 -8.8755548 314.37126)
(19.046552 -6.101545 314.37126)
(19.755741 -3.1161994 314.37126)
(-19.755738 -3.1162199 347.30539)
(-19.046586 -6.1014395 347.30539)
(-17.922723 -8.8755842 347.30539)
(-16.441575 -11.387476 347.30539)
(-14.639592 -13.626531 347.30539)
(-12.541932 -15.57883 347.30539)
(-10.164924 -17.224236 347.30539)
(-7.5208006 -18.532068 347.30539)
(-4.6291283 -19.456905 347.30539)
(-1.5705254 -19.938241 347.30539)
(1.5704874 -19.938244 347.30539)
(4.6290714 -19.456919 347.30539)
(7.5207204 -18.532101 347.30539)
(10.164872 -17.224267 347.30539)
(12.54189 -15.578864 347.30539)
(14.639596 -13.626526 347.30539)
(16.441548 -11.387515 347.30539)
(17.922744 -8.8755419 347.30539)
(19.046564 -6.1015085 347.30539)
(19.755743 -3.116184 347.30539)
(-1.5705262 -19.938241 350.2994)
(-1.570527 -19.938241 353.29341)
(-1.5705278 -19.938241 356.28742)
(-1.5705286 -19.938241 359.28144)
(-1.5705294 -19.938241 362.27545)
(-1.5705302 -19.938241 365.26946)
(-1.570531 -19.93824 368.26347)
(-1.5705319 -19.93824 371.25748)
(-1.5705327 -19.93824 374.2515)
(-4.629118 -19.456908 362.27545)
(-7.5208015 -18.532068 362.27545)
(-10.164919 -17.224239 362.27545)
(-12.541935 -15.578828 362.27545)
(-14.639591 -13.626532 362.27545)
(-16.441581 -11.387467 362.27545)
(-17.922725 -8.8755801 362.27545)
(-19.046592 -6.1014199 362.27545)
(-19.755739 -3.1162145 362.27545)
(-14.639592 -13.626531 359.28144)
(-14.639592 -13.626531 356.28743)
(-14.639592 -13.626531 353.29341)
(-14.639592 -13.626531 350.2994)
(-12.541934 -15.578828 356.28743)
(-10.164921 -17.224238 356.28743)
(-7.5208011 -18.532068 356.28743)
(-4.6291221 -19.456907 356.28743)
(-10.16492 -17.224239 359.28144)
(-12.541934 -15.578828 359.28144)
(-7.5208013 -18.532068 359.28144)
(-4.6291201 -19.456907 359.28144)
(-10.164923 -17.224237 350.2994)
(-10.164922 -17.224238 353.29341)
(-12.541933 -15.578829 350.2994)
(-12.541933 -15.578829 353.29341)
(-7.5208008 -18.532068 350.2994)
(-7.520801 -18.532068 353.29341)
(-4.6291263 -19.456906 350.2994)
(-4.6291242 -19.456906 353.29341)
(-17.922725 -8.8755809 359.28144)
(-17.922724 -8.8755817 356.28743)
(-17.922724 -8.8755825 353.29341)
(-17.922724 -8.8755833 350.2994)
(-16.441579 -11.38747 356.28743)
(-16.44158 -11.387469 359.28144)
(-16.441578 -11.387472 353.29341)
(-16.441576 -11.387474 350.2994)
(-19.755738 -3.1162167 356.28742)
(-19.04659 -6.1014278 356.28743)
(-19.755738 -3.1162156 359.28144)
(-19.046591 -6.1014238 359.28144)
(-19.755738 -3.1162188 350.2994)
(-19.755738 -3.1162177 353.29341)
(-19.046587 -6.1014356 350.2994)
(-19.046588 -6.1014317 353.29341)
(-14.639591 -13.626532 374.2515)
(-14.639591 -13.626532 371.25749)
(-14.639591 -13.626532 368.26347)
(-14.639591 -13.626532 365.26946)
(-12.541936 -15.578826 371.25748)
(-10.164917 -17.224241 371.25749)
(-7.520802 -18.532068 371.25749)
(-4.6291118 -19.456909 371.25749)
(-10.164916 -17.224241 374.2515)
(-12.541937 -15.578826 374.2515)
(-7.5208022 -18.532068 374.2515)
(-4.6291097 -19.45691 374.2515)
(-10.164918 -17.22424 365.26946)
(-10.164918 -17.22424 368.26347)
(-12.541935 -15.578827 365.26946)
(-12.541936 -15.578827 368.26347)
(-7.5208016 -18.532068 365.26946)
(-7.5208018 -18.532068 368.26347)
(-4.6291159 -19.456908 365.26946)
(-4.6291139 -19.456909 368.26347)
(-17.922727 -8.8755769 374.2515)
(-17.922726 -8.8755777 371.25749)
(-17.922726 -8.8755785 368.26347)
(-17.922726 -8.8755793 365.26946)
(-16.441585 -11.387462 371.25749)
(-16.441586 -11.38746 374.2515)
(-16.441584 -11.387463 368.26347)
(-16.441583 -11.387465 365.26946)
(-19.755739 -3.1162112 371.25748)
(-19.046596 -6.1014082 371.25749)
(-19.755739 -3.1162101 374.2515)
(-19.046597 -6.1014042 374.2515)
(-19.755739 -3.1162134 365.26946)
(-19.755739 -3.1162123 368.26347)
(-19.046593 -6.101416 365.26946)
(-19.046595 -6.1014121 368.26347)
(12.54189 -15.578864 350.2994)
(12.54189 -15.578864 353.29341)
(12.54189 -15.578864 356.28743)
(12.54189 -15.578864 359.28144)
(12.54189 -15.578863 362.27545)
(12.54189 -15.578863 365.26946)
(12.541891 -15.578863 368.26347)
(12.541891 -15.578863 371.25749)
(12.541891 -15.578863 374.2515)
(10.164866 -17.224271 362.27545)
(7.5207178 -18.532102 362.27545)
(4.6290586 -19.456922 362.27545)
(1.5704899 -19.938244 362.27545)
(7.5207184 -18.532102 359.28144)
(7.5207189 -18.532102 356.28743)
(7.5207194 -18.532101 353.29341)
(7.5207199 -18.532101 350.2994)
(10.164868 -17.224269 356.28743)
(10.164867 -17.22427 359.28144)
(10.16487 -17.224269 353.29341)
(10.164871 -17.224268 350.2994)
(1.5704889 -19.938244 356.28742)
(4.6290637 -19.456921 356.28743)
(1.5704894 -19.938244 359.28144)
(4.6290611 -19.456921 359.28144)
(1.5704879 -19.938244 350.2994)
(1.5704884 -19.938244 353.29341)
(4.6290688 -19.45692 350.2994)
(4.6290662 -19.45692 353.29341)
(7.5207157 -18.532103 374.2515)
(7.5207163 -18.532103 371.25749)
(7.5207168 -18.532102 368.26347)
(7.5207173 -18.532102 365.26946)
(10.164861 -17.224273 371.25749)
(10.16486 -17.224274 374.2515)
(10.164863 -17.224273 368.26347)
(10.164864 -17.224272 365.26946)
(1.5704913 -19.938244 371.25748)
(4.6290509 -19.456924 371.25748)
(1.5704918 -19.938244 374.2515)
(4.6290483 -19.456925 374.2515)
(1.5704903 -19.938244 365.26946)
(1.5704908 -19.938244 368.26347)
(4.629056 -19.456923 365.26946)
(4.6290534 -19.456923 368.26347)
(19.755744 -3.116177 362.27545)
(19.046569 -6.1014919 362.27545)
(17.922747 -8.875536 362.27545)
(16.441553 -11.387508 362.27545)
(14.639596 -13.626527 362.27545)
(17.922746 -8.8755372 359.28144)
(17.922746 -8.8755383 356.28743)
(17.922745 -8.8755395 353.29341)
(17.922745 -8.8755407 350.2994)
(19.046567 -6.1014985 356.28743)
(19.755744 -3.1161798 356.28742)
(19.046568 -6.1014952 359.28144)
(19.755744 -3.1161784 359.28144)
(19.046565 -6.1015051 350.2994)
(19.046566 -6.1015018 353.29341)
(19.755744 -3.1161826 350.2994)
(19.755744 -3.1161812 353.29341)
(14.639596 -13.626527 356.28743)
(16.441551 -11.387511 356.28743)
(14.639596 -13.626527 359.28144)
(16.441552 -11.387509 359.28144)
(14.639596 -13.626526 353.29341)
(16.44155 -11.387512 353.29341)
(14.639596 -13.626526 350.2994)
(16.441549 -11.387514 350.2994)
(17.922749 -8.8755313 374.2515)
(17.922749 -8.8755325 371.25749)
(17.922748 -8.8755337 368.26347)
(17.922748 -8.8755348 365.26946)
(19.046572 -6.1014819 371.25749)
(19.755745 -3.1161729 371.25748)
(19.046573 -6.1014786 374.2515)
(19.755745 -3.1161715 374.2515)
(19.04657 -6.1014885 365.26946)
(19.046571 -6.1014852 368.26347)
(19.755745 -3.1161756 365.26946)
(19.755745 -3.1161742 368.26347)
(14.639595 -13.626527 371.25749)
(16.441556 -11.387504 371.25749)
(14.639595 -13.626527 374.2515)
(16.441557 -11.387502 374.2515)
(14.639596 -13.626527 368.26347)
(16.441555 -11.387505 368.26347)
(14.639596 -13.626527 365.26946)
(16.441554 -11.387507 365.26946)
(-1.5705172 -19.938242 317.36527)
(-1.570518 -19.938241 320.35928)
(-1.5705189 -19.938241 323.35329)
(-1.5705197 -19.938241 326.3473)
(-1.5705205 -19.938241 329.34132)
(-1.5705213 -19.938241 332.33533)
(-1.5705221 -19.938241 335.32934)
(-1.5705229 -19.938241 338.32335)
(-1.5705237 -19.938241 341.31736)
(-1.5705245 -19.938241 344.31138)
(-4.6291408 -19.456903 329.34132)
(-7.5207996 -18.532069 329.34132)
(-10.164929 -17.224233 329.34132)
(-12.541929 -15.578832 329.34132)
(-14.639593 -13.62653 329.34132)
(-16.441568 -11.387486 329.34132)
(-17.922721 -8.875589 329.34132)
(-19.046578 -6.101463 329.34132)
(-19.755737 -3.1162264 329.34132)
(-14.639593 -13.62653 326.34731)
(-14.639594 -13.626529 323.35329)
(-14.639594 -13.626529 320.35928)
(-14.639594 -13.626529 317.36527)
(-12.541929 -15.578833 323.35329)
(-10.164931 -17.224232 323.35329)
(-7.5207993 -18.532069 323.35329)
(-4.6291449 -19.456902 323.35329)
(-10.16493 -17.224233 326.34731)
(-12.541929 -15.578832 326.34731)
(-7.5207995 -18.532069 326.34731)
(-4.6291428 -19.456902 326.34731)
(-10.164933 -17.224231 317.36527)
(-10.164932 -17.224232 320.35928)
(-12.541928 -15.578834 317.36527)
(-12.541928 -15.578833 320.35928)
(-7.520799 -18.532069 317.36527)
(-7.5207991 -18.532069 320.35928)
(-4.6291491 -19.456901 317.36527)
(-4.629147 -19.456901 320.35928)
(-17.92272 -8.8755898 326.34731)
(-17.92272 -8.8755906 323.35329)
(-17.92272 -8.8755914 320.35928)
(-17.922719 -8.8755922 317.36527)
(-16.441565 -11.38749 323.35329)
(-16.441567 -11.387488 326.34731)
(-16.441564 -11.387492 320.35928)
(-16.441563 -11.387493 317.36527)
(-19.755736 -3.1162286 323.35329)
(-19.046576 -6.1014709 323.35329)
(-19.755737 -3.1162275 326.3473)
(-19.046577 -6.1014669 326.34731)
(-19.755736 -3.1162308 317.36527)
(-19.755736 -3.1162297 320.35928)
(-19.046573 -6.1014787 317.36527)
(-19.046575 -6.1014748 320.35928)
(-14.639592 -13.626531 344.31138)
(-14.639593 -13.62653 341.31737)
(-14.639593 -13.62653 338.32335)
(-14.639593 -13.62653 335.32934)
(-14.639593 -13.62653 332.33533)
(-12.541931 -15.578831 338.32335)
(-10.164927 -17.224235 338.32335)
(-7.5208001 -18.532069 338.32335)
(-4.6291346 -19.456904 338.32335)
(-10.164926 -17.224235 341.31737)
(-10.164925 -17.224236 344.31138)
(-12.541931 -15.57883 341.31737)
(-12.541932 -15.57883 344.31138)
(-7.5208003 -18.532069 341.31737)
(-7.5208005 -18.532068 344.31138)
(-4.6291325 -19.456904 341.31737)
(-4.6291304 -19.456905 344.31138)
(-10.164928 -17.224234 332.33533)
(-10.164928 -17.224234 335.32934)
(-12.54193 -15.578832 332.33533)
(-12.54193 -15.578831 335.32934)
(-7.5207998 -18.532069 332.33533)
(-7.5208 -18.532069 335.32934)
(-4.6291387 -19.456903 332.33533)
(-4.6291366 -19.456904 335.32934)
(-19.755737 -3.1162232 338.32335)
(-19.046582 -6.1014513 338.32335)
(-17.922722 -8.8755866 338.32335)
(-16.441572 -11.387481 338.32335)
(-19.046583 -6.1014474 341.31737)
(-19.046585 -6.1014434 344.31138)
(-19.755737 -3.1162221 341.31736)
(-19.755738 -3.116221 344.31138)
(-16.441573 -11.387479 341.31737)
(-17.922722 -8.8755858 341.31737)
(-16.441574 -11.387478 344.31138)
(-17.922723 -8.875585 344.31138)
(-19.04658 -6.1014591 332.33533)
(-19.046581 -6.1014552 335.32934)
(-19.755737 -3.1162253 332.33533)
(-19.755737 -3.1162243 335.32934)
(-16.441569 -11.387485 332.33533)
(-17.922721 -8.8755882 332.33533)
(-16.44157 -11.387483 335.32934)
(-17.922722 -8.8755874 335.32934)
(12.541888 -15.578865 317.36527)
(12.541889 -15.578865 320.35928)
(12.541889 -15.578865 323.35329)
(12.541889 -15.578865 326.34731)
(12.541889 -15.578865 329.34132)
(12.541889 -15.578864 332.33533)
(12.541889 -15.578864 335.32934)
(12.541889 -15.578864 338.32335)
(12.541889 -15.578864 341.31737)
(12.54189 -15.578864 344.31138)
(10.16488 -17.224262 329.34132)
(7.5207236 -18.5321 329.34132)
(4.6290867 -19.456915 329.34132)
(1.5704845 -19.938244 329.34132)
(7.5207241 -18.532099 326.34731)
(7.5207246 -18.532099 323.35329)
(7.5207252 -18.532099 320.35928)
(7.5207257 -18.532099 317.36527)
(10.164883 -17.224261 323.35329)
(10.164882 -17.224261 326.34731)
(10.164885 -17.22426 320.35928)
(10.164886 -17.224259 317.36527)
(1.5704835 -19.938244 323.35329)
(4.6290919 -19.456914 323.35329)
(1.570484 -19.938244 326.3473)
(4.6290893 -19.456915 326.34731)
(1.5704826 -19.938244 317.36527)
(1.5704831 -19.938244 320.35928)
(4.629097 -19.456913 317.36527)
(4.6290944 -19.456914 320.35928)
(10.164876 -17.224265 338.32335)
(7.520722 -18.5321 338.32335)
(4.6290791 -19.456917 338.32335)
(1.570486 -19.938244 338.32335)
(7.5207225 -18.5321 335.32934)
(7.5207231 -18.5321 332.33533)
(10.164878 -17.224264 335.32934)
(10.164879 -17.224263 332.33533)
(4.6290816 -19.456917 335.32934)
(4.6290842 -19.456916 332.33533)
(1.5704855 -19.938244 335.32934)
(1.570485 -19.938244 332.33533)
(7.520721 -18.532101 344.31138)
(7.5207215 -18.5321 341.31737)
(10.164874 -17.224266 344.31138)
(10.164875 -17.224265 341.31737)
(4.6290739 -19.456918 344.31138)
(4.6290765 -19.456918 341.31737)
(1.5704869 -19.938244 344.31138)
(1.5704865 -19.938244 341.31736)
(19.755742 -3.1161924 329.34132)
(19.046557 -6.1015284 329.34132)
(17.922741 -8.8755489 329.34132)
(16.441542 -11.387524 329.34132)
(14.639597 -13.626525 329.34132)
(17.92274 -8.8755501 326.34731)
(17.922739 -8.8755513 323.35329)
(17.922739 -8.8755524 320.35928)
(17.922738 -8.8755536 317.36527)
(19.046555 -6.1015351 323.35329)
(19.755742 -3.1161952 323.35329)
(19.046556 -6.1015317 326.34731)
(19.755742 -3.1161938 326.3473)
(19.046553 -6.1015417 317.36527)
(19.046554 -6.1015384 320.35928)
(19.755741 -3.116198 317.36527)
(19.755741 -3.1161966 320.35928)
(14.639597 -13.626525 323.35329)
(16.44154 -11.387527 323.35329)
(14.639597 -13.626525 326.34731)
(16.441541 -11.387525 326.34731)
(14.639598 -13.626525 320.35928)
(16.441539 -11.387528 320.35928)
(14.639598 -13.626525 317.36527)
(16.441538 -11.387529 317.36527)
(19.755743 -3.1161882 338.32335)
(19.046561 -6.1015184 338.32335)
(17.922742 -8.8755454 338.32335)
(16.441545 -11.387519 338.32335)
(14.639597 -13.626526 338.32335)
(17.922742 -8.8755466 335.32934)
(17.922741 -8.8755477 332.33533)
(19.755743 -3.1161896 335.32934)
(19.755742 -3.116191 332.33533)
(19.04656 -6.1015218 335.32934)
(19.046559 -6.1015251 332.33533)
(14.639597 -13.626526 335.32934)
(16.441544 -11.387521 335.32934)
(14.639597 -13.626525 332.33533)
(16.441543 -11.387522 332.33533)
(17.922744 -8.875543 344.31138)
(17.922743 -8.8755442 341.31737)
(19.755743 -3.1161854 344.31138)
(19.755743 -3.1161868 341.31736)
(19.046563 -6.1015118 344.31138)
(19.046562 -6.1015151 341.31737)
(14.639597 -13.626526 344.31138)
(16.441547 -11.387517 344.31138)
(14.639597 -13.626526 341.31737)
(16.441546 -11.387518 341.31737)
(-19.755734 -3.1162427 284.43114)
(-19.04656 -6.1015218 284.43114)
(-17.922715 -8.8756011 284.43114)
(-16.44155 -11.387513 284.43114)
(-14.639596 -13.626527 284.43114)
(-12.541922 -15.578838 284.43114)
(-10.164943 -17.224225 284.43114)
(-7.5207971 -18.53207 284.43114)
(-4.6291718 -19.456895 284.43114)
(-1.5705083 -19.938242 284.43114)
(1.5704772 -19.938245 284.43114)
(4.6291252 -19.456906 284.43114)
(7.5207314 -18.532096 284.43114)
(10.164901 -17.22425 284.43114)
(12.541887 -15.578866 284.43114)
(14.639599 -13.626523 284.43114)
(16.441527 -11.387545 284.43114)
(17.922732 -8.8755665 284.43114)
(19.046541 -6.1015783 284.43114)
(19.755739 -3.1162133 284.43114)
(-1.5705091 -19.938242 287.42515)
(-1.5705099 -19.938242 290.41916)
(-1.5705107 -19.938242 293.41317)
(-1.5705115 -19.938242 296.40719)
(-1.5705124 -19.938242 299.4012)
(-1.5705132 -19.938242 302.39521)
(-1.570514 -19.938242 305.38922)
(-1.5705148 -19.938242 308.38323)
(-1.5705156 -19.938242 311.37725)
(-4.6291615 -19.456898 299.4012)
(-7.5207979 -18.532069 299.4012)
(-10.164939 -17.224228 299.4012)
(-12.541925 -15.578836 299.4012)
(-14.639595 -13.626528 299.4012)
(-16.441556 -11.387504 299.4012)
(-17.922717 -8.8755971 299.4012)
(-19.046566 -6.1015022 299.4012)
(-19.755735 -3.1162373 299.4012)
(-14.639595 -13.626528 296.40719)
(-14.639595 -13.626528 293.41317)
(-14.639595 -13.626527 290.41916)
(-14.639596 -13.626527 287.42515)
(-12.541924 -15.578837 293.41317)
(-10.16494 -17.224227 293.41317)
(-7.5207976 -18.53207 293.41317)
(-4.6291656 -19.456897 293.41317)
(-10.164939 -17.224227 296.40719)
(-12.541924 -15.578836 296.40719)
(-7.5207978 -18.53207 296.40719)
(-4.6291636 -19.456897 296.40719)
(-10.164942 -17.224226 287.42515)
(-10.164941 -17.224226 290.41916)
(-12.541923 -15.578837 287.42515)
(-12.541923 -15.578837 290.41916)
(-7.5207973 -18.53207 287.42515)
(-7.5207974 -18.53207 290.41916)
(-4.6291698 -19.456896 287.42515)
(-4.6291677 -19.456896 290.41916)
(-17.922716 -8.8755979 296.40719)
(-17.922716 -8.8755987 293.41317)
(-17.922716 -8.8755995 290.41916)
(-17.922715 -8.8756003 287.42515)
(-16.441553 -11.387508 293.41317)
(-16.441554 -11.387506 296.40719)
(-16.441552 -11.387509 290.41916)
(-16.441551 -11.387511 287.42515)
(-19.755735 -3.1162394 293.41317)
(-19.046563 -6.1015101 293.41317)
(-19.755735 -3.1162384 296.40719)
(-19.046565 -6.1015061 296.40719)
(-19.755734 -3.1162416 287.42515)
(-19.755734 -3.1162405 290.41916)
(-19.046561 -6.1015179 287.42515)
(-19.046562 -6.101514 290.41916)
(-14.639594 -13.626529 311.37725)
(-14.639594 -13.626528 308.38323)
(-14.639595 -13.626528 305.38922)
(-14.639595 -13.626528 302.39521)
(-12.541926 -15.578835 308.38323)
(-10.164936 -17.224229 308.38323)
(-7.5207984 -18.532069 308.38323)
(-4.6291553 -19.456899 308.38323)
(-10.164935 -17.22423 311.37725)
(-12.541927 -15.578834 311.37725)
(-7.5207986 -18.532069 311.37725)
(-4.6291532 -19.4569 311.37725)
(-10.164938 -17.224228 302.39521)
(-10.164937 -17.224229 305.38922)
(-12.541925 -15.578836 302.39521)
(-12.541926 -15.578835 305.38922)
(-7.5207981 -18.532069 302.39521)
(-7.5207983 -18.532069 305.38922)
(-4.6291594 -19.456898 302.39521)
(-4.6291573 -19.456899 305.38922)
(-17.922718 -8.8755939 311.37725)
(-17.922718 -8.8755947 308.38323)
(-17.922718 -8.8755955 305.38922)
(-17.922717 -8.8755963 302.39521)
(-16.441559 -11.387499 308.38323)
(-16.441561 -11.387497 311.37725)
(-16.441558 -11.3875 305.38922)
(-16.441557 -11.387502 302.39521)
(-19.755736 -3.116234 308.38323)
(-19.04657 -6.1014905 308.38323)
(-19.755736 -3.1162329 311.37725)
(-19.046571 -6.1014865 311.37725)
(-19.755735 -3.1162362 302.39521)
(-19.755735 -3.1162351 305.38922)
(-19.046567 -6.1014983 302.39521)
(-19.046568 -6.1014944 305.38922)
(12.541887 -15.578866 287.42515)
(12.541887 -15.578866 290.41916)
(12.541888 -15.578866 293.41317)
(12.541888 -15.578866 296.40719)
(12.541888 -15.578866 299.4012)
(12.541888 -15.578865 302.39521)
(12.541888 -15.578865 305.38922)
(12.541888 -15.578865 308.38323)
(12.541888 -15.578865 311.37725)
(10.164894 -17.224254 299.4012)
(7.5207288 -18.532098 299.4012)
(4.6291124 -19.456909 299.4012)
(1.5704797 -19.938244 299.4012)
(7.5207293 -18.532097 296.40719)
(7.5207299 -18.532097 293.41317)
(7.5207304 -18.532097 290.41916)
(7.5207309 -18.532097 287.42515)
(10.164897 -17.224253 293.41317)
(10.164895 -17.224253 296.40719)
(10.164898 -17.224252 290.41916)
(10.164899 -17.224251 287.42515)
(1.5704787 -19.938245 293.41317)
(4.6291175 -19.456908 293.41317)
(1.5704792 -19.938245 296.40718)
(4.6291149 -19.456909 296.40719)
(1.5704777 -19.938245 287.42515)
(1.5704782 -19.938245 290.41916)
(4.6291226 -19.456907 287.42515)
(4.62912 -19.456907 290.41916)
(7.5207267 -18.532098 311.37725)
(7.5207272 -18.532098 308.38323)
(7.5207278 -18.532098 305.38922)
(7.5207283 -18.532098 302.39521)
(10.16489 -17.224257 308.38323)
(10.164889 -17.224257 311.37725)
(10.164891 -17.224256 305.38922)
(10.164893 -17.224255 302.39521)
(1.5704811 -19.938244 308.38323)
(4.6291047 -19.456911 308.38323)
(1.5704816 -19.938244 311.37724)
(4.6291021 -19.456912 311.37725)
(1.5704801 -19.938244 302.39521)
(1.5704806 -19.938244 305.38922)
(4.6291098 -19.45691 302.39521)
(4.6291072 -19.45691 305.38922)
(19.75574 -3.1162063 299.4012)
(19.046547 -6.1015617 299.4012)
(17.922735 -8.8755606 299.4012)
(16.441532 -11.387538 299.4012)
(14.639599 -13.626524 299.4012)
(17.922734 -8.8755618 296.40719)
(17.922734 -8.875563 293.41317)
(17.922733 -8.8755642 290.41916)
(17.922732 -8.8755653 287.42515)
(19.046545 -6.1015683 293.41317)
(19.755739 -3.1162091 293.41317)
(19.046546 -6.101565 296.40719)
(19.75574 -3.1162077 296.40719)
(19.046543 -6.101575 287.42515)
(19.046544 -6.1015716 290.41916)
(19.755739 -3.1162119 287.42515)
(19.755739 -3.1162105 290.41916)
(14.639599 -13.626524 293.41317)
(16.44153 -11.387541 293.41317)
(14.639599 -13.626524 296.40719)
(16.441531 -11.387539 296.40719)
(14.639599 -13.626524 290.41916)
(16.441529 -11.387542 290.41916)
(14.639599 -13.626523 287.42515)
(16.441528 -11.387544 287.42515)
(17.922737 -8.875556 311.37725)
(17.922737 -8.8755571 308.38323)
(17.922736 -8.8755583 305.38922)
(17.922735 -8.8755595 302.39521)
(19.04655 -6.1015517 308.38323)
(19.755741 -3.1162021 308.38323)
(19.046551 -6.1015484 311.37725)
(19.755741 -3.1162007 311.37725)
(19.046548 -6.1015583 302.39521)
(19.046549 -6.101555 305.38922)
(19.75574 -3.1162049 302.39521)
(19.75574 -3.1162035 305.38922)
(14.639598 -13.626524 308.38323)
(16.441535 -11.387534 308.38323)
(14.639598 -13.626525 311.37725)
(16.441536 -11.387532 311.37725)
(14.639598 -13.626524 305.38922)
(16.441534 -11.387535 305.38922)
(14.639598 -13.626524 302.39521)
(16.441533 -11.387537 302.39521)
(-1.5705002 -19.938243 254.49102)
(-1.570501 -19.938243 257.48503)
(-1.5705018 -19.938243 260.47904)
(-1.5705026 -19.938243 263.47305)
(-1.5705034 -19.938243 266.46707)
(-1.5705042 -19.938243 269.46108)
(-1.570505 -19.938243 272.45509)
(-1.5705059 -19.938242 275.4491)
(-1.5705067 -19.938242 278.44311)
(-1.5705075 -19.938242 281.43713)
(-4.6291843 -19.456892 266.46707)
(-7.5207961 -18.53207 266.46707)
(-10.164949 -17.224222 266.46707)
(-12.541919 -15.57884 266.46707)
(-14.639597 -13.626526 266.46707)
(-16.441542 -11.387523 266.46707)
(-17.922712 -8.875606 266.46707)
(-19.046552 -6.1015453 266.46707)
(-19.755733 -3.1162492 266.46707)
(-14.639597 -13.626526 263.47305)
(-14.639597 -13.626526 260.47904)
(-14.639597 -13.626525 257.48503)
(-14.639597 -13.626525 254.49102)
(-12.541918 -15.578841 260.47904)
(-10.16495 -17.224221 260.47904)
(-7.5207958 -18.53207 260.47904)
(-4.6291884 -19.456891 260.47904)
(-10.164949 -17.224221 263.47305)
(-12.541919 -15.578841 263.47305)
(-7.5207959 -18.53207 263.47305)
(-4.6291863 -19.456892 263.47305)
(-10.164952 -17.22422 254.49102)
(-10.164951 -17.22422 257.48503)
(-12.541917 -15.578842 254.49102)
(-12.541918 -15.578841 257.48503)
(-7.5207954 -18.53207 254.49102)
(-7.5207956 -18.53207 257.48503)
(-4.6291926 -19.45689 254.49102)
(-4.6291905 -19.456891 257.48503)
(-17.922712 -8.8756068 263.47305)
(-17.922712 -8.8756076 260.47904)
(-17.922711 -8.8756084 257.48503)
(-17.922711 -8.8756092 254.49102)
(-16.44154 -11.387527 260.47904)
(-16.441541 -11.387525 263.47305)
(-16.441539 -11.387529 257.48503)
(-16.441537 -11.38753 254.49102)
(-19.755733 -3.1162514 260.47904)
(-19.04655 -6.1015532 260.47904)
(-19.755733 -3.1162503 263.47305)
(-19.046551 -6.1015492 263.47305)
(-19.755732 -3.1162536 254.49102)
(-19.755733 -3.1162525 257.48503)
(-19.046547 -6.101561 254.49102)
(-19.046548 -6.1015571 257.48503)
(-14.639596 -13.626527 281.43713)
(-14.639596 -13.626527 278.44311)
(-14.639596 -13.626526 275.4491)
(-14.639596 -13.626526 272.45509)
(-14.639597 -13.626526 269.46108)
(-12.541921 -15.578839 275.4491)
(-10.164946 -17.224224 275.4491)
(-7.5207966 -18.53207 275.4491)
(-4.6291781 -19.456894 275.4491)
(-10.164945 -17.224224 278.44311)
(-10.164944 -17.224225 281.43713)
(-12.541921 -15.578839 278.44311)
(-12.541922 -15.578838 281.43713)
(-7.5207968 -18.53207 278.44311)
(-7.5207969 -18.53207 281.43713)
(-4.629176 -19.456894 278.44311)
(-4.6291739 -19.456895 281.43713)
(-10.164948 -17.224222 269.46108)
(-10.164947 -17.224223 272.45509)
(-12.54192 -15.57884 269.46108)
(-12.54192 -15.578839 272.45509)
(-7.5207963 -18.53207 269.46108)
(-7.5207964 -18.53207 272.45509)
(-4.6291822 -19.456893 269.46108)
(-4.6291801 -19.456893 272.45509)
(-19.755734 -3.116246 275.4491)
(-19.046556 -6.1015336 275.4491)
(-17.922714 -8.8756036 275.4491)
(-16.441546 -11.387518 275.4491)
(-19.046557 -6.1015296 278.44311)
(-19.046558 -6.1015257 281.43713)
(-19.755734 -3.1162449 278.44311)
(-19.755734 -3.1162438 281.43713)
(-16.441547 -11.387516 278.44311)
(-17.922714 -8.8756028 278.44311)
(-16.441548 -11.387515 281.43713)
(-17.922714 -8.875602 281.43713)
(-19.046553 -6.1015414 269.46108)
(-19.046555 -6.1015375 272.45509)
(-19.755733 -3.1162481 269.46108)
(-19.755733 -3.116247 272.45509)
(-16.441543 -11.387522 269.46108)
(-17.922713 -8.8756052 269.46108)
(-16.441545 -11.38752 272.45509)
(-17.922713 -8.8756044 272.45509)
(12.541886 -15.578867 254.49102)
(12.541886 -15.578867 257.48503)
(12.541886 -15.578867 260.47904)
(12.541886 -15.578867 263.47305)
(12.541886 -15.578867 266.46707)
(12.541887 -15.578867 269.46108)
(12.541887 -15.578866 272.45509)
(12.541887 -15.578866 275.4491)
(12.541887 -15.578866 278.44311)
(12.541887 -15.578866 281.43713)
(10.164909 -17.224245 266.46707)
(7.5207346 -18.532095 266.46707)
(4.6291405 -19.456903 266.46707)
(1.5704743 -19.938245 266.46707)
(7.5207351 -18.532095 263.47305)
(7.5207356 -18.532095 260.47904)
(7.5207361 -18.532095 257.48503)
(7.5207366 -18.532094 254.49102)
(10.164912 -17.224244 260.47904)
(10.16491 -17.224245 263.47305)
(10.164913 -17.224243 257.48503)
(10.164914 -17.224242 254.49102)
(1.5704733 -19.938245 260.47904)
(4.6291457 -19.456901 260.47904)
(1.5704738 -19.938245 263.47305)
(4.6291431 -19.456902 263.47305)
(1.5704724 -19.938245 254.49102)
(1.5704729 -19.938245 257.48503)
(4.6291508 -19.4569 254.49102)
(4.6291482 -19.456901 257.48503)
(10.164905 -17.224248 275.4491)
(7.520733 -18.532096 275.4491)
(4.6291329 -19.456904 275.4491)
(1.5704758 -19.938245 275.4491)
(7.5207335 -18.532096 272.45509)
(7.520734 -18.532095 269.46108)
(10.164906 -17.224247 272.45509)
(10.164908 -17.224246 269.46108)
(4.6291354 -19.456904 272.45509)
(4.629138 -19.456903 269.46108)
(1.5704753 -19.938245 272.45509)
(1.5704748 -19.938245 269.46108)
(7.5207319 -18.532096 281.43713)
(7.5207325 -18.532096 278.44311)
(10.164902 -17.224249 281.43713)
(10.164904 -17.224249 278.44311)
(4.6291277 -19.456906 281.43713)
(4.6291303 -19.456905 278.44311)
(1.5704767 -19.938245 281.43713)
(1.5704763 -19.938245 278.44311)
(19.755737 -3.1162217 266.46707)
(19.046535 -6.1015982 266.46707)
(17.922728 -8.8755736 266.46707)
(16.441521 -11.387554 266.46707)
(14.6396 -13.626522 266.46707)
(17.922728 -8.8755747 263.47305)
(17.922727 -8.8755759 260.47904)
(17.922727 -8.8755771 257.48503)
(17.922726 -8.8755782 254.49102)
(19.046533 -6.1016049 260.47904)
(19.755737 -3.1162245 260.47904)
(19.046534 -6.1016015 263.47305)
(19.755737 -3.1162231 263.47305)
(19.046531 -6.1016115 254.49102)
(19.046532 -6.1016082 257.48503)
(19.755737 -3.1162272 254.49102)
(19.755737 -3.1162259 257.48503)
(14.6396 -13.626522 260.47904)
(16.441519 -11.387556 260.47904)
(14.6396 -13.626522 263.47305)
(16.44152 -11.387555 263.47305)
(14.6396 -13.626522 257.48503)
(16.441518 -11.387558 257.48503)
(14.6396 -13.626522 254.49102)
(16.441517 -11.387559 254.49102)
(19.755738 -3.1162175 275.4491)
(19.046538 -6.1015883 275.4491)
(17.92273 -8.87557 275.4491)
(16.441524 -11.387549 275.4491)
(14.6396 -13.626523 275.4491)
(17.92273 -8.8755712 272.45509)
(17.922729 -8.8755724 269.46108)
(19.755738 -3.1162189 272.45509)
(19.755738 -3.1162203 269.46108)
(19.046537 -6.1015916 272.45509)
(19.046536 -6.1015949 269.46108)
(14.6396 -13.626523 272.45509)
(16.441523 -11.387551 272.45509)
(14.6396 -13.626523 269.46108)
(16.441522 -11.387552 269.46108)
(17.922731 -8.8755677 281.43713)
(17.922731 -8.8755689 278.44311)
(19.755739 -3.1162147 281.43713)
(19.755738 -3.1162161 278.44311)
(19.04654 -6.1015816 281.43713)
(19.046539 -6.1015849 278.44311)
(14.639599 -13.626523 281.43713)
(16.441526 -11.387546 281.43713)
(14.639599 -13.626523 278.44311)
(16.441525 -11.387548 278.44311)
(-19.755725 -3.1163002 125.7485)
(-19.046493 -6.1017295 125.7485)
(-17.922694 -8.875644 125.7485)
(-16.441485 -11.387606 125.7485)
(-14.639605 -13.626518 125.7485)
(-12.541896 -15.578859 125.7485)
(-10.164991 -17.224197 125.7485)
(-7.5207882 -18.532073 125.7485)
(-4.6292816 -19.456869 125.7485)
(-1.5704652 -19.938246 125.7485)
(1.5704515 -19.938247 125.7485)
(4.629261 -19.456874 125.7485)
(7.5207591 -18.532085 125.7485)
(10.164973 -17.224208 125.7485)
(12.541881 -15.578871 125.7485)
(14.639606 -13.626516 125.7485)
(16.441475 -11.387621 125.7485)
(17.922701 -8.8756287 125.7485)
(19.046485 -6.1017545 125.7485)
(19.755727 -3.1162872 125.7485)
(-19.755729 -3.1162774 188.62275)
(-19.046519 -6.1016472 188.62275)
(-17.922702 -8.875627 188.62276)
(-16.44151 -11.387569 188.62275)
(-14.639601 -13.626521 188.62275)
(-12.541906 -15.578851 188.62275)
(-10.164972 -17.224208 188.62275)
(-7.5207917 -18.532072 188.62275)
(-4.6292381 -19.456879 188.62275)
(-1.5704823 -19.938244 188.62275)
(1.5704617 -19.938246 188.62275)
(4.6292072 -19.456887 188.62275)
(7.5207481 -18.53209 188.62275)
(10.164944 -17.224224 188.62275)
(12.541883 -15.578869 188.62275)
(14.639603 -13.626519 188.62275)
(16.441496 -11.387591 188.62275)
(17.922713 -8.8756041 188.62276)
(19.046507 -6.1016846 188.62275)
(19.755732 -3.1162579 188.62275)
(-19.755731 -3.1162655 221.55689)
(-19.046533 -6.1016041 221.55689)
(-17.922706 -8.8756181 221.55689)
(-16.441524 -11.38755 221.55689)
(-14.639599 -13.626523 221.55689)
(-12.541912 -15.578846 221.55689)
(-10.164962 -17.224214 221.55689)
(-7.5207936 -18.532071 221.55689)
(-4.6292153 -19.456885 221.55689)
(-1.5704912 -19.938244 221.55689)
(1.570467 -19.938245 221.55689)
(4.629179 -19.456893 221.55689)
(7.5207424 -18.532092 221.55689)
(10.164929 -17.224233 221.55689)
(12.541885 -15.578868 221.55689)
(14.639602 -13.62652 221.55689)
(16.441506 -11.387575 221.55689)
(17.92272 -8.8755912 221.55689)
(19.046519 -6.1016481 221.55689)
(19.755734 -3.1162426 221.55689)
(-1.570492 -19.938244 224.5509)
(-1.5704929 -19.938243 227.54491)
(-1.5704937 -19.938243 230.53892)
(-1.5704945 -19.938243 233.53293)
(-1.5704953 -19.938243 236.52695)
(-1.5704961 -19.938243 239.52096)
(-1.5704969 -19.938243 242.51497)
(-1.5704977 -19.938243 245.50898)
(-1.5704985 -19.938243 248.50299)
(-4.629205 -19.456887 236.52695)
(-7.5207944 -18.532071 236.52695)
(-10.164958 -17.224217 236.52695)
(-12.541914 -15.578844 236.52695)
(-14.639598 -13.626524 236.52695)
(-16.44153 -11.387541 236.52695)
(-17.922708 -8.8756141 236.52695)
(-19.046539 -6.1015845 236.52695)
(-19.755731 -3.1162601 236.52695)
(-14.639599 -13.626524 233.53293)
(-14.639599 -13.626524 230.53892)
(-14.639599 -13.626524 227.54491)
(-14.639599 -13.626523 224.5509)
(-12.541913 -15.578845 230.53892)
(-10.16496 -17.224215 230.53892)
(-7.5207941 -18.532071 230.53892)
(-4.6292091 -19.456886 230.53892)
(-10.164959 -17.224216 233.53293)
(-12.541914 -15.578845 233.53293)
(-7.5207942 -18.532071 233.53293)
(-4.6292071 -19.456887 233.53293)
(-10.164961 -17.224214 224.5509)
(-10.16496 -17.224215 227.54491)
(-12.541912 -15.578846 224.5509)
(-12.541913 -15.578845 227.54491)
(-7.5207937 -18.532071 224.5509)
(-7.5207939 -18.532071 227.54491)
(-4.6292133 -19.456885 224.5509)
(-4.6292112 -19.456886 227.54491)
(-17.922708 -8.8756149 233.53293)
(-17.922708 -8.8756157 230.53892)
(-17.922707 -8.8756165 227.54491)
(-17.922707 -8.8756173 224.5509)
(-16.441528 -11.387545 230.53892)
(-16.441529 -11.387543 233.53293)
(-16.441526 -11.387546 227.54491)
(-16.441525 -11.387548 224.5509)
(-19.755731 -3.1162622 230.53892)
(-19.046537 -6.1015923 230.53892)
(-19.755731 -3.1162612 233.53293)
(-19.046538 -6.1015884 233.53293)
(-19.755731 -3.1162644 224.5509)
(-19.755731 -3.1162633 227.54491)
(-19.046534 -6.1016002 224.5509)
(-19.046536 -6.1015963 227.54491)
(-14.639598 -13.626525 248.50299)
(-14.639598 -13.626525 245.50898)
(-14.639598 -13.626524 242.51497)
(-14.639598 -13.626524 239.52096)
(-12.541916 -15.578843 245.50898)
(-10.164955 -17.224218 245.50898)
(-7.5207949 -18.532071 245.50898)
(-4.6291988 -19.456889 245.50898)
(-10.164954 -17.224219 248.50299)
(-12.541916 -15.578843 248.50299)
(-7.5207951 -18.532071 248.50299)
(-4.6291967 -19.456889 248.50299)
(-10.164957 -17.224217 239.52096)
(-10.164956 -17.224218 242.51497)
(-12.541915 -15.578844 239.52096)
(-12.541915 -15.578843 242.51497)
(-7.5207946 -18.532071 239.52096)
(-7.5207947 -18.532071 242.51497)
(-4.6292029 -19.456888 239.52096)
(-4.6292008 -19.456888 242.51497)
(-17.92271 -8.8756109 248.50299)
(-17.92271 -8.8756117 245.50898)
(-17.922709 -8.8756125 242.51497)
(-17.922709 -8.8756133 239.52096)
(-16.441534 -11.387536 245.50898)
(-16.441535 -11.387534 248.50299)
(-16.441532 -11.387538 242.51497)
(-16.441531 -11.387539 239.52096)
(-19.755732 -3.1162568 245.50898)
(-19.046543 -6.1015728 245.50898)
(-19.755732 -3.1162557 248.50299)
(-19.046545 -6.1015688 248.50299)
(-19.755732 -3.116259 239.52096)
(-19.755732 -3.1162579 242.51497)
(-19.046541 -6.1015806 239.52096)
(-19.046542 -6.1015767 242.51497)
(12.541885 -15.578868 224.5509)
(12.541885 -15.578868 227.54491)
(12.541885 -15.578868 230.53892)
(12.541885 -15.578868 233.53293)
(12.541885 -15.578868 236.52695)
(12.541885 -15.578868 239.52096)
(12.541885 -15.578867 242.51497)
(12.541886 -15.578867 245.50898)
(12.541886 -15.578867 248.50299)
(10.164923 -17.224237 236.52695)
(7.5207398 -18.532093 236.52695)
(4.6291662 -19.456896 236.52695)
(1.5704695 -19.938245 236.52695)
(7.5207403 -18.532093 233.53293)
(7.5207408 -18.532093 230.53892)
(7.5207414 -18.532092 227.54491)
(7.5207419 -18.532092 224.5509)
(10.164925 -17.224236 230.53892)
(10.164924 -17.224236 233.53293)
(10.164927 -17.224235 227.54491)
(10.164928 -17.224234 224.5509)
(1.5704685 -19.938245 230.53892)
(4.6291713 -19.456895 230.53892)
(1.570469 -19.938245 233.53293)
(4.6291687 -19.456896 233.53293)
(1.5704675 -19.938245 224.5509)
(1.570468 -19.938245 227.54491)
(4.6291764 -19.456894 224.5509)
(4.6291738 -19.456895 227.54491)
(7.5207377 -18.532094 248.50299)
(7.5207382 -18.532094 245.50898)
(7.5207387 -18.532093 242.51497)
(7.5207393 -18.532093 239.52096)
(10.164918 -17.22424 245.50898)
(10.164917 -17.224241 248.50299)
(10.16492 -17.224239 242.51497)
(10.164921 -17.224238 239.52096)
(1.5704709 -19.938245 245.50898)
(4.6291585 -19.456898 245.50898)
(1.5704714 -19.938245 248.50299)
(4.6291559 -19.456899 248.50299)
(1.5704699 -19.938245 239.52096)
(1.5704704 -19.938245 242.51497)
(4.6291636 -19.456897 239.52096)
(4.629161 -19.456898 242.51497)
(19.755735 -3.1162356 236.52695)
(19.046524 -6.1016315 236.52695)
(17.922723 -8.8755853 236.52695)
(16.441511 -11.387568 236.52695)
(14.639601 -13.626521 236.52695)
(17.922722 -8.8755865 233.53293)
(17.922721 -8.8755876 230.53892)
(17.922721 -8.8755888 227.54491)
(17.92272 -8.87559 224.5509)
(19.046522 -6.1016381 230.53892)
(19.755735 -3.1162384 230.53892)
(19.046523 -6.1016348 233.53293)
(19.755735 -3.116237 233.53293)
(19.04652 -6.1016448 224.5509)
(19.046521 -6.1016414 227.54491)
(19.755734 -3.1162412 224.5509)
(19.755735 -3.1162398 227.54491)
(14.639602 -13.626521 230.53892)
(16.441509 -11.387571 230.53892)
(14.639601 -13.626521 233.53293)
(16.44151 -11.387569 233.53293)
(14.639602 -13.626521 227.54491)
(16.441508 -11.387572 227.54491)
(14.639602 -13.62652 224.5509)
(16.441507 -11.387574 224.5509)
(17.922725 -8.8755806 248.50299)
(17.922724 -8.8755818 245.50898)
(17.922724 -8.8755829 242.51497)
(17.922723 -8.8755841 239.52096)
(19.046528 -6.1016215 245.50898)
(19.755736 -3.1162314 245.50898)
(19.046529 -6.1016182 248.50299)
(19.755736 -3.11623 248.50299)
(19.046526 -6.1016281 239.52096)
(19.046527 -6.1016248 242.51497)
(19.755735 -3.1162342 239.52096)
(19.755736 -3.1162328 242.51497)
(14.639601 -13.626521 245.50898)
(16.441514 -11.387564 245.50898)
(14.639601 -13.626522 248.50299)
(16.441515 -11.387562 248.50299)
(14.639601 -13.626521 242.51497)
(16.441513 -11.387565 242.51497)
(14.639601 -13.626521 239.52096)
(16.441512 -11.387566 239.52096)
(-1.5704831 -19.938244 191.61677)
(-1.5704839 -19.938244 194.61078)
(-1.5704847 -19.938244 197.60479)
(-1.5704856 -19.938244 200.5988)
(-1.5704864 -19.938244 203.59281)
(-1.5704872 -19.938244 206.58683)
(-1.570488 -19.938244 209.58084)
(-1.5704888 -19.938244 212.57485)
(-1.5704896 -19.938244 215.56886)
(-1.5704904 -19.938244 218.56287)
(-4.6292278 -19.456882 203.59281)
(-7.5207926 -18.532072 203.59281)
(-10.164968 -17.224211 203.59281)
(-12.541909 -15.578849 203.59281)
(-14.6396 -13.626522 203.59281)
(-16.441517 -11.38756 203.59281)
(-17.922704 -8.875623 203.59282)
(-19.046526 -6.1016276 203.59281)
(-19.75573 -3.116272 203.59281)
(-14.6396 -13.626522 200.5988)
(-14.639601 -13.626522 197.60479)
(-14.639601 -13.626522 194.61078)
(-14.639601 -13.626521 191.61677)
(-12.541908 -15.578849 197.60479)
(-10.16497 -17.22421 197.60479)
(-7.5207922 -18.532072 197.60479)
(-4.6292319 -19.456881 197.60479)
(-10.164969 -17.22421 200.5988)
(-12.541908 -15.578849 200.5988)
(-7.5207924 -18.532072 200.5988)
(-4.6292298 -19.456881 200.5988)
(-10.164971 -17.224208 191.61677)
(-10.16497 -17.224209 194.61078)
(-12.541907 -15.57885 191.61677)
(-12.541907 -15.57885 194.61078)
(-7.5207919 -18.532072 191.61677)
(-7.520792 -18.532072 194.61078)
(-4.629236 -19.45688 191.61677)
(-4.629234 -19.45688 194.61078)
(-17.922704 -8.8756238 200.5988)
(-17.922703 -8.8756246 197.60479)
(-17.922703 -8.8756254 194.61078)
(-17.922702 -8.8756262 191.61677)
(-16.441514 -11.387564 197.60479)
(-16.441515 -11.387562 200.5988)
(-16.441513 -11.387566 194.61078)
(-16.441512 -11.387567 191.61677)
(-19.755729 -3.1162742 197.60479)
(-19.046523 -6.1016355 197.60479)
(-19.755729 -3.1162731 200.5988)
(-19.046524 -6.1016315 200.5988)
(-19.755729 -3.1162763 191.61677)
(-19.755729 -3.1162753 194.61078)
(-19.046521 -6.1016433 191.61677)
(-19.046522 -6.1016394 194.61078)
(-14.639599 -13.626523 218.56287)
(-14.6396 -13.626523 215.56886)
(-14.6396 -13.626523 212.57485)
(-14.6396 -13.626523 209.58084)
(-14.6396 -13.626522 206.58683)
(-12.54191 -15.578847 212.57485)
(-10.164965 -17.224212 212.57485)
(-7.5207931 -18.532071 212.57485)
(-4.6292215 -19.456883 212.57485)
(-10.164964 -17.224213 215.56886)
(-10.164963 -17.224213 218.56287)
(-12.541911 -15.578847 215.56886)
(-12.541911 -15.578847 218.56287)
(-7.5207932 -18.532071 215.56886)
(-7.5207934 -18.532071 218.56287)
(-4.6292195 -19.456884 215.56886)
(-4.6292174 -19.456884 218.56287)
(-10.164967 -17.224211 206.58683)
(-10.164966 -17.224212 209.58084)
(-12.541909 -15.578848 206.58683)
(-12.54191 -15.578848 209.58084)
(-7.5207927 -18.532072 206.58683)
(-7.5207929 -18.532072 209.58084)
(-4.6292257 -19.456882 206.58683)
(-4.6292236 -19.456883 209.58084)
(-19.75573 -3.1162688 212.57485)
(-19.046529 -6.1016159 212.57485)
(-17.922705 -8.8756206 212.57485)
(-16.44152 -11.387555 212.57485)
(-19.046531 -6.1016119 215.56886)
(-19.046532 -6.101608 218.56287)
(-19.75573 -3.1162677 215.56886)
(-19.75573 -3.1162666 218.56287)
(-16.441521 -11.387553 215.56886)
(-17.922706 -8.8756198 215.56886)
(-16.441523 -11.387552 218.56287)
(-17.922706 -8.8756189 218.56287)
(-19.046527 -6.1016237 206.58683)
(-19.046528 -6.1016198 209.58084)
(-19.75573 -3.1162709 206.58683)
(-19.75573 -3.1162698 209.58084)
(-16.441518 -11.387559 206.58683)
(-17.922704 -8.8756222 206.58683)
(-16.441519 -11.387557 209.58084)
(-17.922705 -8.8756214 209.58084)
(12.541883 -15.578869 191.61677)
(12.541883 -15.578869 194.61078)
(12.541884 -15.578869 197.60479)
(12.541884 -15.578869 200.5988)
(12.541884 -15.578869 203.59281)
(12.541884 -15.578869 206.58683)
(12.541884 -15.578869 209.58084)
(12.541884 -15.578868 212.57485)
(12.541884 -15.578868 215.56886)
(12.541884 -15.578868 218.56287)
(10.164937 -17.224228 203.59281)
(7.5207455 -18.532091 203.59281)
(4.6291943 -19.45689 203.59281)
(1.5704641 -19.938246 203.59281)
(7.5207461 -18.532091 200.5988)
(7.5207466 -18.53209 197.60479)
(7.5207471 -18.53209 194.61078)
(7.5207476 -18.53209 191.61677)
(10.16494 -17.224227 197.60479)
(10.164939 -17.224228 200.5988)
(10.164942 -17.224226 194.61078)
(10.164943 -17.224225 191.61677)
(1.5704631 -19.938246 197.60479)
(4.6291995 -19.456889 197.60479)
(1.5704636 -19.938246 200.5988)
(4.6291969 -19.456889 200.5988)
(1.5704622 -19.938246 191.61677)
(1.5704627 -19.938246 194.61078)
(4.6292046 -19.456887 191.61677)
(4.629202 -19.456888 194.61078)
(10.164933 -17.224231 212.57485)
(7.520744 -18.532091 212.57485)
(4.6291867 -19.456892 212.57485)
(1.5704656 -19.938246 212.57485)
(7.5207445 -18.532091 209.58084)
(7.520745 -18.532091 206.58683)
(10.164935 -17.22423 209.58084)
(10.164936 -17.224229 206.58683)
(4.6291892 -19.456891 209.58084)
(4.6291918 -19.45689 206.58683)
(1.5704651 -19.938246 209.58084)
(1.5704646 -19.938246 206.58683)
(7.5207429 -18.532092 218.56287)
(7.5207434 -18.532092 215.56886)
(10.164931 -17.224232 218.56287)
(10.164932 -17.224232 215.56886)
(4.6291815 -19.456893 218.56287)
(4.6291841 -19.456892 215.56886)
(1.5704665 -19.938246 218.56287)
(1.5704661 -19.938246 215.56886)
(19.755733 -3.116251 203.59281)
(19.046513 -6.101668 203.59281)
(17.922716 -8.8755982 203.59281)
(16.441501 -11.387584 203.59281)
(14.639603 -13.626519 203.59281)
(17.922716 -8.8755994 200.5988)
(17.922715 -8.8756005 197.60479)
(17.922714 -8.8756017 194.61078)
(17.922714 -8.8756029 191.61677)
(19.046511 -6.1016747 197.60479)
(19.755732 -3.1162537 197.60479)
(19.046512 -6.1016714 200.5988)
(19.755733 -3.1162523 200.5988)
(19.046508 -6.1016813 191.61677)
(19.04651 -6.101678 194.61078)
(19.755732 -3.1162565 191.61677)
(19.755732 -3.1162551 194.61078)
(14.639603 -13.626519 197.60479)
(16.441499 -11.387586 197.60479)
(14.639603 -13.626519 200.5988)
(16.4415 -11.387585 200.5988)
(14.639603 -13.626519 194.61078)
(16.441498 -11.387588 194.61078)
(14.639603 -13.626519 191.61677)
(16.441497 -11.387589 191.61677)
(19.755734 -3.1162468 212.57485)
(19.046516 -6.1016581 212.57485)
(17.922718 -8.8755947 212.57485)
(16.441504 -11.387579 212.57485)
(14.639602 -13.62652 212.57485)
(17.922717 -8.8755959 209.58084)
(17.922717 -8.875597 206.58683)
(19.755733 -3.1162482 209.58084)
(19.755733 -3.1162496 206.58683)
(19.046515 -6.1016614 209.58084)
(19.046514 -6.1016647 206.58683)
(14.639602 -13.62652 209.58084)
(16.441503 -11.387581 209.58084)
(14.639603 -13.62652 206.58683)
(16.441502 -11.387582 206.58683)
(17.922719 -8.8755923 218.56287)
(17.922719 -8.8755935 215.56886)
(19.755734 -3.116244 218.56287)
(19.755734 -3.1162454 215.56886)
(19.046518 -6.1016514 218.56287)
(19.046517 -6.1016547 215.56886)
(14.639602 -13.62652 218.56287)
(16.441506 -11.387576 218.56287)
(14.639602 -13.62652 215.56886)
(16.441505 -11.387578 215.56886)
(-19.755727 -3.1162883 158.68263)
(-19.046507 -6.1016864 158.68263)
(-17.922698 -8.8756351 158.68264)
(-16.441498 -11.387587 158.68264)
(-14.639603 -13.626519 158.68263)
(-12.541902 -15.578854 158.68263)
(-10.164981 -17.224203 158.68263)
(-7.52079 -18.532073 158.68264)
(-4.6292588 -19.456874 158.68263)
(-1.5704742 -19.938245 158.68263)
(1.5704568 -19.938246 158.68263)
(4.6292328 -19.456881 158.68263)
(7.5207534 -18.532088 158.68264)
(10.164958 -17.224216 158.68264)
(12.541882 -15.57887 158.68263)
(14.639605 -13.626517 158.68263)
(16.441486 -11.387605 158.68264)
(17.922708 -8.8756158 158.68264)
(19.046497 -6.1017179 158.68264)
(19.75573 -3.1162719 158.68263)
(-1.570475 -19.938245 161.67665)
(-1.5704758 -19.938245 164.67066)
(-1.5704766 -19.938245 167.66467)
(-1.5704774 -19.938245 170.65868)
(-1.5704782 -19.938245 173.65269)
(-1.5704791 -19.938245 176.64671)
(-1.5704799 -19.938244 179.64072)
(-1.5704807 -19.938244 182.63473)
(-1.5704815 -19.938244 185.62874)
(-4.6292485 -19.456877 173.65269)
(-7.5207909 -18.532072 173.65269)
(-10.164977 -17.224205 173.65269)
(-12.541904 -15.578852 173.65269)
(-14.639602 -13.62652 173.65269)
(-16.441504 -11.387578 173.65269)
(-17.9227 -8.8756311 173.6527)
(-19.046513 -6.1016668 173.65269)
(-19.755728 -3.1162829 173.65269)
(-14.639602 -13.62652 170.65868)
(-14.639602 -13.62652 167.66467)
(-14.639602 -13.62652 164.67066)
(-14.639603 -13.62652 161.67665)
(-12.541903 -15.578853 167.66467)
(-10.164979 -17.224204 167.66467)
(-7.5207905 -18.532072 167.66467)
(-4.6292526 -19.456876 167.66467)
(-10.164978 -17.224205 170.65868)
(-12.541903 -15.578853 170.65868)
(-7.5207907 -18.532072 170.65868)
(-4.6292505 -19.456876 170.65868)
(-10.16498 -17.224203 161.67665)
(-10.16498 -17.224204 164.67066)
(-12.541902 -15.578854 161.67665)
(-12.541903 -15.578854 164.67066)
(-7.5207902 -18.532073 161.67665)
(-7.5207904 -18.532073 164.67066)
(-4.6292568 -19.456875 161.67665)
(-4.6292547 -19.456875 164.67066)
(-17.9227 -8.8756319 170.65868)
(-17.922699 -8.8756327 167.66467)
(-17.922699 -8.8756335 164.67066)
(-17.922698 -8.8756343 161.67665)
(-16.441502 -11.387582 167.66467)
(-16.441503 -11.38758 170.65868)
(-16.441501 -11.387583 164.67066)
(-16.441499 -11.387585 161.67665)
(-19.755727 -3.116285 167.66467)
(-19.046511 -6.1016746 167.66467)
(-19.755728 -3.1162839 170.65868)
(-19.046512 -6.1016707 170.65868)
(-19.755727 -3.1162872 161.67665)
(-19.755727 -3.1162861 164.67066)
(-19.046508 -6.1016825 161.67665)
(-19.046509 -6.1016786 164.67066)
(-14.639601 -13.626521 185.62874)
(-14.639601 -13.626521 182.63473)
(-14.639602 -13.626521 179.64072)
(-14.639602 -13.626521 176.64671)
(-12.541905 -15.578851 182.63473)
(-10.164974 -17.224207 182.63473)
(-7.5207914 -18.532072 182.63473)
(-4.6292423 -19.456878 182.63473)
(-10.164973 -17.224207 185.62874)
(-12.541906 -15.578851 185.62874)
(-7.5207915 -18.532072 185.62874)
(-4.6292402 -19.456879 185.62874)
(-10.164976 -17.224206 176.64671)
(-10.164975 -17.224206 179.64072)
(-12.541904 -15.578852 176.64671)
(-12.541905 -15.578852 179.64072)
(-7.520791 -18.532072 176.64671)
(-7.5207912 -18.532072 179.64072)
(-4.6292464 -19.456877 176.64671)
(-4.6292443 -19.456878 179.64072)
(-17.922702 -8.8756279 185.62874)
(-17.922701 -8.8756287 182.63473)
(-17.922701 -8.8756295 179.64072)
(-17.9227 -8.8756303 176.64671)
(-16.441508 -11.387573 182.63473)
(-16.441509 -11.387571 185.62874)
(-16.441507 -11.387575 179.64072)
(-16.441506 -11.387576 176.64671)
(-19.755728 -3.1162796 182.63473)
(-19.046517 -6.101655 182.63473)
(-19.755728 -3.1162785 185.62874)
(-19.046518 -6.1016511 185.62874)
(-19.755728 -3.1162818 176.64671)
(-19.755728 -3.1162807 179.64072)
(-19.046514 -6.1016629 176.64671)
(-19.046516 -6.101659 179.64072)
(12.541882 -15.57887 161.67665)
(12.541882 -15.57887 164.67066)
(12.541882 -15.57887 167.66467)
(12.541882 -15.57887 170.65868)
(12.541883 -15.57887 173.65269)
(12.541883 -15.57887 176.64671)
(12.541883 -15.578869 179.64072)
(12.541883 -15.578869 182.63473)
(12.541883 -15.578869 185.62874)
(10.164951 -17.22422 173.65269)
(7.5207508 -18.532089 173.65269)
(4.62922 -19.456884 173.65269)
(1.5704593 -19.938246 173.65269)
(7.5207513 -18.532088 170.65868)
(7.5207518 -18.532088 167.66467)
(7.5207523 -18.532088 164.67066)
(7.5207529 -18.532088 161.67665)
(10.164954 -17.224219 167.66467)
(10.164952 -17.22422 170.65868)
(10.164955 -17.224218 164.67066)
(10.164956 -17.224217 161.67665)
(1.5704583 -19.938246 167.66467)
(4.6292251 -19.456882 167.66467)
(1.5704588 -19.938246 170.65868)
(4.6292225 -19.456883 170.65868)
(1.5704573 -19.938246 161.67665)
(1.5704578 -19.938246 164.67066)
(4.6292302 -19.456881 161.67665)
(4.6292277 -19.456882 164.67066)
(7.5207487 -18.532089 185.62874)
(7.5207492 -18.532089 182.63473)
(7.5207497 -18.532089 179.64072)
(7.5207502 -18.532089 176.64671)
(10.164947 -17.224223 182.63473)
(10.164946 -17.224224 185.62874)
(10.164948 -17.224222 179.64072)
(10.16495 -17.224221 176.64671)
(1.5704607 -19.938246 182.63473)
(4.6292123 -19.456886 182.63473)
(1.5704612 -19.938246 185.62874)
(4.6292097 -19.456886 185.62874)
(1.5704597 -19.938246 176.64671)
(1.5704602 -19.938246 179.64072)
(4.6292174 -19.456884 176.64671)
(4.6292148 -19.456885 179.64072)
(19.755731 -3.1162649 173.65269)
(19.046502 -6.1017013 173.65269)
(17.92271 -8.8756099 173.6527)
(16.441491 -11.387598 173.65269)
(14.639604 -13.626518 173.65269)
(17.92271 -8.8756111 170.65868)
(17.922709 -8.8756123 167.66467)
(17.922709 -8.8756135 164.67066)
(17.922708 -8.8756146 161.67665)
(19.0465 -6.1017079 167.66467)
(19.75573 -3.1162677 167.66467)
(19.046501 -6.1017046 170.65868)
(19.75573 -3.1162663 170.65868)
(19.046498 -6.1017146 161.67665)
(19.046499 -6.1017112 164.67066)
(19.75573 -3.1162705 161.67665)
(19.75573 -3.1162691 164.67066)
(14.639604 -13.626518 167.66467)
(16.441489 -11.387601 167.66467)
(14.639604 -13.626518 170.65868)
(16.44149 -11.387599 170.65868)
(14.639604 -13.626518 164.67066)
(16.441488 -11.387602 164.67066)
(14.639605 -13.626518 161.67665)
(16.441487 -11.387603 161.67665)
(17.922713 -8.8756052 185.62874)
(17.922712 -8.8756064 182.63473)
(17.922712 -8.8756076 179.64072)
(17.922711 -8.8756088 176.64671)
(19.046505 -6.1016913 182.63473)
(19.755731 -3.1162607 182.63473)
(19.046506 -6.101688 185.62874)
(19.755732 -3.1162593 185.62874)
(19.046503 -6.1016979 176.64671)
(19.046504 -6.1016946 179.64072)
(19.755731 -3.1162635 176.64671)
(19.755731 -3.1162621 179.64072)
(14.639604 -13.626518 182.63473)
(16.441494 -11.387593 182.63473)
(14.639603 -13.626519 185.62874)
(16.441495 -11.387592 185.62874)
(14.639604 -13.626518 179.64072)
(16.441493 -11.387595 179.64072)
(14.639604 -13.626518 176.64671)
(16.441492 -11.387596 176.64671)
(-1.5704661 -19.938246 128.74251)
(-1.5704669 -19.938246 131.73653)
(-1.5704677 -19.938245 134.73054)
(-1.5704685 -19.938245 137.72455)
(-1.5704693 -19.938245 140.71856)
(-1.5704701 -19.938245 143.71257)
(-1.5704709 -19.938245 146.70659)
(-1.5704717 -19.938245 149.7006)
(-1.5704726 -19.938245 152.69461)
(-1.5704734 -19.938245 155.68862)
(-4.6292713 -19.456871 140.71856)
(-7.520789 -18.532073 140.71856)
(-10.164987 -17.224199 140.71856)
(-12.541899 -15.578857 140.71856)
(-14.639604 -13.626518 140.71856)
(-16.441491 -11.387597 140.71856)
(-17.922696 -8.87564 140.71856)
(-19.046499 -6.1017099 140.71856)
(-19.755726 -3.1162948 140.71856)
(-14.639604 -13.626518 137.72455)
(-14.639604 -13.626518 134.73054)
(-14.639604 -13.626518 131.73653)
(-14.639604 -13.626518 128.74251)
(-12.541898 -15.578858 134.73054)
(-10.164989 -17.224198 134.73054)
(-7.5207887 -18.532073 134.73054)
(-4.6292754 -19.45687 134.73054)
(-10.164988 -17.224199 137.72455)
(-12.541898 -15.578857 137.72455)
(-7.5207888 -18.532073 137.72455)
(-4.6292733 -19.456871 137.72455)
(-10.164991 -17.224197 128.74251)
(-10.16499 -17.224198 131.73653)
(-12.541897 -15.578858 128.74251)
(-12.541897 -15.578858 131.73653)
(-7.5207883 -18.532073 128.74252)
(-7.5207885 -18.532073 131.73653)
(-4.6292795 -19.456869 128.74252)
(-4.6292775 -19.45687 131.73653)
(-17.922695 -8.8756408 137.72455)
(-17.922695 -8.8756416 134.73054)
(-17.922694 -8.8756424 131.73653)
(-17.922694 -8.8756432 128.74252)
(-16.441488 -11.387601 134.73054)
(-16.44149 -11.387599 137.72455)
(-16.441487 -11.387603 131.73653)
(-16.441486 -11.387605 128.74252)
(-19.755726 -3.116297 134.73054)
(-19.046497 -6.1017177 134.73054)
(-19.755726 -3.1162959 137.72455)
(-19.046498 -6.1017138 137.72455)
(-19.755725 -3.1162991 128.74251)
(-19.755725 -3.1162981 131.73653)
(-19.046494 -6.1017256 128.74252)
(-19.046496 -6.1017217 131.73653)
(-14.639603 -13.626519 155.68862)
(-14.639603 -13.626519 152.69461)
(-14.639603 -13.626519 149.7006)
(-14.639603 -13.626519 146.70659)
(-14.639604 -13.626519 143.71257)
(-12.5419 -15.578856 149.7006)
(-10.164984 -17.224201 149.7006)
(-7.5207895 -18.532073 149.7006)
(-4.629265 -19.456873 149.7006)
(-10.164983 -17.224201 152.69461)
(-10.164982 -17.224202 155.68862)
(-12.541901 -15.578855 152.69461)
(-12.541901 -15.578855 155.68862)
(-7.5207897 -18.532073 152.69461)
(-7.5207899 -18.532073 155.68862)
(-4.629263 -19.456873 152.69461)
(-4.6292609 -19.456874 155.68862)
(-10.164986 -17.2242 143.71257)
(-10.164985 -17.2242 146.70659)
(-12.541899 -15.578856 143.71257)
(-12.5419 -15.578856 146.70659)
(-7.5207892 -18.532073 143.71258)
(-7.5207894 -18.532073 146.70659)
(-4.6292692 -19.456872 143.71258)
(-4.6292671 -19.456872 146.70659)
(-19.755726 -3.1162915 149.7006)
(-19.046503 -6.1016981 149.7006)
(-17.922697 -8.8756376 149.7006)
(-16.441495 -11.387592 149.7006)
(-19.046504 -6.1016942 152.69461)
(-19.046506 -6.1016903 155.68862)
(-19.755727 -3.1162905 152.69461)
(-19.755727 -3.1162894 155.68862)
(-16.441496 -11.38759 152.69461)
(-17.922697 -8.8756368 152.69461)
(-16.441497 -11.387589 155.68862)
(-17.922698 -8.8756359 155.68862)
(-19.046501 -6.101706 143.71257)
(-19.046502 -6.1017021 146.70659)
(-19.755726 -3.1162937 143.71257)
(-19.755726 -3.1162926 146.70659)
(-16.441492 -11.387596 143.71258)
(-17.922696 -8.8756392 143.71258)
(-16.441493 -11.387594 146.70659)
(-17.922696 -8.8756384 146.70659)
(12.541881 -15.578871 128.74251)
(12.541881 -15.578871 131.73653)
(12.541881 -15.578871 134.73054)
(12.541881 -15.578871 137.72455)
(12.541881 -15.578871 140.71856)
(12.541881 -15.578871 143.71257)
(12.541882 -15.578871 146.70659)
(12.541882 -15.57887 149.7006)
(12.541882 -15.57887 152.69461)
(12.541882 -15.57887 155.68862)
(10.164966 -17.224212 140.71856)
(7.5207565 -18.532086 140.71856)
(4.6292481 -19.456877 140.71856)
(1.5704539 -19.938247 140.71856)
(7.520757 -18.532086 137.72455)
(7.5207576 -18.532086 134.73054)
(7.5207581 -18.532086 131.73653)
(7.5207586 -18.532085 128.74252)
(10.164969 -17.22421 134.73054)
(10.164967 -17.224211 137.72455)
(10.16497 -17.224209 131.73653)
(10.164971 -17.224208 128.74252)
(1.5704529 -19.938247 134.73054)
(4.6292533 -19.456876 134.73054)
(1.5704534 -19.938247 137.72455)
(4.6292507 -19.456876 137.72455)
(1.570452 -19.938247 128.74251)
(1.5704525 -19.938247 131.73653)
(4.6292584 -19.456875 128.74251)
(4.6292558 -19.456875 131.73653)
(10.164962 -17.224214 149.7006)
(7.5207549 -18.532087 149.7006)
(4.6292405 -19.456879 149.7006)
(1.5704554 -19.938246 149.7006)
(7.5207555 -18.532087 146.70659)
(7.520756 -18.532086 143.71258)
(10.164963 -17.224213 146.70659)
(10.164965 -17.224212 143.71258)
(4.629243 -19.456878 146.70659)
(4.6292456 -19.456878 143.71257)
(1.5704549 -19.938246 146.70659)
(1.5704544 -19.938246 143.71257)
(7.5207539 -18.532087 155.68862)
(7.5207544 -18.532087 152.69461)
(10.164959 -17.224216 155.68862)
(10.164961 -17.224215 152.69461)
(4.6292353 -19.45688 155.68862)
(4.6292379 -19.456879 152.69461)
(1.5704563 -19.938246 155.68862)
(1.5704559 -19.938246 152.69461)
(19.755728 -3.1162802 140.71856)
(19.04649 -6.1017378 140.71856)
(17.922704 -8.8756228 140.71856)
(16.44148 -11.387613 140.71856)
(14.639605 -13.626517 140.71856)
(17.922703 -8.875624 137.72455)
(17.922703 -8.8756252 134.73054)
(17.922702 -8.8756264 131.73653)
(17.922702 -8.8756275 128.74252)
(19.046488 -6.1017445 134.73054)
(19.755728 -3.116283 134.73054)
(19.046489 -6.1017412 137.72455)
(19.755728 -3.1162816 137.72455)
(19.046486 -6.1017511 128.74252)
(19.046487 -6.1017478 131.73653)
(19.755727 -3.1162858 128.74251)
(19.755728 -3.1162844 131.73653)
(14.639606 -13.626516 134.73054)
(16.441478 -11.387616 134.73054)
(14.639606 -13.626516 137.72455)
(16.441479 -11.387615 137.72455)
(14.639606 -13.626516 131.73653)
(16.441477 -11.387618 131.73653)
(14.639606 -13.626516 128.74252)
(16.441476 -11.387619 128.74252)
(19.755729 -3.1162761 149.7006)
(19.046494 -6.1017279 149.7006)
(17.922706 -8.8756193 149.7006)
(16.441483 -11.387609 149.7006)
(14.639605 -13.626517 149.7006)
(17.922705 -8.8756205 146.70659)
(17.922705 -8.8756217 143.71258)
(19.755729 -3.1162775 146.70659)
(19.755728 -3.1162788 143.71257)
(19.046492 -6.1017312 146.70659)
(19.046491 -6.1017345 143.71258)
(14.639605 -13.626517 146.70659)
(16.441482 -11.387611 146.70659)
(14.639605 -13.626517 143.71257)
(16.441481 -11.387612 143.71258)
(17.922707 -8.875617 155.68862)
(17.922706 -8.8756182 152.69461)
(19.755729 -3.1162733 155.68862)
(19.755729 -3.1162747 152.69461)
(19.046496 -6.1017212 155.68862)
(19.046495 -6.1017245 152.69461)
(14.639605 -13.626517 155.68862)
(16.441485 -11.387606 155.68862)
(14.639605 -13.626517 152.69461)
(16.441484 -11.387608 152.69461)
(-19.755721 -3.116323 62.874251)
(-19.046467 -6.1018118 62.874252)
(-17.922685 -8.875661 62.874252)
(-16.441459 -11.387643 62.874252)
(-14.639608 -13.626514 62.874252)
(-12.541886 -15.578867 62.874251)
(-10.165011 -17.224185 62.874252)
(-7.5207846 -18.532075 62.874252)
(-4.6293251 -19.456859 62.874252)
(-1.5704482 -19.938247 62.874251)
(1.5704413 -19.938248 62.874251)
(4.6293148 -19.456861 62.874252)
(7.5207701 -18.532081 62.874252)
(10.165001 -17.224191 62.874252)
(12.541878 -15.578873 62.874252)
(14.639609 -13.626513 62.874252)
(16.441454 -11.38765 62.874252)
(17.922689 -8.8756534 62.874252)
(19.046463 -6.1018243 62.874252)
(19.755723 -3.1163165 62.874251)
(-19.755723 -3.1163111 95.808383)
(-19.04648 -6.1017687 95.808383)
(-17.92269 -8.8756521 95.808384)
(-16.441473 -11.387624 95.808384)
(-14.639606 -13.626516 95.808383)
(-12.541891 -15.578863 95.808383)
(-10.165001 -17.224191 95.808383)
(-7.5207865 -18.532074 95.808384)
(-4.6293023 -19.456864 95.808383)
(-1.5704571 -19.938246 95.808383)
(1.5704466 -19.938247 95.808383)
(4.6292866 -19.456868 95.808383)
(7.5207643 -18.532083 95.808384)
(10.164986 -17.2242 95.808383)
(12.541879 -15.578872 95.808383)
(14.639607 -13.626514 95.808383)
(16.441465 -11.387635 95.808384)
(17.922695 -8.8756404 95.808384)
(19.046474 -6.1017877 95.808383)
(19.755725 -3.1163012 95.808383)
(-1.5704579 -19.938246 98.802395)
(-1.5704587 -19.938246 101.79641)
(-1.5704596 -19.938246 104.79042)
(-1.5704604 -19.938246 107.78443)
(-1.5704612 -19.938246 110.77844)
(-1.570462 -19.938246 113.77245)
(-1.5704628 -19.938246 116.76647)
(-1.5704636 -19.938246 119.76048)
(-1.5704644 -19.938246 122.75449)
(-4.629292 -19.456867 110.77844)
(-7.5207873 -18.532074 110.77844)
(-10.164996 -17.224194 110.77844)
(-12.541894 -15.578861 110.77844)
(-14.639605 -13.626517 110.77844)
(-16.441479 -11.387615 110.77844)
(-17.922692 -8.8756481 110.77844)
(-19.046487 -6.1017491 110.77844)
(-19.755724 -3.1163057 110.77844)
(-14.639606 -13.626516 107.78443)
(-14.639606 -13.626516 104.79042)
(-14.639606 -13.626516 101.79641)
(-14.639606 -13.626516 98.802395)
(-12.541893 -15.578862 104.79042)
(-10.164998 -17.224193 104.79042)
(-7.520787 -18.532074 104.79042)
(-4.6292961 -19.456866 104.79042)
(-10.164997 -17.224193 107.78443)
(-12.541893 -15.578861 107.78443)
(-7.5207872 -18.532074 107.78443)
(-4.629294 -19.456866 107.78443)
(-10.165 -17.224192 98.802395)
(-10.164999 -17.224192 101.79641)
(-12.541892 -15.578862 98.802395)
(-12.541892 -15.578862 101.79641)
(-7.5207867 -18.532074 98.802396)
(-7.5207868 -18.532074 101.79641)
(-4.6293003 -19.456865 98.802395)
(-4.6292982 -19.456865 101.79641)
(-17.922691 -8.8756489 107.78443)
(-17.922691 -8.8756497 104.79042)
(-17.92269 -8.8756505 101.79641)
(-17.92269 -8.8756513 98.802396)
(-16.441476 -11.387619 104.79042)
(-16.441477 -11.387617 107.78443)
(-16.441475 -11.38762 101.79641)
(-16.441474 -11.387622 98.802396)
(-19.755724 -3.1163078 104.79042)
(-19.046484 -6.1017569 104.79042)
(-19.755724 -3.1163067 107.78443)
(-19.046486 -6.101753 107.78443)
(-19.755724 -3.11631 98.802395)
(-19.755724 -3.1163089 101.79641)
(-19.046482 -6.1017648 98.802395)
(-19.046483 -6.1017608 101.79641)
(-14.639605 -13.626517 122.75449)
(-14.639605 -13.626517 119.76048)
(-14.639605 -13.626517 116.76647)
(-14.639605 -13.626517 113.77246)
(-12.541895 -15.57886 119.76048)
(-10.164993 -17.224196 119.76048)
(-7.5207878 -18.532074 119.76048)
(-4.6292858 -19.456868 119.76048)
(-10.164992 -17.224196 122.75449)
(-12.541896 -15.578859 122.75449)
(-7.520788 -18.532073 122.75449)
(-4.6292837 -19.456869 122.75449)
(-10.164995 -17.224194 113.77246)
(-10.164994 -17.224195 116.76647)
(-12.541894 -15.57886 113.77245)
(-12.541895 -15.57886 116.76647)
(-7.5207875 -18.532074 113.77246)
(-7.5207877 -18.532074 116.76647)
(-4.6292899 -19.456867 113.77246)
(-4.6292878 -19.456868 116.76647)
(-17.922693 -8.8756448 122.75449)
(-17.922693 -8.8756457 119.76048)
(-17.922692 -8.8756465 116.76647)
(-17.922692 -8.8756473 113.77246)
(-16.441482 -11.38761 119.76048)
(-16.441484 -11.387608 122.75449)
(-16.441481 -11.387612 116.76647)
(-16.44148 -11.387613 113.77246)
(-19.755725 -3.1163024 119.76048)
(-19.046491 -6.1017373 119.76048)
(-19.755725 -3.1163013 122.75449)
(-19.046492 -6.1017334 122.75449)
(-19.755724 -3.1163046 113.77245)
(-19.755725 -3.1163035 116.76647)
(-19.046488 -6.1017452 113.77246)
(-19.046489 -6.1017413 116.76647)
(12.54188 -15.578872 98.802395)
(12.54188 -15.578872 101.79641)
(12.54188 -15.578872 104.79042)
(12.54188 -15.578872 107.78443)
(12.54188 -15.578872 110.77844)
(12.54188 -15.578872 113.77246)
(12.54188 -15.578872 116.76647)
(12.54188 -15.578871 119.76048)
(12.541881 -15.578871 122.75449)
(10.164979 -17.224204 110.77844)
(7.5207617 -18.532084 110.77844)
(4.6292738 -19.456871 110.77844)
(1.5704491 -19.938247 110.77844)
(7.5207623 -18.532084 107.78443)
(7.5207628 -18.532084 104.79042)
(7.5207633 -18.532084 101.79641)
(7.5207638 -18.532083 98.802396)
(10.164982 -17.224202 104.79042)
(10.164981 -17.224203 107.78443)
(10.164984 -17.224201 101.79641)
(10.164985 -17.2242 98.802395)
(1.5704481 -19.938247 104.79042)
(4.6292789 -19.45687 104.79042)
(1.5704486 -19.938247 107.78443)
(4.6292763 -19.45687 107.78443)
(1.5704471 -19.938247 98.802395)
(1.5704476 -19.938247 101.79641)
(4.629284 -19.456868 98.802395)
(4.6292815 -19.456869 101.79641)
(7.5207596 -18.532085 122.75449)
(7.5207602 -18.532085 119.76048)
(7.5207607 -18.532085 116.76647)
(7.5207612 -18.532084 113.77246)
(10.164975 -17.224206 119.76048)
(10.164974 -17.224207 122.75449)
(10.164977 -17.224205 116.76647)
(10.164978 -17.224204 113.77246)
(1.5704505 -19.938247 119.76048)
(4.6292661 -19.456873 119.76048)
(1.570451 -19.938247 122.75449)
(4.6292635 -19.456873 122.75449)
(1.5704495 -19.938247 113.77245)
(1.57045 -19.938247 116.76647)
(4.6292712 -19.456871 113.77246)
(4.6292686 -19.456872 116.76647)
(19.755726 -3.1162942 110.77844)
(19.04648 -6.1017711 110.77844)
(17.922698 -8.8756346 110.77844)
(16.44147 -11.387628 110.77844)
(14.639607 -13.626515 110.77844)
(17.922698 -8.8756358 107.78443)
(17.922697 -8.8756369 104.79042)
(17.922696 -8.8756381 101.79641)
(17.922696 -8.8756393 98.802396)
(19.046478 -6.1017777 104.79042)
(19.755726 -3.116297 104.79042)
(19.046479 -6.1017744 107.78443)
(19.755726 -3.1162956 107.78443)
(19.046475 -6.1017844 98.802395)
(19.046477 -6.101781 101.79641)
(19.755725 -3.1162998 98.802395)
(19.755725 -3.1162984 101.79641)
(14.639607 -13.626515 104.79042)
(16.441468 -11.387631 104.79042)
(14.639607 -13.626515 107.78443)
(16.441469 -11.387629 107.78443)
(14.639607 -13.626515 101.79641)
(16.441467 -11.387632 101.79641)
(14.639607 -13.626515 98.802395)
(16.441466 -11.387633 98.802396)
(17.922701 -8.8756299 122.75449)
(17.9227 -8.8756311 119.76048)
(17.922699 -8.8756322 116.76647)
(17.922699 -8.8756334 113.77246)
(19.046483 -6.1017611 119.76048)
(19.755727 -3.11629 119.76048)
(19.046484 -6.1017578 122.75449)
(19.755727 -3.1162886 122.75449)
(19.046481 -6.1017677 113.77246)
(19.046482 -6.1017644 116.76647)
(19.755726 -3.1162928 113.77245)
(19.755726 -3.1162914 116.76647)
(14.639606 -13.626516 119.76048)
(16.441473 -11.387623 119.76048)
(14.639606 -13.626516 122.75449)
(16.441474 -11.387622 122.75449)
(14.639606 -13.626515 116.76647)
(16.441472 -11.387625 116.76647)
(14.639607 -13.626515 113.77246)
(16.441471 -11.387626 113.77246)
(-1.570449 -19.938247 65.868263)
(-1.5704498 -19.938247 68.862275)
(-1.5704506 -19.938247 71.856287)
(-1.5704514 -19.938247 74.850299)
(-1.5704522 -19.938247 77.844311)
(-1.5704531 -19.938247 80.838323)
(-1.5704539 -19.938247 83.832335)
(-1.5704547 -19.938246 86.826347)
(-1.5704555 -19.938246 89.820359)
(-1.5704563 -19.938246 92.814371)
(-4.6293148 -19.456861 77.844312)
(-7.5207855 -18.532075 77.844312)
(-10.165006 -17.224188 77.844311)
(-12.541888 -15.578865 77.844311)
(-14.639607 -13.626515 77.844311)
(-16.441465 -11.387635 77.844312)
(-17.922687 -8.875657 77.844312)
(-19.046473 -6.1017922 77.844312)
(-19.755722 -3.1163176 77.844311)
(-14.639607 -13.626514 74.850299)
(-14.639608 -13.626514 71.856287)
(-14.639608 -13.626514 68.862276)
(-14.639608 -13.626514 65.868264)
(-12.541887 -15.578866 71.856287)
(-10.165008 -17.224187 71.856287)
(-7.5207851 -18.532075 71.856288)
(-4.6293189 -19.45686 71.856288)
(-10.165007 -17.224187 74.850299)
(-12.541888 -15.578866 74.850299)
(-7.5207853 -18.532075 74.8503)
(-4.6293168 -19.456861 74.8503)
(-10.16501 -17.224186 65.868264)
(-10.165009 -17.224186 68.862276)
(-12.541886 -15.578867 65.868263)
(-12.541887 -15.578866 68.862275)
(-7.5207848 -18.532075 65.868264)
(-7.520785 -18.532075 68.862276)
(-4.629323 -19.456859 65.868264)
(-4.629321 -19.45686 68.862276)
(-17.922687 -8.8756578 74.8503)
(-17.922686 -8.8756586 71.856288)
(-17.922686 -8.8756594 68.862276)
(-17.922686 -8.8756602 65.868264)
(-16.441463 -11.387638 71.856288)
(-16.441464 -11.387636 74.8503)
(-16.441462 -11.38764 68.862276)
(-16.44146 -11.387642 65.868264)
(-19.755722 -3.1163198 71.856287)
(-19.04647 -6.1018 71.856288)
(-19.755722 -3.1163187 74.850299)
(-19.046472 -6.1017961 74.8503)
(-19.755722 -3.1163219 65.868263)
(-19.755722 -3.1163208 68.862275)
(-19.046468 -6.1018079 65.868264)
(-19.046469 -6.101804 68.862276)
(-14.639606 -13.626516 92.814371)
(-14.639607 -13.626515 89.820359)
(-14.639607 -13.626515 86.826347)
(-14.639607 -13.626515 83.832335)
(-14.639607 -13.626515 80.838323)
(-12.54189 -15.578864 86.826347)
(-10.165003 -17.22419 86.826347)
(-7.520786 -18.532074 86.826348)
(-4.6293085 -19.456863 86.826348)
(-10.165002 -17.22419 89.820359)
(-10.165001 -17.224191 92.814371)
(-12.54189 -15.578864 89.820359)
(-12.541891 -15.578863 92.814371)
(-7.5207862 -18.532074 89.82036)
(-7.5207863 -18.532074 92.814372)
(-4.6293065 -19.456863 89.820359)
(-4.6293044 -19.456864 92.814371)
(-10.165005 -17.224189 80.838323)
(-10.165004 -17.224189 83.832335)
(-12.541889 -15.578865 80.838323)
(-12.541889 -15.578864 83.832335)
(-7.5207856 -18.532074 80.838324)
(-7.5207858 -18.532074 83.832336)
(-4.6293127 -19.456862 80.838324)
(-4.6293106 -19.456862 83.832336)
(-19.755723 -3.1163143 86.826347)
(-19.046477 -6.1017804 86.826347)
(-17.922688 -8.8756546 86.826348)
(-16.441469 -11.387629 86.826348)
(-19.046478 -6.1017765 89.820359)
(-19.046479 -6.1017726 92.814371)
(-19.755723 -3.1163132 89.820359)
(-19.755723 -3.1163122 92.814371)
(-16.44147 -11.387627 89.82036)
(-17.922689 -8.8756537 89.82036)
(-16.441471 -11.387626 92.814372)
(-17.922689 -8.8756529 92.814372)
(-19.046474 -6.1017883 80.838324)
(-19.046475 -6.1017844 83.832336)
(-19.755723 -3.1163165 80.838323)
(-19.755723 -3.1163154 83.832335)
(-16.441467 -11.387633 80.838324)
(-17.922688 -8.8756562 80.838324)
(-16.441468 -11.387631 83.832336)
(-17.922688 -8.8756554 83.832336)
(12.541878 -15.578873 65.868264)
(12.541878 -15.578873 68.862275)
(12.541878 -15.578873 71.856287)
(12.541879 -15.578873 74.850299)
(12.541879 -15.578873 77.844311)
(12.541879 -15.578873 80.838323)
(12.541879 -15.578873 83.832335)
(12.541879 -15.578873 86.826347)
(12.541879 -15.578872 89.820359)
(12.541879 -15.578872 92.814371)
(10.164994 -17.224195 77.844312)
(7.5207675 -18.532082 77.844312)
(4.629302 -19.456864 77.844311)
(1.5704437 -19.938247 77.844311)
(7.520768 -18.532082 74.8503)
(7.5207685 -18.532081 71.856288)
(7.5207691 -18.532081 68.862276)
(7.5207696 -18.532081 65.868264)
(10.164997 -17.224193 71.856288)
(10.164996 -17.224194 74.8503)
(10.164998 -17.224192 68.862276)
(10.165 -17.224192 65.868264)
(1.5704427 -19.938247 71.856287)
(4.6293071 -19.456863 71.856287)
(1.5704432 -19.938247 74.850299)
(4.6293045 -19.456864 74.850299)
(1.5704418 -19.938247 65.868263)
(1.5704423 -19.938247 68.862275)
(4.6293122 -19.456862 65.868263)
(4.6293096 -19.456862 68.862275)
(10.16499 -17.224197 86.826348)
(7.5207659 -18.532082 86.826348)
(4.6292943 -19.456866 86.826347)
(1.5704452 -19.938247 86.826347)
(7.5207664 -18.532082 83.832336)
(7.520767 -18.532082 80.838324)
(10.164992 -17.224196 83.832336)
(10.164993 -17.224196 80.838324)
(4.6292968 -19.456865 83.832335)
(4.6292994 -19.456865 80.838323)
(1.5704447 -19.938247 83.832335)
(1.5704442 -19.938247 80.838323)
(7.5207649 -18.532083 92.814372)
(7.5207654 -18.532083 89.82036)
(10.164988 -17.224199 92.814371)
(10.164989 -17.224198 89.82036)
(4.6292891 -19.456867 92.814371)
(4.6292917 -19.456867 89.820359)
(1.5704461 -19.938247 92.814371)
(1.5704457 -19.938247 89.820359)
(19.755724 -3.1163095 77.844311)
(19.046468 -6.1018076 77.844312)
(17.922692 -8.8756475 77.844312)
(16.441459 -11.387643 77.844312)
(14.639608 -13.626514 77.844311)
(17.922691 -8.8756487 74.8503)
(17.922691 -8.8756498 71.856288)
(17.92269 -8.875651 68.862276)
(17.922689 -8.8756522 65.868264)
(19.046466 -6.1018143 71.856288)
(19.755723 -3.1163123 71.856287)
(19.046467 -6.101811 74.8503)
(19.755723 -3.1163109 74.850299)
(19.046464 -6.1018209 65.868264)
(19.046465 -6.1018176 68.862276)
(19.755723 -3.1163151 65.868263)
(19.755723 -3.1163137 68.862275)
(14.639608 -13.626513 71.856288)
(16.441457 -11.387646 71.856288)
(14.639608 -13.626513 74.8503)
(16.441458 -11.387645 74.8503)
(14.639609 -13.626513 68.862276)
(16.441456 -11.387648 68.862276)
(14.639609 -13.626513 65.868264)
(16.441455 -11.387649 65.868264)
(19.755724 -3.1163053 86.826347)
(19.046471 -6.1017977 86.826348)
(17.922694 -8.875644 86.826348)
(16.441462 -11.387639 86.826348)
(14.639608 -13.626514 86.826347)
(17.922693 -8.8756451 83.832336)
(17.922692 -8.8756463 80.838324)
(19.755724 -3.1163067 83.832335)
(19.755724 -3.1163081 80.838323)
(19.04647 -6.101801 83.832336)
(19.046469 -6.1018043 80.838324)
(14.639608 -13.626514 83.832335)
(16.441461 -11.38764 83.832336)
(14.639608 -13.626514 80.838323)
(16.44146 -11.387642 80.838324)
(17.922695 -8.8756416 92.814372)
(17.922694 -8.8756428 89.82036)
(19.755725 -3.1163026 92.814371)
(19.755724 -3.116304 89.820359)
(19.046473 -6.101791 92.814372)
(19.046472 -6.1017943 89.82036)
(14.639608 -13.626514 92.814371)
(16.441464 -11.387636 92.814372)
(14.639608 -13.626514 89.820359)
(16.441463 -11.387638 89.82036)
(-19.755699 -3.1164647 32.934064)
(-19.046376 -6.1020955 32.934059)
(-17.922511 -8.8760121 32.934059)
(-16.441159 -11.388077 32.934057)
(-14.639179 -13.626975 32.934054)
(-12.541287 -15.579349 32.934051)
(-10.164243 -17.224638 32.934046)
(-7.5198047 -18.532473 32.934038)
(-4.6282301 -19.457119 32.934059)
(-1.5692205 -19.938344 32.934119)
(1.5716074 -19.938156 32.934186)
(4.6304092 -19.456601 32.934219)
(7.5216644 -18.531718 32.934218)
(10.165721 -17.223766 32.93421)
(12.542417 -15.57844 32.934205)
(14.640002 -13.626091 32.934202)
(16.441706 -11.387286 32.934201)
(17.922838 -8.8753532 32.934199)
(19.046523 -6.1016352 32.934198)
(19.755739 -3.1162115 32.934193)
(-1.570336 -19.938256 35.928139)
(-1.5704417 -19.938247 38.922155)
(-1.5704425 -19.938247 41.916167)
(-1.5704433 -19.938247 44.910179)
(-1.5704441 -19.938247 47.904191)
(-1.5704449 -19.938247 50.898203)
(-1.5704457 -19.938247 53.892215)
(-1.5704466 -19.938247 56.886227)
(-1.5704474 -19.938247 59.880239)
(-4.6293355 -19.456856 47.904192)
(-7.5207838 -18.532075 47.904192)
(-10.165015 -17.224183 47.904192)
(-12.541883 -15.578869 47.904192)
(-14.639609 -13.626513 47.904192)
(-16.441453 -11.387652 47.904192)
(-17.922683 -8.8756651 47.904192)
(-19.04646 -6.1018314 47.904192)
(-19.755721 -3.1163284 47.904191)
(-14.639609 -13.626513 44.91018)
(-14.639609 -13.626512 41.916168)
(-14.639609 -13.626512 38.922156)
(-14.639571 -13.626553 35.92812)
(-12.541882 -15.57887 41.916168)
(-10.165017 -17.224182 41.916168)
(-7.5207835 -18.532075 41.916168)
(-4.6293396 -19.456855 41.916168)
(-10.165016 -17.224182 44.91018)
(-12.541883 -15.578869 44.91018)
(-7.5207836 -18.532075 44.91018)
(-4.6293375 -19.456856 44.91018)
(-10.16495 -17.224221 35.928118)
(-10.165018 -17.224181 38.922156)
(-12.541829 -15.578913 35.928119)
(-12.541882 -15.57887 38.922156)
(-7.5206962 -18.532111 35.928116)
(-7.5207833 -18.532075 38.922156)
(-4.629247 -19.456877 35.92812)
(-4.6293417 -19.456855 38.922156)
(-17.922683 -8.8756659 44.91018)
(-17.922682 -8.8756667 41.916168)
(-17.922682 -8.8756675 38.922156)
(-17.922666 -8.8756986 35.928122)
(-16.441451 -11.387656 41.916168)
(-16.441452 -11.387654 44.91018)
(-16.441449 -11.387657 38.922156)
(-16.441423 -11.387696 35.928121)
(-19.75572 -3.1163306 41.916167)
(-19.046458 -6.1018392 41.916168)
(-19.75572 -3.1163295 44.910179)
(-19.046459 -6.1018353 44.91018)
(-19.755718 -3.1163454 35.928124)
(-19.75572 -3.1163317 38.922155)
(-19.046449 -6.1018685 35.928122)
(-19.046457 -6.1018431 38.922156)
(-14.639608 -13.626514 59.88024)
(-14.639608 -13.626513 56.886228)
(-14.639609 -13.626513 53.892216)
(-14.639609 -13.626513 50.898204)
(-12.541885 -15.578868 56.886227)
(-10.165012 -17.224184 56.886228)
(-7.5207843 -18.532075 56.886228)
(-4.6293293 -19.456858 56.886228)
(-10.165011 -17.224185 59.88024)
(-12.541885 -15.578867 59.880239)
(-7.5207845 -18.532075 59.88024)
(-4.6293272 -19.456858 59.88024)
(-10.165014 -17.224183 50.898204)
(-10.165013 -17.224184 53.892216)
(-12.541884 -15.578869 50.898204)
(-12.541884 -15.578868 53.892216)
(-7.520784 -18.532075 50.898204)
(-7.5207841 -18.532075 53.892216)
(-4.6293334 -19.456857 50.898204)
(-4.6293313 -19.456857 53.892216)
(-17.922685 -8.8756618 59.88024)
(-17.922684 -8.8756626 56.886228)
(-17.922684 -8.8756635 53.892216)
(-17.922684 -8.8756643 50.898204)
(-16.441457 -11.387647 56.886228)
(-16.441458 -11.387645 59.88024)
(-16.441456 -11.387649 53.892216)
(-16.441454 -11.38765 50.898204)
(-19.755721 -3.1163252 56.886227)
(-19.046464 -6.1018196 56.886228)
(-19.755721 -3.1163241 59.880239)
(-19.046465 -6.1018157 59.88024)
(-19.755721 -3.1163274 50.898203)
(-19.755721 -3.1163263 53.892215)
(-19.046462 -6.1018275 50.898204)
(-19.046463 -6.1018235 53.892216)
(12.541925 -15.578836 35.928166)
(12.541877 -15.578874 38.922156)
(12.541877 -15.578874 41.916168)
(12.541877 -15.578874 44.91018)
(12.541877 -15.578874 47.904192)
(12.541878 -15.578874 50.898204)
(12.541878 -15.578874 53.892216)
(12.541878 -15.578874 56.886228)
(12.541878 -15.578873 59.88024)
(10.165008 -17.224187 47.904192)
(7.5207727 -18.53208 47.904192)
(4.6293276 -19.456858 47.904192)
(1.5704389 -19.938248 47.904191)
(7.5207732 -18.532079 44.91018)
(7.5207738 -18.532079 41.916168)
(7.5207743 -18.532079 38.922156)
(7.5208538 -18.532047 35.92817)
(10.165011 -17.224185 41.916168)
(10.165009 -17.224186 44.91018)
(10.165012 -17.224184 38.922156)
(10.165076 -17.224147 35.928168)
(1.5704379 -19.938248 41.916167)
(4.6293327 -19.456857 41.916168)
(1.5704384 -19.938248 44.910179)
(4.6293301 -19.456857 44.91018)
(1.570538 -19.93824 35.928161)
(1.5704374 -19.938248 38.922155)
(4.6294323 -19.456833 35.92817)
(4.6293353 -19.456856 38.922156)
(7.5207706 -18.532081 59.88024)
(7.5207711 -18.53208 56.886228)
(7.5207717 -18.53208 53.892216)
(7.5207722 -18.53208 50.898204)
(10.165004 -17.224189 56.886228)
(10.165003 -17.22419 59.88024)
(10.165005 -17.224188 53.892216)
(10.165007 -17.224188 50.898204)
(1.5704403 -19.938248 56.886227)
(4.6293199 -19.45686 56.886228)
(1.5704408 -19.938248 59.880239)
(4.6293173 -19.456861 59.88024)
(1.5704393 -19.938248 50.898203)
(1.5704398 -19.938248 53.892215)
(4.629325 -19.456859 50.898204)
(4.6293224 -19.456859 53.892216)
(19.755721 -3.1163235 47.904191)
(19.046457 -6.1018409 47.904192)
(17.922686 -8.8756592 47.904192)
(16.441449 -11.387658 47.904192)
(14.639609 -13.626512 47.904192)
(17.922685 -8.8756604 44.91018)
(17.922685 -8.8756616 41.916168)
(17.922684 -8.8756627 38.922156)
(17.922697 -8.8756364 35.928164)
(19.046455 -6.1018475 41.916168)
(19.755721 -3.1163263 41.916167)
(19.046456 -6.1018442 44.91018)
(19.755721 -3.1163249 44.910179)
(19.046459 -6.1018347 35.928164)
(19.046454 -6.1018509 38.922156)
(19.755722 -3.1163176 35.928161)
(19.755721 -3.1163277 38.922155)
(14.63961 -13.626512 41.916168)
(16.441447 -11.38766 41.916168)
(14.63961 -13.626512 44.91018)
(16.441448 -11.387659 44.91018)
(14.63961 -13.626512 38.922156)
(16.441446 -11.387662 38.922156)
(14.639645 -13.626474 35.928165)
(16.441469 -11.38763 35.928165)
(17.922688 -8.8756545 59.88024)
(17.922688 -8.8756557 56.886228)
(17.922687 -8.8756569 53.892216)
(17.922687 -8.8756581 50.898204)
(19.046461 -6.1018309 56.886228)
(19.755722 -3.1163193 56.886227)
(19.046462 -6.1018276 59.88024)
(19.755722 -3.1163179 59.880239)
(19.046458 -6.1018376 50.898204)
(19.046459 -6.1018342 53.892216)
(19.755722 -3.1163221 50.898203)
(19.755722 -3.1163207 53.892215)
(14.639609 -13.626513 56.886228)
(16.441452 -11.387653 56.886228)
(14.639609 -13.626513 59.88024)
(16.441453 -11.387652 59.88024)
(14.639609 -13.626512 53.892216)
(16.441451 -11.387655 53.892216)
(14.639609 -13.626512 50.898204)
(16.44145 -11.387656 50.898204)
(-1.5281899 -19.94153 3.0117693)
(-1.5373293 -19.940828 5.9984971)
(-1.5384166 -19.940744 8.9832246)
(-1.5400093 -19.940621 11.976522)
(-1.5424202 -19.940435 14.970325)
(-1.5464731 -19.940121 17.964135)
(-1.5511953 -19.939754 20.95806)
(-1.5560066 -19.939379 23.952072)
(-1.560818 -19.939003 26.946084)
(-1.5655245 -19.938634 29.9401)
(-4.6036466 -19.46295 14.969888)
(-7.4983823 -18.541151 14.969699)
(-10.147565 -17.234469 14.969712)
(-12.528719 -15.589458 14.969773)
(-14.630287 -13.636521 14.969903)
(-16.435249 -11.396604 14.970032)
(-17.91908 -8.8829364 14.970086)
(-19.044781 -6.1070706 14.970085)
(-19.75529 -3.1190573 14.970083)
(-14.631025 -13.635729 11.975833)
(-14.632289 -13.634372 8.9816872)
(-14.633933 -13.632608 5.9806825)
(-14.641439 -13.624547 2.9822373)
(-12.529517 -15.588816 8.9814662)
(-10.146303 -17.235212 8.9815546)
(-7.4942987 -18.542801 8.9816746)
(-4.5990996 -19.464025 8.9821949)
(-10.146812 -17.234913 11.975595)
(-12.528886 -15.589323 11.975619)
(-7.4962156 -18.542027 11.975625)
(-4.6010708 -19.463559 11.975896)
(-10.102102 -17.261157 2.9860638)
(-10.14143 -17.23808 5.9831424)
(-12.511605 -15.603196 2.9820239)
(-12.528231 -15.58985 5.9810521)
(-7.4344667 -18.566871 2.9930149)
(-7.4877943 -18.545429 5.9869987)
(-4.5531487 -19.474826 3.0008234)
(-4.5953836 -19.464903 5.9931469)
(-19.755465 -3.1179458 8.9822547)
(-19.04546 -6.104954 8.9822412)
(-17.920519 -8.8800336 8.9822098)
(-16.437134 -11.393885 8.9820473)
(-19.04503 -6.1062932 11.976196)
(-19.755354 -3.1186509 11.976196)
(-17.919618 -8.8818514 11.976186)
(-16.435952 -11.39559 11.976081)
(-19.065905 -6.0407998 2.9962895)
(-19.047211 -6.0994884 5.989645)
(-19.761416 -3.080003 3.0052406)
(-19.756163 -3.1135253 5.9936144)
(-16.463545 -11.355689 2.9830356)
(-17.949164 -8.8219901 2.9900745)
(-16.440163 -11.389514 5.9821145)
(-17.923898 -8.873212 5.9852255)
(-14.637886 -13.628364 29.939987)
(-14.636237 -13.630134 26.945951)
(-14.63455 -13.631946 23.951939)
(-14.632862 -13.633758 20.957927)
(-14.631241 -13.635497 17.963915)
(-12.534895 -15.584493 23.951934)
(-10.155909 -17.229553 23.951925)
(-7.5093074 -18.536728 23.951909)
(-4.6161599 -19.459986 23.95195)
(-10.158947 -17.227762 26.945936)
(-10.161915 -17.226012 29.939974)
(-12.537226 -15.582617 26.945946)
(-12.539503 -15.580785 29.939982)
(-7.5131347 -18.535178 26.945921)
(-7.5168735 -18.533662 29.939961)
(-4.6205554 -19.458943 26.945962)
(-4.6248541 -19.457922 29.939997)
(-10.1499 -17.233094 17.963848)
(-10.152871 -17.231344 20.957913)
(-12.530299 -15.588188 17.963869)
(-12.532562 -15.586368 20.957922)
(-7.5017016 -18.539808 17.963833)
(-7.5054799 -18.538279 20.957897)
(-4.6074396 -19.462053 17.963911)
(-4.6117642 -19.461029 20.957938)
(-19.755481 -3.1178493 23.95196)
(-19.045526 -6.1047481 23.95195)
(-17.920681 -8.8797058 23.95195)
(-16.43805 -11.392564 23.951945)
(-19.045835 -6.1037824 26.945962)
(-19.046138 -6.1028382 29.939996)
(-19.75556 -3.1173442 26.945972)
(-19.755638 -3.1168517 29.940003)
(-16.439183 -11.390928 26.945957)
(-17.921348 -8.8783603 26.945962)
(-16.44029 -11.389331 29.939992)
(-17.922 -8.8770451 29.939996)
(-19.044923 -6.1066289 17.963978)
(-19.045216 -6.1057137 20.957938)
(-19.755326 -3.1188298 17.963981)
(-19.755401 -3.1183544 20.957948)
(-16.435833 -11.395762 17.963961)
(-17.919383 -8.8823255 17.963978)
(-16.436916 -11.3942 20.957933)
(-17.920015 -8.8810513 20.957938)
(19.756115 -3.1138242 14.970057)
(19.047991 -6.0970528 14.970058)
(17.926003 -8.8689587 14.970058)
(16.446991 -11.379652 14.970001)
(14.64779 -13.617718 14.969864)
(12.552837 -15.570045 14.969725)
(10.17948 -17.215638 14.969864)
(7.5390929 -18.524634 14.970323)
(4.652427 -19.451348 14.970769)
(1.5964812 -19.936179 14.970758)
(14.646369 -13.619246 11.97545)
(14.644592 -13.621157 8.9808789)
(14.644182 -13.621598 5.9799456)
(14.648348 -13.617118 2.9819802)
(16.445782 -11.3814 8.98109)
(17.925973 -8.8690192 8.9816964)
(19.048086 -6.0967556 8.9823298)
(19.756197 -3.1133072 8.9825519)
(17.925729 -8.8695121 11.97589)
(16.446276 -11.380686 11.975625)
(19.04787 -6.0974293 11.976094)
(19.756093 -3.113965 11.976138)
(17.955087 -8.8099292 2.9898403)
(17.930373 -8.8601208 5.9847365)
(16.47038 -11.345773 2.9826517)
(16.448678 -11.377213 5.9813658)
(19.762466 -3.0732585 3.0048918)
(19.069209 -6.0303629 2.9961039)
(19.7572 -3.1069334 5.9938387)
(19.050627 -6.0888091 5.9895891)
(7.5348033 -18.52638 11.976374)
(7.5280928 -18.529107 8.9819301)
(7.514715 -18.534537 5.9861742)
(7.4489178 -18.561078 2.9916396)
(10.170049 -17.221211 8.9813725)
(12.545836 -15.575687 8.9809853)
(10.175742 -17.217847 11.975615)
(12.549922 -15.572394 11.975338)
(10.159298 -17.227555 5.9825936)
(12.540351 -15.580102 5.9805496)
(10.111411 -17.255706 2.9853816)
(12.518525 -15.597645 2.9818278)
(1.5941827 -19.936363 8.9836153)
(4.6461812 -19.45284 8.9828334)
(1.5961937 -19.936202 11.977153)
(4.6502785 -19.451861 11.977121)
(1.5865255 -19.936974 5.998117)
(4.6356566 -19.455351 5.9922946)
(1.5551636 -19.939445 3.0111033)
(4.5749347 -19.469719 2.9993251)
(14.641178 -13.624827 29.94024)
(14.642677 -13.623216 26.946249)
(14.64421 -13.621568 23.952237)
(14.645744 -13.619919 20.958225)
(14.647183 -13.618371 17.964112)
(16.444522 -11.38322 23.952233)
(17.924499 -8.8719981 23.952229)
(19.04729 -6.0992418 23.952229)
(19.755936 -3.1149596 23.952219)
(17.923893 -8.873221 26.946242)
(17.923302 -8.8744157 29.940234)
(16.443496 -11.384703 26.946245)
(16.442493 -11.38615 29.940236)
(19.04701 -6.1001152 26.94624)
(19.046737 -6.100967 29.940232)
(19.755864 -3.1154168 26.946231)
(19.755794 -3.1158621 29.940225)
(17.925683 -8.8696042 17.964164)
(17.925105 -8.8707736 20.958217)
(16.446522 -11.380331 17.964152)
(16.44555 -11.381735 20.95822)
(19.047842 -6.0975185 17.964164)
(19.047571 -6.0983622 20.958217)
(19.756078 -3.1140644 17.96416)
(19.756009 -3.1145007 20.958208)
(7.5243275 -18.530637 29.940266)
(7.5277214 -18.529258 26.946279)
(7.5311941 -18.527847 23.952267)
(7.5346666 -18.526435 20.958255)
(7.5379344 -18.525106 17.964271)
(10.173299 -17.219291 23.952253)
(12.54821 -15.573774 23.952243)
(10.167839 -17.222516 29.940253)
(12.544036 -15.577136 29.940245)
(10.170538 -17.220922 26.946265)
(12.546099 -15.575474 26.946255)
(10.176061 -17.217659 20.958241)
(12.550321 -15.572073 20.958231)
(10.178649 -17.216129 17.964112)
(12.552277 -15.570496 17.964071)
(1.5843017 -19.937151 23.952206)
(4.6418965 -19.453863 23.952271)
(1.57968 -19.937518 26.946218)
(1.5751593 -19.937875 29.940212)
(4.6377113 -19.454861 26.946283)
(4.6336204 -19.455836 29.940269)
(1.5933852 -19.936427 17.964366)
(1.5889233 -19.936783 20.958194)
(4.6501032 -19.451903 17.964417)
(4.6460815 -19.452864 20.958259)
(-19.787621 2.9068947 500)
(-19.112364 5.8921609 500)
(-18.038883 8.6370548 500)
(-16.530871 11.257456 500)
(-14.662354 13.602036 500)
(-12.466902 15.638937 500)
(-9.9692179 17.338244 500)
(-7.2737973 18.630402 500)
(-4.396528 19.51078 500)
(-1.4375636 19.948268 500)
(1.4375628 19.948268 500)
(4.3965253 19.510781 500)
(7.2737947 18.630403 500)
(9.9692169 17.338244 500)
(12.466902 15.638937 500)
(14.662354 13.602036 500)
(16.530871 11.257456 500)
(18.038883 8.6370536 500)
(19.112364 5.8921587 500)
(19.787622 2.9068936 500)
(19.787621 2.9068947 0)
(19.112364 5.8921609 0)
(18.038883 8.6370548 0)
(16.530871 11.257456 0)
(14.662354 13.602036 0)
(12.466902 15.638937 0)
(9.9692179 17.338244 0)
(7.2737973 18.630402 0)
(4.396528 19.51078 0)
(1.4375636 19.948268 0)
(-1.4375628 19.948268 0)
(-4.3965253 19.510781 0)
(-7.2737947 18.630403 0)
(-9.9692169 17.338244 0)
(-12.466902 15.638937 0)
(-14.662354 13.602036 0)
(-16.530871 11.257456 0)
(-18.038883 8.6370536 0)
(-19.112364 5.8921587 0)
(-19.787622 2.9068936 0)
(19.755718 3.1163458 251.49701)
(19.04644 6.1018941 251.49701)
(17.922677 8.875678 251.49701)
(16.441434 11.38768 251.49701)
(14.639612 13.62651 251.49701)
(12.541876 15.578875 251.49701)
(10.16503 17.224174 251.49701)
(7.5207811 18.532076 251.49701)
(4.6293686 19.456848 251.49701)
(1.5704311 19.938248 251.49701)
(-1.5704311 19.938248 251.49701)
(-4.6293686 19.456848 251.49701)
(-7.5207811 18.532076 251.49701)
(-10.16503 17.224174 251.49701)
(-12.541876 15.578875 251.49701)
(-14.639612 13.62651 251.49701)
(-16.441434 11.38768 251.49701)
(-17.922677 8.875678 251.49701)
(-19.04644 6.1018941 251.49701)
(-19.755718 3.1163458 251.49701)
(19.755718 3.1163458 377.24551)
(19.04644 6.1018941 377.24551)
(17.922677 8.875678 377.24551)
(16.441434 11.38768 377.24551)
(14.639612 13.62651 377.24551)
(12.541876 15.578875 377.24551)
(10.16503 17.224174 377.24551)
(7.5207811 18.532076 377.24551)
(4.6293686 19.456848 377.24551)
(1.5704311 19.938248 377.24551)
(-1.5704311 19.938248 377.24551)
(-4.6293686 19.456848 377.24551)
(-7.5207811 18.532076 377.24551)
(-10.16503 17.224174 377.24551)
(-12.541876 15.578875 377.24551)
(-14.639612 13.62651 377.24551)
(-16.441434 11.38768 377.24551)
(-17.922677 8.875678 377.24551)
(-19.04644 6.1018941 377.24551)
(-19.755718 3.1163458 377.24551)
(19.755707 3.1164177 440.1198)
(19.046397 6.1020286 440.1198)
(17.922583 8.8758667 440.1198)
(16.441275 11.387909 440.1198)
(14.639375 13.626765 440.1198)
(12.541549 15.579138 440.1198)
(10.164602 17.224426 440.11981)
(7.5202431 18.532295 440.11981)
(4.628755 19.456994 440.1198)
(1.5697604 19.938301 440.11977)
(-1.5710752 19.938198 440.11973)
(-4.6299564 19.456708 440.11971)
(-7.5212701 18.531878 440.11971)
(-10.165418 17.223945 440.11972)
(-12.542172 15.578636 440.11972)
(-14.639827 13.626279 440.11972)
(-16.441578 11.387472 440.11972)
(-17.922762 8.8755065 440.11972)
(-19.046479 6.1017718 440.11972)
(-19.755728 3.1162804 440.11973)
(1.5677282 19.938461 443.11378)
(1.5651407 19.938664 446.1078)
(1.5624954 19.938872 449.10181)
(1.5598502 19.939079 452.09582)
(1.5572049 19.939286 455.08983)
(1.5545596 19.939492 458.08385)
(1.5519142 19.939698 461.07786)
(1.5492689 19.939904 464.07187)
(1.5466291 19.940109 467.06587)
(1.5440318 19.94031 470.05986)
(1.5415389 19.940503 473.05386)
(1.5390884 19.940692 476.04786)
(1.5366436 19.940881 479.04187)
(1.5342761 19.941063 482.03581)
(1.5324927 19.9412 485.02966)
(1.5321464 19.941227 488.02351)
(1.5325544 19.941195 491.01712)
(1.5329527 19.941165 494.00174)
(1.5241377 19.941841 496.98856)
(4.6052078 19.462581 470.05995)
(7.4997447 18.5406 470.05998)
(10.148319 17.234025 470.05997)
(12.529062 15.589182 470.05997)
(14.630331 13.636474 470.05997)
(16.435208 11.396663 470.05996)
(17.919012 8.8830738 470.05996)
(19.044745 6.1071837 470.05996)
(19.75528 3.119118 470.05995)
(4.6172769 19.459721 455.0899)
(7.5102669 18.53634 455.08992)
(10.156677 17.229101 455.08991)
(12.535475 15.584026 455.08991)
(14.634973 13.631492 455.08991)
(16.438323 11.39217 455.0899)
(17.920845 8.8793761 455.0899)
(19.045593 6.104539 455.0899)
(19.755499 3.1177319 455.08989)
(14.635901 13.630495 452.09589)
(14.636829 13.629498 449.10188)
(14.637757 13.628502 446.10787)
(14.638663 13.627528 443.11385)
(12.538039 15.581963 449.10189)
(10.160019 17.22713 449.10189)
(7.5144749 18.534634 449.1019)
(4.6221137 19.458573 449.10188)
(10.158348 17.228116 452.0959)
(12.536757 15.582995 452.0959)
(7.512371 18.535487 452.09591)
(4.6196953 19.459147 452.09589)
(10.163322 17.225182 443.11385)
(10.16169 17.226145 446.10788)
(12.540569 15.579927 443.11385)
(12.53932 15.580933 446.10787)
(7.518632 18.532948 443.11386)
(7.516578 18.533781 446.10789)
(4.6268971 19.457436 443.11384)
(4.6245321 19.457998 446.10787)
(17.921211 8.8786365 452.09589)
(17.921578 8.8778969 449.10188)
(17.921944 8.8771573 446.10787)
(17.922302 8.8764343 443.11384)
(16.439569 11.390372 449.10188)
(16.438946 11.391271 452.09589)
(16.440191 11.389474 446.10787)
(16.440798 11.388597 443.11384)
(19.755587 3.1171775 449.10187)
(19.045932 6.103481 449.10188)
(19.755543 3.1174547 452.09588)
(19.045762 6.10401 452.09589)
(19.755673 3.11663 443.11384)
(19.75563 3.1169003 446.10786)
(19.046267 6.1024349 443.11384)
(19.046101 6.102952 446.10786)
(14.631259 13.635478 467.06595)
(14.632188 13.634481 464.07194)
(14.633116 13.633485 461.07793)
(14.634045 13.632488 458.08392)
(12.531628 15.58712 464.07195)
(10.151662 17.232056 464.07195)
(7.5039538 18.538896 464.07196)
(4.6100211 19.461442 464.07194)
(10.149991 17.233041 467.06596)
(12.530345 15.588151 467.06596)
(7.5018493 18.539748 467.06597)
(4.6076052 19.462014 467.06595)
(10.155005 17.230086 458.08393)
(10.153334 17.231071 461.07794)
(12.534193 15.585057 458.08392)
(12.53291 15.586089 461.07793)
(7.5081626 18.537192 458.08394)
(7.5060583 18.538044 461.07795)
(4.6148583 19.460295 458.08391)
(4.6124397 19.460868 461.07792)
(17.919379 8.8823343 467.06595)
(17.919745 8.8815948 464.07194)
(17.920112 8.8808552 461.07792)
(17.920478 8.8801157 458.08391)
(16.436454 11.394866 464.07194)
(16.435831 11.395765 467.06595)
(16.437077 11.393967 461.07793)
(16.4377 11.393069 458.08392)
(19.755368 3.1185636 464.07193)
(19.045084 6.1061258 464.07194)
(19.755324 3.1188408 467.06594)
(19.044914 6.1066548 467.06595)
(19.755455 3.1180092 458.08391)
(19.755412 3.1182864 461.07792)
(19.045423 6.1050679 458.08391)
(19.045254 6.1055969 461.07792)
(4.5941279 19.465199 485.03005)
(7.4897769 18.544628 485.03022)
(10.14073 17.238491 485.03021)
(12.52347 15.593675 485.03015)
(14.626488 13.640595 485.03003)
(16.432693 11.400289 485.0299)
(17.917578 8.8859657 485.02985)
(19.044081 6.109254 485.02985)
(19.75511 3.1201969 485.02986)
(14.626683 13.640386 482.03601)
(14.627545 13.639462 479.042)
(14.628474 13.638466 476.04799)
(14.629402 13.63747 473.05398)
(12.525214 15.592274 479.04201)
(10.143303 17.236978 479.04201)
(7.4934302 18.543152 479.04202)
(4.5981751 19.464244 479.04198)
(10.141699 17.237921 482.03608)
(12.524 15.593249 482.03606)
(7.4913742 18.543983 482.03608)
(4.5959042 19.46478 482.03601)
(10.146647 17.235009 473.05399)
(10.144975 17.235994 476.048)
(12.52778 15.590213 473.05398)
(12.526497 15.591244 476.04799)
(7.4976399 18.541451 473.05399)
(7.4955351 18.542302 476.04801)
(4.6028503 19.463139 473.05396)
(4.6005113 19.463692 476.04797)
(17.917581 8.8859605 482.03596)
(17.917912 8.8852923 479.042)
(17.918279 8.8845528 476.04798)
(17.918646 8.8838133 473.05397)
(16.433338 11.399359 479.042)
(16.432766 11.400184 482.03597)
(16.433962 11.398461 476.04799)
(16.434585 11.397562 473.05398)
(19.755149 3.1199497 479.04199)
(19.044236 6.1087705 479.042)
(19.75511 3.1201972 482.03596)
(19.044082 6.109249 482.03596)
(19.755237 3.1193953 473.05397)
(19.755193 3.1196725 476.04798)
(19.044575 6.1077126 473.05397)
(19.044406 6.1082416 476.04798)
(14.642705 13.623186 497.01788)
(14.633559 13.63301 494.01952)
(14.630258 13.636551 491.01838)
(14.628005 13.638969 488.02404)
(12.527206 15.590674 494.01897)
(10.139718 17.239087 494.01684)
(7.484982 18.546564 494.01298)
(4.5905132 19.466052 494.00717)
(10.101236 17.261664 497.01388)
(12.511815 15.603028 497.01794)
(7.4329881 18.567463 497.00694)
(4.5480859 19.476009 496.99909)
(10.141378 17.23811 488.02435)
(10.142582 17.237402 491.01841)
(12.524704 15.592684 488.02425)
(12.526652 15.591119 491.01845)
(7.4893512 18.5448 488.02435)
(7.4893549 18.544799 491.01838)
(4.5935214 19.465343 488.02408)
(4.5934158 19.465367 491.01799)
(19.756207 3.1132458 494.00611)
(19.047072 6.0999218 494.01003)
(17.924072 8.8728604 494.01464)
(16.439881 11.389921 494.01795)
(19.066355 6.0393809 497.00343)
(19.761659 3.0784471 496.99468)
(17.950888 8.8184809 497.00976)
(16.464927 11.353685 497.01718)
(19.044468 6.1080478 488.02374)
(19.045032 6.1062878 491.01741)
(19.755209 3.1195677 488.02375)
(19.755371 3.1185427 491.0176)
(16.433912 11.398532 488.02383)
(17.918414 8.8842813 488.02374)
(16.435672 11.395995 491.01807)
(17.919658 8.8817702 491.01759)
(-19.756097 3.11394 470.05988)
(-19.047917 6.0972833 470.05987)
(-17.925854 8.8692597 470.05987)
(-16.446848 11.379859 470.05986)
(-14.647723 13.617791 470.05981)
(-12.553145 15.569796 470.05976)
(-10.179872 17.215406 470.05974)
(-7.5396025 18.524427 470.05973)
(-4.6521781 19.451407 470.05973)
(-1.5957272 19.93624 470.05977)
(-14.647174 13.61838 467.06579)
(-14.646358 13.619258 464.07178)
(-14.645515 13.620165 461.07777)
(-14.644672 13.621072 458.08375)
(-14.643828 13.621978 455.08974)
(-14.642985 13.622885 452.09573)
(-14.642141 13.623792 449.10172)
(-14.641298 13.624698 446.10771)
(-14.640474 13.625584 443.11371)
(-16.444257 11.383603 455.08974)
(-17.924342 8.8723136 455.08975)
(-19.047211 6.0994893 455.08975)
(-19.755917 3.1150857 455.08975)
(-17.924676 8.8716401 458.08376)
(-17.92501 8.8709657 461.07777)
(-17.925343 8.8702909 464.07178)
(-17.925663 8.8696443 467.06582)
(-16.445388 11.381969 461.07777)
(-16.444822 11.382787 458.08376)
(-16.445955 11.38115 464.07178)
(-16.446501 11.38036 467.06581)
(-19.755996 3.1145797 461.07778)
(-19.047521 6.0985193 461.07777)
(-19.755956 3.1148333 458.08376)
(-19.047365 6.0990063 458.08376)
(-19.756075 3.1140839 467.06582)
(-19.756036 3.114326 464.07179)
(-19.047828 6.0975622 467.06582)
(-19.047678 6.0980307 464.07178)
(-17.923017 8.8749904 443.11371)
(-17.923343 8.8743328 446.10771)
(-17.923676 8.8736598 449.10172)
(-17.924009 8.8729867 452.09573)
(-16.442563 11.38605 446.10771)
(-16.442011 11.386847 443.11371)
(-16.443127 11.385234 449.10172)
(-16.443692 11.384419 452.09573)
(-19.755797 3.1158418 446.10772)
(-19.046748 6.1009323 446.10771)
(-19.755759 3.1160875 443.11371)
(-19.046598 6.1014025 443.11371)
(-19.755877 3.1153377 452.09574)
(-19.755837 3.1155897 449.10173)
(-19.047056 6.0999705 452.09574)
(-19.046902 6.1004514 449.10172)
(-1.5831424 19.937243 455.08976)
(-4.6408716 19.454108 455.08972)
(-7.5303305 18.528198 455.08973)
(-10.172621 17.219692 455.08973)
(-12.547682 15.574199 455.08974)
(-7.5322402 18.527422 458.08374)
(-7.5341497 18.526645 461.07775)
(-7.5360592 18.525869 464.07176)
(-7.5379443 18.525102 467.06576)
(-4.6454723 19.45301 461.07775)
(-1.5882268 19.936839 461.07778)
(-4.643172 19.453559 458.08374)
(-1.5856846 19.937041 458.08377)
(-4.6500557 19.451915 467.06576)
(-4.6477726 19.45246 464.07176)
(-1.5932992 19.936434 467.06579)
(-1.5907689 19.936636 464.0718)
(-12.550004 15.572328 461.07776)
(-10.175657 17.217898 461.07776)
(-12.548843 15.573264 458.08375)
(-10.174139 17.218795 458.08375)
(-12.551165 15.571393 464.07178)
(-10.177175 17.217001 464.07177)
(-12.552297 15.57048 467.06577)
(-10.178663 17.216121 467.06576)
(-7.5227346 18.531283 443.11369)
(-7.5246011 18.530526 446.10769)
(-7.526511 18.52975 449.1017)
(-7.5284208 18.528974 452.09571)
(-4.6339699 19.455753 446.10769)
(-1.5755157 19.937847 446.10772)
(-4.6317213 19.456288 443.11369)
(-1.573029 19.938044 443.11372)
(-4.6385711 19.454656 452.09571)
(-4.6362705 19.455205 449.1017)
(-1.5806002 19.937445 452.09575)
(-1.578058 19.937646 449.10174)
(-12.544198 15.577005 446.1077)
(-10.168066 17.222382 446.1077)
(-12.543063 15.577919 443.1137)
(-10.166582 17.223258 443.1137)
(-12.545359 15.57607 449.10172)
(-10.169584 17.221485 449.10171)
(-12.54652 15.575135 452.09573)
(-10.171102 17.220589 452.09572)
(-14.647412 13.618125 497.01817)
(-14.641827 13.624129 494.01987)
(-14.642329 13.62359 491.01875)
(-14.644007 13.621786 488.02444)
(-14.645499 13.620182 485.0302)
(-14.646269 13.619354 482.03596)
(-14.646743 13.618844 479.04185)
(-14.647177 13.618377 476.04784)
(-14.647584 13.61794 473.05382)
(-16.445022 11.382498 485.03006)
(-17.924591 8.8718115 485.03)
(-19.047326 6.0991296 485.03)
(-19.755946 3.1148976 485.03)
(-16.445235 11.38219 494.01825)
(-17.927033 8.8668754 494.01497)
(-19.048443 6.0956383 494.01036)
(-19.75656 3.1109995 494.00641)
(-17.952363 8.8154787 497.01001)
(-16.467852 11.349442 497.01747)
(-19.067037 6.0372274 497.00368)
(-19.761836 3.0773091 496.99492)
(-17.924307 8.8723844 488.02401)
(-17.924105 8.8727937 491.01792)
(-16.444285 11.383562 488.02414)
(-16.443512 11.384679 491.01842)
(-19.047194 6.09954 488.02401)
(-19.047089 6.0998686 491.01774)
(-19.755912 3.1151122 488.02401)
(-19.755902 3.1151787 491.0179)
(-17.925713 8.8695436 473.05393)
(-17.925443 8.8700897 476.04797)
(-17.925159 8.8706638 479.04198)
(-17.924875 8.8712378 482.03599)
(-16.446316 11.380627 476.04793)
(-16.446682 11.380099 473.0539)
(-16.445931 11.381185 479.04194)
(-16.445529 11.381766 482.03598)
(-19.756048 3.1142503 476.04796)
(-19.047724 6.097885 476.04797)
(-19.756081 3.114046 473.05393)
(-19.047851 6.0974893 473.05393)
(-19.75598 3.1146821 482.03599)
(-19.756014 3.1144662 479.04197)
(-19.047458 6.0987161 482.03599)
(-19.047591 6.0983008 479.04198)
(-1.6047149 19.935518 485.02929)
(-4.6584052 19.449917 485.02931)
(-7.5420537 18.523429 485.02975)
(-10.179752 17.215477 485.03021)
(-12.551497 15.571125 485.03034)
(-7.5367801 18.525575 488.02378)
(-7.529782 18.528421 491.0182)
(-7.5173196 18.533481 494.0138)
(-7.4530072 18.559437 497.0086)
(-4.6495882 19.452026 491.01706)
(-1.5992446 19.935958 491.01652)
(-4.6547839 19.450784 488.02303)
(-1.6026009 19.935688 488.02296)
(-4.6386994 19.454626 494.00775)
(-1.5926094 19.936489 494.00196)
(-4.5785854 19.468861 497.00048)
(-1.5633149 19.938808 496.98902)
(-12.5444 15.576843 491.01897)
(-10.169862 17.221321 491.01889)
(-12.548325 15.573681 488.02474)
(-10.175478 17.218003 488.02454)
(-12.539412 15.580858 494.0195)
(-10.159808 17.227255 494.01764)
(-12.518962 15.597294 497.01828)
(-10.112985 17.254783 497.01484)
(-7.5406822 18.523987 473.0537)
(-7.541535 18.52364 476.0477)
(-7.5423635 18.523303 479.04171)
(-7.5430362 18.523029 482.03573)
(-4.6554394 19.450627 476.0477)
(-1.5999709 19.9359 476.04775)
(-4.6538891 19.450998 473.0537)
(-1.5979002 19.936066 473.05375)
(-4.658377 19.449923 482.03558)
(-4.6569726 19.45026 479.04171)
(-1.6039529 19.93558 482.03562)
(-1.6020298 19.935734 479.04176)
(-12.5531 15.569832 476.04774)
(-10.180597 17.214977 476.0477)
(-12.553264 15.5697 473.05375)
(-10.180374 17.215109 473.05371)
(-12.552907 15.569988 479.04176)
(-10.180791 17.214863 479.04172)
(-12.552617 15.570221 482.03594)
(-10.180871 17.214815 482.03588)
(19.755718 3.1163458 410.17964)
(19.04644 6.1018941 410.17964)
(17.922677 8.875678 410.17964)
(16.441434 11.38768 410.17964)
(14.639612 13.62651 410.17964)
(12.541876 15.578875 410.17964)
(10.16503 17.224174 410.17964)
(7.5207811 18.532076 410.17964)
(4.6293686 19.456848 410.17964)
(1.5704311 19.938248 410.17964)
(-1.5704311 19.938248 410.17964)
(-4.6293686 19.456848 410.17964)
(-7.5207811 18.532076 410.17964)
(-10.16503 17.224174 410.17964)
(-12.541876 15.578875 410.17964)
(-14.639612 13.62651 410.17964)
(-16.441434 11.38768 410.17964)
(-17.922677 8.875678 410.17964)
(-19.04644 6.1018941 410.17964)
(-19.755718 3.1163458 410.17964)
(1.5704311 19.938248 413.17365)
(1.5704311 19.938248 416.16766)
(1.5704311 19.938248 419.16168)
(1.5704311 19.938248 422.15569)
(1.5704311 19.938248 425.1497)
(1.5704311 19.938248 428.14371)
(1.5704311 19.938248 431.13772)
(1.5704311 19.938248 434.13174)
(1.5703734 19.938253 437.12575)
(4.6293686 19.456848 425.1497)
(7.5207811 18.532076 425.1497)
(10.16503 17.224174 425.1497)
(12.541876 15.578875 425.1497)
(14.639612 13.62651 425.1497)
(16.441434 11.38768 425.1497)
(17.922677 8.875678 425.1497)
(19.04644 6.1018941 425.1497)
(19.755718 3.1163458 425.1497)
(14.639612 13.62651 422.15569)
(14.639612 13.62651 419.16168)
(14.639612 13.62651 416.16766)
(14.639612 13.62651 413.17365)
(12.541876 15.578875 419.16168)
(10.16503 17.224174 419.16168)
(7.5207811 18.532076 419.16168)
(4.6293686 19.456848 419.16168)
(10.16503 17.224174 422.15569)
(12.541876 15.578875 422.15569)
(7.5207811 18.532076 422.15569)
(4.6293686 19.456848 422.15569)
(10.16503 17.224174 413.17365)
(10.16503 17.224174 416.16766)
(12.541876 15.578875 413.17365)
(12.541876 15.578875 416.16766)
(7.5207811 18.532076 413.17365)
(7.5207811 18.532076 416.16766)
(4.6293686 19.456848 413.17365)
(4.6293686 19.456848 416.16766)
(17.922677 8.875678 422.15569)
(17.922677 8.875678 419.16168)
(17.922677 8.875678 416.16766)
(17.922677 8.875678 413.17365)
(16.441434 11.38768 419.16168)
(16.441434 11.38768 422.15569)
(16.441434 11.38768 416.16766)
(16.441434 11.38768 413.17365)
(19.755718 3.1163458 419.16168)
(19.04644 6.1018941 419.16168)
(19.755718 3.1163458 422.15569)
(19.04644 6.1018941 422.15569)
(19.755718 3.1163458 413.17365)
(19.755718 3.1163458 416.16766)
(19.04644 6.1018941 413.17365)
(19.04644 6.1018941 416.16766)
(14.639591 13.626533 437.12576)
(14.639612 13.62651 434.13174)
(14.639612 13.62651 431.13772)
(14.639612 13.62651 428.14371)
(12.541876 15.578875 434.13174)
(10.16503 17.224174 434.13174)
(7.5207811 18.532076 434.13174)
(4.6293686 19.456848 434.13174)
(10.164992 17.224196 437.12576)
(12.541847 15.578899 437.12576)
(7.5207332 18.532096 437.12576)
(4.6293153 19.456861 437.12576)
(10.16503 17.224174 428.14371)
(10.16503 17.224174 431.13772)
(12.541876 15.578875 428.14371)
(12.541876 15.578875 431.13772)
(7.5207811 18.532076 428.14371)
(7.5207811 18.532076 431.13772)
(4.6293686 19.456848 428.14371)
(4.6293686 19.456848 431.13772)
(17.922668 8.8756947 437.12576)
(17.922677 8.875678 434.13174)
(17.922677 8.875678 431.13772)
(17.922677 8.875678 428.14371)
(16.441434 11.38768 434.13174)
(16.441419 11.387701 437.12576)
(16.441434 11.38768 431.13772)
(16.441434 11.38768 428.14371)
(19.755718 3.1163458 434.13174)
(19.04644 6.1018941 434.13174)
(19.755717 3.1163528 437.12576)
(19.046437 6.1019059 437.12576)
(19.755718 3.1163458 428.14371)
(19.755718 3.1163458 431.13772)
(19.04644 6.1018941 428.14371)
(19.04644 6.1018941 431.13772)
(-12.541876 15.578875 413.17365)
(-12.541876 15.578875 416.16766)
(-12.541876 15.578875 419.16168)
(-12.541876 15.578875 422.15569)
(-12.541876 15.578875 425.1497)
(-12.541876 15.578875 428.14371)
(-12.541876 15.578875 431.13772)
(-12.541876 15.578875 434.13174)
(-12.541902 15.578854 437.12574)
(-10.16503 17.224174 425.1497)
(-7.5207811 18.532076 425.1497)
(-4.6293686 19.456848 425.1497)
(-1.5704311 19.938248 425.1497)
(-7.5207811 18.532076 422.15569)
(-7.5207811 18.532076 419.16168)
(-7.5207811 18.532076 416.16766)
(-7.5207811 18.532076 413.17365)
(-10.16503 17.224174 419.16168)
(-10.16503 17.224174 422.15569)
(-10.16503 17.224174 416.16766)
(-10.16503 17.224174 413.17365)
(-1.5704311 19.938248 419.16168)
(-4.6293686 19.456848 419.16168)
(-1.5704311 19.938248 422.15569)
(-4.6293686 19.456848 422.15569)
(-1.5704311 19.938248 413.17365)
(-1.5704311 19.938248 416.16766)
(-4.6293686 19.456848 413.17365)
(-4.6293686 19.456848 416.16766)
(-7.5208246 18.532059 437.12573)
(-7.5207811 18.532076 434.13174)
(-7.5207811 18.532076 431.13772)
(-7.5207811 18.532076 428.14371)
(-10.16503 17.224174 434.13174)
(-10.165064 17.224154 437.12574)
(-10.16503 17.224174 431.13772)
(-10.16503 17.224174 428.14371)
(-1.5704311 19.938248 434.13174)
(-4.6293686 19.456848 434.13174)
(-1.5704867 19.938244 437.12574)
(-4.6294206 19.456836 437.12573)
(-1.5704311 19.938248 428.14371)
(-1.5704311 19.938248 431.13772)
(-4.6293686 19.456848 428.14371)
(-4.6293686 19.456848 431.13772)
(-19.755718 3.1163458 425.1497)
(-19.04644 6.1018941 425.1497)
(-17.922677 8.875678 425.1497)
(-16.441434 11.38768 425.1497)
(-14.639612 13.62651 425.1497)
(-17.922677 8.875678 422.15569)
(-17.922677 8.875678 419.16168)
(-17.922677 8.875678 416.16766)
(-17.922677 8.875678 413.17365)
(-19.04644 6.1018941 419.16168)
(-19.755718 3.1163458 419.16168)
(-19.04644 6.1018941 422.15569)
(-19.755718 3.1163458 422.15569)
(-19.04644 6.1018941 413.17365)
(-19.04644 6.1018941 416.16766)
(-19.755718 3.1163458 413.17365)
(-19.755718 3.1163458 416.16766)
(-14.639612 13.62651 419.16168)
(-16.441434 11.38768 419.16168)
(-14.639612 13.62651 422.15569)
(-16.441434 11.38768 422.15569)
(-14.639612 13.62651 416.16766)
(-16.441434 11.38768 416.16766)
(-14.639612 13.62651 413.17365)
(-16.441434 11.38768 413.17365)
(-17.922684 8.8756629 437.12574)
(-17.922677 8.875678 434.13174)
(-17.922677 8.875678 431.13772)
(-17.922677 8.875678 428.14371)
(-19.04644 6.1018941 434.13174)
(-19.755718 3.1163458 434.13174)
(-19.046444 6.1018833 437.12574)
(-19.755719 3.1163395 437.12574)
(-19.04644 6.1018941 428.14371)
(-19.04644 6.1018941 431.13772)
(-19.755718 3.1163458 428.14371)
(-19.755718 3.1163458 431.13772)
(-14.639612 13.62651 434.13174)
(-16.441434 11.38768 434.13174)
(-14.639631 13.626489 437.12574)
(-16.441446 11.387662 437.12574)
(-14.639612 13.62651 431.13772)
(-16.441434 11.38768 431.13772)
(-14.639612 13.62651 428.14371)
(-16.441434 11.38768 428.14371)
(1.5704311 19.938248 380.23952)
(1.5704311 19.938248 383.23353)
(1.5704311 19.938248 386.22754)
(1.5704311 19.938248 389.22156)
(1.5704311 19.938248 392.21557)
(1.5704311 19.938248 395.20958)
(1.5704311 19.938248 398.20359)
(1.5704311 19.938248 401.1976)
(1.5704311 19.938248 404.19162)
(1.5704311 19.938248 407.18563)
(4.6293686 19.456848 392.21557)
(7.5207811 18.532076 392.21557)
(10.16503 17.224174 392.21557)
(12.541876 15.578875 392.21557)
(14.639612 13.62651 392.21557)
(16.441434 11.38768 392.21557)
(17.922677 8.875678 392.21557)
(19.04644 6.1018941 392.21557)
(19.755718 3.1163458 392.21557)
(14.639612 13.62651 389.22156)
(14.639612 13.62651 386.22754)
(14.639612 13.62651 383.23353)
(14.639612 13.62651 380.23952)
(12.541876 15.578875 386.22754)
(10.16503 17.224174 386.22754)
(7.5207811 18.532076 386.22754)
(4.6293686 19.456848 386.22754)
(10.16503 17.224174 389.22156)
(12.541876 15.578875 389.22156)
(7.5207811 18.532076 389.22156)
(4.6293686 19.456848 389.22156)
(10.16503 17.224174 380.23952)
(10.16503 17.224174 383.23353)
(12.541876 15.578875 380.23952)
(12.541876 15.578875 383.23353)
(7.5207811 18.532076 380.23952)
(7.5207811 18.532076 383.23353)
(4.6293686 19.456848 380.23952)
(4.6293686 19.456848 383.23353)
(17.922677 8.875678 389.22156)
(17.922677 8.875678 386.22754)
(17.922677 8.875678 383.23353)
(17.922677 8.875678 380.23952)
(16.441434 11.38768 386.22754)
(16.441434 11.38768 389.22156)
(16.441434 11.38768 383.23353)
(16.441434 11.38768 380.23952)
(19.755718 3.1163458 386.22754)
(19.04644 6.1018941 386.22754)
(19.755718 3.1163458 389.22156)
(19.04644 6.1018941 389.22156)
(19.755718 3.1163458 380.23952)
(19.755718 3.1163458 383.23353)
(19.04644 6.1018941 380.23952)
(19.04644 6.1018941 383.23353)
(14.639612 13.62651 407.18563)
(14.639612 13.62651 404.19162)
(14.639612 13.62651 401.1976)
(14.639612 13.62651 398.20359)
(14.639612 13.62651 395.20958)
(12.541876 15.578875 401.1976)
(10.16503 17.224174 401.1976)
(7.5207811 18.532076 401.1976)
(4.6293686 19.456848 401.1976)
(10.16503 17.224174 404.19162)
(10.16503 17.224174 407.18563)
(12.541876 15.578875 404.19162)
(12.541876 15.578875 407.18563)
(7.5207811 18.532076 404.19162)
(7.5207811 18.532076 407.18563)
(4.6293686 19.456848 404.19162)
(4.6293686 19.456848 407.18563)
(10.16503 17.224174 395.20958)
(10.16503 17.224174 398.20359)
(12.541876 15.578875 395.20958)
(12.541876 15.578875 398.20359)
(7.5207811 18.532076 395.20958)
(7.5207811 18.532076 398.20359)
(4.6293686 19.456848 395.20958)
(4.6293686 19.456848 398.20359)
(19.755718 3.1163458 401.1976)
(19.04644 6.1018941 401.1976)
(17.922677 8.875678 401.1976)
(16.441434 11.38768 401.1976)
(19.04644 6.1018941 404.19162)
(19.04644 6.1018941 407.18563)
(19.755718 3.1163458 404.19162)
(19.755718 3.1163458 407.18563)
(16.441434 11.38768 404.19162)
(17.922677 8.875678 404.19162)
(16.441434 11.38768 407.18563)
(17.922677 8.875678 407.18563)
(19.04644 6.1018941 395.20958)
(19.04644 6.1018941 398.20359)
(19.755718 3.1163458 395.20958)
(19.755718 3.1163458 398.20359)
(16.441434 11.38768 395.20958)
(17.922677 8.875678 395.20958)
(16.441434 11.38768 398.20359)
(17.922677 8.875678 398.20359)
(-12.541876 15.578875 380.23952)
(-12.541876 15.578875 383.23353)
(-12.541876 15.578875 386.22754)
(-12.541876 15.578875 389.22156)
(-12.541876 15.578875 392.21557)
(-12.541876 15.578875 395.20958)
(-12.541876 15.578875 398.20359)
(-12.541876 15.578875 401.1976)
(-12.541876 15.578875 404.19162)
(-12.541876 15.578875 407.18563)
(-10.16503 17.224174 392.21557)
(-7.5207811 18.532076 392.21557)
(-4.6293686 19.456848 392.21557)
(-1.5704311 19.938248 392.21557)
(-7.5207811 18.532076 389.22156)
(-7.5207811 18.532076 386.22754)
(-7.5207811 18.532076 383.23353)
(-7.5207811 18.532076 380.23952)
(-10.16503 17.224174 386.22754)
(-10.16503 17.224174 389.22156)
(-10.16503 17.224174 383.23353)
(-10.16503 17.224174 380.23952)
(-1.5704311 19.938248 386.22754)
(-4.6293686 19.456848 386.22754)
(-1.5704311 19.938248 389.22156)
(-4.6293686 19.456848 389.22156)
(-1.5704311 19.938248 380.23952)
(-1.5704311 19.938248 383.23353)
(-4.6293686 19.456848 380.23952)
(-4.6293686 19.456848 383.23353)
(-10.16503 17.224174 401.1976)
(-7.5207811 18.532076 401.1976)
(-4.6293686 19.456848 401.1976)
(-1.5704311 19.938248 401.1976)
(-7.5207811 18.532076 398.20359)
(-7.5207811 18.532076 395.20958)
(-10.16503 17.224174 398.20359)
(-10.16503 17.224174 395.20958)
(-4.6293686 19.456848 398.20359)
(-4.6293686 19.456848 395.20958)
(-1.5704311 19.938248 398.20359)
(-1.5704311 19.938248 395.20958)
(-7.5207811 18.532076 407.18563)
(-7.5207811 18.532076 404.19162)
(-10.16503 17.224174 407.18563)
(-10.16503 17.224174 404.19162)
(-4.6293686 19.456848 407.18563)
(-4.6293686 19.456848 404.19162)
(-1.5704311 19.938248 407.18563)
(-1.5704311 19.938248 404.19162)
(-19.755718 3.1163458 392.21557)
(-19.04644 6.1018941 392.21557)
(-17.922677 8.875678 392.21557)
(-16.441434 11.38768 392.21557)
(-14.639612 13.62651 392.21557)
(-17.922677 8.875678 389.22156)
(-17.922677 8.875678 386.22754)
(-17.922677 8.875678 383.23353)
(-17.922677 8.875678 380.23952)
(-19.04644 6.1018941 386.22754)
(-19.755718 3.1163458 386.22754)
(-19.04644 6.1018941 389.22156)
(-19.755718 3.1163458 389.22156)
(-19.04644 6.1018941 380.23952)
(-19.04644 6.1018941 383.23353)
(-19.755718 3.1163458 380.23952)
(-19.755718 3.1163458 383.23353)
(-14.639612 13.62651 386.22754)
(-16.441434 11.38768 386.22754)
(-14.639612 13.62651 389.22156)
(-16.441434 11.38768 389.22156)
(-14.639612 13.62651 383.23353)
(-16.441434 11.38768 383.23353)
(-14.639612 13.62651 380.23952)
(-16.441434 11.38768 380.23952)
(-19.755718 3.1163458 401.1976)
(-19.04644 6.1018941 401.1976)
(-17.922677 8.875678 401.1976)
(-16.441434 11.38768 401.1976)
(-14.639612 13.62651 401.1976)
(-17.922677 8.875678 398.20359)
(-17.922677 8.875678 395.20958)
(-19.755718 3.1163458 398.20359)
(-19.755718 3.1163458 395.20958)
(-19.04644 6.1018941 398.20359)
(-19.04644 6.1018941 395.20958)
(-14.639612 13.62651 398.20359)
(-16.441434 11.38768 398.20359)
(-14.639612 13.62651 395.20958)
(-16.441434 11.38768 395.20958)
(-17.922677 8.875678 407.18563)
(-17.922677 8.875678 404.19162)
(-19.755718 3.1163458 407.18563)
(-19.755718 3.1163458 404.19162)
(-19.04644 6.1018941 407.18563)
(-19.04644 6.1018941 404.19162)
(-14.639612 13.62651 407.18563)
(-16.441434 11.38768 407.18563)
(-14.639612 13.62651 404.19162)
(-16.441434 11.38768 404.19162)
(19.755718 3.1163458 314.37126)
(19.04644 6.1018941 314.37126)
(17.922677 8.875678 314.37126)
(16.441434 11.38768 314.37126)
(14.639612 13.62651 314.37126)
(12.541876 15.578875 314.37126)
(10.16503 17.224174 314.37126)
(7.5207811 18.532076 314.37126)
(4.6293686 19.456848 314.37126)
(1.5704311 19.938248 314.37126)
(-1.5704311 19.938248 314.37126)
(-4.6293686 19.456848 314.37126)
(-7.5207811 18.532076 314.37126)
(-10.16503 17.224174 314.37126)
(-12.541876 15.578875 314.37126)
(-14.639612 13.62651 314.37126)
(-16.441434 11.38768 314.37126)
(-17.922677 8.875678 314.37126)
(-19.04644 6.1018941 314.37126)
(-19.755718 3.1163458 314.37126)
(19.755718 3.1163458 347.30539)
(19.04644 6.1018941 347.30539)
(17.922677 8.875678 347.30539)
(16.441434 11.38768 347.30539)
(14.639612 13.62651 347.30539)
(12.541876 15.578875 347.30539)
(10.16503 17.224174 347.30539)
(7.5207811 18.532076 347.30539)
(4.6293686 19.456848 347.30539)
(1.5704311 19.938248 347.30539)
(-1.5704311 19.938248 347.30539)
(-4.6293686 19.456848 347.30539)
(-7.5207811 18.532076 347.30539)
(-10.16503 17.224174 347.30539)
(-12.541876 15.578875 347.30539)
(-14.639612 13.62651 347.30539)
(-16.441434 11.38768 347.30539)
(-17.922677 8.875678 347.30539)
(-19.04644 6.1018941 347.30539)
(-19.755718 3.1163458 347.30539)
(1.5704311 19.938248 350.2994)
(1.5704311 19.938248 353.29341)
(1.5704311 19.938248 356.28743)
(1.5704311 19.938248 359.28144)
(1.5704311 19.938248 362.27545)
(1.5704311 19.938248 365.26946)
(1.5704311 19.938248 368.26347)
(1.5704311 19.938248 371.25748)
(1.5704311 19.938248 374.2515)
(4.6293686 19.456848 362.27545)
(7.5207811 18.532076 362.27545)
(10.16503 17.224174 362.27545)
(12.541876 15.578875 362.27545)
(14.639612 13.62651 362.27545)
(16.441434 11.38768 362.27545)
(17.922677 8.875678 362.27545)
(19.04644 6.1018941 362.27545)
(19.755718 3.1163458 362.27545)
(14.639612 13.62651 359.28144)
(14.639612 13.62651 356.28743)
(14.639612 13.62651 353.29341)
(14.639612 13.62651 350.2994)
(12.541876 15.578875 356.28743)
(10.16503 17.224174 356.28743)
(7.5207811 18.532076 356.28743)
(4.6293686 19.456848 356.28743)
(10.16503 17.224174 359.28144)
(12.541876 15.578875 359.28144)
(7.5207811 18.532076 359.28144)
(4.6293686 19.456848 359.28144)
(10.16503 17.224174 350.2994)
(10.16503 17.224174 353.29341)
(12.541876 15.578875 350.2994)
(12.541876 15.578875 353.29341)
(7.5207811 18.532076 350.2994)
(7.5207811 18.532076 353.29341)
(4.6293686 19.456848 350.2994)
(4.6293686 19.456848 353.29341)
(17.922677 8.875678 359.28144)
(17.922677 8.875678 356.28743)
(17.922677 8.875678 353.29341)
(17.922677 8.875678 350.2994)
(16.441434 11.38768 356.28743)
(16.441434 11.38768 359.28144)
(16.441434 11.38768 353.29341)
(16.441434 11.38768 350.2994)
(19.755718 3.1163458 356.28743)
(19.04644 6.1018941 356.28743)
(19.755718 3.1163458 359.28144)
(19.04644 6.1018941 359.28144)
(19.755718 3.1163458 350.2994)
(19.755718 3.1163458 353.29341)
(19.04644 6.1018941 350.2994)
(19.04644 6.1018941 353.29341)
(14.639612 13.62651 374.2515)
(14.639612 13.62651 371.25748)
(14.639612 13.62651 368.26347)
(14.639612 13.62651 365.26946)
(12.541876 15.578875 371.25748)
(10.16503 17.224174 371.25748)
(7.5207811 18.532076 371.25748)
(4.6293686 19.456848 371.25748)
(10.16503 17.224174 374.2515)
(12.541876 15.578875 374.2515)
(7.5207811 18.532076 374.2515)
(4.6293686 19.456848 374.2515)
(10.16503 17.224174 365.26946)
(10.16503 17.224174 368.26347)
(12.541876 15.578875 365.26946)
(12.541876 15.578875 368.26347)
(7.5207811 18.532076 365.26946)
(7.5207811 18.532076 368.26347)
(4.6293686 19.456848 365.26946)
(4.6293686 19.456848 368.26347)
(17.922677 8.875678 374.2515)
(17.922677 8.875678 371.25748)
(17.922677 8.875678 368.26347)
(17.922677 8.875678 365.26946)
(16.441434 11.38768 371.25748)
(16.441434 11.38768 374.2515)
(16.441434 11.38768 368.26347)
(16.441434 11.38768 365.26946)
(19.755718 3.1163458 371.25748)
(19.04644 6.1018941 371.25748)
(19.755718 3.1163458 374.2515)
(19.04644 6.1018941 374.2515)
(19.755718 3.1163458 365.26946)
(19.755718 3.1163458 368.26347)
(19.04644 6.1018941 365.26946)
(19.04644 6.1018941 368.26347)
(-12.541876 15.578875 350.2994)
(-12.541876 15.578875 353.29341)
(-12.541876 15.578875 356.28743)
(-12.541876 15.578875 359.28144)
(-12.541876 15.578875 362.27545)
(-12.541876 15.578875 365.26946)
(-12.541876 15.578875 368.26347)
(-12.541876 15.578875 371.25748)
(-12.541876 15.578875 374.2515)
(-10.16503 17.224174 362.27545)
(-7.5207811 18.532076 362.27545)
(-4.6293686 19.456848 362.27545)
(-1.5704311 19.938248 362.27545)
(-7.5207811 18.532076 359.28144)
(-7.5207811 18.532076 356.28743)
(-7.5207811 18.532076 353.29341)
(-7.5207811 18.532076 350.2994)
(-10.16503 17.224174 356.28743)
(-10.16503 17.224174 359.28144)
(-10.16503 17.224174 353.29341)
(-10.16503 17.224174 350.2994)
(-1.5704311 19.938248 356.28743)
(-4.6293686 19.456848 356.28743)
(-1.5704311 19.938248 359.28144)
(-4.6293686 19.456848 359.28144)
(-1.5704311 19.938248 350.2994)
(-1.5704311 19.938248 353.29341)
(-4.6293686 19.456848 350.2994)
(-4.6293686 19.456848 353.29341)
(-7.5207811 18.532076 374.2515)
(-7.5207811 18.532076 371.25748)
(-7.5207811 18.532076 368.26347)
(-7.5207811 18.532076 365.26946)
(-10.16503 17.224174 371.25748)
(-10.16503 17.224174 374.2515)
(-10.16503 17.224174 368.26347)
(-10.16503 17.224174 365.26946)
(-1.5704311 19.938248 371.25748)
(-4.6293686 19.456848 371.25748)
(-1.5704311 19.938248 374.2515)
(-4.6293686 19.456848 374.2515)
(-1.5704311 19.938248 365.26946)
(-1.5704311 19.938248 368.26347)
(-4.6293686 19.456848 365.26946)
(-4.6293686 19.456848 368.26347)
(-19.755718 3.1163458 362.27545)
(-19.04644 6.1018941 362.27545)
(-17.922677 8.875678 362.27545)
(-16.441434 11.38768 362.27545)
(-14.639612 13.62651 362.27545)
(-17.922677 8.875678 359.28144)
(-17.922677 8.875678 356.28743)
(-17.922677 8.875678 353.29341)
(-17.922677 8.875678 350.2994)
(-19.04644 6.1018941 356.28743)
(-19.755718 3.1163458 356.28743)
(-19.04644 6.1018941 359.28144)
(-19.755718 3.1163458 359.28144)
(-19.04644 6.1018941 350.2994)
(-19.04644 6.1018941 353.29341)
(-19.755718 3.1163458 350.2994)
(-19.755718 3.1163458 353.29341)
(-14.639612 13.62651 356.28743)
(-16.441434 11.38768 356.28743)
(-14.639612 13.62651 359.28144)
(-16.441434 11.38768 359.28144)
(-14.639612 13.62651 353.29341)
(-16.441434 11.38768 353.29341)
(-14.639612 13.62651 350.2994)
(-16.441434 11.38768 350.2994)
(-17.922677 8.875678 374.2515)
(-17.922677 8.875678 371.25748)
(-17.922677 8.875678 368.26347)
(-17.922677 8.875678 365.26946)
(-19.04644 6.1018941 371.25748)
(-19.755718 3.1163458 371.25748)
(-19.04644 6.1018941 374.2515)
(-19.755718 3.1163458 374.2515)
(-19.04644 6.1018941 365.26946)
(-19.04644 6.1018941 368.26347)
(-19.755718 3.1163458 365.26946)
(-19.755718 3.1163458 368.26347)
(-14.639612 13.62651 371.25748)
(-16.441434 11.38768 371.25748)
(-14.639612 13.62651 374.2515)
(-16.441434 11.38768 374.2515)
(-14.639612 13.62651 368.26347)
(-16.441434 11.38768 368.26347)
(-14.639612 13.62651 365.26946)
(-16.441434 11.38768 365.26946)
(1.5704311 19.938248 317.36527)
(1.5704311 19.938248 320.35928)
(1.5704311 19.938248 323.35329)
(1.5704311 19.938248 326.34731)
(1.5704311 19.938248 329.34132)
(1.5704311 19.938248 332.33533)
(1.5704311 19.938248 335.32934)
(1.5704311 19.938248 338.32335)
(1.5704311 19.938248 341.31737)
(1.5704311 19.938248 344.31138)
(4.6293686 19.456848 329.34132)
(7.5207811 18.532076 329.34132)
(10.16503 17.224174 329.34132)
(12.541876 15.578875 329.34132)
(14.639612 13.62651 329.34132)
(16.441434 11.38768 329.34132)
(17.922677 8.875678 329.34132)
(19.04644 6.1018941 329.34132)
(19.755718 3.1163458 329.34132)
(14.639612 13.62651 326.34731)
(14.639612 13.62651 323.35329)
(14.639612 13.62651 320.35928)
(14.639612 13.62651 317.36527)
(12.541876 15.578875 323.35329)
(10.16503 17.224174 323.35329)
(7.5207811 18.532076 323.35329)
(4.6293686 19.456848 323.35329)
(10.16503 17.224174 326.34731)
(12.541876 15.578875 326.34731)
(7.5207811 18.532076 326.34731)
(4.6293686 19.456848 326.34731)
(10.16503 17.224174 317.36527)
(10.16503 17.224174 320.35928)
(12.541876 15.578875 317.36527)
(12.541876 15.578875 320.35928)
(7.5207811 18.532076 317.36527)
(7.5207811 18.532076 320.35928)
(4.6293686 19.456848 317.36527)
(4.6293686 19.456848 320.35928)
(17.922677 8.875678 326.34731)
(17.922677 8.875678 323.35329)
(17.922677 8.875678 320.35928)
(17.922677 8.875678 317.36527)
(16.441434 11.38768 323.35329)
(16.441434 11.38768 326.34731)
(16.441434 11.38768 320.35928)
(16.441434 11.38768 317.36527)
(19.755718 3.1163458 323.35329)
(19.04644 6.1018941 323.35329)
(19.755718 3.1163458 326.34731)
(19.04644 6.1018941 326.34731)
(19.755718 3.1163458 317.36527)
(19.755718 3.1163458 320.35928)
(19.04644 6.1018941 317.36527)
(19.04644 6.1018941 320.35928)
(14.639612 13.62651 344.31138)
(14.639612 13.62651 341.31737)
(14.639612 13.62651 338.32335)
(14.639612 13.62651 335.32934)
(14.639612 13.62651 332.33533)
(12.541876 15.578875 338.32335)
(10.16503 17.224174 338.32335)
(7.5207811 18.532076 338.32335)
(4.6293686 19.456848 338.32335)
(10.16503 17.224174 341.31737)
(10.16503 17.224174 344.31138)
(12.541876 15.578875 341.31737)
(12.541876 15.578875 344.31138)
(7.5207811 18.532076 341.31737)
(7.5207811 18.532076 344.31138)
(4.6293686 19.456848 341.31737)
(4.6293686 19.456848 344.31138)
(10.16503 17.224174 332.33533)
(10.16503 17.224174 335.32934)
(12.541876 15.578875 332.33533)
(12.541876 15.578875 335.32934)
(7.5207811 18.532076 332.33533)
(7.5207811 18.532076 335.32934)
(4.6293686 19.456848 332.33533)
(4.6293686 19.456848 335.32934)
(19.755718 3.1163458 338.32335)
(19.04644 6.1018941 338.32335)
(17.922677 8.875678 338.32335)
(16.441434 11.38768 338.32335)
(19.04644 6.1018941 341.31737)
(19.04644 6.1018941 344.31138)
(19.755718 3.1163458 341.31737)
(19.755718 3.1163458 344.31138)
(16.441434 11.38768 341.31737)
(17.922677 8.875678 341.31737)
(16.441434 11.38768 344.31138)
(17.922677 8.875678 344.31138)
(19.04644 6.1018941 332.33533)
(19.04644 6.1018941 335.32934)
(19.755718 3.1163458 332.33533)
(19.755718 3.1163458 335.32934)
(16.441434 11.38768 332.33533)
(17.922677 8.875678 332.33533)
(16.441434 11.38768 335.32934)
(17.922677 8.875678 335.32934)
(-12.541876 15.578875 317.36527)
(-12.541876 15.578875 320.35928)
(-12.541876 15.578875 323.35329)
(-12.541876 15.578875 326.34731)
(-12.541876 15.578875 329.34132)
(-12.541876 15.578875 332.33533)
(-12.541876 15.578875 335.32934)
(-12.541876 15.578875 338.32335)
(-12.541876 15.578875 341.31737)
(-12.541876 15.578875 344.31138)
(-10.16503 17.224174 329.34132)
(-7.5207811 18.532076 329.34132)
(-4.6293686 19.456848 329.34132)
(-1.5704311 19.938248 329.34132)
(-7.5207811 18.532076 326.34731)
(-7.5207811 18.532076 323.35329)
(-7.5207811 18.532076 320.35928)
(-7.5207811 18.532076 317.36527)
(-10.16503 17.224174 323.35329)
(-10.16503 17.224174 326.34731)
(-10.16503 17.224174 320.35928)
(-10.16503 17.224174 317.36527)
(-1.5704311 19.938248 323.35329)
(-4.6293686 19.456848 323.35329)
(-1.5704311 19.938248 326.34731)
(-4.6293686 19.456848 326.34731)
(-1.5704311 19.938248 317.36527)
(-1.5704311 19.938248 320.35928)
(-4.6293686 19.456848 317.36527)
(-4.6293686 19.456848 320.35928)
(-10.16503 17.224174 338.32335)
(-7.5207811 18.532076 338.32335)
(-4.6293686 19.456848 338.32335)
(-1.5704311 19.938248 338.32335)
(-7.5207811 18.532076 335.32934)
(-7.5207811 18.532076 332.33533)
(-10.16503 17.224174 335.32934)
(-10.16503 17.224174 332.33533)
(-4.6293686 19.456848 335.32934)
(-4.6293686 19.456848 332.33533)
(-1.5704311 19.938248 335.32934)
(-1.5704311 19.938248 332.33533)
(-7.5207811 18.532076 344.31138)
(-7.5207811 18.532076 341.31737)
(-10.16503 17.224174 344.31138)
(-10.16503 17.224174 341.31737)
(-4.6293686 19.456848 344.31138)
(-4.6293686 19.456848 341.31737)
(-1.5704311 19.938248 344.31138)
(-1.5704311 19.938248 341.31737)
(-19.755718 3.1163458 329.34132)
(-19.04644 6.1018941 329.34132)
(-17.922677 8.875678 329.34132)
(-16.441434 11.38768 329.34132)
(-14.639612 13.62651 329.34132)
(-17.922677 8.875678 326.34731)
(-17.922677 8.875678 323.35329)
(-17.922677 8.875678 320.35928)
(-17.922677 8.875678 317.36527)
(-19.04644 6.1018941 323.35329)
(-19.755718 3.1163458 323.35329)
(-19.04644 6.1018941 326.34731)
(-19.755718 3.1163458 326.34731)
(-19.04644 6.1018941 317.36527)
(-19.04644 6.1018941 320.35928)
(-19.755718 3.1163458 317.36527)
(-19.755718 3.1163458 320.35928)
(-14.639612 13.62651 323.35329)
(-16.441434 11.38768 323.35329)
(-14.639612 13.62651 326.34731)
(-16.441434 11.38768 326.34731)
(-14.639612 13.62651 320.35928)
(-16.441434 11.38768 320.35928)
(-14.639612 13.62651 317.36527)
(-16.441434 11.38768 317.36527)
(-19.755718 3.1163458 338.32335)
(-19.04644 6.1018941 338.32335)
(-17.922677 8.875678 338.32335)
(-16.441434 11.38768 338.32335)
(-14.639612 13.62651 338.32335)
(-17.922677 8.875678 335.32934)
(-17.922677 8.875678 332.33533)
(-19.755718 3.1163458 335.32934)
(-19.755718 3.1163458 332.33533)
(-19.04644 6.1018941 335.32934)
(-19.04644 6.1018941 332.33533)
(-14.639612 13.62651 335.32934)
(-16.441434 11.38768 335.32934)
(-14.639612 13.62651 332.33533)
(-16.441434 11.38768 332.33533)
(-17.922677 8.875678 344.31138)
(-17.922677 8.875678 341.31737)
(-19.755718 3.1163458 344.31138)
(-19.755718 3.1163458 341.31737)
(-19.04644 6.1018941 344.31138)
(-19.04644 6.1018941 341.31737)
(-14.639612 13.62651 344.31138)
(-16.441434 11.38768 344.31138)
(-14.639612 13.62651 341.31737)
(-16.441434 11.38768 341.31737)
(19.755718 3.1163458 284.43114)
(19.04644 6.1018941 284.43114)
(17.922677 8.875678 284.43114)
(16.441434 11.38768 284.43114)
(14.639612 13.62651 284.43114)
(12.541876 15.578875 284.43114)
(10.16503 17.224174 284.43114)
(7.5207811 18.532076 284.43114)
(4.6293686 19.456848 284.43114)
(1.5704311 19.938248 284.43114)
(-1.5704311 19.938248 284.43114)
(-4.6293686 19.456848 284.43114)
(-7.5207811 18.532076 284.43114)
(-10.16503 17.224174 284.43114)
(-12.541876 15.578875 284.43114)
(-14.639612 13.62651 284.43114)
(-16.441434 11.38768 284.43114)
(-17.922677 8.875678 284.43114)
(-19.04644 6.1018941 284.43114)
(-19.755718 3.1163458 284.43114)
(1.5704311 19.938248 287.42515)
(1.5704311 19.938248 290.41916)
(1.5704311 19.938248 293.41317)
(1.5704311 19.938248 296.40719)
(1.5704311 19.938248 299.4012)
(1.5704311 19.938248 302.39521)
(1.5704311 19.938248 305.38922)
(1.5704311 19.938248 308.38323)
(1.5704311 19.938248 311.37725)
(4.6293686 19.456848 299.4012)
(7.5207811 18.532076 299.4012)
(10.16503 17.224174 299.4012)
(12.541876 15.578875 299.4012)
(14.639612 13.62651 299.4012)
(16.441434 11.38768 299.4012)
(17.922677 8.875678 299.4012)
(19.04644 6.1018941 299.4012)
(19.755718 3.1163458 299.4012)
(14.639612 13.62651 296.40719)
(14.639612 13.62651 293.41317)
(14.639612 13.62651 290.41916)
(14.639612 13.62651 287.42515)
(12.541876 15.578875 293.41317)
(10.16503 17.224174 293.41317)
(7.5207811 18.532076 293.41317)
(4.6293686 19.456848 293.41317)
(10.16503 17.224174 296.40719)
(12.541876 15.578875 296.40719)
(7.5207811 18.532076 296.40719)
(4.6293686 19.456848 296.40719)
(10.16503 17.224174 287.42515)
(10.16503 17.224174 290.41916)
(12.541876 15.578875 287.42515)
(12.541876 15.578875 290.41916)
(7.5207811 18.532076 287.42515)
(7.5207811 18.532076 290.41916)
(4.6293686 19.456848 287.42515)
(4.6293686 19.456848 290.41916)
(17.922677 8.875678 296.40719)
(17.922677 8.875678 293.41317)
(17.922677 8.875678 290.41916)
(17.922677 8.875678 287.42515)
(16.441434 11.38768 293.41317)
(16.441434 11.38768 296.40719)
(16.441434 11.38768 290.41916)
(16.441434 11.38768 287.42515)
(19.755718 3.1163458 293.41317)
(19.04644 6.1018941 293.41317)
(19.755718 3.1163458 296.40719)
(19.04644 6.1018941 296.40719)
(19.755718 3.1163458 287.42515)
(19.755718 3.1163458 290.41916)
(19.04644 6.1018941 287.42515)
(19.04644 6.1018941 290.41916)
(14.639612 13.62651 311.37725)
(14.639612 13.62651 308.38323)
(14.639612 13.62651 305.38922)
(14.639612 13.62651 302.39521)
(12.541876 15.578875 308.38323)
(10.16503 17.224174 308.38323)
(7.5207811 18.532076 308.38323)
(4.6293686 19.456848 308.38323)
(10.16503 17.224174 311.37725)
(12.541876 15.578875 311.37725)
(7.5207811 18.532076 311.37725)
(4.6293686 19.456848 311.37725)
(10.16503 17.224174 302.39521)
(10.16503 17.224174 305.38922)
(12.541876 15.578875 302.39521)
(12.541876 15.578875 305.38922)
(7.5207811 18.532076 302.39521)
(7.5207811 18.532076 305.38922)
(4.6293686 19.456848 302.39521)
(4.6293686 19.456848 305.38922)
(17.922677 8.875678 311.37725)
(17.922677 8.875678 308.38323)
(17.922677 8.875678 305.38922)
(17.922677 8.875678 302.39521)
(16.441434 11.38768 308.38323)
(16.441434 11.38768 311.37725)
(16.441434 11.38768 305.38922)
(16.441434 11.38768 302.39521)
(19.755718 3.1163458 308.38323)
(19.04644 6.1018941 308.38323)
(19.755718 3.1163458 311.37725)
(19.04644 6.1018941 311.37725)
(19.755718 3.1163458 302.39521)
(19.755718 3.1163458 305.38922)
(19.04644 6.1018941 302.39521)
(19.04644 6.1018941 305.38922)
(-12.541876 15.578875 287.42515)
(-12.541876 15.578875 290.41916)
(-12.541876 15.578875 293.41317)
(-12.541876 15.578875 296.40719)
(-12.541876 15.578875 299.4012)
(-12.541876 15.578875 302.39521)
(-12.541876 15.578875 305.38922)
(-12.541876 15.578875 308.38323)
(-12.541876 15.578875 311.37725)
(-10.16503 17.224174 299.4012)
(-7.5207811 18.532076 299.4012)
(-4.6293686 19.456848 299.4012)
(-1.5704311 19.938248 299.4012)
(-7.5207811 18.532076 296.40719)
(-7.5207811 18.532076 293.41317)
(-7.5207811 18.532076 290.41916)
(-7.5207811 18.532076 287.42515)
(-10.16503 17.224174 293.41317)
(-10.16503 17.224174 296.40719)
(-10.16503 17.224174 290.41916)
(-10.16503 17.224174 287.42515)
(-1.5704311 19.938248 293.41317)
(-4.6293686 19.456848 293.41317)
(-1.5704311 19.938248 296.40719)
(-4.6293686 19.456848 296.40719)
(-1.5704311 19.938248 287.42515)
(-1.5704311 19.938248 290.41916)
(-4.6293686 19.456848 287.42515)
(-4.6293686 19.456848 290.41916)
(-7.5207811 18.532076 311.37725)
(-7.5207811 18.532076 308.38323)
(-7.5207811 18.532076 305.38922)
(-7.5207811 18.532076 302.39521)
(-10.16503 17.224174 308.38323)
(-10.16503 17.224174 311.37725)
(-10.16503 17.224174 305.38922)
(-10.16503 17.224174 302.39521)
(-1.5704311 19.938248 308.38323)
(-4.6293686 19.456848 308.38323)
(-1.5704311 19.938248 311.37725)
(-4.6293686 19.456848 311.37725)
(-1.5704311 19.938248 302.39521)
(-1.5704311 19.938248 305.38922)
(-4.6293686 19.456848 302.39521)
(-4.6293686 19.456848 305.38922)
(-19.755718 3.1163458 299.4012)
(-19.04644 6.1018941 299.4012)
(-17.922677 8.875678 299.4012)
(-16.441434 11.38768 299.4012)
(-14.639612 13.62651 299.4012)
(-17.922677 8.875678 296.40719)
(-17.922677 8.875678 293.41317)
(-17.922677 8.875678 290.41916)
(-17.922677 8.875678 287.42515)
(-19.04644 6.1018941 293.41317)
(-19.755718 3.1163458 293.41317)
(-19.04644 6.1018941 296.40719)
(-19.755718 3.1163458 296.40719)
(-19.04644 6.1018941 287.42515)
(-19.04644 6.1018941 290.41916)
(-19.755718 3.1163458 287.42515)
(-19.755718 3.1163458 290.41916)
(-14.639612 13.62651 293.41317)
(-16.441434 11.38768 293.41317)
(-14.639612 13.62651 296.40719)
(-16.441434 11.38768 296.40719)
(-14.639612 13.62651 290.41916)
(-16.441434 11.38768 290.41916)
(-14.639612 13.62651 287.42515)
(-16.441434 11.38768 287.42515)
(-17.922677 8.875678 311.37725)
(-17.922677 8.875678 308.38323)
(-17.922677 8.875678 305.38922)
(-17.922677 8.875678 302.39521)
(-19.04644 6.1018941 308.38323)
(-19.755718 3.1163458 308.38323)
(-19.04644 6.1018941 311.37725)
(-19.755718 3.1163458 311.37725)
(-19.04644 6.1018941 302.39521)
(-19.04644 6.1018941 305.38922)
(-19.755718 3.1163458 302.39521)
(-19.755718 3.1163458 305.38922)
(-14.639612 13.62651 308.38323)
(-16.441434 11.38768 308.38323)
(-14.639612 13.62651 311.37725)
(-16.441434 11.38768 311.37725)
(-14.639612 13.62651 305.38922)
(-16.441434 11.38768 305.38922)
(-14.639612 13.62651 302.39521)
(-16.441434 11.38768 302.39521)
(1.5704311 19.938248 254.49102)
(1.5704311 19.938248 257.48503)
(1.5704311 19.938248 260.47904)
(1.5704311 19.938248 263.47305)
(1.5704311 19.938248 266.46707)
(1.5704311 19.938248 269.46108)
(1.5704311 19.938248 272.45509)
(1.5704311 19.938248 275.4491)
(1.5704311 19.938248 278.44311)
(1.5704311 19.938248 281.43713)
(4.6293686 19.456848 266.46707)
(7.5207811 18.532076 266.46707)
(10.16503 17.224174 266.46707)
(12.541876 15.578875 266.46707)
(14.639612 13.62651 266.46707)
(16.441434 11.38768 266.46707)
(17.922677 8.875678 266.46707)
(19.04644 6.1018941 266.46707)
(19.755718 3.1163458 266.46707)
(14.639612 13.62651 263.47305)
(14.639612 13.62651 260.47904)
(14.639612 13.62651 257.48503)
(14.639612 13.62651 254.49102)
(12.541876 15.578875 260.47904)
(10.16503 17.224174 260.47904)
(7.5207811 18.532076 260.47904)
(4.6293686 19.456848 260.47904)
(10.16503 17.224174 263.47305)
(12.541876 15.578875 263.47305)
(7.5207811 18.532076 263.47305)
(4.6293686 19.456848 263.47305)
(10.16503 17.224174 254.49102)
(10.16503 17.224174 257.48503)
(12.541876 15.578875 254.49102)
(12.541876 15.578875 257.48503)
(7.5207811 18.532076 254.49102)
(7.5207811 18.532076 257.48503)
(4.6293686 19.456848 254.49102)
(4.6293686 19.456848 257.48503)
(17.922677 8.875678 263.47305)
(17.922677 8.875678 260.47904)
(17.922677 8.875678 257.48503)
(17.922677 8.875678 254.49102)
(16.441434 11.38768 260.47904)
(16.441434 11.38768 263.47305)
(16.441434 11.38768 257.48503)
(16.441434 11.38768 254.49102)
(19.755718 3.1163458 260.47904)
(19.04644 6.1018941 260.47904)
(19.755718 3.1163458 263.47305)
(19.04644 6.1018941 263.47305)
(19.755718 3.1163458 254.49102)
(19.755718 3.1163458 257.48503)
(19.04644 6.1018941 254.49102)
(19.04644 6.1018941 257.48503)
(14.639612 13.62651 281.43713)
(14.639612 13.62651 278.44311)
(14.639612 13.62651 275.4491)
(14.639612 13.62651 272.45509)
(14.639612 13.62651 269.46108)
(12.541876 15.578875 275.4491)
(10.16503 17.224174 275.4491)
(7.5207811 18.532076 275.4491)
(4.6293686 19.456848 275.4491)
(10.16503 17.224174 278.44311)
(10.16503 17.224174 281.43713)
(12.541876 15.578875 278.44311)
(12.541876 15.578875 281.43713)
(7.5207811 18.532076 278.44311)
(7.5207811 18.532076 281.43713)
(4.6293686 19.456848 278.44311)
(4.6293686 19.456848 281.43713)
(10.16503 17.224174 269.46108)
(10.16503 17.224174 272.45509)
(12.541876 15.578875 269.46108)
(12.541876 15.578875 272.45509)
(7.5207811 18.532076 269.46108)
(7.5207811 18.532076 272.45509)
(4.6293686 19.456848 269.46108)
(4.6293686 19.456848 272.45509)
(19.755718 3.1163458 275.4491)
(19.04644 6.1018941 275.4491)
(17.922677 8.875678 275.4491)
(16.441434 11.38768 275.4491)
(19.04644 6.1018941 278.44311)
(19.04644 6.1018941 281.43713)
(19.755718 3.1163458 278.44311)
(19.755718 3.1163458 281.43713)
(16.441434 11.38768 278.44311)
(17.922677 8.875678 278.44311)
(16.441434 11.38768 281.43713)
(17.922677 8.875678 281.43713)
(19.04644 6.1018941 269.46108)
(19.04644 6.1018941 272.45509)
(19.755718 3.1163458 269.46108)
(19.755718 3.1163458 272.45509)
(16.441434 11.38768 269.46108)
(17.922677 8.875678 269.46108)
(16.441434 11.38768 272.45509)
(17.922677 8.875678 272.45509)
(-12.541876 15.578875 254.49102)
(-12.541876 15.578875 257.48503)
(-12.541876 15.578875 260.47904)
(-12.541876 15.578875 263.47305)
(-12.541876 15.578875 266.46707)
(-12.541876 15.578875 269.46108)
(-12.541876 15.578875 272.45509)
(-12.541876 15.578875 275.4491)
(-12.541876 15.578875 278.44311)
(-12.541876 15.578875 281.43713)
(-10.16503 17.224174 266.46707)
(-7.5207811 18.532076 266.46707)
(-4.6293686 19.456848 266.46707)
(-1.5704311 19.938248 266.46707)
(-7.5207811 18.532076 263.47305)
(-7.5207811 18.532076 260.47904)
(-7.5207811 18.532076 257.48503)
(-7.5207811 18.532076 254.49102)
(-10.16503 17.224174 260.47904)
(-10.16503 17.224174 263.47305)
(-10.16503 17.224174 257.48503)
(-10.16503 17.224174 254.49102)
(-1.5704311 19.938248 260.47904)
(-4.6293686 19.456848 260.47904)
(-1.5704311 19.938248 263.47305)
(-4.6293686 19.456848 263.47305)
(-1.5704311 19.938248 254.49102)
(-1.5704311 19.938248 257.48503)
(-4.6293686 19.456848 254.49102)
(-4.6293686 19.456848 257.48503)
(-10.16503 17.224174 275.4491)
(-7.5207811 18.532076 275.4491)
(-4.6293686 19.456848 275.4491)
(-1.5704311 19.938248 275.4491)
(-7.5207811 18.532076 272.45509)
(-7.5207811 18.532076 269.46108)
(-10.16503 17.224174 272.45509)
(-10.16503 17.224174 269.46108)
(-4.6293686 19.456848 272.45509)
(-4.6293686 19.456848 269.46108)
(-1.5704311 19.938248 272.45509)
(-1.5704311 19.938248 269.46108)
(-7.5207811 18.532076 281.43713)
(-7.5207811 18.532076 278.44311)
(-10.16503 17.224174 281.43713)
(-10.16503 17.224174 278.44311)
(-4.6293686 19.456848 281.43713)
(-4.6293686 19.456848 278.44311)
(-1.5704311 19.938248 281.43713)
(-1.5704311 19.938248 278.44311)
(-19.755718 3.1163458 266.46707)
(-19.04644 6.1018941 266.46707)
(-17.922677 8.875678 266.46707)
(-16.441434 11.38768 266.46707)
(-14.639612 13.62651 266.46707)
(-17.922677 8.875678 263.47305)
(-17.922677 8.875678 260.47904)
(-17.922677 8.875678 257.48503)
(-17.922677 8.875678 254.49102)
(-19.04644 6.1018941 260.47904)
(-19.755718 3.1163458 260.47904)
(-19.04644 6.1018941 263.47305)
(-19.755718 3.1163458 263.47305)
(-19.04644 6.1018941 254.49102)
(-19.04644 6.1018941 257.48503)
(-19.755718 3.1163458 254.49102)
(-19.755718 3.1163458 257.48503)
(-14.639612 13.62651 260.47904)
(-16.441434 11.38768 260.47904)
(-14.639612 13.62651 263.47305)
(-16.441434 11.38768 263.47305)
(-14.639612 13.62651 257.48503)
(-16.441434 11.38768 257.48503)
(-14.639612 13.62651 254.49102)
(-16.441434 11.38768 254.49102)
(-19.755718 3.1163458 275.4491)
(-19.04644 6.1018941 275.4491)
(-17.922677 8.875678 275.4491)
(-16.441434 11.38768 275.4491)
(-14.639612 13.62651 275.4491)
(-17.922677 8.875678 272.45509)
(-17.922677 8.875678 269.46108)
(-19.755718 3.1163458 272.45509)
(-19.755718 3.1163458 269.46108)
(-19.04644 6.1018941 272.45509)
(-19.04644 6.1018941 269.46108)
(-14.639612 13.62651 272.45509)
(-16.441434 11.38768 272.45509)
(-14.639612 13.62651 269.46108)
(-16.441434 11.38768 269.46108)
(-17.922677 8.875678 281.43713)
(-17.922677 8.875678 278.44311)
(-19.755718 3.1163458 281.43713)
(-19.755718 3.1163458 278.44311)
(-19.04644 6.1018941 281.43713)
(-19.04644 6.1018941 278.44311)
(-14.639612 13.62651 281.43713)
(-16.441434 11.38768 281.43713)
(-14.639612 13.62651 278.44311)
(-16.441434 11.38768 278.44311)
(19.755718 3.1163458 125.7485)
(19.04644 6.1018941 125.7485)
(17.922677 8.875678 125.7485)
(16.441434 11.38768 125.7485)
(14.639612 13.62651 125.7485)
(12.541876 15.578875 125.7485)
(10.16503 17.224174 125.7485)
(7.5207811 18.532076 125.7485)
(4.6293686 19.456848 125.7485)
(1.5704311 19.938248 125.7485)
(-1.5704311 19.938248 125.7485)
(-4.6293686 19.456848 125.7485)
(-7.5207811 18.532076 125.7485)
(-10.16503 17.224174 125.7485)
(-12.541876 15.578875 125.7485)
(-14.639612 13.62651 125.7485)
(-16.441434 11.38768 125.7485)
(-17.922677 8.875678 125.7485)
(-19.04644 6.1018941 125.7485)
(-19.755718 3.1163458 125.7485)
(19.755718 3.1163458 188.62275)
(19.04644 6.1018941 188.62275)
(17.922677 8.875678 188.62275)
(16.441434 11.38768 188.62275)
(14.639612 13.62651 188.62275)
(12.541876 15.578875 188.62275)
(10.16503 17.224174 188.62275)
(7.5207811 18.532076 188.62275)
(4.6293686 19.456848 188.62275)
(1.5704311 19.938248 188.62275)
(-1.5704311 19.938248 188.62275)
(-4.6293686 19.456848 188.62275)
(-7.5207811 18.532076 188.62275)
(-10.16503 17.224174 188.62275)
(-12.541876 15.578875 188.62275)
(-14.639612 13.62651 188.62275)
(-16.441434 11.38768 188.62275)
(-17.922677 8.875678 188.62275)
(-19.04644 6.1018941 188.62275)
(-19.755718 3.1163458 188.62275)
(19.755718 3.1163458 221.55689)
(19.04644 6.1018941 221.55689)
(17.922677 8.875678 221.55689)
(16.441434 11.38768 221.55689)
(14.639612 13.62651 221.55689)
(12.541876 15.578875 221.55689)
(10.16503 17.224174 221.55689)
(7.5207811 18.532076 221.55689)
(4.6293686 19.456848 221.55689)
(1.5704311 19.938248 221.55689)
(-1.5704311 19.938248 221.55689)
(-4.6293686 19.456848 221.55689)
(-7.5207811 18.532076 221.55689)
(-10.16503 17.224174 221.55689)
(-12.541876 15.578875 221.55689)
(-14.639612 13.62651 221.55689)
(-16.441434 11.38768 221.55689)
(-17.922677 8.875678 221.55689)
(-19.04644 6.1018941 221.55689)
(-19.755718 3.1163458 221.55689)
(1.5704311 19.938248 224.5509)
(1.5704311 19.938248 227.54491)
(1.5704311 19.938248 230.53892)
(1.5704311 19.938248 233.53293)
(1.5704311 19.938248 236.52695)
(1.5704311 19.938248 239.52096)
(1.5704311 19.938248 242.51497)
(1.5704311 19.938248 245.50898)
(1.5704311 19.938248 248.50299)
(4.6293686 19.456848 236.52695)
(7.5207811 18.532076 236.52695)
(10.16503 17.224174 236.52695)
(12.541876 15.578875 236.52695)
(14.639612 13.62651 236.52695)
(16.441434 11.38768 236.52695)
(17.922677 8.875678 236.52695)
(19.04644 6.1018941 236.52695)
(19.755718 3.1163458 236.52695)
(14.639612 13.62651 233.53293)
(14.639612 13.62651 230.53892)
(14.639612 13.62651 227.54491)
(14.639612 13.62651 224.5509)
(12.541876 15.578875 230.53892)
(10.16503 17.224174 230.53892)
(7.5207811 18.532076 230.53892)
(4.6293686 19.456848 230.53892)
(10.16503 17.224174 233.53293)
(12.541876 15.578875 233.53293)
(7.5207811 18.532076 233.53293)
(4.6293686 19.456848 233.53293)
(10.16503 17.224174 224.5509)
(10.16503 17.224174 227.54491)
(12.541876 15.578875 224.5509)
(12.541876 15.578875 227.54491)
(7.5207811 18.532076 224.5509)
(7.5207811 18.532076 227.54491)
(4.6293686 19.456848 224.5509)
(4.6293686 19.456848 227.54491)
(17.922677 8.875678 233.53293)
(17.922677 8.875678 230.53892)
(17.922677 8.875678 227.54491)
(17.922677 8.875678 224.5509)
(16.441434 11.38768 230.53892)
(16.441434 11.38768 233.53293)
(16.441434 11.38768 227.54491)
(16.441434 11.38768 224.5509)
(19.755718 3.1163458 230.53892)
(19.04644 6.1018941 230.53892)
(19.755718 3.1163458 233.53293)
(19.04644 6.1018941 233.53293)
(19.755718 3.1163458 224.5509)
(19.755718 3.1163458 227.54491)
(19.04644 6.1018941 224.5509)
(19.04644 6.1018941 227.54491)
(14.639612 13.62651 248.50299)
(14.639612 13.62651 245.50898)
(14.639612 13.62651 242.51497)
(14.639612 13.62651 239.52096)
(12.541876 15.578875 245.50898)
(10.16503 17.224174 245.50898)
(7.5207811 18.532076 245.50898)
(4.6293686 19.456848 245.50898)
(10.16503 17.224174 248.50299)
(12.541876 15.578875 248.50299)
(7.5207811 18.532076 248.50299)
(4.6293686 19.456848 248.50299)
(10.16503 17.224174 239.52096)
(10.16503 17.224174 242.51497)
(12.541876 15.578875 239.52096)
(12.541876 15.578875 242.51497)
(7.5207811 18.532076 239.52096)
(7.5207811 18.532076 242.51497)
(4.6293686 19.456848 239.52096)
(4.6293686 19.456848 242.51497)
(17.922677 8.875678 248.50299)
(17.922677 8.875678 245.50898)
(17.922677 8.875678 242.51497)
(17.922677 8.875678 239.52096)
(16.441434 11.38768 245.50898)
(16.441434 11.38768 248.50299)
(16.441434 11.38768 242.51497)
(16.441434 11.38768 239.52096)
(19.755718 3.1163458 245.50898)
(19.04644 6.1018941 245.50898)
(19.755718 3.1163458 248.50299)
(19.04644 6.1018941 248.50299)
(19.755718 3.1163458 239.52096)
(19.755718 3.1163458 242.51497)
(19.04644 6.1018941 239.52096)
(19.04644 6.1018941 242.51497)
(-12.541876 15.578875 224.5509)
(-12.541876 15.578875 227.54491)
(-12.541876 15.578875 230.53892)
(-12.541876 15.578875 233.53293)
(-12.541876 15.578875 236.52695)
(-12.541876 15.578875 239.52096)
(-12.541876 15.578875 242.51497)
(-12.541876 15.578875 245.50898)
(-12.541876 15.578875 248.50299)
(-10.16503 17.224174 236.52695)
(-7.5207811 18.532076 236.52695)
(-4.6293686 19.456848 236.52695)
(-1.5704311 19.938248 236.52695)
(-7.5207811 18.532076 233.53293)
(-7.5207811 18.532076 230.53892)
(-7.5207811 18.532076 227.54491)
(-7.5207811 18.532076 224.5509)
(-10.16503 17.224174 230.53892)
(-10.16503 17.224174 233.53293)
(-10.16503 17.224174 227.54491)
(-10.16503 17.224174 224.5509)
(-1.5704311 19.938248 230.53892)
(-4.6293686 19.456848 230.53892)
(-1.5704311 19.938248 233.53293)
(-4.6293686 19.456848 233.53293)
(-1.5704311 19.938248 224.5509)
(-1.5704311 19.938248 227.54491)
(-4.6293686 19.456848 224.5509)
(-4.6293686 19.456848 227.54491)
(-7.5207811 18.532076 248.50299)
(-7.5207811 18.532076 245.50898)
(-7.5207811 18.532076 242.51497)
(-7.5207811 18.532076 239.52096)
(-10.16503 17.224174 245.50898)
(-10.16503 17.224174 248.50299)
(-10.16503 17.224174 242.51497)
(-10.16503 17.224174 239.52096)
(-1.5704311 19.938248 245.50898)
(-4.6293686 19.456848 245.50898)
(-1.5704311 19.938248 248.50299)
(-4.6293686 19.456848 248.50299)
(-1.5704311 19.938248 239.52096)
(-1.5704311 19.938248 242.51497)
(-4.6293686 19.456848 239.52096)
(-4.6293686 19.456848 242.51497)
(-19.755718 3.1163458 236.52695)
(-19.04644 6.1018941 236.52695)
(-17.922677 8.875678 236.52695)
(-16.441434 11.38768 236.52695)
(-14.639612 13.62651 236.52695)
(-17.922677 8.875678 233.53293)
(-17.922677 8.875678 230.53892)
(-17.922677 8.875678 227.54491)
(-17.922677 8.875678 224.5509)
(-19.04644 6.1018941 230.53892)
(-19.755718 3.1163458 230.53892)
(-19.04644 6.1018941 233.53293)
(-19.755718 3.1163458 233.53293)
(-19.04644 6.1018941 224.5509)
(-19.04644 6.1018941 227.54491)
(-19.755718 3.1163458 224.5509)
(-19.755718 3.1163458 227.54491)
(-14.639612 13.62651 230.53892)
(-16.441434 11.38768 230.53892)
(-14.639612 13.62651 233.53293)
(-16.441434 11.38768 233.53293)
(-14.639612 13.62651 227.54491)
(-16.441434 11.38768 227.54491)
(-14.639612 13.62651 224.5509)
(-16.441434 11.38768 224.5509)
(-17.922677 8.875678 248.50299)
(-17.922677 8.875678 245.50898)
(-17.922677 8.875678 242.51497)
(-17.922677 8.875678 239.52096)
(-19.04644 6.1018941 245.50898)
(-19.755718 3.1163458 245.50898)
(-19.04644 6.1018941 248.50299)
(-19.755718 3.1163458 248.50299)
(-19.04644 6.1018941 239.52096)
(-19.04644 6.1018941 242.51497)
(-19.755718 3.1163458 239.52096)
(-19.755718 3.1163458 242.51497)
(-14.639612 13.62651 245.50898)
(-16.441434 11.38768 245.50898)
(-14.639612 13.62651 248.50299)
(-16.441434 11.38768 248.50299)
(-14.639612 13.62651 242.51497)
(-16.441434 11.38768 242.51497)
(-14.639612 13.62651 239.52096)
(-16.441434 11.38768 239.52096)
(1.5704311 19.938248 191.61677)
(1.5704311 19.938248 194.61078)
(1.5704311 19.938248 197.60479)
(1.5704311 19.938248 200.5988)
(1.5704311 19.938248 203.59281)
(1.5704311 19.938248 206.58683)
(1.5704311 19.938248 209.58084)
(1.5704311 19.938248 212.57485)
(1.5704311 19.938248 215.56886)
(1.5704311 19.938248 218.56287)
(4.6293686 19.456848 203.59281)
(7.5207811 18.532076 203.59281)
(10.16503 17.224174 203.59281)
(12.541876 15.578875 203.59281)
(14.639612 13.62651 203.59281)
(16.441434 11.38768 203.59281)
(17.922677 8.875678 203.59281)
(19.04644 6.1018941 203.59281)
(19.755718 3.1163458 203.59281)
(14.639612 13.62651 200.5988)
(14.639612 13.62651 197.60479)
(14.639612 13.62651 194.61078)
(14.639612 13.62651 191.61677)
(12.541876 15.578875 197.60479)
(10.16503 17.224174 197.60479)
(7.5207811 18.532076 197.60479)
(4.6293686 19.456848 197.60479)
(10.16503 17.224174 200.5988)
(12.541876 15.578875 200.5988)
(7.5207811 18.532076 200.5988)
(4.6293686 19.456848 200.5988)
(10.16503 17.224174 191.61677)
(10.16503 17.224174 194.61078)
(12.541876 15.578875 191.61677)
(12.541876 15.578875 194.61078)
(7.5207811 18.532076 191.61677)
(7.5207811 18.532076 194.61078)
(4.6293686 19.456848 191.61677)
(4.6293686 19.456848 194.61078)
(17.922677 8.875678 200.5988)
(17.922677 8.875678 197.60479)
(17.922677 8.875678 194.61078)
(17.922677 8.875678 191.61677)
(16.441434 11.38768 197.60479)
(16.441434 11.38768 200.5988)
(16.441434 11.38768 194.61078)
(16.441434 11.38768 191.61677)
(19.755718 3.1163458 197.60479)
(19.04644 6.1018941 197.60479)
(19.755718 3.1163458 200.5988)
(19.04644 6.1018941 200.5988)
(19.755718 3.1163458 191.61677)
(19.755718 3.1163458 194.61078)
(19.04644 6.1018941 191.61677)
(19.04644 6.1018941 194.61078)
(14.639612 13.62651 218.56287)
(14.639612 13.62651 215.56886)
(14.639612 13.62651 212.57485)
(14.639612 13.62651 209.58084)
(14.639612 13.62651 206.58683)
(12.541876 15.578875 212.57485)
(10.16503 17.224174 212.57485)
(7.5207811 18.532076 212.57485)
(4.6293686 19.456848 212.57485)
(10.16503 17.224174 215.56886)
(10.16503 17.224174 218.56287)
(12.541876 15.578875 215.56886)
(12.541876 15.578875 218.56287)
(7.5207811 18.532076 215.56886)
(7.5207811 18.532076 218.56287)
(4.6293686 19.456848 215.56886)
(4.6293686 19.456848 218.56287)
(10.16503 17.224174 206.58683)
(10.16503 17.224174 209.58084)
(12.541876 15.578875 206.58683)
(12.541876 15.578875 209.58084)
(7.5207811 18.532076 206.58683)
(7.5207811 18.532076 209.58084)
(4.6293686 19.456848 206.58683)
(4.6293686 19.456848 209.58084)
(19.755718 3.1163458 212.57485)
(19.04644 6.1018941 212.57485)
(17.922677 8.875678 212.57485)
(16.441434 11.38768 212.57485)
(19.04644 6.1018941 215.56886)
(19.04644 6.1018941 218.56287)
(19.755718 3.1163458 215.56886)
(19.755718 3.1163458 218.56287)
(16.441434 11.38768 215.56886)
(17.922677 8.875678 215.56886)
(16.441434 11.38768 218.56287)
(17.922677 8.875678 218.56287)
(19.04644 6.1018941 206.58683)
(19.04644 6.1018941 209.58084)
(19.755718 3.1163458 206.58683)
(19.755718 3.1163458 209.58084)
(16.441434 11.38768 206.58683)
(17.922677 8.875678 206.58683)
(16.441434 11.38768 209.58084)
(17.922677 8.875678 209.58084)
(-12.541876 15.578875 191.61677)
(-12.541876 15.578875 194.61078)
(-12.541876 15.578875 197.60479)
(-12.541876 15.578875 200.5988)
(-12.541876 15.578875 203.59281)
(-12.541876 15.578875 206.58683)
(-12.541876 15.578875 209.58084)
(-12.541876 15.578875 212.57485)
(-12.541876 15.578875 215.56886)
(-12.541876 15.578875 218.56287)
(-10.16503 17.224174 203.59281)
(-7.5207811 18.532076 203.59281)
(-4.6293686 19.456848 203.59281)
(-1.5704311 19.938248 203.59281)
(-7.5207811 18.532076 200.5988)
(-7.5207811 18.532076 197.60479)
(-7.5207811 18.532076 194.61078)
(-7.5207811 18.532076 191.61677)
(-10.16503 17.224174 197.60479)
(-10.16503 17.224174 200.5988)
(-10.16503 17.224174 194.61078)
(-10.16503 17.224174 191.61677)
(-1.5704311 19.938248 197.60479)
(-4.6293686 19.456848 197.60479)
(-1.5704311 19.938248 200.5988)
(-4.6293686 19.456848 200.5988)
(-1.5704311 19.938248 191.61677)
(-1.5704311 19.938248 194.61078)
(-4.6293686 19.456848 191.61677)
(-4.6293686 19.456848 194.61078)
(-10.16503 17.224174 212.57485)
(-7.5207811 18.532076 212.57485)
(-4.6293686 19.456848 212.57485)
(-1.5704311 19.938248 212.57485)
(-7.5207811 18.532076 209.58084)
(-7.5207811 18.532076 206.58683)
(-10.16503 17.224174 209.58084)
(-10.16503 17.224174 206.58683)
(-4.6293686 19.456848 209.58084)
(-4.6293686 19.456848 206.58683)
(-1.5704311 19.938248 209.58084)
(-1.5704311 19.938248 206.58683)
(-7.5207811 18.532076 218.56287)
(-7.5207811 18.532076 215.56886)
(-10.16503 17.224174 218.56287)
(-10.16503 17.224174 215.56886)
(-4.6293686 19.456848 218.56287)
(-4.6293686 19.456848 215.56886)
(-1.5704311 19.938248 218.56287)
(-1.5704311 19.938248 215.56886)
(-19.755718 3.1163458 203.59281)
(-19.04644 6.1018941 203.59281)
(-17.922677 8.875678 203.59281)
(-16.441434 11.38768 203.59281)
(-14.639612 13.62651 203.59281)
(-17.922677 8.875678 200.5988)
(-17.922677 8.875678 197.60479)
(-17.922677 8.875678 194.61078)
(-17.922677 8.875678 191.61677)
(-19.04644 6.1018941 197.60479)
(-19.755718 3.1163458 197.60479)
(-19.04644 6.1018941 200.5988)
(-19.755718 3.1163458 200.5988)
(-19.04644 6.1018941 191.61677)
(-19.04644 6.1018941 194.61078)
(-19.755718 3.1163458 191.61677)
(-19.755718 3.1163458 194.61078)
(-14.639612 13.62651 197.60479)
(-16.441434 11.38768 197.60479)
(-14.639612 13.62651 200.5988)
(-16.441434 11.38768 200.5988)
(-14.639612 13.62651 194.61078)
(-16.441434 11.38768 194.61078)
(-14.639612 13.62651 191.61677)
(-16.441434 11.38768 191.61677)
(-19.755718 3.1163458 212.57485)
(-19.04644 6.1018941 212.57485)
(-17.922677 8.875678 212.57485)
(-16.441434 11.38768 212.57485)
(-14.639612 13.62651 212.57485)
(-17.922677 8.875678 209.58084)
(-17.922677 8.875678 206.58683)
(-19.755718 3.1163458 209.58084)
(-19.755718 3.1163458 206.58683)
(-19.04644 6.1018941 209.58084)
(-19.04644 6.1018941 206.58683)
(-14.639612 13.62651 209.58084)
(-16.441434 11.38768 209.58084)
(-14.639612 13.62651 206.58683)
(-16.441434 11.38768 206.58683)
(-17.922677 8.875678 218.56287)
(-17.922677 8.875678 215.56886)
(-19.755718 3.1163458 218.56287)
(-19.755718 3.1163458 215.56886)
(-19.04644 6.1018941 218.56287)
(-19.04644 6.1018941 215.56886)
(-14.639612 13.62651 218.56287)
(-16.441434 11.38768 218.56287)
(-14.639612 13.62651 215.56886)
(-16.441434 11.38768 215.56886)
(19.755718 3.1163458 158.68263)
(19.04644 6.1018941 158.68263)
(17.922677 8.875678 158.68263)
(16.441434 11.38768 158.68263)
(14.639612 13.62651 158.68263)
(12.541876 15.578875 158.68263)
(10.16503 17.224174 158.68263)
(7.5207811 18.532076 158.68263)
(4.6293686 19.456848 158.68263)
(1.5704311 19.938248 158.68263)
(-1.5704311 19.938248 158.68263)
(-4.6293686 19.456848 158.68263)
(-7.5207811 18.532076 158.68263)
(-10.16503 17.224174 158.68263)
(-12.541876 15.578875 158.68263)
(-14.639612 13.62651 158.68263)
(-16.441434 11.38768 158.68263)
(-17.922677 8.875678 158.68263)
(-19.04644 6.1018941 158.68263)
(-19.755718 3.1163458 158.68263)
(1.5704311 19.938248 161.67665)
(1.5704311 19.938248 164.67066)
(1.5704311 19.938248 167.66467)
(1.5704311 19.938248 170.65868)
(1.5704311 19.938248 173.65269)
(1.5704311 19.938248 176.64671)
(1.5704311 19.938248 179.64072)
(1.5704311 19.938248 182.63473)
(1.5704311 19.938248 185.62874)
(4.6293686 19.456848 173.65269)
(7.5207811 18.532076 173.65269)
(10.16503 17.224174 173.65269)
(12.541876 15.578875 173.65269)
(14.639612 13.62651 173.65269)
(16.441434 11.38768 173.65269)
(17.922677 8.875678 173.65269)
(19.04644 6.1018941 173.65269)
(19.755718 3.1163458 173.65269)
(14.639612 13.62651 170.65868)
(14.639612 13.62651 167.66467)
(14.639612 13.62651 164.67066)
(14.639612 13.62651 161.67665)
(12.541876 15.578875 167.66467)
(10.16503 17.224174 167.66467)
(7.5207811 18.532076 167.66467)
(4.6293686 19.456848 167.66467)
(10.16503 17.224174 170.65868)
(12.541876 15.578875 170.65868)
(7.5207811 18.532076 170.65868)
(4.6293686 19.456848 170.65868)
(10.16503 17.224174 161.67665)
(10.16503 17.224174 164.67066)
(12.541876 15.578875 161.67665)
(12.541876 15.578875 164.67066)
(7.5207811 18.532076 161.67665)
(7.5207811 18.532076 164.67066)
(4.6293686 19.456848 161.67665)
(4.6293686 19.456848 164.67066)
(17.922677 8.875678 170.65868)
(17.922677 8.875678 167.66467)
(17.922677 8.875678 164.67066)
(17.922677 8.875678 161.67665)
(16.441434 11.38768 167.66467)
(16.441434 11.38768 170.65868)
(16.441434 11.38768 164.67066)
(16.441434 11.38768 161.67665)
(19.755718 3.1163458 167.66467)
(19.04644 6.1018941 167.66467)
(19.755718 3.1163458 170.65868)
(19.04644 6.1018941 170.65868)
(19.755718 3.1163458 161.67665)
(19.755718 3.1163458 164.67066)
(19.04644 6.1018941 161.67665)
(19.04644 6.1018941 164.67066)
(14.639612 13.62651 185.62874)
(14.639612 13.62651 182.63473)
(14.639612 13.62651 179.64072)
(14.639612 13.62651 176.64671)
(12.541876 15.578875 182.63473)
(10.16503 17.224174 182.63473)
(7.5207811 18.532076 182.63473)
(4.6293686 19.456848 182.63473)
(10.16503 17.224174 185.62874)
(12.541876 15.578875 185.62874)
(7.5207811 18.532076 185.62874)
(4.6293686 19.456848 185.62874)
(10.16503 17.224174 176.64671)
(10.16503 17.224174 179.64072)
(12.541876 15.578875 176.64671)
(12.541876 15.578875 179.64072)
(7.5207811 18.532076 176.64671)
(7.5207811 18.532076 179.64072)
(4.6293686 19.456848 176.64671)
(4.6293686 19.456848 179.64072)
(17.922677 8.875678 185.62874)
(17.922677 8.875678 182.63473)
(17.922677 8.875678 179.64072)
(17.922677 8.875678 176.64671)
(16.441434 11.38768 182.63473)
(16.441434 11.38768 185.62874)
(16.441434 11.38768 179.64072)
(16.441434 11.38768 176.64671)
(19.755718 3.1163458 182.63473)
(19.04644 6.1018941 182.63473)
(19.755718 3.1163458 185.62874)
(19.04644 6.1018941 185.62874)
(19.755718 3.1163458 176.64671)
(19.755718 3.1163458 179.64072)
(19.04644 6.1018941 176.64671)
(19.04644 6.1018941 179.64072)
(-12.541876 15.578875 161.67665)
(-12.541876 15.578875 164.67066)
(-12.541876 15.578875 167.66467)
(-12.541876 15.578875 170.65868)
(-12.541876 15.578875 173.65269)
(-12.541876 15.578875 176.64671)
(-12.541876 15.578875 179.64072)
(-12.541876 15.578875 182.63473)
(-12.541876 15.578875 185.62874)
(-10.16503 17.224174 173.65269)
(-7.5207811 18.532076 173.65269)
(-4.6293686 19.456848 173.65269)
(-1.5704311 19.938248 173.65269)
(-7.5207811 18.532076 170.65868)
(-7.5207811 18.532076 167.66467)
(-7.5207811 18.532076 164.67066)
(-7.5207811 18.532076 161.67665)
(-10.16503 17.224174 167.66467)
(-10.16503 17.224174 170.65868)
(-10.16503 17.224174 164.67066)
(-10.16503 17.224174 161.67665)
(-1.5704311 19.938248 167.66467)
(-4.6293686 19.456848 167.66467)
(-1.5704311 19.938248 170.65868)
(-4.6293686 19.456848 170.65868)
(-1.5704311 19.938248 161.67665)
(-1.5704311 19.938248 164.67066)
(-4.6293686 19.456848 161.67665)
(-4.6293686 19.456848 164.67066)
(-7.5207811 18.532076 185.62874)
(-7.5207811 18.532076 182.63473)
(-7.5207811 18.532076 179.64072)
(-7.5207811 18.532076 176.64671)
(-10.16503 17.224174 182.63473)
(-10.16503 17.224174 185.62874)
(-10.16503 17.224174 179.64072)
(-10.16503 17.224174 176.64671)
(-1.5704311 19.938248 182.63473)
(-4.6293686 19.456848 182.63473)
(-1.5704311 19.938248 185.62874)
(-4.6293686 19.456848 185.62874)
(-1.5704311 19.938248 176.64671)
(-1.5704311 19.938248 179.64072)
(-4.6293686 19.456848 176.64671)
(-4.6293686 19.456848 179.64072)
(-19.755718 3.1163458 173.65269)
(-19.04644 6.1018941 173.65269)
(-17.922677 8.875678 173.65269)
(-16.441434 11.38768 173.65269)
(-14.639612 13.62651 173.65269)
(-17.922677 8.875678 170.65868)
(-17.922677 8.875678 167.66467)
(-17.922677 8.875678 164.67066)
(-17.922677 8.875678 161.67665)
(-19.04644 6.1018941 167.66467)
(-19.755718 3.1163458 167.66467)
(-19.04644 6.1018941 170.65868)
(-19.755718 3.1163458 170.65868)
(-19.04644 6.1018941 161.67665)
(-19.04644 6.1018941 164.67066)
(-19.755718 3.1163458 161.67665)
(-19.755718 3.1163458 164.67066)
(-14.639612 13.62651 167.66467)
(-16.441434 11.38768 167.66467)
(-14.639612 13.62651 170.65868)
(-16.441434 11.38768 170.65868)
(-14.639612 13.62651 164.67066)
(-16.441434 11.38768 164.67066)
(-14.639612 13.62651 161.67665)
(-16.441434 11.38768 161.67665)
(-17.922677 8.875678 185.62874)
(-17.922677 8.875678 182.63473)
(-17.922677 8.875678 179.64072)
(-17.922677 8.875678 176.64671)
(-19.04644 6.1018941 182.63473)
(-19.755718 3.1163458 182.63473)
(-19.04644 6.1018941 185.62874)
(-19.755718 3.1163458 185.62874)
(-19.04644 6.1018941 176.64671)
(-19.04644 6.1018941 179.64072)
(-19.755718 3.1163458 176.64671)
(-19.755718 3.1163458 179.64072)
(-14.639612 13.62651 182.63473)
(-16.441434 11.38768 182.63473)
(-14.639612 13.62651 185.62874)
(-16.441434 11.38768 185.62874)
(-14.639612 13.62651 179.64072)
(-16.441434 11.38768 179.64072)
(-14.639612 13.62651 176.64671)
(-16.441434 11.38768 176.64671)
(1.5704311 19.938248 128.74251)
(1.5704311 19.938248 131.73653)
(1.5704311 19.938248 134.73054)
(1.5704311 19.938248 137.72455)
(1.5704311 19.938248 140.71856)
(1.5704311 19.938248 143.71257)
(1.5704311 19.938248 146.70659)
(1.5704311 19.938248 149.7006)
(1.5704311 19.938248 152.69461)
(1.5704311 19.938248 155.68862)
(4.6293686 19.456848 140.71856)
(7.5207811 18.532076 140.71856)
(10.16503 17.224174 140.71856)
(12.541876 15.578875 140.71856)
(14.639612 13.62651 140.71856)
(16.441434 11.38768 140.71856)
(17.922677 8.875678 140.71856)
(19.04644 6.1018941 140.71856)
(19.755718 3.1163458 140.71856)
(14.639612 13.62651 137.72455)
(14.639612 13.62651 134.73054)
(14.639612 13.62651 131.73653)
(14.639612 13.62651 128.74251)
(12.541876 15.578875 134.73054)
(10.16503 17.224174 134.73054)
(7.5207811 18.532076 134.73054)
(4.6293686 19.456848 134.73054)
(10.16503 17.224174 137.72455)
(12.541876 15.578875 137.72455)
(7.5207811 18.532076 137.72455)
(4.6293686 19.456848 137.72455)
(10.16503 17.224174 128.74251)
(10.16503 17.224174 131.73653)
(12.541876 15.578875 128.74251)
(12.541876 15.578875 131.73653)
(7.5207811 18.532076 128.74251)
(7.5207811 18.532076 131.73653)
(4.6293686 19.456848 128.74251)
(4.6293686 19.456848 131.73653)
(17.922677 8.875678 137.72455)
(17.922677 8.875678 134.73054)
(17.922677 8.875678 131.73653)
(17.922677 8.875678 128.74251)
(16.441434 11.38768 134.73054)
(16.441434 11.38768 137.72455)
(16.441434 11.38768 131.73653)
(16.441434 11.38768 128.74251)
(19.755718 3.1163458 134.73054)
(19.04644 6.1018941 134.73054)
(19.755718 3.1163458 137.72455)
(19.04644 6.1018941 137.72455)
(19.755718 3.1163458 128.74251)
(19.755718 3.1163458 131.73653)
(19.04644 6.1018941 128.74251)
(19.04644 6.1018941 131.73653)
(14.639612 13.62651 155.68862)
(14.639612 13.62651 152.69461)
(14.639612 13.62651 149.7006)
(14.639612 13.62651 146.70659)
(14.639612 13.62651 143.71257)
(12.541876 15.578875 149.7006)
(10.16503 17.224174 149.7006)
(7.5207811 18.532076 149.7006)
(4.6293686 19.456848 149.7006)
(10.16503 17.224174 152.69461)
(10.16503 17.224174 155.68862)
(12.541876 15.578875 152.69461)
(12.541876 15.578875 155.68862)
(7.5207811 18.532076 152.69461)
(7.5207811 18.532076 155.68862)
(4.6293686 19.456848 152.69461)
(4.6293686 19.456848 155.68862)
(10.16503 17.224174 143.71257)
(10.16503 17.224174 146.70659)
(12.541876 15.578875 143.71257)
(12.541876 15.578875 146.70659)
(7.5207811 18.532076 143.71257)
(7.5207811 18.532076 146.70659)
(4.6293686 19.456848 143.71257)
(4.6293686 19.456848 146.70659)
(19.755718 3.1163458 149.7006)
(19.04644 6.1018941 149.7006)
(17.922677 8.875678 149.7006)
(16.441434 11.38768 149.7006)
(19.04644 6.1018941 152.69461)
(19.04644 6.1018941 155.68862)
(19.755718 3.1163458 152.69461)
(19.755718 3.1163458 155.68862)
(16.441434 11.38768 152.69461)
(17.922677 8.875678 152.69461)
(16.441434 11.38768 155.68862)
(17.922677 8.875678 155.68862)
(19.04644 6.1018941 143.71257)
(19.04644 6.1018941 146.70659)
(19.755718 3.1163458 143.71257)
(19.755718 3.1163458 146.70659)
(16.441434 11.38768 143.71257)
(17.922677 8.875678 143.71257)
(16.441434 11.38768 146.70659)
(17.922677 8.875678 146.70659)
(-12.541876 15.578875 128.74251)
(-12.541876 15.578875 131.73653)
(-12.541876 15.578875 134.73054)
(-12.541876 15.578875 137.72455)
(-12.541876 15.578875 140.71856)
(-12.541876 15.578875 143.71257)
(-12.541876 15.578875 146.70659)
(-12.541876 15.578875 149.7006)
(-12.541876 15.578875 152.69461)
(-12.541876 15.578875 155.68862)
(-10.16503 17.224174 140.71856)
(-7.5207811 18.532076 140.71856)
(-4.6293686 19.456848 140.71856)
(-1.5704311 19.938248 140.71856)
(-7.5207811 18.532076 137.72455)
(-7.5207811 18.532076 134.73054)
(-7.5207811 18.532076 131.73653)
(-7.5207811 18.532076 128.74251)
(-10.16503 17.224174 134.73054)
(-10.16503 17.224174 137.72455)
(-10.16503 17.224174 131.73653)
(-10.16503 17.224174 128.74251)
(-1.5704311 19.938248 134.73054)
(-4.6293686 19.456848 134.73054)
(-1.5704311 19.938248 137.72455)
(-4.6293686 19.456848 137.72455)
(-1.5704311 19.938248 128.74251)
(-1.5704311 19.938248 131.73653)
(-4.6293686 19.456848 128.74251)
(-4.6293686 19.456848 131.73653)
(-10.16503 17.224174 149.7006)
(-7.5207811 18.532076 149.7006)
(-4.6293686 19.456848 149.7006)
(-1.5704311 19.938248 149.7006)
(-7.5207811 18.532076 146.70659)
(-7.5207811 18.532076 143.71257)
(-10.16503 17.224174 146.70659)
(-10.16503 17.224174 143.71257)
(-4.6293686 19.456848 146.70659)
(-4.6293686 19.456848 143.71257)
(-1.5704311 19.938248 146.70659)
(-1.5704311 19.938248 143.71257)
(-7.5207811 18.532076 155.68862)
(-7.5207811 18.532076 152.69461)
(-10.16503 17.224174 155.68862)
(-10.16503 17.224174 152.69461)
(-4.6293686 19.456848 155.68862)
(-4.6293686 19.456848 152.69461)
(-1.5704311 19.938248 155.68862)
(-1.5704311 19.938248 152.69461)
(-19.755718 3.1163458 140.71856)
(-19.04644 6.1018941 140.71856)
(-17.922677 8.875678 140.71856)
(-16.441434 11.38768 140.71856)
(-14.639612 13.62651 140.71856)
(-17.922677 8.875678 137.72455)
(-17.922677 8.875678 134.73054)
(-17.922677 8.875678 131.73653)
(-17.922677 8.875678 128.74251)
(-19.04644 6.1018941 134.73054)
(-19.755718 3.1163458 134.73054)
(-19.04644 6.1018941 137.72455)
(-19.755718 3.1163458 137.72455)
(-19.04644 6.1018941 128.74251)
(-19.04644 6.1018941 131.73653)
(-19.755718 3.1163458 128.74251)
(-19.755718 3.1163458 131.73653)
(-14.639612 13.62651 134.73054)
(-16.441434 11.38768 134.73054)
(-14.639612 13.62651 137.72455)
(-16.441434 11.38768 137.72455)
(-14.639612 13.62651 131.73653)
(-16.441434 11.38768 131.73653)
(-14.639612 13.62651 128.74251)
(-16.441434 11.38768 128.74251)
(-19.755718 3.1163458 149.7006)
(-19.04644 6.1018941 149.7006)
(-17.922677 8.875678 149.7006)
(-16.441434 11.38768 149.7006)
(-14.639612 13.62651 149.7006)
(-17.922677 8.875678 146.70659)
(-17.922677 8.875678 143.71257)
(-19.755718 3.1163458 146.70659)
(-19.755718 3.1163458 143.71257)
(-19.04644 6.1018941 146.70659)
(-19.04644 6.1018941 143.71257)
(-14.639612 13.62651 146.70659)
(-16.441434 11.38768 146.70659)
(-14.639612 13.62651 143.71257)
(-16.441434 11.38768 143.71257)
(-17.922677 8.875678 155.68862)
(-17.922677 8.875678 152.69461)
(-19.755718 3.1163458 155.68862)
(-19.755718 3.1163458 152.69461)
(-19.04644 6.1018941 155.68862)
(-19.04644 6.1018941 152.69461)
(-14.639612 13.62651 155.68862)
(-16.441434 11.38768 155.68862)
(-14.639612 13.62651 152.69461)
(-16.441434 11.38768 152.69461)
(19.755718 3.1163458 62.874251)
(19.04644 6.1018941 62.874251)
(17.922677 8.875678 62.874251)
(16.441434 11.38768 62.874251)
(14.639612 13.62651 62.874251)
(12.541876 15.578875 62.874251)
(10.16503 17.224174 62.874251)
(7.5207811 18.532076 62.874251)
(4.6293686 19.456848 62.874251)
(1.5704311 19.938248 62.874251)
(-1.5704311 19.938248 62.874251)
(-4.6293686 19.456848 62.874251)
(-7.5207811 18.532076 62.874251)
(-10.16503 17.224174 62.874251)
(-12.541876 15.578875 62.874251)
(-14.639612 13.62651 62.874251)
(-16.441434 11.38768 62.874251)
(-17.922677 8.875678 62.874251)
(-19.04644 6.1018941 62.874251)
(-19.755718 3.1163458 62.874251)
(19.755718 3.1163458 95.808383)
(19.04644 6.1018941 95.808383)
(17.922677 8.875678 95.808383)
(16.441434 11.38768 95.808383)
(14.639612 13.62651 95.808383)
(12.541876 15.578875 95.808383)
(10.16503 17.224174 95.808383)
(7.5207811 18.532076 95.808383)
(4.6293686 19.456848 95.808383)
(1.5704311 19.938248 95.808383)
(-1.5704311 19.938248 95.808383)
(-4.6293686 19.456848 95.808383)
(-7.5207811 18.532076 95.808383)
(-10.16503 17.224174 95.808383)
(-12.541876 15.578875 95.808383)
(-14.639612 13.62651 95.808383)
(-16.441434 11.38768 95.808383)
(-17.922677 8.875678 95.808383)
(-19.04644 6.1018941 95.808383)
(-19.755718 3.1163458 95.808383)
(1.5704311 19.938248 98.802395)
(1.5704311 19.938248 101.79641)
(1.5704311 19.938248 104.79042)
(1.5704311 19.938248 107.78443)
(1.5704311 19.938248 110.77844)
(1.5704311 19.938248 113.77246)
(1.5704311 19.938248 116.76647)
(1.5704311 19.938248 119.76048)
(1.5704311 19.938248 122.75449)
(4.6293686 19.456848 110.77844)
(7.5207811 18.532076 110.77844)
(10.16503 17.224174 110.77844)
(12.541876 15.578875 110.77844)
(14.639612 13.62651 110.77844)
(16.441434 11.38768 110.77844)
(17.922677 8.875678 110.77844)
(19.04644 6.1018941 110.77844)
(19.755718 3.1163458 110.77844)
(14.639612 13.62651 107.78443)
(14.639612 13.62651 104.79042)
(14.639612 13.62651 101.79641)
(14.639612 13.62651 98.802395)
(12.541876 15.578875 104.79042)
(10.16503 17.224174 104.79042)
(7.5207811 18.532076 104.79042)
(4.6293686 19.456848 104.79042)
(10.16503 17.224174 107.78443)
(12.541876 15.578875 107.78443)
(7.5207811 18.532076 107.78443)
(4.6293686 19.456848 107.78443)
(10.16503 17.224174 98.802395)
(10.16503 17.224174 101.79641)
(12.541876 15.578875 98.802395)
(12.541876 15.578875 101.79641)
(7.5207811 18.532076 98.802395)
(7.5207811 18.532076 101.79641)
(4.6293686 19.456848 98.802395)
(4.6293686 19.456848 101.79641)
(17.922677 8.875678 107.78443)
(17.922677 8.875678 104.79042)
(17.922677 8.875678 101.79641)
(17.922677 8.875678 98.802395)
(16.441434 11.38768 104.79042)
(16.441434 11.38768 107.78443)
(16.441434 11.38768 101.79641)
(16.441434 11.38768 98.802395)
(19.755718 3.1163458 104.79042)
(19.04644 6.1018941 104.79042)
(19.755718 3.1163458 107.78443)
(19.04644 6.1018941 107.78443)
(19.755718 3.1163458 98.802395)
(19.755718 3.1163458 101.79641)
(19.04644 6.1018941 98.802395)
(19.04644 6.1018941 101.79641)
(14.639612 13.62651 122.75449)
(14.639612 13.62651 119.76048)
(14.639612 13.62651 116.76647)
(14.639612 13.62651 113.77246)
(12.541876 15.578875 119.76048)
(10.16503 17.224174 119.76048)
(7.5207811 18.532076 119.76048)
(4.6293686 19.456848 119.76048)
(10.16503 17.224174 122.75449)
(12.541876 15.578875 122.75449)
(7.5207811 18.532076 122.75449)
(4.6293686 19.456848 122.75449)
(10.16503 17.224174 113.77246)
(10.16503 17.224174 116.76647)
(12.541876 15.578875 113.77246)
(12.541876 15.578875 116.76647)
(7.5207811 18.532076 113.77246)
(7.5207811 18.532076 116.76647)
(4.6293686 19.456848 113.77246)
(4.6293686 19.456848 116.76647)
(17.922677 8.875678 122.75449)
(17.922677 8.875678 119.76048)
(17.922677 8.875678 116.76647)
(17.922677 8.875678 113.77246)
(16.441434 11.38768 119.76048)
(16.441434 11.38768 122.75449)
(16.441434 11.38768 116.76647)
(16.441434 11.38768 113.77246)
(19.755718 3.1163458 119.76048)
(19.04644 6.1018941 119.76048)
(19.755718 3.1163458 122.75449)
(19.04644 6.1018941 122.75449)
(19.755718 3.1163458 113.77246)
(19.755718 3.1163458 116.76647)
(19.04644 6.1018941 113.77246)
(19.04644 6.1018941 116.76647)
(-12.541876 15.578875 98.802395)
(-12.541876 15.578875 101.79641)
(-12.541876 15.578875 104.79042)
(-12.541876 15.578875 107.78443)
(-12.541876 15.578875 110.77844)
(-12.541876 15.578875 113.77246)
(-12.541876 15.578875 116.76647)
(-12.541876 15.578875 119.76048)
(-12.541876 15.578875 122.75449)
(-10.16503 17.224174 110.77844)
(-7.5207811 18.532076 110.77844)
(-4.6293686 19.456848 110.77844)
(-1.5704311 19.938248 110.77844)
(-7.5207811 18.532076 107.78443)
(-7.5207811 18.532076 104.79042)
(-7.5207811 18.532076 101.79641)
(-7.5207811 18.532076 98.802395)
(-10.16503 17.224174 104.79042)
(-10.16503 17.224174 107.78443)
(-10.16503 17.224174 101.79641)
(-10.16503 17.224174 98.802395)
(-1.5704311 19.938248 104.79042)
(-4.6293686 19.456848 104.79042)
(-1.5704311 19.938248 107.78443)
(-4.6293686 19.456848 107.78443)
(-1.5704311 19.938248 98.802395)
(-1.5704311 19.938248 101.79641)
(-4.6293686 19.456848 98.802395)
(-4.6293686 19.456848 101.79641)
(-7.5207811 18.532076 122.75449)
(-7.5207811 18.532076 119.76048)
(-7.5207811 18.532076 116.76647)
(-7.5207811 18.532076 113.77246)
(-10.16503 17.224174 119.76048)
(-10.16503 17.224174 122.75449)
(-10.16503 17.224174 116.76647)
(-10.16503 17.224174 113.77246)
(-1.5704311 19.938248 119.76048)
(-4.6293686 19.456848 119.76048)
(-1.5704311 19.938248 122.75449)
(-4.6293686 19.456848 122.75449)
(-1.5704311 19.938248 113.77246)
(-1.5704311 19.938248 116.76647)
(-4.6293686 19.456848 113.77246)
(-4.6293686 19.456848 116.76647)
(-19.755718 3.1163458 110.77844)
(-19.04644 6.1018941 110.77844)
(-17.922677 8.875678 110.77844)
(-16.441434 11.38768 110.77844)
(-14.639612 13.62651 110.77844)
(-17.922677 8.875678 107.78443)
(-17.922677 8.875678 104.79042)
(-17.922677 8.875678 101.79641)
(-17.922677 8.875678 98.802395)
(-19.04644 6.1018941 104.79042)
(-19.755718 3.1163458 104.79042)
(-19.04644 6.1018941 107.78443)
(-19.755718 3.1163458 107.78443)
(-19.04644 6.1018941 98.802395)
(-19.04644 6.1018941 101.79641)
(-19.755718 3.1163458 98.802395)
(-19.755718 3.1163458 101.79641)
(-14.639612 13.62651 104.79042)
(-16.441434 11.38768 104.79042)
(-14.639612 13.62651 107.78443)
(-16.441434 11.38768 107.78443)
(-14.639612 13.62651 101.79641)
(-16.441434 11.38768 101.79641)
(-14.639612 13.62651 98.802395)
(-16.441434 11.38768 98.802395)
(-17.922677 8.875678 122.75449)
(-17.922677 8.875678 119.76048)
(-17.922677 8.875678 116.76647)
(-17.922677 8.875678 113.77246)
(-19.04644 6.1018941 119.76048)
(-19.755718 3.1163458 119.76048)
(-19.04644 6.1018941 122.75449)
(-19.755718 3.1163458 122.75449)
(-19.04644 6.1018941 113.77246)
(-19.04644 6.1018941 116.76647)
(-19.755718 3.1163458 113.77246)
(-19.755718 3.1163458 116.76647)
(-14.639612 13.62651 119.76048)
(-16.441434 11.38768 119.76048)
(-14.639612 13.62651 122.75449)
(-16.441434 11.38768 122.75449)
(-14.639612 13.62651 116.76647)
(-16.441434 11.38768 116.76647)
(-14.639612 13.62651 113.77246)
(-16.441434 11.38768 113.77246)
(1.5704311 19.938248 65.868263)
(1.5704311 19.938248 68.862275)
(1.5704311 19.938248 71.856287)
(1.5704311 19.938248 74.850299)
(1.5704311 19.938248 77.844311)
(1.5704311 19.938248 80.838323)
(1.5704311 19.938248 83.832335)
(1.5704311 19.938248 86.826347)
(1.5704311 19.938248 89.820359)
(1.5704311 19.938248 92.814371)
(4.6293686 19.456848 77.844311)
(7.5207811 18.532076 77.844311)
(10.16503 17.224174 77.844311)
(12.541876 15.578875 77.844311)
(14.639612 13.62651 77.844311)
(16.441434 11.38768 77.844311)
(17.922677 8.875678 77.844311)
(19.04644 6.1018941 77.844311)
(19.755718 3.1163458 77.844311)
(14.639612 13.62651 74.850299)
(14.639612 13.62651 71.856287)
(14.639612 13.62651 68.862275)
(14.639612 13.62651 65.868263)
(12.541876 15.578875 71.856287)
(10.16503 17.224174 71.856287)
(7.5207811 18.532076 71.856287)
(4.6293686 19.456848 71.856287)
(10.16503 17.224174 74.850299)
(12.541876 15.578875 74.850299)
(7.5207811 18.532076 74.850299)
(4.6293686 19.456848 74.850299)
(10.16503 17.224174 65.868263)
(10.16503 17.224174 68.862275)
(12.541876 15.578875 65.868263)
(12.541876 15.578875 68.862275)
(7.5207811 18.532076 65.868263)
(7.5207811 18.532076 68.862275)
(4.6293686 19.456848 65.868263)
(4.6293686 19.456848 68.862275)
(17.922677 8.875678 74.850299)
(17.922677 8.875678 71.856287)
(17.922677 8.875678 68.862275)
(17.922677 8.875678 65.868263)
(16.441434 11.38768 71.856287)
(16.441434 11.38768 74.850299)
(16.441434 11.38768 68.862275)
(16.441434 11.38768 65.868263)
(19.755718 3.1163458 71.856287)
(19.04644 6.1018941 71.856287)
(19.755718 3.1163458 74.850299)
(19.04644 6.1018941 74.850299)
(19.755718 3.1163458 65.868263)
(19.755718 3.1163458 68.862275)
(19.04644 6.1018941 65.868263)
(19.04644 6.1018941 68.862275)
(14.639612 13.62651 92.814371)
(14.639612 13.62651 89.820359)
(14.639612 13.62651 86.826347)
(14.639612 13.62651 83.832335)
(14.639612 13.62651 80.838323)
(12.541876 15.578875 86.826347)
(10.16503 17.224174 86.826347)
(7.5207811 18.532076 86.826347)
(4.6293686 19.456848 86.826347)
(10.16503 17.224174 89.820359)
(10.16503 17.224174 92.814371)
(12.541876 15.578875 89.820359)
(12.541876 15.578875 92.814371)
(7.5207811 18.532076 89.820359)
(7.5207811 18.532076 92.814371)
(4.6293686 19.456848 89.820359)
(4.6293686 19.456848 92.814371)
(10.16503 17.224174 80.838323)
(10.16503 17.224174 83.832335)
(12.541876 15.578875 80.838323)
(12.541876 15.578875 83.832335)
(7.5207811 18.532076 80.838323)
(7.5207811 18.532076 83.832335)
(4.6293686 19.456848 80.838323)
(4.6293686 19.456848 83.832335)
(19.755718 3.1163458 86.826347)
(19.04644 6.1018941 86.826347)
(17.922677 8.875678 86.826347)
(16.441434 11.38768 86.826347)
(19.04644 6.1018941 89.820359)
(19.04644 6.1018941 92.814371)
(19.755718 3.1163458 89.820359)
(19.755718 3.1163458 92.814371)
(16.441434 11.38768 89.820359)
(17.922677 8.875678 89.820359)
(16.441434 11.38768 92.814371)
(17.922677 8.875678 92.814371)
(19.04644 6.1018941 80.838323)
(19.04644 6.1018941 83.832335)
(19.755718 3.1163458 80.838323)
(19.755718 3.1163458 83.832335)
(16.441434 11.38768 80.838323)
(17.922677 8.875678 80.838323)
(16.441434 11.38768 83.832335)
(17.922677 8.875678 83.832335)
(-12.541876 15.578875 65.868263)
(-12.541876 15.578875 68.862275)
(-12.541876 15.578875 71.856287)
(-12.541876 15.578875 74.850299)
(-12.541876 15.578875 77.844311)
(-12.541876 15.578875 80.838323)
(-12.541876 15.578875 83.832335)
(-12.541876 15.578875 86.826347)
(-12.541876 15.578875 89.820359)
(-12.541876 15.578875 92.814371)
(-10.16503 17.224174 77.844311)
(-7.5207811 18.532076 77.844311)
(-4.6293686 19.456848 77.844311)
(-1.5704311 19.938248 77.844311)
(-7.5207811 18.532076 74.850299)
(-7.5207811 18.532076 71.856287)
(-7.5207811 18.532076 68.862275)
(-7.5207811 18.532076 65.868263)
(-10.16503 17.224174 71.856287)
(-10.16503 17.224174 74.850299)
(-10.16503 17.224174 68.862275)
(-10.16503 17.224174 65.868263)
(-1.5704311 19.938248 71.856287)
(-4.6293686 19.456848 71.856287)
(-1.5704311 19.938248 74.850299)
(-4.6293686 19.456848 74.850299)
(-1.5704311 19.938248 65.868263)
(-1.5704311 19.938248 68.862275)
(-4.6293686 19.456848 65.868263)
(-4.6293686 19.456848 68.862275)
(-10.16503 17.224174 86.826347)
(-7.5207811 18.532076 86.826347)
(-4.6293686 19.456848 86.826347)
(-1.5704311 19.938248 86.826347)
(-7.5207811 18.532076 83.832335)
(-7.5207811 18.532076 80.838323)
(-10.16503 17.224174 83.832335)
(-10.16503 17.224174 80.838323)
(-4.6293686 19.456848 83.832335)
(-4.6293686 19.456848 80.838323)
(-1.5704311 19.938248 83.832335)
(-1.5704311 19.938248 80.838323)
(-7.5207811 18.532076 92.814371)
(-7.5207811 18.532076 89.820359)
(-10.16503 17.224174 92.814371)
(-10.16503 17.224174 89.820359)
(-4.6293686 19.456848 92.814371)
(-4.6293686 19.456848 89.820359)
(-1.5704311 19.938248 92.814371)
(-1.5704311 19.938248 89.820359)
(-19.755718 3.1163458 77.844311)
(-19.04644 6.1018941 77.844311)
(-17.922677 8.875678 77.844311)
(-16.441434 11.38768 77.844311)
(-14.639612 13.62651 77.844311)
(-17.922677 8.875678 74.850299)
(-17.922677 8.875678 71.856287)
(-17.922677 8.875678 68.862275)
(-17.922677 8.875678 65.868263)
(-19.04644 6.1018941 71.856287)
(-19.755718 3.1163458 71.856287)
(-19.04644 6.1018941 74.850299)
(-19.755718 3.1163458 74.850299)
(-19.04644 6.1018941 65.868263)
(-19.04644 6.1018941 68.862275)
(-19.755718 3.1163458 65.868263)
(-19.755718 3.1163458 68.862275)
(-14.639612 13.62651 71.856287)
(-16.441434 11.38768 71.856287)
(-14.639612 13.62651 74.850299)
(-16.441434 11.38768 74.850299)
(-14.639612 13.62651 68.862275)
(-16.441434 11.38768 68.862275)
(-14.639612 13.62651 65.868263)
(-16.441434 11.38768 65.868263)
(-19.755718 3.1163458 86.826347)
(-19.04644 6.1018941 86.826347)
(-17.922677 8.875678 86.826347)
(-16.441434 11.38768 86.826347)
(-14.639612 13.62651 86.826347)
(-17.922677 8.875678 83.832335)
(-17.922677 8.875678 80.838323)
(-19.755718 3.1163458 83.832335)
(-19.755718 3.1163458 80.838323)
(-19.04644 6.1018941 83.832335)
(-19.04644 6.1018941 80.838323)
(-14.639612 13.62651 83.832335)
(-16.441434 11.38768 83.832335)
(-14.639612 13.62651 80.838323)
(-16.441434 11.38768 80.838323)
(-17.922677 8.875678 92.814371)
(-17.922677 8.875678 89.820359)
(-19.755718 3.1163458 92.814371)
(-19.755718 3.1163458 89.820359)
(-19.04644 6.1018941 92.814371)
(-19.04644 6.1018941 89.820359)
(-14.639612 13.62651 92.814371)
(-16.441434 11.38768 92.814371)
(-14.639612 13.62651 89.820359)
(-16.441434 11.38768 89.820359)
(19.755697 3.1164766 32.934064)
(19.046362 6.1021386 32.934059)
(17.922507 8.876021 32.934058)
(16.441145 11.388097 32.934056)
(14.639181 13.626973 32.934054)
(12.541281 15.579354 32.934051)
(10.164253 17.224632 32.934046)
(7.5198029 18.532473 32.934038)
(4.6282529 19.457114 32.934058)
(1.5692117 19.938344 32.93412)
(-1.5716021 19.938156 32.934187)
(-4.6304373 19.456594 32.934219)
(-7.5216701 18.531715 32.934217)
(-10.165736 17.223757 32.93421)
(-12.542415 15.578441 32.934205)
(-14.640003 13.626089 32.934202)
(-16.441696 11.387302 32.9342)
(-17.922831 8.8753661 32.934199)
(-19.046512 6.1016718 32.934198)
(-19.755737 3.1162269 32.934193)
(1.5703263 19.938257 35.92814)
(1.5704311 19.938248 38.922156)
(1.5704311 19.938248 41.916168)
(1.5704311 19.938248 44.91018)
(1.5704311 19.938248 47.904192)
(1.5704311 19.938248 50.898204)
(1.5704311 19.938248 53.892216)
(1.5704311 19.938248 56.886228)
(1.5704311 19.938248 59.88024)
(4.6293686 19.456848 47.904192)
(7.5207811 18.532076 47.904192)
(10.16503 17.224174 47.904192)
(12.541876 15.578875 47.904192)
(14.639612 13.62651 47.904192)
(16.441434 11.38768 47.904192)
(17.922677 8.875678 47.904192)
(19.04644 6.1018941 47.904192)
(19.755718 3.1163458 47.904192)
(14.639612 13.62651 44.91018)
(14.639612 13.62651 41.916168)
(14.639612 13.62651 38.922156)
(14.639573 13.626551 35.92812)
(12.541876 15.578875 41.916168)
(10.16503 17.224174 41.916168)
(7.5207811 18.532076 41.916168)
(4.6293686 19.456848 41.916168)
(10.16503 17.224174 44.91018)
(12.541876 15.578875 44.91018)
(7.5207811 18.532076 44.91018)
(4.6293686 19.456848 44.91018)
(10.164961 17.224215 35.928118)
(10.16503 17.224174 38.922156)
(12.541823 15.578918 35.928119)
(12.541876 15.578875 38.922156)
(7.5206941 18.532112 35.928115)
(7.5207811 18.532076 38.922156)
(4.6292718 19.456871 35.92812)
(4.6293686 19.456848 38.922156)
(17.922677 8.875678 44.91018)
(17.922677 8.875678 41.916168)
(17.922677 8.875678 38.922156)
(17.922662 8.8757083 35.928122)
(16.441434 11.38768 41.916168)
(16.441434 11.38768 44.91018)
(16.441434 11.38768 38.922156)
(16.441408 11.387717 35.928121)
(19.755718 3.1163458 41.916168)
(19.04644 6.1018941 41.916168)
(19.755718 3.1163458 44.91018)
(19.04644 6.1018941 44.91018)
(19.755716 3.1163585 35.928125)
(19.755718 3.1163458 38.922156)
(19.046433 6.1019156 35.928122)
(19.04644 6.1018941 38.922156)
(14.639612 13.62651 59.88024)
(14.639612 13.62651 56.886228)
(14.639612 13.62651 53.892216)
(14.639612 13.62651 50.898204)
(12.541876 15.578875 56.886228)
(10.16503 17.224174 56.886228)
(7.5207811 18.532076 56.886228)
(4.6293686 19.456848 56.886228)
(10.16503 17.224174 59.88024)
(12.541876 15.578875 59.88024)
(7.5207811 18.532076 59.88024)
(4.6293686 19.456848 59.88024)
(10.16503 17.224174 50.898204)
(10.16503 17.224174 53.892216)
(12.541876 15.578875 50.898204)
(12.541876 15.578875 53.892216)
(7.5207811 18.532076 50.898204)
(7.5207811 18.532076 53.892216)
(4.6293686 19.456848 50.898204)
(4.6293686 19.456848 53.892216)
(17.922677 8.875678 59.88024)
(17.922677 8.875678 56.886228)
(17.922677 8.875678 53.892216)
(17.922677 8.875678 50.898204)
(16.441434 11.38768 56.886228)
(16.441434 11.38768 59.88024)
(16.441434 11.38768 53.892216)
(16.441434 11.38768 50.898204)
(19.755718 3.1163458 56.886228)
(19.04644 6.1018941 56.886228)
(19.755718 3.1163458 59.88024)
(19.04644 6.1018941 59.88024)
(19.755718 3.1163458 50.898204)
(19.755718 3.1163458 53.892216)
(19.04644 6.1018941 50.898204)
(19.04644 6.1018941 53.892216)
(-12.541923 15.578837 35.928166)
(-12.541876 15.578875 38.922156)
(-12.541876 15.578875 41.916168)
(-12.541876 15.578875 44.91018)
(-12.541876 15.578875 47.904192)
(-12.541876 15.578875 50.898204)
(-12.541876 15.578875 53.892216)
(-12.541876 15.578875 56.886228)
(-12.541876 15.578875 59.88024)
(-10.16503 17.224174 47.904192)
(-7.5207811 18.532076 47.904192)
(-4.6293686 19.456848 47.904192)
(-1.5704311 19.938248 47.904192)
(-7.5207811 18.532076 44.91018)
(-7.5207811 18.532076 41.916168)
(-7.5207811 18.532076 38.922156)
(-7.5208601 18.532044 35.928169)
(-10.16503 17.224174 41.916168)
(-10.16503 17.224174 44.91018)
(-10.16503 17.224174 38.922156)
(-10.165092 17.224137 35.928167)
(-1.5704311 19.938248 41.916168)
(-4.6293686 19.456848 41.916168)
(-1.5704311 19.938248 44.91018)
(-4.6293686 19.456848 44.91018)
(-1.5705321 19.93824 35.928162)
(-1.5704311 19.938248 38.922156)
(-4.6294631 19.456826 35.92817)
(-4.6293686 19.456848 38.922156)
(-7.5207811 18.532076 59.88024)
(-7.5207811 18.532076 56.886228)
(-7.5207811 18.532076 53.892216)
(-7.5207811 18.532076 50.898204)
(-10.16503 17.224174 56.886228)
(-10.16503 17.224174 59.88024)
(-10.16503 17.224174 53.892216)
(-10.16503 17.224174 50.898204)
(-1.5704311 19.938248 56.886228)
(-4.6293686 19.456848 56.886228)
(-1.5704311 19.938248 59.88024)
(-4.6293686 19.456848 59.88024)
(-1.5704311 19.938248 50.898204)
(-1.5704311 19.938248 53.892216)
(-4.6293686 19.456848 50.898204)
(-4.6293686 19.456848 53.892216)
(-19.755718 3.1163458 47.904192)
(-19.04644 6.1018941 47.904192)
(-17.922677 8.875678 47.904192)
(-16.441434 11.38768 47.904192)
(-14.639612 13.62651 47.904192)
(-17.922677 8.875678 44.91018)
(-17.922677 8.875678 41.916168)
(-17.922677 8.875678 38.922156)
(-17.92269 8.8756505 35.928164)
(-19.04644 6.1018941 41.916168)
(-19.755718 3.1163458 41.916168)
(-19.04644 6.1018941 44.91018)
(-19.755718 3.1163458 44.91018)
(-19.046447 6.1018745 35.928164)
(-19.04644 6.1018941 38.922156)
(-19.75572 3.1163343 35.928161)
(-19.755718 3.1163458 38.922156)
(-14.639612 13.62651 41.916168)
(-16.441434 11.38768 41.916168)
(-14.639612 13.62651 44.91018)
(-16.441434 11.38768 44.91018)
(-14.639612 13.62651 38.922156)
(-16.441434 11.38768 38.922156)
(-14.639646 13.626473 35.928165)
(-16.441457 11.387647 35.928164)
(-17.922677 8.875678 59.88024)
(-17.922677 8.875678 56.886228)
(-17.922677 8.875678 53.892216)
(-17.922677 8.875678 50.898204)
(-19.04644 6.1018941 56.886228)
(-19.755718 3.1163458 56.886228)
(-19.04644 6.1018941 59.88024)
(-19.755718 3.1163458 59.88024)
(-19.04644 6.1018941 50.898204)
(-19.04644 6.1018941 53.892216)
(-19.755718 3.1163458 50.898204)
(-19.755718 3.1163458 53.892216)
(-14.639612 13.62651 56.886228)
(-16.441434 11.38768 56.886228)
(-14.639612 13.62651 59.88024)
(-16.441434 11.38768 59.88024)
(-14.639612 13.62651 53.892216)
(-16.441434 11.38768 53.892216)
(-14.639612 13.62651 50.898204)
(-16.441434 11.38768 50.898204)
(1.5281902 19.94153 3.0117699)
(1.5373298 19.940828 5.9984978)
(1.5384171 19.940744 8.9832253)
(1.5400096 19.940621 11.976523)
(1.5424201 19.940435 14.970326)
(1.5464721 19.940121 17.964136)
(1.5511931 19.939754 20.95806)
(1.5560027 19.93938 23.952072)
(1.5608123 19.939004 26.946084)
(1.5655169 19.938635 29.9401)
(4.6036588 19.462948 14.969888)
(7.4983881 18.541148 14.969699)
(10.14757 17.234466 14.969712)
(12.528718 15.589458 14.969773)
(14.630288 13.63652 14.969903)
(16.435243 11.396613 14.970032)
(17.919078 8.8829404 14.970085)
(19.044775 6.1070902 14.970085)
(19.755289 3.1190627 14.970083)
(14.631025 13.635729 11.975833)
(14.63229 13.634372 8.9816872)
(14.633933 13.632608 5.9806824)
(14.641439 13.624547 2.9822373)
(12.529518 15.588816 8.9814661)
(10.146307 17.23521 8.9815543)
(7.4943031 18.5428 8.9816741)
(4.5991071 19.464024 8.9821948)
(10.146816 17.23491 11.975594)
(12.528886 15.589324 11.975619)
(7.496221 18.542024 11.975624)
(4.6010807 19.463557 11.975896)
(10.102103 17.261156 2.9860635)
(10.141432 17.238079 5.983142)
(12.511605 15.603196 2.9820238)
(12.528231 15.58985 5.981052)
(7.4344684 18.56687 2.9930146)
(7.4877976 18.545428 5.9869982)
(4.5531512 19.474825 3.0008235)
(4.5953887 19.464902 5.993147)
(19.755465 3.117949 8.9822552)
(19.045456 6.1049657 8.982241)
(17.920518 8.880036 8.9822092)
(16.43713 11.393891 8.9820469)
(19.045025 6.1063089 11.976195)
(19.755353 3.1186552 11.976196)
(17.919617 8.8818546 11.976186)
(16.435947 11.395598 11.97608)
(19.065904 6.0408037 2.9962894)
(19.047208 6.0994962 5.9896448)
(19.761416 3.0800041 3.005241)
(19.756162 3.1135274 5.9936149)
(16.463544 11.355691 2.9830353)
(17.949164 8.821991 2.9900741)
(16.440161 11.389518 5.9821142)
(17.923897 8.8732136 5.985225)
(14.637887 13.628362 29.939987)
(14.636239 13.630133 26.945951)
(14.634551 13.631945 23.951939)
(14.632863 13.633756 20.957927)
(14.631242 13.635496 17.963915)
(12.534892 15.584495 23.951934)
(10.155917 17.229549 23.951925)
(7.5093104 18.536727 23.951909)
(4.6161776 19.459982 23.951949)
(10.158956 17.227757 26.945936)
(10.161924 17.226006 29.939974)
(12.537223 15.58262 26.945946)
(12.539498 15.580789 29.939982)
(7.5131357 18.535177 26.945921)
(7.5168725 18.533662 29.93996)
(4.6205748 19.458939 26.945961)
(4.624875 19.457917 29.939997)
(10.149907 17.23309 17.963848)
(10.152878 17.23134 20.957913)
(12.530298 15.588189 17.96387)
(12.53256 15.58637 20.957922)
(7.5017071 18.539806 17.963833)
(7.5054844 18.538277 20.957897)
(4.6074539 19.462049 17.96391)
(4.6117803 19.461025 20.957937)
(19.755479 3.1178579 23.951961)
(19.045516 6.1047794 23.95195)
(17.920678 8.8797123 23.951949)
(16.43804 11.392578 23.951944)
(19.045824 6.1038177 26.945962)
(19.046125 6.1028774 29.939996)
(19.755559 3.1173539 26.945973)
(19.755636 3.1168625 29.940004)
(16.439172 11.390945 26.945956)
(17.921345 8.8783676 26.945961)
(16.440278 11.389349 29.939991)
(17.921996 8.8770531 29.939995)
(19.044915 6.1066524 17.963978)
(19.045207 6.1057411 20.957938)
(19.755325 3.1188363 17.963982)
(19.7554 3.118362 20.957949)
(16.435825 11.395773 17.96396)
(17.919381 8.8823303 17.963977)
(16.436907 11.394212 20.957932)
(17.920012 8.8810569 20.957937)
(-19.756114 3.1138309 14.970058)
(-19.047986 6.0970685 14.970057)
(-17.926 8.8689643 14.970058)
(-16.446986 11.379659 14.970001)
(-14.647791 13.617717 14.969864)
(-12.552836 15.570045 14.969725)
(-10.179487 17.215634 14.969863)
(-7.5390954 18.524633 14.970322)
(-4.6524396 19.451345 14.970769)
(-1.5964786 19.93618 14.970759)
(-14.64637 13.619246 11.97545)
(-14.644592 13.621157 8.9808788)
(-14.644183 13.621597 5.9799455)
(-14.648348 13.617118 2.9819802)
(-16.445779 11.381404 8.9810896)
(-17.925971 8.8690226 8.9816959)
(-19.048083 6.0967649 8.9823296)
(-19.756196 3.1133113 8.9825524)
(-17.925727 8.8695166 11.97589)
(-16.446272 11.380692 11.975624)
(-19.047866 6.097442 11.976094)
(-19.756092 3.1139704 11.976139)
(-17.955087 8.80993 2.9898399)
(-17.930372 8.8601229 5.984736)
(-16.47038 11.345774 2.9826515)
(-16.448677 11.377216 5.9813655)
(-19.762466 3.0732596 3.0048922)
(-19.069208 6.0303649 2.9961038)
(-19.7572 3.1069359 5.9938392)
(-19.050626 6.0888144 5.9895889)
(-7.5348054 18.526379 11.976374)
(-7.5280943 18.529107 8.9819297)
(-7.514716 18.534537 5.9861738)
(-7.4489183 18.561078 2.9916394)
(-10.170053 17.221208 8.9813723)
(-12.545835 15.575687 8.9809853)
(-10.175748 17.217844 11.975615)
(-12.549921 15.572395 11.975338)
(-10.159301 17.227554 5.9825933)
(-12.540351 15.580103 5.9805496)
(-10.111412 17.255705 2.9853814)
(-12.518525 15.597645 2.9818278)
(-1.5941811 19.936363 8.983616)
(-4.6461887 19.452839 8.9828334)
(-1.5961916 19.936203 11.977153)
(-4.6502886 19.451859 11.977121)
(-1.5865244 19.936974 5.9981177)
(-4.6356617 19.45535 5.9922946)
(-1.5551631 19.939445 3.0111038)
(-4.5749372 19.469719 2.9993251)
(-14.641179 13.624826 29.94024)
(-14.642678 13.623215 26.946249)
(-14.644211 13.621566 23.952237)
(-14.645745 13.619918 20.958225)
(-14.647184 13.61837 17.964112)
(-16.444514 11.383231 23.952232)
(-17.924494 8.8720074 23.952229)
(-19.047281 6.0992683 23.952228)
(-19.755935 3.1149707 23.95222)
(-17.923888 8.8732315 26.946241)
(-17.923296 8.8744274 29.940233)
(-16.443487 11.384715 26.946245)
(-16.442483 11.386165 29.940236)
(-19.047001 6.1001452 26.94624)
(-19.046727 6.1010002 29.940232)
(-19.755862 3.1154294 26.946231)
(-19.755792 3.1158761 29.940225)
(-17.92568 8.869611 17.964164)
(-17.925101 8.8707816 20.958216)
(-16.446516 11.380339 17.964152)
(-16.445543 11.381745 20.95822)
(-19.047835 6.0975377 17.964164)
(-19.047564 6.098385 20.958216)
(-19.756076 3.1140726 17.964161)
(-19.756007 3.1145104 20.958208)
(-7.5243327 18.530635 29.940265)
(-7.527726 18.529256 26.946279)
(-7.5311982 18.527845 23.952267)
(-7.5346701 18.526434 20.958255)
(-7.5379374 18.525105 17.964271)
(-10.17331 17.219284 23.952253)
(-12.548209 15.573774 23.952243)
(-10.167853 17.222508 29.940253)
(-12.544035 15.577137 29.940245)
(-10.17055 17.220915 26.946265)
(-12.546098 15.575475 26.946255)
(-10.17607 17.217654 20.958241)
(-12.55032 15.572073 20.958231)
(-10.178657 17.216125 17.964112)
(-12.552276 15.570496 17.964071)
(-1.5842976 19.937151 23.952206)
(-4.6419168 19.453858 23.952271)
(-1.5796755 19.937518 26.946218)
(-1.5751543 19.937876 29.940212)
(-4.6377342 19.454856 26.946283)
(-4.6336459 19.45583 29.940269)
(-1.5933821 19.936427 17.964366)
(-1.5889197 19.936783 20.958194)
(-4.6501183 19.4519 17.964417)
(-4.6460992 19.45286 20.958259)
(-17.756109 2.953092 500)
(-17.033562 5.8189693 500)
(-15.840235 8.5491015 500)
(-14.215932 11.041231 500)
(-12.19612 13.238453 500)
(-9.8596694 15.059484 500)
(-7.2507189 16.475109 500)
(-4.4366934 17.444648 500)
(-1.5009001 17.937379 500)
(1.4732529 17.939633 500)
(4.3949893 17.455226 500)
(7.2071811 16.494141 500)
(9.8237256 15.082937 500)
(12.182468 13.250954 500)
(14.218373 11.038125 500)
(15.845033 8.5402587 500)
(17.033218 5.8197875 500)
(17.755806 2.95534 500)
(17.752675 2.9736663 0)
(17.024343 5.8458856 0)
(15.829105 8.5696926 0)
(14.207097 11.052596 0)
(12.200892 13.234055 0)
(9.8388009 15.073127 0)
(7.2219452 16.487741 0)
(4.420934 17.448649 0)
(1.4914439 17.938168 0)
(-1.4827128 17.938854 0)
(-4.4223448 17.448315 0)
(-7.2310362 16.483697 0)
(-9.8440474 15.069682 0)
(-12.189829 13.244182 0)
(-14.20671 11.053133 0)
(-15.832761 8.5629915 0)
(-17.024835 5.8442641 0)
(-17.752491 2.9751853 0)
(17.755593 2.9561674 251.49704)
(17.02703 5.8378303 251.49703)
(15.832257 8.5638565 251.497)
(14.203823 11.056736 251.49699)
(12.189312 13.244647 251.49699)
(9.8448648 15.069129 251.497)
(7.2317602 16.483375 251.49699)
(4.4198704 17.448918 251.49697)
(1.4877646 17.93841 251.49698)
(-1.4877274 17.938413 251.49703)
(-4.4198903 17.448913 251.49705)
(-7.2318317 16.483343 251.49703)
(-9.8449848 15.06905 251.49701)
(-12.189415 13.244552 251.49702)
(-14.203934 11.056593 251.49703)
(-15.832333 8.5637157 251.49701)
(-17.02708 5.8376822 251.49699)
(-17.755607 2.9560837 251.49697)
(17.754867 2.9605225 377.24554)
(17.024518 5.8451497 377.24553)
(15.828381 8.5710179 377.2455)
(14.198794 11.063193 377.24549)
(12.18502 13.248596 377.2455)
(9.8407888 15.071791 377.24551)
(7.2303834 16.483979 377.24549)
(4.420849 17.44867 377.24547)
(1.4913346 17.938114 377.24549)
(-1.4841582 17.938709 377.24553)
(-4.4189085 17.449162 377.24555)
(-7.2332052 16.482741 377.24553)
(-9.8490571 15.066389 377.24551)
(-12.19371 13.240599 377.24552)
(-14.208973 11.050117 377.24553)
(-15.83622 8.5565264 377.24551)
(-17.029596 5.8303392 377.24549)
(-17.756334 2.9517121 377.24548)
(17.754504 2.9627001 440.11979)
(17.023262 5.8488089 440.11978)
(15.826442 8.5745979 440.11976)
(14.196279 11.06642 440.11974)
(12.182874 13.250569 440.11975)
(9.8387506 15.073121 440.11976)
(7.229695 16.484281 440.11974)
(4.4213383 17.448546 440.11972)
(1.4931197 17.937965 440.11974)
(-1.4823737 17.938856 440.11978)
(-4.4184176 17.449286 440.1198)
(-7.233892 16.482439 440.11978)
(-9.851093 15.065058 440.11976)
(-12.195856 13.238621 440.11977)
(-14.211491 11.046878 440.11978)
(-15.838162 8.5529311 440.11977)
(-17.030853 5.8266673 440.11974)
(-17.756697 2.9495262 440.11973)
(17.754325 2.9637748 470.05993)
(17.022638 5.8506221 470.05992)
(15.825465 8.5764011 470.0599)
(14.19499 11.068074 470.05988)
(12.181715 13.251635 470.05989)
(9.8375925 15.073877 470.0599)
(7.2291282 16.484529 470.05988)
(4.4212976 17.448557 470.05986)
(1.4936718 17.937919 470.05986)
(-1.4818096 17.938903 470.05989)
(-4.418445 17.449279 470.0599)
(-7.2344351 16.482201 470.05988)
(-9.8522318 15.064313 470.05986)
(-12.197002 13.237565 470.05987)
(-14.212773 11.045229 470.05988)
(-15.839134 8.55113 470.05987)
(-17.031473 5.8248548 470.05984)
(-17.756876 2.9484511 470.05983)
(1.492855 17.937987 473.05387)
(1.4917916 17.938076 476.04789)
(1.4907026 17.938166 479.0419)
(1.4896104 17.938257 482.0359)
(1.4884945 17.93835 485.02991)
(1.4873209 17.938447 488.02391)
(1.4860501 17.938552 491.01788)
(1.4841011 17.938714 494.01208)
(1.4786625 17.939163 497.00587)
(4.4162217 17.449842 485.0299)
(7.2244185 16.486594 485.02993)
(9.8335042 15.076545 485.02996)
(12.178527 13.254564 485.02997)
(14.192592 11.071149 485.02998)
(15.823947 8.5792016 485.03)
(17.021858 5.8528932 485.03003)
(17.754116 2.9650259 485.03004)
(12.179282 13.253871 482.03596)
(12.179932 13.253273 479.04195)
(12.180572 13.252685 476.04794)
(12.1812 13.252108 473.05392)
(9.8352863 15.075382 479.04196)
(7.2264588 16.4857 479.04194)
(4.4184014 17.44929 479.04191)
(7.2254804 16.486128 482.03594)
(9.8344451 15.075931 482.03596)
(4.4173385 17.449559 482.03591)
(7.2283767 16.484859 473.05391)
(7.2274283 16.485275 476.04793)
(9.8369321 15.074308 473.05393)
(9.8361175 15.07484 476.04795)
(4.420491 17.448761 473.05388)
(4.4194581 17.449023 476.0479)
(17.754206 2.9644833 479.04199)
(17.022197 5.8519061 479.04198)
(15.824614 8.5779719 479.04195)
(14.193645 11.069799 479.04194)
(17.022039 5.852365 482.036)
(17.754164 2.9647365 482.03601)
(15.824306 8.5785387 482.03597)
(14.193158 11.070423 482.03596)
(17.022505 5.8510092 473.05395)
(17.022352 5.8514545 476.04797)
(17.754289 2.9639894 473.05396)
(17.754248 2.9642345 476.04798)
(14.194594 11.068581 473.05391)
(15.825212 8.5768677 473.05392)
(14.194124 11.069185 476.04793)
(15.824915 8.5774155 476.04794)
(12.179316 13.25384 497.00854)
(12.176072 13.25682 494.01363)
(12.176445 13.256478 491.01828)
(12.177506 13.255503 488.02398)
(9.8298495 15.078928 494.01278)
(7.219691 16.488665 494.01207)
(4.411452 17.451048 494.01206)
(7.2153701 16.490556 497.00639)
(9.8290281 15.079463 497.00708)
(4.4068401 17.452214 497.00592)
(7.2231445 16.487152 488.02392)
(7.2217365 16.487769 491.01792)
(9.8323047 15.077327 488.02395)
(9.8310179 15.078166 491.0181)
(4.4149709 17.450159 488.0239)
(4.4136039 17.450504 491.01782)
(17.754216 2.9644272 494.01096)
(17.022038 5.8523695 494.01082)
(15.823785 8.5794996 494.01176)
(14.191572 11.072456 494.01319)
(17.025295 5.8428863 497.00399)
(17.755116 2.9590285 497.00448)
(15.829524 8.5689062 497.00545)
(14.197509 11.064842 497.00791)
(17.021616 5.8535972 488.02406)
(17.021414 5.8541837 491.0179)
(17.754052 2.9654063 488.02407)
(17.75401 2.9656599 491.0178)
(14.191822 11.072135 488.024)
(15.823455 8.5801094 488.02403)
(14.191075 11.073093 491.01834)
(15.823012 8.5809256 491.01817)
(-17.757065 2.9473093 485.02987)
(-17.03218 5.8227879 485.02988)
(-15.840492 8.5486152 485.0299)
(-14.214914 11.042474 485.02992)
(-12.199819 13.234969 485.02991)
(-9.8558704 15.061933 485.0299)
(-7.2386227 16.480362 485.02992)
(-4.4231891 17.448077 485.02994)
(-1.4867495 17.938494 485.02993)
(-12.199227 13.235515 482.0359)
(-12.198639 13.236057 479.04189)
(-12.198052 13.236598 476.04788)
(-12.197476 13.237128 473.05387)
(-14.214021 11.043622 479.0419)
(-15.839928 8.5496601 479.04188)
(-17.031887 5.8236427 479.04186)
(-17.756987 2.947781 479.04185)
(-15.840208 8.54914 482.03589)
(-14.214466 11.043051 482.03591)
(-17.032033 5.823217 482.03587)
(-17.757026 2.947546 482.03586)
(-15.839371 8.5506915 473.05386)
(-15.839647 8.5501797 476.04787)
(-14.213141 11.044755 473.05388)
(-14.213578 11.044193 476.04788)
(-17.75691 2.9482472 473.05383)
(-17.031598 5.8244877 473.05384)
(-17.756948 2.9480158 476.04784)
(-17.031742 5.8240681 476.04784)
(-1.4846499 17.938668 479.04191)
(-4.4211843 17.448585 479.04192)
(-7.2368576 16.481137 479.0419)
(-9.8543433 15.062932 479.04188)
(-4.422185 17.448332 482.03593)
(-1.4856938 17.938582 482.03592)
(-7.2377377 16.480751 482.03591)
(-9.8551042 15.062434 482.03589)
(-4.419207 17.449086 473.0539)
(-4.4201841 17.448839 476.0479)
(-1.4825906 17.938838 473.05389)
(-1.4836079 17.938754 476.0479)
(-9.8528377 15.063917 473.05386)
(-7.2351176 16.481901 473.05388)
(-9.853583 15.063429 476.04787)
(-7.235978 16.481524 476.04788)
(-12.203678 13.231411 497.00615)
(-12.202158 13.232813 494.01218)
(-12.201112 13.233778 491.01796)
(-12.200425 13.234411 488.02392)
(-14.216961 11.039837 494.01195)
(-15.841862 8.5460757 494.01162)
(-17.033093 5.8201148 494.01161)
(-17.757296 2.9459211 494.01188)
(-15.842703 8.5445165 497.00564)
(-14.217651 11.038949 497.00616)
(-17.033282 5.8195609 497.00558)
(-17.757375 2.9454407 497.00608)
(-15.840781 8.5480786 488.02392)
(-15.841127 8.5474382 491.01805)
(-14.215372 11.041884 488.02393)
(-14.215921 11.041177 491.01809)
(-17.757105 2.9470682 488.02388)
(-17.032329 5.8223503 488.02389)
(-17.757159 2.9467426 491.01771)
(-17.032523 5.8217842 491.01785)
(-1.4908951 17.93815 494.01184)
(-4.4269816 17.447115 494.01156)
(-7.2421524 16.478812 494.01161)
(-9.8588875 15.059958 494.012)
(-4.43077 17.446154 497.00552)
(-1.4953634 17.937778 497.00594)
(-7.2449356 16.477588 497.00558)
(-9.8600785 15.059178 497.00545)
(-4.424202 17.44782 488.02395)
(-4.4252726 17.447549 491.01803)
(-1.4878319 17.938405 488.02394)
(-1.4890099 17.938307 491.01801)
(-9.8566502 15.061422 488.02392)
(-7.23952 16.479968 488.02393)
(-9.857505 15.060863 491.01786)
(-7.2404841 16.479545 491.01793)
(1.4932047 17.937958 443.11375)
(1.4932897 17.937951 446.10776)
(1.4933747 17.937944 449.10178)
(1.4934597 17.937937 452.09579)
(1.4935447 17.93793 455.0898)
(1.4936297 17.937923 458.08381)
(1.4937147 17.937916 461.07782)
(1.4937997 17.937909 464.07184)
(1.493859 17.937904 467.06585)
(4.4214548 17.448517 455.08978)
(7.2295311 16.484353 455.0898)
(9.8382652 15.073438 455.08982)
(12.182363 13.251039 455.08981)
(14.19568 11.067188 455.0898)
(15.82598 8.5754502 455.08981)
(17.022962 5.8496802 455.08984)
(17.754417 2.9632185 455.08985)
(12.182465 13.250945 452.0958)
(12.182567 13.250851 449.10178)
(12.18267 13.250757 446.10777)
(12.182772 13.250663 443.11376)
(9.8384594 15.073311 449.10179)
(7.2295967 16.484324 449.10178)
(4.4214082 17.448529 449.10176)
(7.2295639 16.484338 452.09579)
(9.8383623 15.073375 452.09581)
(4.4214315 17.448523 452.09577)
(7.2296623 16.484295 443.11375)
(7.2296295 16.484309 446.10776)
(9.8386535 15.073185 443.11377)
(9.8385564 15.073248 446.10778)
(4.4213616 17.44854 443.11373)
(4.4213849 17.448534 446.10774)
(17.754452 2.9630111 449.10183)
(17.023082 5.8493317 449.10182)
(15.826165 8.5751093 449.10179)
(14.19592 11.066881 449.10178)
(17.023022 5.8495059 452.09583)
(17.754435 2.9631148 452.09584)
(15.826073 8.5752798 452.0958)
(14.1958 11.067035 452.09579)
(17.023202 5.8489832 443.11379)
(17.023142 5.8491574 446.1078)
(17.754487 2.9628038 443.1138)
(17.754469 2.9629074 446.10782)
(14.19616 11.066574 443.11375)
(15.82635 8.5747684 443.11377)
(14.19604 11.066727 446.10776)
(15.826257 8.5749389 446.10778)
(12.181942 13.251426 467.06586)
(12.182056 13.251321 464.07184)
(12.182159 13.251227 461.07783)
(12.182261 13.251133 458.08382)
(9.837974 15.073628 464.07185)
(7.2294328 16.484396 464.07184)
(4.4215247 17.448499 464.07182)
(7.2293789 16.484419 467.06586)
(9.8378604 15.073702 467.06587)
(4.4215243 17.448499 467.06583)
(7.2294984 16.484367 458.08381)
(7.2294656 16.484381 461.07782)
(9.8381682 15.073501 458.08383)
(9.8380711 15.073565 461.07784)
(4.4214781 17.448511 458.08379)
(4.4215014 17.448505 461.0778)
(17.754365 2.9635296 464.07189)
(17.022783 5.8502029 464.07188)
(15.825703 8.5759616 464.07185)
(14.195321 11.067649 464.07184)
(17.022721 5.8503834 467.06589)
(17.754348 2.963637 467.0659)
(15.825606 8.5761408 467.06587)
(14.195193 11.067813 467.06585)
(17.022902 5.8498544 458.08385)
(17.022842 5.8500286 461.07786)
(17.7544 2.9633222 458.08386)
(17.754383 2.9634259 461.07788)
(14.195561 11.067342 458.08381)
(15.825888 8.5756207 458.08383)
(14.195441 11.067496 461.07782)
(15.825796 8.5757912 461.07784)
(-17.756784 2.9490057 455.08979)
(-17.031152 5.825793 455.0898)
(-15.838624 8.552075 455.08983)
(-14.212091 11.046107 455.08984)
(-12.196367 13.23815 455.08983)
(-9.8515777 15.064741 455.08982)
(-7.2340555 16.482368 455.08984)
(-4.4183007 17.449316 455.08986)
(-1.4819488 17.938891 455.08984)
(-12.196265 13.238244 452.09582)
(-12.196163 13.238339 449.10181)
(-12.196061 13.238433 446.1078)
(-12.195959 13.238527 443.11378)
(-14.211851 11.046415 449.10182)
(-15.838439 8.5524174 449.1018)
(-17.031032 5.8261428 449.10178)
(-17.756749 2.9492139 449.10177)
(-15.838532 8.5522462 452.09581)
(-14.211971 11.046261 452.09583)
(-17.031092 5.8259679 452.09579)
(-17.756766 2.9491098 452.09578)
(-15.838254 8.5527599 443.11378)
(-15.838347 8.5525886 446.10779)
(-14.211611 11.046724 443.11379)
(-14.211731 11.04657 446.1078)
(-17.756714 2.9494221 443.11374)
(-17.030913 5.8264925 443.11375)
(-17.756732 2.949318 446.10775)
(-17.030972 5.8263176 446.10776)
(-1.4821187 17.938877 449.10182)
(-4.4183475 17.449304 449.10184)
(-7.2339901 16.482396 449.10182)
(-9.8513839 15.064868 449.1018)
(-4.4183241 17.44931 452.09585)
(-1.4820337 17.938884 452.09583)
(-7.2340228 16.482382 452.09583)
(-9.8514808 15.064804 452.09581)
(-4.4183942 17.449292 443.11381)
(-4.4183709 17.449298 446.10782)
(-1.4822887 17.938863 443.11379)
(-1.4822037 17.93887 446.10781)
(-9.85119 15.064994 443.11378)
(-7.2339247 16.482425 443.11379)
(-9.8512869 15.064931 446.10779)
(-7.2339574 16.482411 446.1078)
(-12.196787 13.237763 467.06587)
(-12.196674 13.237868 464.07187)
(-12.196572 13.237962 461.07786)
(-12.19647 13.238056 458.08384)
(-14.21245 11.045644 464.07188)
(-15.838901 8.5515613 464.07186)
(-17.031331 5.8252684 464.07184)
(-17.756836 2.9486935 464.07183)
(-15.838998 8.5513822 467.06587)
(-14.212578 11.045481 467.06588)
(-17.031393 5.8250879 467.06584)
(-17.756853 2.948586 467.06583)
(-15.838717 8.5519038 458.08384)
(-15.838809 8.5517325 461.07785)
(-14.212211 11.045953 458.08385)
(-14.21233 11.045798 461.07786)
(-17.756801 2.9489016 458.0838)
(-17.031212 5.8256182 458.08381)
(-17.756818 2.9487975 461.07781)
(-17.031272 5.8254433 461.07782)
(-1.4816938 17.938913 464.07188)
(-4.4182306 17.449333 464.0719)
(-7.2341536 16.482325 464.07188)
(-9.8518686 15.064551 464.07186)
(-4.4182303 17.449334 467.0659)
(-1.4816336 17.938918 467.06589)
(-7.2342054 16.482302 467.06588)
(-9.8519805 15.064477 467.06587)
(-4.4182774 17.449322 458.08387)
(-4.418254 17.449328 461.07788)
(-1.4818638 17.938899 458.08385)
(-1.4817788 17.938906 461.07787)
(-9.8516747 15.064677 458.08384)
(-7.2340882 16.482353 458.08385)
(-9.8517716 15.064614 461.07785)
(-7.2341209 16.482339 461.07786)
(17.754677 2.9616631 410.17967)
(17.02386 5.8470665 410.17966)
(15.827366 8.5728932 410.17964)
(14.197477 11.064883 410.17962)
(12.183896 13.249629 410.17963)
(9.8397212 15.072488 410.17964)
(7.2300228 16.484137 410.17962)
(4.4211053 17.448605 410.1796)
(1.4922697 17.938036 410.17962)
(-1.4832235 17.938786 410.17966)
(-4.4186514 17.449227 410.17968)
(-7.2335649 16.482583 410.17966)
(-9.8501236 15.065692 410.17964)
(-12.194834 13.239563 410.17965)
(-14.210292 11.048421 410.17966)
(-15.837237 8.5546432 410.17965)
(-17.030255 5.8284159 410.17962)
(-17.756524 2.9505671 410.17961)
(1.4923547 17.938029 413.17363)
(1.4924397 17.938022 416.16764)
(1.4925247 17.938015 419.16166)
(1.4926097 17.938008 422.15567)
(1.4926947 17.938001 425.14968)
(1.4927797 17.937993 428.14369)
(1.4928647 17.937986 431.1377)
(1.4929497 17.937979 434.13172)
(1.4930347 17.937972 437.12573)
(4.4212218 17.448576 425.14966)
(7.2298589 16.484209 425.14968)
(9.8392359 15.072805 425.1497)
(12.183385 13.250099 425.14969)
(14.196878 11.065652 425.14968)
(15.826904 8.5737456 425.1497)
(17.023561 5.8479377 425.14972)
(17.75459 2.9621816 425.14973)
(12.183487 13.250005 422.15568)
(12.183589 13.249911 419.16167)
(12.183692 13.249817 416.16765)
(12.183794 13.249723 413.17364)
(9.83943 15.072678 419.16167)
(7.2299245 16.48418 419.16166)
(4.4211752 17.448588 419.16164)
(7.2298917 16.484194 422.15567)
(9.839333 15.072741 422.15569)
(4.4211985 17.448582 422.15565)
(7.2299901 16.484151 413.17363)
(7.2299573 16.484166 416.16764)
(9.8396241 15.072551 413.17365)
(9.8395271 15.072614 416.16766)
(4.4211286 17.448599 413.17361)
(4.4211519 17.448594 416.16763)
(17.754625 2.9619742 419.16171)
(17.023681 5.8475892 419.1617)
(15.827089 8.5734046 419.16167)
(14.197118 11.065344 419.16166)
(17.023621 5.8477635 422.15571)
(17.754608 2.9620779 422.15572)
(15.826996 8.5735751 422.15568)
(14.196998 11.065498 422.15567)
(17.0238 5.8472407 413.17367)
(17.02374 5.847415 416.16768)
(17.75466 2.9617668 413.17368)
(17.754642 2.9618705 416.1677)
(14.197357 11.065037 413.17363)
(15.827273 8.5730637 413.17365)
(14.197238 11.065191 416.16764)
(15.827181 8.5732342 416.16766)
(12.182976 13.250475 437.12574)
(12.183078 13.250381 434.13173)
(12.183181 13.250287 431.13771)
(12.183283 13.250193 428.1437)
(9.8389447 15.072995 434.13173)
(7.2297606 16.484252 434.13172)
(4.4212917 17.448558 434.1317)
(7.2297278 16.484266 437.12573)
(9.8388476 15.073058 437.12575)
(4.421315 17.448552 437.12571)
(7.2298262 16.484223 428.14369)
(7.2297934 16.484238 431.1377)
(9.8391388 15.072868 428.14371)
(9.8390418 15.072931 431.13772)
(4.4212451 17.44857 428.14367)
(4.4212684 17.448564 431.13768)
(17.754538 2.9624927 434.13177)
(17.023381 5.8484604 434.13176)
(15.826627 8.574257 434.13173)
(14.196519 11.066113 434.13172)
(17.023321 5.8486347 437.12577)
(17.754521 2.9625964 437.12578)
(15.826534 8.5744275 437.12574)
(14.196399 11.066266 437.12573)
(17.023501 5.848112 428.14373)
(17.023441 5.8482862 431.13774)
(17.754573 2.9622853 428.14374)
(17.754556 2.962389 431.13776)
(14.196758 11.065805 428.14369)
(15.826812 8.573916 428.14371)
(14.196639 11.065959 431.1377)
(15.826719 8.5740865 431.13772)
(-17.756611 2.9500466 425.14967)
(-17.030554 5.8275416 425.14968)
(-15.837699 8.5537872 425.14971)
(-14.210892 11.047649 425.14972)
(-12.195345 13.239092 425.14971)
(-9.8506083 15.065375 425.1497)
(-7.2337285 16.482511 425.14972)
(-4.4185345 17.449257 425.14974)
(-1.4827986 17.938821 425.14972)
(-12.195243 13.239186 422.1557)
(-12.195141 13.23928 419.16169)
(-12.195039 13.239374 416.16768)
(-12.194936 13.239469 413.17366)
(-14.210652 11.047958 419.1617)
(-15.837515 8.5541296 419.16168)
(-17.030434 5.8278913 419.16166)
(-17.756576 2.9502548 419.16165)
(-15.837607 8.5539584 422.15569)
(-14.210772 11.047804 422.15571)
(-17.030494 5.8277165 422.15567)
(-17.756593 2.9501507 422.15566)
(-15.83733 8.554472 413.17366)
(-15.837422 8.5543008 416.16767)
(-14.210412 11.048266 413.17367)
(-14.210532 11.048112 416.16768)
(-17.756542 2.950463 413.17362)
(-17.030314 5.828241 413.17363)
(-17.756559 2.9503589 416.16763)
(-17.030374 5.8280662 416.16764)
(-1.4829685 17.938807 419.1617)
(-4.4185813 17.449245 419.16172)
(-7.233663 16.48254 419.1617)
(-9.8504144 15.065502 419.16168)
(-4.4185579 17.449251 422.15573)
(-1.4828835 17.938814 422.15571)
(-7.2336958 16.482525 422.15571)
(-9.8505114 15.065438 422.15569)
(-4.418628 17.449233 413.17369)
(-4.4186046 17.449239 416.1677)
(-1.4831385 17.938793 413.17367)
(-1.4830535 17.9388 416.16769)
(-9.8502205 15.065628 413.17366)
(-7.2335976 16.482569 413.17367)
(-9.8503175 15.065565 416.16767)
(-7.2336303 16.482554 416.16768)
(-12.195754 13.238715 437.12576)
(-12.195652 13.238809 434.13175)
(-12.19555 13.238904 431.13774)
(-12.195447 13.238998 428.14372)
(-14.211251 11.047187 434.13176)
(-15.837977 8.5532735 434.13174)
(-17.030733 5.827017 434.13172)
(-17.756663 2.9497344 434.13171)
(-15.838069 8.5531023 437.12575)
(-14.211371 11.047032 437.12577)
(-17.030793 5.8268422 437.12573)
(-17.75668 2.9496303 437.12572)
(-15.837792 8.5536159 428.14372)
(-15.837884 8.5534447 431.13773)
(-14.211012 11.047495 428.14373)
(-14.211131 11.047341 431.13774)
(-17.756628 2.9499425 428.14368)
(-17.030614 5.8273668 428.14369)
(-17.756645 2.9498385 431.13769)
(-17.030673 5.8271919 431.1377)
(-1.4825436 17.938842 434.13176)
(-4.4184644 17.449274 434.13178)
(-7.2338266 16.482468 434.13176)
(-9.8508991 15.065185 434.13174)
(-4.418441 17.44928 437.12579)
(-1.4824586 17.938849 437.12577)
(-7.2338593 16.482454 437.12577)
(-9.8509961 15.065121 437.12575)
(-4.4185111 17.449262 428.14375)
(-4.4184878 17.449268 431.13776)
(-1.4827136 17.938828 428.14373)
(-1.4826286 17.938835 431.13775)
(-9.8507053 15.065311 428.14372)
(-7.2337612 16.482497 428.14373)
(-9.8508022 15.065248 431.13773)
(-7.2337939 16.482482 431.13774)
(1.4914196 17.938107 380.2395)
(1.4915046 17.9381 383.23351)
(1.4915896 17.938092 386.22752)
(1.4916746 17.938085 389.22154)
(1.4917596 17.938078 392.21555)
(1.4918446 17.938071 395.20956)
(1.4919297 17.938064 398.20357)
(1.4920147 17.938057 401.19758)
(1.4920997 17.93805 404.1916)
(1.4921847 17.938043 407.18561)
(4.4209655 17.448641 392.21553)
(7.2302195 16.484051 392.21555)
(9.8403036 15.072108 392.21557)
(12.184509 13.249065 392.21556)
(14.198196 11.063961 392.21555)
(15.82792 8.5718703 392.21556)
(17.024219 5.8460209 392.21559)
(17.754781 2.961041 392.2156)
(12.184611 13.248971 389.22155)
(12.184714 13.248877 386.22753)
(12.184816 13.248783 383.23352)
(12.184918 13.248689 380.23951)
(9.8404977 15.071981 386.22754)
(7.2302851 16.484022 386.22753)
(4.4209189 17.448653 386.22751)
(7.2302523 16.484036 389.22154)
(9.8404006 15.072044 389.22155)
(4.4209422 17.448647 389.22152)
(7.2303506 16.483993 380.2395)
(7.2303179 16.484008 383.23351)
(9.8406918 15.071854 380.23952)
(9.8405947 15.071917 383.23353)
(4.4208723 17.448664 380.23948)
(4.4208956 17.448658 383.23349)
(17.754815 2.9608336 386.22758)
(17.024339 5.8456724 386.22756)
(15.828104 8.5715294 386.22754)
(14.198435 11.063654 386.22753)
(17.024279 5.8458467 389.22158)
(17.754798 2.9609373 389.22159)
(15.828012 8.5716998 389.22155)
(14.198315 11.063808 389.22154)
(17.024459 5.8453239 380.23954)
(17.024399 5.8454982 383.23355)
(17.75485 2.9606262 380.23955)
(17.754833 2.9607299 383.23356)
(14.198675 11.063346 380.2395)
(15.828289 8.5711884 380.23952)
(14.198555 11.0635 383.23351)
(15.828197 8.5713589 383.23353)
(12.183998 13.249535 407.18562)
(12.1841 13.249441 404.19161)
(12.184203 13.249347 401.19759)
(12.184305 13.249253 398.20358)
(12.184407 13.249159 395.20957)
(9.8400124 15.072298 401.1976)
(7.2301212 16.484094 401.19759)
(4.4210354 17.448623 401.19757)
(7.2300884 16.484108 404.1916)
(7.2300556 16.484123 407.18561)
(9.8399153 15.072361 404.19161)
(9.8398183 15.072424 407.18563)
(4.4210587 17.448617 404.19158)
(4.421082 17.448611 407.18559)
(7.2301867 16.484065 395.20956)
(7.230154 16.484079 398.20357)
(9.8402065 15.072171 395.20958)
(9.8401094 15.072234 398.20359)
(4.4209888 17.448635 395.20954)
(4.4210121 17.448629 398.20355)
(17.754729 2.9613521 401.19764)
(17.02404 5.8465437 401.19762)
(15.827643 8.5723818 401.1976)
(14.197836 11.064422 401.19759)
(17.02398 5.846718 404.19164)
(17.02392 5.8468922 407.18565)
(17.754711 2.9614558 404.19165)
(17.754694 2.9615595 407.18566)
(14.197717 11.064576 404.1916)
(15.82755 8.5725522 404.19161)
(14.197597 11.06473 407.18561)
(15.827458 8.5727227 407.18562)
(17.024159 5.8461952 395.2096)
(17.0241 5.8463695 398.20361)
(17.754763 2.9611447 395.20961)
(17.754746 2.9612484 398.20362)
(14.198076 11.064115 395.20956)
(15.827827 8.5720408 395.20958)
(14.197956 11.064269 398.20357)
(15.827735 8.5722113 398.20359)
(-17.75642 2.9511916 392.21554)
(-17.029895 5.829465 392.21555)
(-15.836682 8.5556704 392.21557)
(-14.209573 11.049346 392.21559)
(-12.194221 13.240128 392.21558)
(-9.8495419 15.066072 392.21557)
(-7.2333687 16.482669 392.21559)
(-4.4187917 17.449191 392.21561)
(-1.4837333 17.938744 392.21559)
(-12.194118 13.240222 389.22157)
(-12.194016 13.240316 386.22756)
(-12.193914 13.24041 383.23354)
(-12.193812 13.240504 380.23953)
(-14.209333 11.049654 386.22756)
(-15.836497 8.5560128 386.22755)
(-17.029776 5.8298147 386.22753)
(-17.756386 2.9513998 386.22751)
(-15.83659 8.5558416 389.22156)
(-14.209453 11.0495 389.22158)
(-17.029836 5.8296398 389.22154)
(-17.756403 2.9512957 389.22153)
(-15.836312 8.5563552 380.23953)
(-15.836405 8.556184 383.23354)
(-14.209093 11.049963 380.23954)
(-14.209213 11.049809 383.23355)
(-17.756351 2.951608 380.23949)
(-17.029656 5.8301644 380.2395)
(-17.756369 2.9515039 383.2335)
(-17.029716 5.8299895 383.23351)
(-1.4839033 17.93873 386.22757)
(-4.4188384 17.44918 386.22758)
(-7.2333033 16.482698 386.22756)
(-9.849348 15.066199 386.22755)
(-4.418815 17.449185 389.2216)
(-1.4838183 17.938737 389.22158)
(-7.233336 16.482683 389.22158)
(-9.849445 15.066135 389.22156)
(-4.4188852 17.449168 380.23956)
(-4.4188618 17.449174 383.23357)
(-1.4840732 17.938716 380.23954)
(-1.4839883 17.938723 383.23355)
(-9.8491541 15.066325 380.23952)
(-7.2332379 16.482726 380.23954)
(-9.8492511 15.066262 383.23354)
(-7.2332706 16.482712 383.23355)
(-12.194732 13.239657 407.18564)
(-12.19463 13.239751 404.19163)
(-12.194527 13.239845 401.19762)
(-12.194425 13.239939 398.2036)
(-12.194323 13.240034 395.20959)
(-14.209932 11.048883 401.19762)
(-15.83696 8.5551568 401.19761)
(-17.030075 5.8289404 401.19759)
(-17.756472 2.9508793 401.19757)
(-15.837052 8.5549856 404.19162)
(-15.837145 8.5548144 407.18563)
(-14.210052 11.048729 404.19164)
(-14.210172 11.048575 407.18565)
(-17.75649 2.9507753 404.19159)
(-17.030135 5.8287656 404.1916)
(-17.756507 2.9506712 407.1856)
(-17.030195 5.8285907 407.18561)
(-15.836775 8.5554992 395.20959)
(-15.836867 8.555328 398.2036)
(-14.209693 11.049192 395.2096)
(-14.209812 11.049038 398.20361)
(-17.756438 2.9510875 395.20955)
(-17.029955 5.8292901 395.20956)
(-17.756455 2.9509834 398.20356)
(-17.030015 5.8291153 398.20357)
(-1.4834784 17.938765 401.19763)
(-4.4187215 17.449209 401.19764)
(-7.2334668 16.482626 401.19762)
(-9.8498327 15.065882 401.19761)
(-4.4186981 17.449215 404.19166)
(-4.4186748 17.449221 407.18567)
(-1.4833934 17.938772 404.19164)
(-1.4833084 17.938779 407.18565)
(-9.8499297 15.065818 404.19162)
(-7.2334995 16.482612 404.19164)
(-9.8500266 15.065755 407.18563)
(-7.2335322 16.482597 407.18565)
(-4.4187683 17.449197 395.20962)
(-4.4187449 17.449203 398.20363)
(-1.4836483 17.938751 395.2096)
(-1.4835634 17.938758 398.20361)
(-9.8496388 15.066009 395.20958)
(-7.2334014 16.482655 395.2096)
(-9.8497358 15.065945 398.2036)
(-7.2334341 16.48264 398.20361)
(17.75523 2.958345 314.37129)
(17.025774 5.8414901 314.37128)
(15.83032 8.5674374 314.37125)
(14.201309 11.059965 314.37124)
(12.187166 13.246622 314.37125)
(9.8428269 15.07046 314.37125)
(7.2310718 16.483677 314.37124)
(4.4203597 17.448794 314.37122)
(1.4895496 17.938262 314.37124)
(-1.4859428 17.938561 314.37128)
(-4.4193994 17.449037 314.3713)
(-7.2325185 16.483042 314.37128)
(-9.8470211 15.06772 314.37126)
(-12.191562 13.242576 314.37127)
(-14.206454 11.053355 314.37128)
(-15.834277 8.5601213 314.37126)
(-17.028339 5.8340108 314.37124)
(-17.75597 2.9538979 314.37123)
(17.75504 2.9594856 347.30542)
(17.025117 5.8434071 347.30541)
(15.829304 8.569313 347.30538)
(14.199992 11.061656 347.30537)
(12.186042 13.247656 347.30538)
(9.8417594 15.071157 347.30539)
(7.2307112 16.483835 347.30537)
(4.420616 17.448729 347.30535)
(1.4904846 17.938184 347.30537)
(-1.485008 17.938638 347.30541)
(-4.4191423 17.449103 347.30543)
(-7.2328782 16.482884 347.30541)
(-9.8480876 15.067023 347.30539)
(-12.192687 13.24154 347.3054)
(-14.207774 11.051659 347.30541)
(-15.835295 8.5582383 347.30539)
(-17.028997 5.8320876 347.30537)
(-17.756161 2.9527529 347.30536)
(1.4905696 17.938177 350.29938)
(1.4906546 17.93817 353.29339)
(1.4907396 17.938163 356.2874)
(1.4908246 17.938156 359.28142)
(1.4909096 17.938149 362.27543)
(1.4909946 17.938142 365.26944)
(1.4910796 17.938135 368.26345)
(1.4911646 17.938128 371.25746)
(1.4912496 17.938121 374.25148)
(4.4207325 17.4487 362.27541)
(7.2305473 16.483907 362.27543)
(9.8412741 15.071474 362.27545)
(12.185531 13.248126 362.27544)
(14.199393 11.062424 362.27543)
(15.828843 8.5701654 362.27544)
(17.024817 5.8442784 362.27547)
(17.754954 2.9600041 362.27548)
(12.185633 13.248032 359.28143)
(12.185736 13.247938 356.28741)
(12.185838 13.247844 353.2934)
(12.18594 13.24775 350.29939)
(9.8414682 15.071347 356.28742)
(7.2306129 16.483878 356.28741)
(4.4206859 17.448712 356.28739)
(7.2305801 16.483892 359.28142)
(9.8413712 15.07141 359.28143)
(4.4207092 17.448706 359.2814)
(7.2306784 16.483849 350.29938)
(7.2306457 16.483864 353.29339)
(9.8416623 15.07122 350.2994)
(9.8415653 15.071284 353.29341)
(4.4206393 17.448723 350.29936)
(4.4206626 17.448717 353.29337)
(17.754988 2.9597967 356.28746)
(17.024937 5.8439298 356.28744)
(15.829027 8.5698245 356.28742)
(14.199633 11.062117 356.28741)
(17.024877 5.8441041 359.28146)
(17.754971 2.9599004 359.28147)
(15.828935 8.569995 359.28143)
(14.199513 11.062271 359.28142)
(17.025057 5.8435813 350.29942)
(17.024997 5.8437556 353.29343)
(17.755023 2.9595893 350.29943)
(17.755005 2.959693 353.29344)
(14.199872 11.061809 350.29938)
(15.829212 8.5694835 350.2994)
(14.199752 11.061963 353.29339)
(15.82912 8.569654 353.29341)
(12.185122 13.248502 374.25149)
(12.185225 13.248408 371.25747)
(12.185327 13.248314 368.26346)
(12.185429 13.24822 365.26945)
(9.840983 15.071664 371.25748)
(7.230449 16.48395 371.25747)
(4.4208024 17.448682 371.25745)
(7.2304162 16.483964 374.25148)
(9.8408859 15.071727 374.25149)
(4.4208257 17.448676 374.25146)
(7.2305145 16.483921 365.26944)
(7.2304818 16.483936 368.26345)
(9.8411771 15.071537 365.26946)
(9.84108 15.071601 368.26347)
(4.4207558 17.448694 365.26942)
(4.4207791 17.448688 368.26343)
(17.754902 2.9603151 371.25752)
(17.024638 5.8448011 371.2575)
(15.828566 8.5706769 371.25748)
(14.199034 11.062885 371.25747)
(17.024578 5.8449754 374.25152)
(17.754884 2.9604188 374.25153)
(15.828474 8.5708474 374.25149)
(14.198914 11.063039 374.25148)
(17.024758 5.8444526 365.26948)
(17.024698 5.8446269 368.26349)
(17.754936 2.9601078 365.26949)
(17.754919 2.9602115 368.2635)
(14.199274 11.062578 365.26944)
(15.82875 8.5703359 365.26946)
(14.199154 11.062732 368.26345)
(15.828658 8.5705064 368.26347)
(-17.756247 2.9522325 362.27542)
(-17.029297 5.8312134 362.27543)
(-15.835757 8.5573824 362.27545)
(-14.208373 11.050888 362.27547)
(-12.193198 13.241069 362.27546)
(-9.8485724 15.066706 362.27545)
(-7.2330417 16.482813 362.27547)
(-4.4190254 17.449132 362.27549)
(-1.4845831 17.938674 362.27547)
(-12.193096 13.241163 359.28145)
(-12.192994 13.241258 356.28744)
(-12.192892 13.241352 353.29342)
(-12.192789 13.241446 350.29941)
(-14.208133 11.051197 356.28745)
(-15.835572 8.5577248 356.28743)
(-17.029177 5.8315631 356.28741)
(-17.756213 2.9524407 356.28739)
(-15.835665 8.5575536 359.28144)
(-14.208253 11.051042 359.28146)
(-17.029237 5.8313883 359.28142)
(-17.75623 2.9523366 359.28141)
(-15.835387 8.5580671 350.29941)
(-15.83548 8.5578959 353.29342)
(-14.207893 11.051505 350.29942)
(-14.208013 11.051351 353.29343)
(-17.756178 2.9526489 350.29937)
(-17.029057 5.8319128 350.29938)
(-17.756196 2.9525448 353.29338)
(-17.029117 5.8317379 353.29339)
(-1.4847531 17.93866 356.28745)
(-4.4190722 17.44912 356.28746)
(-7.2329763 16.482841 356.28744)
(-9.8483785 15.066832 356.28743)
(-4.4190488 17.449126 359.28148)
(-1.4846681 17.938667 359.28146)
(-7.233009 16.482827 359.28146)
(-9.8484754 15.066769 359.28144)
(-4.4191189 17.449109 350.29944)
(-4.4190955 17.449114 353.29345)
(-1.484923 17.938646 350.29942)
(-1.4848381 17.938653 353.29343)
(-9.8481846 15.066959 350.2994)
(-7.2329109 16.48287 350.29942)
(-9.8482815 15.066896 353.29342)
(-7.2329436 16.482856 353.29343)
(-12.193607 13.240693 374.25151)
(-12.193505 13.240787 371.2575)
(-12.193403 13.240881 368.26348)
(-12.193301 13.240975 365.26947)
(-14.208733 11.050426 371.2575)
(-15.836035 8.5568688 371.25749)
(-17.029476 5.8306889 371.25747)
(-17.756299 2.9519202 371.25745)
(-15.836127 8.5566976 374.2515)
(-14.208853 11.050271 374.25152)
(-17.029536 5.8305141 374.25148)
(-17.756317 2.9518162 374.25147)
(-15.83585 8.5572112 365.26947)
(-15.835942 8.55704 368.26348)
(-14.208493 11.050734 365.26948)
(-14.208613 11.05058 368.26349)
(-17.756265 2.9521284 365.26943)
(-17.029357 5.8310386 365.26944)
(-17.756282 2.9520243 368.26344)
(-17.029417 5.8308637 368.26345)
(-1.4843282 17.938695 371.25751)
(-4.4189553 17.44915 371.25752)
(-7.2331398 16.482769 371.2575)
(-9.8488632 15.066516 371.25749)
(-4.4189319 17.449156 374.25154)
(-1.4842432 17.938702 374.25152)
(-7.2331725 16.482755 374.25152)
(-9.8489602 15.066452 374.2515)
(-4.419002 17.449138 365.2695)
(-4.4189787 17.449144 368.26351)
(-1.4844981 17.938681 365.26948)
(-1.4844132 17.938688 368.26349)
(-9.8486693 15.066642 365.26946)
(-7.2330744 16.482798 365.26948)
(-9.8487663 15.066579 368.26348)
(-7.2331071 16.482784 368.26349)
(1.4896346 17.938255 317.36525)
(1.4897196 17.938248 320.35926)
(1.4898046 17.938241 323.35327)
(1.4898896 17.938234 326.34728)
(1.4899746 17.938227 329.3413)
(1.4900596 17.93822 332.33531)
(1.4901446 17.938213 335.32932)
(1.4902296 17.938205 338.32333)
(1.4903146 17.938198 341.31734)
(1.4903996 17.938191 344.31136)
(4.4204762 17.448765 329.34128)
(7.2309079 16.483749 329.3413)
(9.8423417 15.070777 329.34131)
(12.186655 13.247092 329.34131)
(14.20071 11.060733 329.3413)
(15.829858 8.56829 329.34131)
(17.025475 5.8423615 329.34134)
(17.755144 2.9588634 329.34135)
(12.186757 13.246998 326.34729)
(12.18686 13.246904 323.35328)
(12.186962 13.24681 320.35927)
(12.187064 13.246716 317.36526)
(9.8425358 15.07065 323.35329)
(7.2309735 16.48372 323.35327)
(4.4204296 17.448777 323.35325)
(7.2309407 16.483734 326.34729)
(9.8424387 15.070713 326.3473)
(4.4204529 17.448771 326.34727)
(7.231039 16.483691 317.36525)
(7.2310063 16.483706 320.35926)
(9.8427299 15.070523 317.36527)
(9.8426328 15.070587 320.35928)
(4.420383 17.448788 317.36523)
(4.4204063 17.448782 320.35924)
(17.755178 2.9586561 323.35332)
(17.025595 5.8420129 323.35331)
(15.830043 8.567949 323.35329)
(14.20095 11.060426 323.35327)
(17.025535 5.8421872 326.34733)
(17.755161 2.9587597 326.34734)
(15.82995 8.5681195 326.3473)
(14.20083 11.06058 326.34729)
(17.025715 5.8416644 317.36529)
(17.025655 5.8418387 320.3593)
(17.755213 2.9584487 317.3653)
(17.755196 2.9585524 320.35931)
(14.201189 11.060119 317.36525)
(15.830227 8.5676079 317.36526)
(14.20107 11.060272 320.35926)
(15.830135 8.5677784 320.35928)
(12.186144 13.247562 344.31137)
(12.186246 13.247468 341.31735)
(12.186349 13.247374 338.32334)
(12.186451 13.24728 335.32933)
(12.186553 13.247186 332.33532)
(9.8420505 15.070967 338.32335)
(7.2308096 16.483792 338.32333)
(4.4205461 17.448747 338.32331)
(7.2307768 16.483806 341.31735)
(7.230744 16.483821 344.31136)
(9.8419535 15.07103 341.31736)
(9.8418564 15.071094 344.31137)
(4.4205694 17.448741 341.31733)
(4.4205927 17.448735 344.31134)
(7.2308751 16.483763 332.33531)
(7.2308423 16.483777 335.32932)
(9.8422446 15.07084 332.33533)
(9.8421476 15.070903 335.32934)
(4.4204995 17.448759 332.33529)
(4.4205228 17.448753 335.3293)
(17.755092 2.9591745 338.32338)
(17.025296 5.8428843 338.32337)
(15.829581 8.5688015 338.32335)
(14.200351 11.061195 338.32333)
(17.025236 5.8430585 341.31738)
(17.025176 5.8432328 344.3114)
(17.755075 2.9592782 341.3174)
(17.755057 2.9593819 344.31141)
(14.200231 11.061348 341.31735)
(15.829489 8.568972 341.31736)
(14.200112 11.061502 344.31136)
(15.829397 8.5691425 344.31137)
(17.025416 5.8425357 332.33535)
(17.025356 5.84271 335.32936)
(17.755126 2.9589671 332.33536)
(17.755109 2.9590708 335.32937)
(14.200591 11.060887 332.33531)
(15.829766 8.5684605 332.33532)
(14.200471 11.061041 335.32932)
(15.829674 8.568631 335.32934)
(-17.756057 2.9533775 329.34129)
(-17.028638 5.8331367 329.3413)
(-15.83474 8.5592654 329.34132)
(-14.207054 11.052584 329.34134)
(-12.192074 13.242105 329.34133)
(-9.8475059 15.067403 329.34132)
(-7.232682 16.48297 329.34134)
(-4.4192826 17.449067 329.34136)
(-1.4855179 17.938596 329.34134)
(-12.191971 13.242199 326.34732)
(-12.191869 13.242293 323.35331)
(-12.191767 13.242387 320.35929)
(-12.191665 13.242481 317.36528)
(-14.206814 11.052893 323.35331)
(-15.834554 8.5596078 323.3533)
(-17.028518 5.8334863 323.35327)
(-17.756022 2.9535856 323.35326)
(-15.834647 8.5594366 326.34731)
(-14.206934 11.052739 326.34733)
(-17.028578 5.8333115 326.34729)
(-17.75604 2.9534816 326.34727)
(-15.834369 8.5599501 317.36527)
(-15.834462 8.559779 320.35929)
(-14.206574 11.053201 317.36529)
(-14.206694 11.053047 320.3593)
(-17.755988 2.9537938 317.36524)
(-17.028399 5.833836 317.36525)
(-17.756005 2.9536897 320.35925)
(-17.028458 5.8336612 320.35926)
(-1.4856879 17.938582 323.35331)
(-4.4193293 17.449055 323.35333)
(-7.2326166 16.482999 323.35331)
(-9.847312 15.06753 323.3533)
(-4.4193059 17.449061 326.34734)
(-1.4856029 17.938589 326.34733)
(-7.2326493 16.482985 326.34733)
(-9.8474089 15.067466 326.34731)
(-4.4193761 17.449043 317.36531)
(-4.4193527 17.449049 320.35932)
(-1.4858578 17.938568 317.36529)
(-1.4857728 17.938575 320.3593)
(-9.847118 15.067656 317.36527)
(-7.2325512 16.483028 317.36529)
(-9.847215 15.067593 320.35928)
(-7.2325839 16.483013 320.3593)
(-12.192585 13.241634 344.31139)
(-12.192483 13.241728 341.31738)
(-12.19238 13.241822 338.32337)
(-12.192278 13.241917 335.32935)
(-12.192176 13.242011 332.33534)
(-14.207414 11.052122 338.32337)
(-15.835017 8.5587519 338.32336)
(-17.028818 5.8326121 338.32333)
(-17.756109 2.9530652 338.32332)
(-15.83511 8.5585807 341.31737)
(-15.835202 8.5584095 344.31138)
(-14.207534 11.051968 341.31739)
(-14.207654 11.051813 344.3114)
(-17.756126 2.9529611 341.31733)
(-17.028878 5.8324373 341.31735)
(-17.756144 2.952857 344.31135)
(-17.028938 5.8322625 344.31136)
(-15.834832 8.5590942 332.33533)
(-15.834925 8.5589231 335.32935)
(-14.207174 11.05243 332.33535)
(-14.207294 11.052276 335.32936)
(-17.756074 2.9532734 332.3353)
(-17.028698 5.8329618 332.33531)
(-17.756092 2.9531693 335.32931)
(-17.028758 5.832787 335.32932)
(-1.485263 17.938617 338.32337)
(-4.4192124 17.449085 338.32339)
(-7.2327801 16.482927 338.32337)
(-9.8477967 15.067213 338.32336)
(-4.4191891 17.449091 341.3174)
(-4.4191657 17.449097 344.31142)
(-1.485178 17.938624 341.31739)
(-1.485093 17.938631 344.3114)
(-9.8478937 15.067149 341.31737)
(-7.2328128 16.482913 341.31738)
(-9.8479907 15.067086 344.31138)
(-7.2328455 16.482899 344.3114)
(-4.4192592 17.449073 332.33537)
(-4.4192358 17.449079 335.32938)
(-1.4854329 17.938603 332.33535)
(-1.4853479 17.93861 335.32936)
(-9.8476028 15.067339 332.33533)
(-7.2327147 16.482956 332.33535)
(-9.8476998 15.067276 335.32934)
(-7.2327474 16.482942 335.32936)
(17.755403 2.957308 284.43117)
(17.026372 5.8397474 284.43116)
(15.831242 8.5657323 284.43113)
(14.202506 11.058428 284.43112)
(12.188188 13.245682 284.43113)
(9.8437974 15.069826 284.43113)
(7.2313996 16.483533 284.43112)
(4.4201267 17.448853 284.4311)
(1.4886996 17.938333 284.43112)
(-1.4867926 17.938491 284.43116)
(-4.4196332 17.448978 284.43118)
(-7.2321914 16.483186 284.43116)
(-9.8460514 15.068353 284.43114)
(-12.19054 13.243517 284.43115)
(-14.205254 11.054897 284.43116)
(-15.833351 8.561833 284.43114)
(-17.02774 5.8357591 284.43112)
(-17.755797 2.9549388 284.43111)
(1.4887846 17.938325 287.42513)
(1.4888696 17.938318 290.41914)
(1.4889546 17.938311 293.41315)
(1.4890396 17.938304 296.40716)
(1.4891246 17.938297 299.40118)
(1.4892096 17.93829 302.39519)
(1.4892946 17.938283 305.3892)
(1.4893796 17.938276 308.38321)
(1.4894646 17.938269 311.37722)
(4.4202432 17.448824 299.40116)
(7.2312357 16.483605 299.40118)
(9.8433122 15.070143 299.40119)
(12.187677 13.246152 299.40119)
(14.201908 11.059196 299.40118)
(15.830781 8.5665849 299.40119)
(17.026073 5.8406188 299.40122)
(17.755316 2.9578265 299.40123)
(12.187779 13.246058 296.40717)
(12.187881 13.245964 293.41316)
(12.187983 13.24587 290.41915)
(12.188086 13.245776 287.42514)
(9.8435062 15.070016 293.41317)
(7.2313013 16.483576 293.41315)
(4.4201966 17.448836 293.41313)
(7.2312685 16.483591 296.40717)
(9.8434092 15.070079 296.40718)
(4.4202199 17.44883 296.40715)
(7.2313668 16.483547 287.42513)
(7.2313341 16.483562 290.41914)
(9.8437003 15.069889 287.42515)
(9.8436033 15.069953 290.41916)
(4.42015 17.448847 287.42511)
(4.4201733 17.448841 290.41912)
(17.755351 2.9576191 293.4132)
(17.026193 5.8402702 293.41319)
(15.830965 8.5662438 293.41317)
(14.202147 11.058889 293.41315)
(17.026133 5.8404445 296.40721)
(17.755334 2.9577228 296.40722)
(15.830873 8.5664144 296.40718)
(14.202027 11.059043 296.40717)
(17.026312 5.8399217 287.42517)
(17.026253 5.8400959 290.41918)
(17.755386 2.9574117 287.42518)
(17.755368 2.9575154 290.41919)
(14.202386 11.058581 287.42513)
(15.83115 8.5659028 287.42514)
(14.202267 11.058735 290.41914)
(15.831058 8.5660733 290.41916)
(12.187268 13.246528 311.37723)
(12.18737 13.246434 308.38322)
(12.187473 13.24634 305.38921)
(12.187575 13.246246 302.3952)
(9.843021 15.070333 308.38323)
(7.2311374 16.483648 308.38321)
(4.4203131 17.448806 308.38319)
(7.2311046 16.483662 311.37723)
(9.842924 15.070396 311.37724)
(4.4203364 17.4488 311.37721)
(7.2312029 16.483619 302.39519)
(7.2311702 16.483634 305.3892)
(9.8432151 15.070206 302.39521)
(9.8431181 15.07027 305.38922)
(4.4202665 17.448818 302.39517)
(4.4202898 17.448812 305.38918)
(17.755265 2.9581376 308.38326)
(17.025894 5.8411416 308.38325)
(15.830504 8.5670964 308.38323)
(14.201548 11.059657 308.38321)
(17.025834 5.8413159 311.37727)
(17.755247 2.9582413 311.37728)
(15.830412 8.5672669 311.37724)
(14.201429 11.059811 311.37723)
(17.026014 5.840793 302.39523)
(17.025954 5.8409673 305.38924)
(17.755299 2.9579302 302.39524)
(17.755282 2.9580339 305.38925)
(14.201788 11.05935 302.39519)
(15.830689 8.5667554 302.3952)
(14.201668 11.059504 305.3892)
(15.830596 8.5669259 305.38922)
(-17.755884 2.9544183 299.40117)
(-17.028039 5.834885 299.40118)
(-15.833814 8.5609772 299.4012)
(-14.205854 11.054126 299.40122)
(-12.191051 13.243046 299.40121)
(-9.8465363 15.068036 299.4012)
(-7.232355 16.483114 299.40122)
(-4.4195163 17.449008 299.40124)
(-1.4863677 17.938526 299.40122)
(-12.190949 13.24314 296.4072)
(-12.190847 13.243235 293.41319)
(-12.190744 13.243329 290.41917)
(-12.190642 13.243423 287.42516)
(-14.205614 11.054435 293.41319)
(-15.833629 8.5613195 293.41318)
(-17.027919 5.8352346 293.41315)
(-17.755849 2.9546265 293.41314)
(-15.833722 8.5611483 296.40719)
(-14.205734 11.054281 296.40721)
(-17.027979 5.8350598 296.40717)
(-17.755867 2.9545224 296.40715)
(-15.833444 8.5616618 287.42516)
(-15.833536 8.5614907 290.41917)
(-14.205374 11.054743 287.42517)
(-14.205494 11.054589 290.41918)
(-17.755815 2.9548347 287.42512)
(-17.0278 5.8355843 287.42513)
(-17.755832 2.9547306 290.41913)
(-17.027859 5.8354095 290.41914)
(-1.4865376 17.938512 293.41319)
(-4.4195631 17.448996 293.41321)
(-7.2322895 16.483143 293.41319)
(-9.8463423 15.068163 293.41318)
(-4.4195397 17.449002 296.40722)
(-1.4864527 17.938519 296.40721)
(-7.2323223 16.483128 296.40721)
(-9.8464393 15.0681 296.40719)
(-4.4196098 17.448984 287.42519)
(-4.4195864 17.44899 290.4192)
(-1.4867076 17.938498 287.42517)
(-1.4866226 17.938505 290.41918)
(-9.8461484 15.06829 287.42515)
(-7.2322241 16.483171 287.42517)
(-9.8462454 15.068227 290.41916)
(-7.2322568 16.483157 290.41918)
(-12.19146 13.24267 311.37726)
(-12.191358 13.242764 308.38325)
(-12.191256 13.242858 305.38923)
(-12.191153 13.242952 302.39522)
(-14.206214 11.053664 308.38325)
(-15.834092 8.5604636 308.38324)
(-17.028219 5.8343605 308.38321)
(-17.755936 2.9541061 308.3832)
(-15.834184 8.5602925 311.37725)
(-14.206334 11.05351 311.37727)
(-17.028279 5.8341857 311.37723)
(-17.755953 2.954002 311.37721)
(-15.833907 8.560806 302.39522)
(-15.833999 8.5606348 305.38923)
(-14.205974 11.053972 302.39523)
(-14.206094 11.053818 305.38924)
(-17.755901 2.9543143 302.39518)
(-17.028099 5.8347101 302.39519)
(-17.755919 2.9542102 305.38919)
(-17.028159 5.8345353 305.3892)
(-1.4861127 17.938547 308.38325)
(-4.4194462 17.449026 308.38327)
(-7.2324531 16.483071 308.38325)
(-9.8468272 15.067846 308.38324)
(-4.4194228 17.449032 311.37728)
(-1.4860278 17.938554 311.37727)
(-7.2324858 16.483056 311.37727)
(-9.8469241 15.067783 311.37725)
(-4.4194929 17.449014 302.39525)
(-4.4194696 17.44902 305.38926)
(-1.4862827 17.938533 302.39523)
(-1.4861977 17.93854 305.38924)
(-9.8466332 15.067973 302.39521)
(-7.2323877 16.483099 302.39523)
(-9.8467302 15.06791 305.38922)
(-7.2324204 16.483085 305.38924)
(1.4878496 17.938403 254.491)
(1.4879346 17.938396 257.48501)
(1.4880196 17.938389 260.47902)
(1.4881046 17.938382 263.47303)
(1.4881896 17.938375 266.46704)
(1.4882746 17.938368 269.46106)
(1.4883596 17.938361 272.45507)
(1.4884446 17.938354 275.44908)
(1.4885296 17.938347 278.44309)
(1.4886146 17.93834 281.4371)
(4.4199869 17.448889 266.46703)
(7.2315963 16.483447 266.46705)
(9.8443796 15.069446 266.46706)
(12.188801 13.245117 266.46705)
(14.203224 11.057505 266.46705)
(15.831796 8.5647092 266.46706)
(17.026731 5.8387017 266.46709)
(17.755506 2.9566859 266.4671)
(12.188903 13.245023 263.47304)
(12.189005 13.244929 260.47903)
(12.189107 13.244835 257.48502)
(12.189209 13.244741 254.49101)
(9.8445737 15.069319 260.47904)
(7.2316619 16.483418 260.47902)
(4.4199403 17.4489 260.479)
(7.2316291 16.483432 263.47303)
(9.8444767 15.069382 263.47305)
(4.4199636 17.448895 263.47301)
(7.2317274 16.483389 254.491)
(7.2316946 16.483404 257.48501)
(9.8447678 15.069192 254.49101)
(9.8446707 15.069255 257.48503)
(4.4198937 17.448912 254.49098)
(4.419917 17.448906 257.48499)
(17.755541 2.9564785 260.47907)
(17.02685 5.8383532 260.47906)
(15.83198 8.5643681 260.47904)
(14.203464 11.057198 260.47902)
(17.026791 5.8385274 263.47307)
(17.755524 2.9565822 263.47308)
(15.831888 8.5645386 263.47305)
(14.203344 11.057351 263.47303)
(17.02697 5.8380046 254.49104)
(17.02691 5.8381789 257.48505)
(17.755575 2.9562711 254.49105)
(17.755558 2.9563748 257.48506)
(14.203703 11.05689 254.491)
(15.832165 8.5640271 254.49101)
(14.203583 11.057044 257.48501)
(15.832073 8.5641976 257.48502)
(12.18829 13.245588 281.43711)
(12.188392 13.245494 278.4431)
(12.188494 13.245399 275.44909)
(12.188596 13.245305 272.45508)
(12.188699 13.245211 269.46107)
(9.8440885 15.069636 275.4491)
(7.231498 16.48349 275.44908)
(4.4200568 17.448871 275.44906)
(7.2314652 16.483504 278.44309)
(7.2314324 16.483519 281.43711)
(9.8439915 15.069699 278.44311)
(9.8438944 15.069763 281.43712)
(4.4200801 17.448865 278.44307)
(4.4201034 17.448859 281.43709)
(7.2315635 16.483461 269.46106)
(7.2315307 16.483475 272.45507)
(9.8442826 15.069509 269.46107)
(9.8441855 15.069572 272.45509)
(4.4200102 17.448883 269.46104)
(4.4200335 17.448877 272.45505)
(17.755455 2.9569969 275.44913)
(17.026552 5.8392246 275.44912)
(15.831519 8.5652207 275.4491)
(14.202865 11.057966 275.44908)
(17.026492 5.8393988 278.44313)
(17.026432 5.8395731 281.43715)
(17.755437 2.9571006 278.44314)
(17.75542 2.9572043 281.43716)
(14.202745 11.05812 278.44309)
(15.831427 8.5653913 278.44311)
(14.202626 11.058274 281.43711)
(15.831334 8.5655618 281.43712)
(17.026671 5.838876 269.4611)
(17.026611 5.8390503 272.45511)
(17.755489 2.9567895 269.46111)
(17.755472 2.9568932 272.45512)
(14.203105 11.057659 269.46106)
(15.831704 8.5648797 269.46107)
(14.202985 11.057813 272.45507)
(15.831611 8.5650502 272.45508)
(-17.755693 2.9555633 266.46703)
(-17.02738 5.8368081 266.46705)
(-15.832796 8.56286 266.46707)
(-14.204534 11.055822 266.46709)
(-12.189926 13.244082 266.46708)
(-9.8454697 15.068733 266.46707)
(-7.2319952 16.483272 266.46709)
(-4.4197734 17.448943 266.46711)
(-1.4873025 17.938448 266.46709)
(-12.189824 13.244176 263.47307)
(-12.189722 13.24427 260.47905)
(-12.189619 13.244364 257.48504)
(-12.189517 13.244458 254.49103)
(-14.204294 11.056131 260.47906)
(-15.832611 8.5632023 260.47905)
(-17.02726 5.8371577 260.47902)
(-17.755659 2.9557715 260.47901)
(-15.832703 8.5630311 263.47306)
(-14.204414 11.055976 263.47307)
(-17.02732 5.8369829 263.47303)
(-17.755676 2.9556674 263.47302)
(-15.832426 8.5635446 254.49102)
(-15.832518 8.5633734 257.48504)
(-14.204054 11.056439 254.49104)
(-14.204174 11.056285 257.48505)
(-17.755624 2.9559796 254.49099)
(-17.02714 5.8375073 254.491)
(-17.755641 2.9558755 257.485)
(-17.0272 5.8373325 257.48501)
(-1.4874724 17.938434 260.47906)
(-4.4198202 17.448931 260.47908)
(-7.2319298 16.4833 260.47906)
(-9.8452757 15.06886 260.47905)
(-4.4197968 17.448937 263.47309)
(-1.4873874 17.938441 263.47308)
(-7.2319625 16.483286 263.47307)
(-9.8453727 15.068797 263.47306)
(-4.4198669 17.448919 254.49106)
(-4.4198436 17.448925 257.48507)
(-1.4876424 17.93842 254.49104)
(-1.4875574 17.938427 257.48505)
(-9.8450818 15.068987 254.49102)
(-7.2318644 16.483329 254.49104)
(-9.8451787 15.068924 257.48503)
(-7.2318971 16.483315 257.48505)
(-12.190437 13.243611 281.43714)
(-12.190335 13.243705 278.44313)
(-12.190233 13.243799 275.44911)
(-12.190131 13.243893 272.4551)
(-12.190028 13.243988 269.46109)
(-14.204894 11.05536 275.44912)
(-15.833074 8.5623465 275.44911)
(-17.02756 5.8362836 275.44908)
(-17.755745 2.955251 275.44907)
(-15.833166 8.5621753 278.44312)
(-15.833259 8.5620042 281.43713)
(-14.205014 11.055206 278.44313)
(-14.205134 11.055051 281.43715)
(-17.755763 2.9551469 278.44308)
(-17.02762 5.8361088 278.44309)
(-17.75578 2.9550429 281.43709)
(-17.02768 5.8359339 281.43711)
(-15.832889 8.5626888 269.46108)
(-15.832981 8.5625176 272.4551)
(-14.204654 11.055668 269.4611)
(-14.204774 11.055514 272.45511)
(-17.755711 2.9554592 269.46105)
(-17.02744 5.8366332 269.46106)
(-17.755728 2.9553551 272.45506)
(-17.0275 5.8364584 272.45507)
(-1.4870475 17.93847 275.44912)
(-4.4197033 17.44896 275.44914)
(-7.2320933 16.483229 275.44912)
(-9.8457606 15.068543 275.4491)
(-4.4196799 17.448966 278.44315)
(-4.4196566 17.448972 281.43717)
(-1.4869625 17.938477 278.44313)
(-1.4868776 17.938484 281.43715)
(-9.8458575 15.06848 278.44312)
(-7.232126 16.483214 278.44313)
(-9.8459545 15.068417 281.43713)
(-7.2321587 16.4832 281.43715)
(-4.4197501 17.448949 269.46112)
(-4.4197267 17.448955 272.45513)
(-1.4872175 17.938455 269.4611)
(-1.4871325 17.938462 272.45511)
(-9.8455666 15.06867 269.46108)
(-7.2320279 16.483257 269.4611)
(-9.8456636 15.068607 272.45509)
(-7.2320606 16.483243 272.45511)
(17.756317 2.9518121 125.74853)
(17.029538 5.8305099 125.74852)
(15.83613 8.5566934 125.7485)
(14.208848 11.050278 125.74848)
(12.193602 13.240698 125.74849)
(9.8489401 15.066465 125.7485)
(7.233137 16.482771 125.74848)
(4.4188916 17.449166 125.74846)
(1.4841947 17.938706 125.74848)
(-1.4912965 17.938117 125.74852)
(-4.420872 17.448664 125.74854)
(-7.2304583 16.483946 125.74852)
(-9.8409117 15.07171 125.74851)
(-12.185119 13.248505 125.74851)
(-14.198893 11.063067 125.74852)
(-15.828443 8.5709033 125.74851)
(-17.024561 5.845024 125.74848)
(-17.754878 2.9604552 125.74847)
(17.755955 2.9539897 188.62279)
(17.028284 5.8341702 188.62277)
(15.834194 8.5602752 188.62275)
(14.206336 11.053507 188.62273)
(12.191457 13.242673 188.62274)
(9.8469025 15.067797 188.62275)
(7.2324486 16.483073 188.62273)
(4.419381 17.449042 188.62271)
(1.4859796 17.938558 188.62273)
(-1.4895119 17.938265 188.62278)
(-4.4203812 17.448789 188.62279)
(-7.231145 16.483645 188.62277)
(-9.8429484 15.07038 188.62276)
(-12.187267 13.246529 188.62277)
(-14.201414 11.05983 188.62277)
(-15.830389 8.5673097 188.62276)
(-17.025821 5.8413532 188.62273)
(-17.755243 2.9582695 188.62272)
(17.755765 2.9551304 221.55692)
(17.027627 5.8360875 221.55691)
(15.833179 8.5621512 221.55688)
(14.205019 11.055199 221.55687)
(12.190333 13.243707 221.55687)
(9.8458352 15.068495 221.55688)
(7.232088 16.483231 221.55687)
(4.4196373 17.448977 221.55685)
(1.4869146 17.938481 221.55687)
(-1.4885772 17.938343 221.55691)
(-4.420124 17.448854 221.55693)
(-7.2315047 16.483487 221.55691)
(-9.8440151 15.069684 221.55689)
(-12.188392 13.245493 221.5569)
(-14.202734 11.058135 221.55691)
(-15.831407 8.5654272 221.55689)
(-17.026481 5.8394303 221.55687)
(-17.755433 2.9571246 221.55686)
(1.4869996 17.938474 224.55088)
(1.4870846 17.938466 227.54489)
(1.4871696 17.938459 230.5389)
(1.4872546 17.938452 233.53291)
(1.4873396 17.938445 236.52693)
(1.4874246 17.938438 239.52094)
(1.4875096 17.938431 242.51495)
(1.4875946 17.938424 245.50896)
(1.4876796 17.938417 248.50297)
(4.4197538 17.448948 236.52691)
(7.2319241 16.483303 236.52693)
(9.84535 15.068812 236.52694)
(12.189822 13.244177 236.52693)
(14.204421 11.055968 236.52693)
(15.832718 8.5630039 236.52694)
(17.027328 5.8369589 236.52697)
(17.755679 2.9556489 236.52698)
(12.189925 13.244083 233.53292)
(12.190027 13.243989 230.53891)
(12.190129 13.243895 227.5449)
(12.190231 13.243801 224.55089)
(9.8455441 15.068685 230.53892)
(7.2319897 16.483274 230.5389)
(4.4197072 17.44896 230.53888)
(7.2319569 16.483288 233.53291)
(9.8454471 15.068748 233.53293)
(4.4197305 17.448954 233.53289)
(7.2320552 16.483245 224.55088)
(7.2320225 16.48326 227.54489)
(9.8457382 15.068558 224.55089)
(9.8456411 15.068621 227.54491)
(4.4196606 17.448971 224.55086)
(4.4196839 17.448965 227.54487)
(17.755714 2.9554415 230.53895)
(17.027448 5.8366103 230.53894)
(15.832903 8.5626628 230.53892)
(14.20466 11.05566 230.5389)
(17.027388 5.8367846 233.53295)
(17.755696 2.9555452 233.53296)
(15.83281 8.5628333 233.53293)
(14.204541 11.055814 233.53291)
(17.027567 5.8362617 224.55092)
(17.027508 5.836436 227.54493)
(17.755748 2.9552341 224.55093)
(17.755731 2.9553378 227.54494)
(14.2049 11.055353 224.55088)
(15.833087 8.5623217 224.55089)
(14.20478 11.055506 227.54489)
(15.832995 8.5624923 227.5449)
(12.189414 13.244553 248.50298)
(12.189516 13.244459 245.50897)
(12.189618 13.244365 242.51496)
(12.18972 13.244271 239.52095)
(9.8450589 15.069002 245.50898)
(7.2318258 16.483346 245.50896)
(4.4198237 17.44893 245.50894)
(7.231793 16.48336 248.50297)
(9.8449619 15.069065 248.50299)
(4.4198471 17.448924 248.50295)
(7.2318913 16.483317 239.52094)
(7.2318585 16.483332 242.51495)
(9.845253 15.068875 239.52095)
(9.8451559 15.068938 242.51497)
(4.4197771 17.448942 239.52092)
(4.4198004 17.448936 242.51493)
(17.755627 2.95596 245.50901)
(17.027149 5.8374818 245.509)
(15.832441 8.5635155 245.50898)
(14.204062 11.056429 245.50896)
(17.027089 5.837656 248.50301)
(17.75561 2.9560637 248.50302)
(15.832349 8.563686 248.50299)
(14.203942 11.056583 248.50297)
(17.027269 5.8371332 239.52098)
(17.027209 5.8373075 242.51499)
(17.755662 2.9557526 239.52099)
(17.755645 2.9558563 242.515)
(14.204301 11.056121 239.52094)
(15.832626 8.5631744 239.52095)
(14.204182 11.056275 242.51495)
(15.832534 8.5633449 242.51496)
(-17.75552 2.9566041 236.52692)
(-17.026781 5.8385563 236.52693)
(-15.83187 8.5645715 236.52695)
(-14.203334 11.057364 236.52697)
(-12.188903 13.245023 236.52696)
(-9.8445 15.069367 236.52695)
(-7.2316682 16.483415 236.52697)
(-4.4200072 17.448884 236.52699)
(-1.4881523 17.938378 236.52697)
(-12.188801 13.245117 233.53295)
(-12.188699 13.245211 230.53893)
(-12.188597 13.245305 227.54492)
(-12.188494 13.245399 224.55091)
(-14.203094 11.057672 230.53894)
(-15.831685 8.5649138 230.53893)
(-17.026661 5.8389059 230.5389)
(-17.755485 2.9568123 230.53889)
(-15.831778 8.5647426 233.53294)
(-14.203214 11.057518 233.53295)
(-17.026721 5.8387311 233.53291)
(-17.755503 2.9567082 233.5329)
(-15.8315 8.5652561 224.5509)
(-15.831592 8.5650849 227.54492)
(-14.202854 11.057981 224.55092)
(-14.202974 11.057826 227.54493)
(-17.755451 2.9570205 224.55087)
(-17.026541 5.8392555 224.55088)
(-17.755468 2.9569164 227.54488)
(-17.026601 5.8390807 227.54489)
(-1.4883222 17.938364 230.53894)
(-4.4200539 17.448872 230.53896)
(-7.2316028 16.483444 230.53894)
(-9.844306 15.069494 230.53893)
(-4.4200305 17.448878 233.53297)
(-1.4882372 17.938371 233.53296)
(-7.2316355 16.483429 233.53295)
(-9.844403 15.06943 233.53294)
(-4.4201007 17.44886 224.55094)
(-4.4200773 17.448866 227.54495)
(-1.4884922 17.93835 224.55092)
(-1.4884072 17.938357 227.54493)
(-9.8441121 15.06962 224.5509)
(-7.2315374 16.483473 224.55092)
(-9.844209 15.069557 227.54491)
(-7.2315701 16.483458 227.54493)
(-12.189313 13.244646 248.50301)
(-12.18921 13.244741 245.50899)
(-12.189108 13.244835 242.51498)
(-12.189006 13.244929 239.52097)
(-14.203694 11.056901 245.509)
(-15.832148 8.564058 245.50899)
(-17.026961 5.8380318 245.50896)
(-17.755572 2.9562919 245.50895)
(-15.832241 8.5638869 248.503)
(-14.203814 11.056747 248.50301)
(-17.02702 5.837857 248.50297)
(-17.755589 2.9561878 248.50296)
(-15.831963 8.5644003 239.52096)
(-15.832055 8.5642292 242.51498)
(-14.203454 11.05721 239.52098)
(-14.203574 11.057056 242.51499)
(-17.755537 2.9565001 239.52093)
(-17.026841 5.8383814 239.52094)
(-17.755555 2.956396 242.51494)
(-17.026901 5.8382066 242.51495)
(-1.4878973 17.938399 245.509)
(-4.4199371 17.448901 245.50902)
(-7.2317663 16.483372 245.509)
(-9.8447909 15.069177 245.50899)
(-4.4199137 17.448907 248.50303)
(-1.4878123 17.938406 248.50302)
(-7.231799 16.483358 248.50301)
(-9.8448878 15.069114 248.503)
(-4.4199838 17.448889 239.521)
(-4.4199604 17.448895 242.51501)
(-1.4880673 17.938385 239.52098)
(-1.4879823 17.938392 242.51499)
(-9.8445969 15.069304 239.52096)
(-7.2317009 16.483401 239.52098)
(-9.8446939 15.06924 242.51497)
(-7.2317336 16.483386 242.51499)
(1.4860646 17.938551 191.61675)
(1.4861496 17.938544 194.61076)
(1.4862346 17.938537 197.60477)
(1.4863196 17.93853 200.59878)
(1.4864046 17.938523 203.59279)
(1.4864896 17.938516 206.58681)
(1.4865746 17.938509 209.58082)
(1.4866596 17.938502 212.57483)
(1.4867446 17.938495 215.56884)
(1.4868296 17.938488 218.56285)
(4.4194975 17.449013 203.59277)
(7.2322847 16.483145 203.59279)
(9.8464174 15.068114 203.59281)
(12.190946 13.243143 203.5928)
(14.205737 11.054276 203.59279)
(15.833733 8.5611279 203.59281)
(17.027985 5.8350417 203.59283)
(17.755869 2.9545082 203.59285)
(12.191048 13.243049 200.59879)
(12.19115 13.242955 197.60478)
(12.191252 13.242861 194.61077)
(12.191355 13.242767 191.61675)
(9.8466115 15.067987 197.60479)
(7.2323503 16.483116 197.60477)
(4.4194509 17.449024 197.60475)
(7.2323175 16.48313 200.59878)
(9.8465144 15.068051 200.5988)
(4.4194742 17.449019 200.59876)
(7.2324158 16.483087 191.61675)
(7.232383 16.483102 194.61076)
(9.8468055 15.067861 191.61676)
(9.8467085 15.067924 194.61078)
(4.4194043 17.449036 191.61673)
(4.4194276 17.44903 194.61074)
(17.755903 2.9543008 197.60482)
(17.028105 5.8346931 197.60481)
(15.833917 8.5607868 197.60478)
(14.205977 11.053969 197.60477)
(17.028045 5.8348674 200.59882)
(17.755886 2.9544045 200.59883)
(15.833825 8.5609574 200.5988)
(14.205857 11.054122 200.59878)
(17.028224 5.8343445 191.61679)
(17.028165 5.8345188 194.6108)
(17.755938 2.9540934 191.6168)
(17.755921 2.9541971 194.61081)
(14.206216 11.053661 191.61675)
(15.834101 8.5604457 191.61676)
(14.206096 11.053815 194.61076)
(15.834009 8.5606163 194.61077)
(12.190435 13.243613 218.56286)
(12.190537 13.243519 215.56885)
(12.19064 13.243425 212.57484)
(12.190742 13.243331 209.58083)
(12.190844 13.243237 206.58681)
(9.8461263 15.068304 212.57485)
(7.2321864 16.483188 212.57483)
(4.4195674 17.448995 212.57481)
(7.2321536 16.483202 215.56884)
(7.2321208 16.483217 218.56285)
(9.8460293 15.068368 215.56886)
(9.8459322 15.068431 218.56287)
(4.4195907 17.448989 215.56882)
(4.419614 17.448983 218.56283)
(7.2322519 16.483159 206.58681)
(7.2322191 16.483173 209.58082)
(9.8463204 15.068178 206.58682)
(9.8462233 15.068241 209.58084)
(4.4195208 17.449007 206.58679)
(4.4195441 17.449001 209.5808)
(17.755817 2.9548193 212.57488)
(17.027806 5.8355646 212.57487)
(15.833456 8.5616396 212.57484)
(14.205378 11.054738 212.57483)
(17.027747 5.8357389 215.56888)
(17.027687 5.8359132 218.56289)
(17.7558 2.954923 215.56889)
(17.755783 2.9550267 218.56291)
(14.205259 11.054891 215.56884)
(15.833364 8.5618101 215.56886)
(14.205139 11.055045 218.56285)
(15.833272 8.5619806 218.56287)
(17.027926 5.835216 206.58685)
(17.027866 5.8353903 209.58086)
(17.755852 2.9546119 206.58686)
(17.755834 2.9547156 209.58087)
(14.205618 11.05443 206.58681)
(15.83364 8.5612985 206.58682)
(14.205498 11.054584 209.58082)
(15.833548 8.561469 209.58083)
(-17.755329 2.9577491 203.59278)
(-17.026121 5.8404792 203.59279)
(-15.830852 8.5664541 203.59282)
(-14.202014 11.05906 203.59283)
(-12.187778 13.246058 203.59283)
(-9.8434332 15.070064 203.59282)
(-7.2313085 16.483573 203.59283)
(-4.4202643 17.448818 203.59285)
(-1.489087 17.9383 203.59284)
(-12.187676 13.246152 200.59881)
(-12.187574 13.246246 197.6048)
(-12.187472 13.24634 194.61079)
(-12.187369 13.246435 191.61678)
(-14.201774 11.059368 197.60481)
(-15.830666 8.5667963 197.6048)
(-17.026001 5.8408288 197.60477)
(-17.755295 2.9579572 197.60476)
(-15.830759 8.5666252 200.59881)
(-14.201894 11.059214 200.59882)
(-17.026061 5.840654 200.59878)
(-17.755312 2.9578532 200.59877)
(-15.830481 8.5671386 191.61677)
(-15.830574 8.5669675 194.61078)
(-14.201534 11.059676 191.61679)
(-14.201654 11.059522 194.6108)
(-17.75526 2.9581654 191.61674)
(-17.025881 5.8411784 191.61675)
(-17.755277 2.9580613 194.61075)
(-17.025941 5.8410036 194.61076)
(-1.489257 17.938286 197.60481)
(-4.420311 17.448807 197.60483)
(-7.2312431 16.483602 197.60481)
(-9.8432393 15.07019 197.60479)
(-4.4202877 17.448812 200.59884)
(-1.489172 17.938293 200.59882)
(-7.2312758 16.483587 200.59882)
(-9.8433363 15.070127 200.59881)
(-4.4203578 17.448795 191.61681)
(-4.4203344 17.448801 194.61082)
(-1.489427 17.938272 191.61679)
(-1.489342 17.938279 194.6108)
(-9.8430453 15.070317 191.61677)
(-7.2311777 16.48363 191.61679)
(-9.8431423 15.070254 194.61078)
(-7.2312104 16.483616 194.6108)
(-12.18829 13.245588 218.56289)
(-12.188188 13.245682 215.56887)
(-12.188085 13.245776 212.57486)
(-12.187983 13.24587 209.58085)
(-12.187881 13.245964 206.58684)
(-14.202374 11.058597 212.57487)
(-15.831129 8.5659407 212.57486)
(-17.026301 5.8399548 212.57483)
(-17.755381 2.9574368 212.57482)
(-15.831222 8.5657695 215.56887)
(-15.831315 8.5655984 218.56288)
(-14.202494 11.058443 215.56888)
(-14.202614 11.058289 218.56289)
(-17.755399 2.9573327 215.56883)
(-17.026361 5.8397799 215.56884)
(-17.755416 2.9572287 218.56284)
(-17.026421 5.8396051 218.56285)
(-15.830944 8.5662829 206.58683)
(-15.831037 8.5661118 209.58084)
(-14.202134 11.058905 206.58685)
(-14.202254 11.058751 209.58086)
(-17.755347 2.957645 206.5868)
(-17.026181 5.8403044 206.58681)
(-17.755364 2.9575409 209.58081)
(-17.026241 5.8401296 209.58082)
(-1.4888321 17.938322 212.57487)
(-4.4201942 17.448836 212.57489)
(-7.2314066 16.48353 212.57487)
(-9.8437242 15.069874 212.57485)
(-4.4201708 17.448842 215.5689)
(-4.4201474 17.448848 218.56291)
(-1.4887471 17.938329 215.56888)
(-1.4886621 17.938336 218.5629)
(-9.8438212 15.06981 215.56887)
(-7.2314393 16.483516 215.56888)
(-9.8439181 15.069747 218.56288)
(-7.231472 16.483501 218.56289)
(-4.4202409 17.448824 206.58687)
(-4.4202175 17.44883 209.58088)
(-1.4890021 17.938307 206.58685)
(-1.4889171 17.938314 209.58086)
(-9.8435302 15.07 206.58683)
(-7.2313412 16.483559 206.58685)
(-9.8436272 15.069937 209.58084)
(-7.2313739 16.483544 209.58086)
(17.756128 2.9529528 158.68267)
(17.028881 5.8324273 158.68265)
(15.835116 8.5585696 158.68263)
(14.207532 11.05197 158.68261)
(12.192478 13.241732 158.68262)
(9.8478728 15.067163 158.68263)
(7.2327764 16.482929 158.68262)
(4.419148 17.449101 158.6826)
(1.4851297 17.938628 158.68261)
(-1.4903617 17.938195 158.68266)
(-4.4206149 17.44873 158.68267)
(-7.230818 16.483788 158.68265)
(-9.8419786 15.071014 158.68264)
(-12.186244 13.24747 158.68265)
(-14.200213 11.061372 158.68265)
(-15.829462 8.569021 158.68264)
(-17.025222 5.8431013 158.68261)
(-17.755069 2.9593103 158.6826)
(1.4852147 17.938621 161.67663)
(1.4852997 17.938614 164.67064)
(1.4853847 17.938607 167.66465)
(1.4854697 17.9386 170.65866)
(1.4855547 17.938593 173.65267)
(1.4856397 17.938586 176.64669)
(1.4857247 17.938579 179.6407)
(1.4858096 17.938572 182.63471)
(1.4858947 17.938565 185.62872)
(4.4192645 17.449072 173.65266)
(7.2326125 16.483001 173.65267)
(9.8473877 15.06748 173.65269)
(12.191968 13.242203 173.65268)
(14.206934 11.052738 173.65267)
(15.834655 8.5594224 173.65269)
(17.028583 5.8332988 173.65271)
(17.756041 2.9534713 173.65273)
(12.19207 13.242109 170.65867)
(12.192172 13.242014 167.66466)
(12.192274 13.24192 164.67065)
(12.192376 13.241826 161.67664)
(9.8475817 15.067353 167.66467)
(7.2326781 16.482972 167.66465)
(4.4192179 17.449083 167.66463)
(7.2326453 16.482986 170.65866)
(9.8474847 15.067417 170.65868)
(4.4192412 17.449078 170.65864)
(7.2327436 16.482943 161.67663)
(7.2327109 16.482958 164.67064)
(9.8477758 15.067226 161.67664)
(9.8476788 15.06729 164.67066)
(4.4191713 17.449095 161.67661)
(4.4191946 17.449089 164.67062)
(17.756076 2.9532639 167.6647)
(17.028702 5.8329502 167.66469)
(15.834839 8.5590813 167.66467)
(14.207173 11.052431 167.66465)
(17.028642 5.8331245 170.6587)
(17.756059 2.9533676 170.65871)
(15.834747 8.5592519 170.65868)
(14.207054 11.052585 170.65866)
(17.028821 5.8326016 161.67667)
(17.028762 5.8327759 164.67068)
(17.75611 2.9530565 161.67668)
(17.756093 2.9531602 164.67069)
(14.207412 11.052123 161.67663)
(15.835023 8.5587402 161.67664)
(14.207293 11.052277 164.67064)
(15.834931 8.5589107 164.67065)
(12.191559 13.242579 185.62873)
(12.191661 13.242485 182.63472)
(12.191763 13.242391 179.64071)
(12.191865 13.242297 176.64669)
(9.8470966 15.06767 182.63473)
(7.2325142 16.483044 182.63471)
(4.4193344 17.449054 182.63469)
(7.2324814 16.483058 185.62872)
(9.8469996 15.067734 185.62874)
(4.4193577 17.449048 185.6287)
(7.2325797 16.483015 176.64669)
(7.232547 16.48303 179.6407)
(9.8472907 15.067543 176.6467)
(9.8471936 15.067607 179.64072)
(4.4192878 17.449066 176.64667)
(4.4193111 17.44906 179.64068)
(17.75599 2.9537823 182.63476)
(17.028403 5.8338216 182.63475)
(15.834378 8.5599341 182.63473)
(14.206575 11.0532 182.63471)
(17.028344 5.8339959 185.62876)
(17.755972 2.953886 185.62877)
(15.834286 8.5601046 185.62874)
(14.206455 11.053354 185.62872)
(17.028523 5.8334731 176.64673)
(17.028463 5.8336474 179.64074)
(17.756024 2.953575 176.64674)
(17.756007 2.9536786 179.64075)
(14.206814 11.052892 176.64669)
(15.834562 8.559593 176.6467)
(14.206695 11.053046 179.6407)
(15.83447 8.5597635 179.64071)
(-17.755156 2.9587899 173.65266)
(-17.025521 5.8422273 173.65267)
(-15.829926 8.5681654 173.6527)
(-14.200814 11.060601 173.65271)
(-12.186756 13.246999 173.65271)
(-9.8424635 15.070697 173.6527)
(-7.2309815 16.483716 173.65271)
(-4.420498 17.448759 173.65273)
(-1.4899368 17.93823 173.65272)
(-12.186653 13.247093 170.65869)
(-12.186551 13.247187 167.66468)
(-12.186449 13.247281 164.67067)
(-12.186346 13.247376 161.67666)
(-14.200573 11.060909 167.66469)
(-15.82974 8.5685076 167.66468)
(-17.025401 5.8425769 167.66465)
(-17.755121 2.9589981 167.66464)
(-15.829833 8.5683365 170.65869)
(-14.200693 11.060755 170.6587)
(-17.025461 5.8424021 170.65866)
(-17.755139 2.958894 170.65865)
(-15.829555 8.5688499 161.67665)
(-15.829648 8.5686788 164.67066)
(-14.200333 11.061218 161.67667)
(-14.200453 11.061063 164.67068)
(-17.755087 2.9592062 161.67662)
(-17.025281 5.8429265 161.67663)
(-17.755104 2.9591022 164.67063)
(-17.025341 5.8427517 164.67064)
(-1.4901068 17.938216 167.66469)
(-4.4205448 17.448747 167.66471)
(-7.2309161 16.483745 167.66469)
(-9.8422695 15.070824 167.66467)
(-4.4205214 17.448753 170.65872)
(-1.4900218 17.938223 170.6587)
(-7.2309488 16.483731 170.6587)
(-9.8423665 15.070761 170.65869)
(-4.4205915 17.448736 161.67669)
(-4.4205681 17.448741 164.6707)
(-1.4902768 17.938202 161.67667)
(-1.4901918 17.938209 164.67068)
(-9.8420755 15.070951 161.67665)
(-7.2308507 16.483774 161.67667)
(-9.8421725 15.070887 164.67066)
(-7.2308834 16.483759 164.67068)
(-12.187165 13.246623 185.62875)
(-12.187062 13.246717 182.63474)
(-12.18696 13.246811 179.64073)
(-12.186858 13.246905 176.64672)
(-14.201174 11.060139 182.63475)
(-15.830203 8.567652 182.63474)
(-17.025701 5.8417028 182.63471)
(-17.755208 2.9584777 182.6347)
(-15.830296 8.5674809 185.62875)
(-14.201294 11.059984 185.62876)
(-17.025761 5.841528 185.62872)
(-17.755225 2.9583736 185.62871)
(-15.830018 8.5679943 176.64671)
(-15.830111 8.5678231 179.64072)
(-14.200934 11.060447 176.64673)
(-14.201054 11.060293 179.64074)
(-17.755173 2.9586858 176.64668)
(-17.025581 5.8420525 176.64669)
(-17.755191 2.9585817 179.64069)
(-17.025641 5.8418776 179.6407)
(-1.4896819 17.938251 182.63475)
(-4.4204279 17.448777 182.63477)
(-7.2310796 16.483673 182.63475)
(-9.8427544 15.070507 182.63473)
(-4.4204045 17.448783 185.62878)
(-1.4895969 17.938258 185.62876)
(-7.2311123 16.483659 185.62876)
(-9.8428514 15.070444 185.62875)
(-4.4204747 17.448765 176.64675)
(-4.4204513 17.448771 179.64076)
(-1.4898519 17.938237 176.64673)
(-1.4897669 17.938244 179.64074)
(-9.8425604 15.070634 176.64671)
(-7.2310142 16.483702 176.64673)
(-9.8426574 15.07057 179.64072)
(-7.2310469 16.483688 179.64074)
(1.4842797 17.938699 128.74249)
(1.4843647 17.938692 131.73651)
(1.4844497 17.938685 134.73052)
(1.4845347 17.938678 137.72453)
(1.4846197 17.938671 140.71854)
(1.4847047 17.938664 143.71255)
(1.4847897 17.938657 146.70657)
(1.4848747 17.93865 149.70058)
(1.4849597 17.938643 152.69459)
(1.4850447 17.938635 155.6886)
(4.4190081 17.449137 140.71852)
(7.2329731 16.482843 140.71854)
(9.848455 15.066783 140.71856)
(12.193091 13.241168 140.71855)
(14.20825 11.051047 140.71854)
(15.835669 8.5575462 140.71856)
(17.029239 5.8313814 140.71858)
(17.756231 2.9523306 140.71859)
(12.193193 13.241074 137.72454)
(12.193295 13.24098 134.73053)
(12.193397 13.240886 131.73652)
(12.1935 13.240792 128.7425)
(9.848649 15.066656 134.73054)
(7.2330387 16.482814 134.73052)
(4.4189615 17.449148 134.7305)
(7.2330059 16.482828 137.72453)
(9.848552 15.066719 137.72455)
(4.4189848 17.449142 137.72451)
(7.2331042 16.482785 128.7425)
(7.2330715 16.482799 131.73651)
(9.8488431 15.066529 128.74251)
(9.848746 15.066592 131.73652)
(4.4189149 17.44916 128.74248)
(4.4189382 17.449154 131.73649)
(17.756266 2.9521232 134.73057)
(17.029359 5.8310328 134.73056)
(15.835853 8.5572051 134.73053)
(14.208489 11.050739 134.73052)
(17.029299 5.8312071 137.72457)
(17.756248 2.9522269 137.72458)
(15.835761 8.5573757 137.72455)
(14.208369 11.050893 137.72453)
(17.029478 5.8306842 128.74253)
(17.029418 5.8308585 131.73655)
(17.7563 2.9519158 128.74255)
(17.756283 2.9520195 131.73656)
(14.208728 11.050432 128.7425)
(15.836037 8.556864 128.74251)
(14.208609 11.050585 131.73651)
(15.835945 8.5570345 131.73652)
(12.19258 13.241638 155.68861)
(12.192682 13.241544 152.6946)
(12.192785 13.24145 149.70059)
(12.192887 13.241356 146.70658)
(12.192989 13.241262 143.71256)
(9.8481639 15.066973 149.7006)
(7.2328748 16.482886 149.70058)
(4.4190781 17.449119 149.70056)
(7.232842 16.4829 152.69459)
(7.2328092 16.482915 155.6886)
(9.8480669 15.067036 152.69461)
(9.8479698 15.0671 155.68862)
(4.4191014 17.449113 152.69457)
(4.4191247 17.449107 155.68858)
(7.2329403 16.482857 143.71256)
(7.2329075 16.482871 146.70657)
(9.8483579 15.066846 143.71257)
(9.8482609 15.066909 146.70658)
(4.4190314 17.449131 143.71254)
(4.4190547 17.449125 146.70655)
(17.756179 2.9526417 149.70063)
(17.02906 5.8319043 149.70062)
(15.835392 8.5580579 149.70059)
(14.207891 11.051508 149.70058)
(17.029001 5.8320786 152.69463)
(17.028941 5.832253 155.68864)
(17.756162 2.9527454 152.69464)
(17.756145 2.9528491 155.68865)
(14.207771 11.051662 152.69459)
(15.8353 8.5582285 152.69461)
(14.207652 11.051816 155.6886)
(15.835208 8.5583991 155.68862)
(17.02918 5.8315557 143.71259)
(17.02912 5.83173 146.70661)
(17.756214 2.9524343 143.71261)
(17.756197 2.952538 146.70662)
(14.20813 11.051201 143.71256)
(15.835577 8.5577168 143.71257)
(14.208011 11.051354 146.70657)
(15.835484 8.5578874 146.70658)
(-17.754965 2.9599348 140.71853)
(-17.024862 5.8441501 140.71854)
(-15.828907 8.5700477 140.71857)
(-14.199493 11.062296 140.71858)
(-12.18563 13.248034 140.71857)
(-9.8413967 15.071394 140.71857)
(-7.2306218 16.483874 140.71858)
(-4.4207551 17.448694 140.7186)
(-1.4908716 17.938152 140.71858)
(-12.185528 13.248128 137.72456)
(-12.185426 13.248222 134.73055)
(-12.185324 13.248317 131.73654)
(-12.185221 13.248411 128.74253)
(-14.199253 11.062605 134.73056)
(-15.828721 8.57039 134.73054)
(-17.024742 5.8444997 134.73052)
(-17.75493 2.960143 134.73051)
(-15.828814 8.5702188 137.72456)
(-14.199373 11.062451 137.72457)
(-17.024802 5.8443249 137.72453)
(-17.754948 2.9600389 137.72452)
(-15.828536 8.5707322 128.74252)
(-15.828629 8.5705611 131.73653)
(-14.199013 11.062913 128.74254)
(-14.199133 11.062759 131.73655)
(-17.754896 2.9603512 128.74248)
(-17.024621 5.8448492 128.7425)
(-17.754913 2.9602471 131.7365)
(-17.024682 5.8446744 131.73651)
(-1.4910416 17.938138 134.73056)
(-4.4208019 17.448682 134.73058)
(-7.2305564 16.483903 134.73056)
(-9.8412027 15.07152 134.73054)
(-4.4207785 17.448688 137.72459)
(-1.4909566 17.938145 137.72457)
(-7.2305891 16.483889 137.72457)
(-9.8412997 15.071457 137.72455)
(-4.4208486 17.44867 128.74255)
(-4.4208253 17.448676 131.73657)
(-1.4912115 17.938124 128.74254)
(-1.4911266 17.938131 131.73655)
(-9.8410087 15.071647 128.74252)
(-7.230491 16.483932 128.74253)
(-9.8411057 15.071584 131.73653)
(-7.2305237 16.483917 131.73655)
(-12.186142 13.247564 155.68863)
(-12.18604 13.247658 152.69462)
(-12.185937 13.247752 149.70061)
(-12.185835 13.247846 146.7066)
(-12.185733 13.24794 143.71259)
(-14.199853 11.061834 149.70062)
(-15.829184 8.5695344 149.7006)
(-17.025042 5.8436257 149.70058)
(-17.755017 2.9596226 149.70057)
(-15.829277 8.5693633 152.69462)
(-15.82937 8.5691921 155.68863)
(-14.199973 11.06168 152.69463)
(-14.200093 11.061526 155.68864)
(-17.755035 2.9595185 152.69458)
(-17.025102 5.8434509 152.69459)
(-17.755052 2.9594144 155.68859)
(-17.025162 5.8432761 155.6886)
(-15.828999 8.5698766 143.71258)
(-15.829092 8.5697055 146.70659)
(-14.199613 11.062142 143.71259)
(-14.199733 11.061988 146.70661)
(-17.754982 2.9598307 143.71254)
(-17.024922 5.8439753 143.71256)
(-17.755 2.9597267 146.70656)
(-17.024982 5.8438005 146.70657)
(-1.4906167 17.938173 149.70062)
(-4.420685 17.448712 149.70064)
(-7.2307199 16.483831 149.70062)
(-9.8416876 15.071204 149.7006)
(-4.4206616 17.448718 152.69465)
(-4.4206383 17.448724 155.68866)
(-1.4905317 17.93818 152.69463)
(-1.4904467 17.938187 155.68864)
(-9.8417846 15.071141 152.69461)
(-7.2307526 16.483817 152.69463)
(-9.8418816 15.071077 155.68863)
(-7.2307853 16.483802 155.68864)
(-4.4207318 17.4487 143.71261)
(-4.4207084 17.448706 146.70663)
(-1.4907866 17.938159 143.7126)
(-1.4907017 17.938166 146.70661)
(-9.8414936 15.07133 143.71258)
(-7.2306545 16.48386 143.71259)
(-9.8415906 15.071267 146.70659)
(-7.2306872 16.483846 146.70661)
(17.756679 2.9496344 62.874282)
(17.030791 5.8268493 62.874271)
(15.838065 8.5531112 62.874246)
(14.211359 11.047048 62.874232)
(12.195746 13.238722 62.87424)
(9.8509774 15.065133 62.874248)
(7.2338254 16.482469 62.874232)
(4.4184022 17.44929 62.874212)
(1.4824097 17.938853 62.87423)
(-1.4930811 17.937968 62.874273)
(-4.4213628 17.44854 62.874291)
(-7.2297716 16.484247 62.874271)
(-9.8388749 15.07304 62.874255)
(-12.18297 13.25048 62.874263)
(-14.196371 11.066303 62.874271)
(-15.826497 8.5744964 62.874257)
(-17.023301 5.8486946 62.874232)
(-17.754514 2.9626409 62.874221)
(17.75649 2.9507751 95.808414)
(17.030134 5.8287668 95.808403)
(15.837051 8.5549876 95.808378)
(14.210044 11.04874 95.808363)
(12.194623 13.239757 95.808372)
(9.8499103 15.065831 95.80838)
(7.2334648 16.482627 95.808364)
(4.4186586 17.449225 95.808344)
(1.4833447 17.938776 95.808362)
(-1.4921463 17.938046 95.808404)
(-4.4211057 17.448605 95.808423)
(-7.2301313 16.484089 95.808403)
(-9.8399418 15.072344 95.808386)
(-12.184096 13.249446 95.808395)
(-14.197692 11.064608 95.808403)
(-15.827517 8.5726144 95.808389)
(-17.023961 5.8467719 95.808363)
(-17.754705 2.9614961 95.808352)
(1.4834297 17.938769 98.802374)
(1.4835147 17.938762 101.79639)
(1.4835997 17.938755 104.7904)
(1.4836847 17.938748 107.78441)
(1.4837697 17.938741 110.77842)
(1.4838547 17.938734 113.77243)
(1.4839397 17.938727 116.76645)
(1.4840247 17.93872 119.76046)
(1.4841097 17.938713 122.75447)
(4.4187751 17.449196 110.7784)
(7.2333009 16.482699 110.77842)
(9.8494252 15.066148 110.77844)
(12.194112 13.240227 110.77843)
(14.209446 11.049509 110.77842)
(15.83659 8.5558405 110.77844)
(17.029836 5.8296383 110.77846)
(17.756404 2.9512936 110.77847)
(12.194214 13.240133 107.78442)
(12.194317 13.240039 104.79041)
(12.194419 13.239945 101.7964)
(12.194521 13.239851 98.802384)
(9.8496192 15.066021 104.79042)
(7.2333665 16.48267 104.7904)
(4.4187285 17.449207 104.79038)
(7.2333337 16.482684 107.78441)
(9.8495222 15.066085 107.78443)
(4.4187518 17.449201 107.78439)
(7.2334321 16.482641 98.802376)
(7.2333993 16.482656 101.79639)
(9.8498132 15.065895 98.802392)
(9.8497162 15.065958 101.7964)
(4.4186819 17.449219 98.802356)
(4.4187052 17.449213 101.79637)
(17.756438 2.9510862 104.79045)
(17.029955 5.8292897 104.79044)
(15.836775 8.5554994 104.79041)
(14.209685 11.049201 104.7904)
(17.029896 5.829464 107.78445)
(17.756421 2.9511899 107.78446)
(15.836682 8.5556699 107.78443)
(14.209566 11.049355 107.78441)
(17.030075 5.8289411 98.802415)
(17.030015 5.8291154 101.79643)
(17.756472 2.9508788 98.802426)
(17.756455 2.9509825 101.79644)
(14.209924 11.048894 98.802375)
(15.836959 8.5551582 98.80239)
(14.209805 11.049047 101.79639)
(15.836867 8.5553288 101.7964)
(12.193704 13.240604 122.75448)
(12.193806 13.24051 119.76047)
(12.193908 13.240416 116.76646)
(12.19401 13.240322 113.77244)
(9.8491341 15.066339 119.76048)
(7.2332026 16.482742 119.76046)
(4.418845 17.449178 119.76044)
(7.2331698 16.482756 122.75447)
(9.8490371 15.066402 122.75449)
(4.4188683 17.449172 122.75445)
(7.2332681 16.482713 113.77244)
(7.2332354 16.482728 116.76645)
(9.8493282 15.066212 113.77245)
(9.8492311 15.066275 116.76646)
(4.4187984 17.44919 113.77242)
(4.4188217 17.449184 116.76643)
(17.756352 2.9516047 119.76051)
(17.029657 5.8301613 119.7605)
(15.836314 8.5563522 119.76047)
(14.209087 11.04997 119.76046)
(17.029597 5.8303356 122.75451)
(17.756335 2.9517084 122.75452)
(15.836222 8.5565228 122.75449)
(14.208968 11.050124 122.75447)
(17.029776 5.8298127 113.77247)
(17.029717 5.829987 116.76649)
(17.756386 2.9513973 113.77249)
(17.756369 2.951501 116.7665)
(14.209326 11.049663 113.77244)
(15.836498 8.5560111 113.77245)
(14.209207 11.049816 116.76645)
(15.836406 8.5561817 116.76646)
(-17.754792 2.9609756 110.77841)
(-17.024261 5.845898 110.77842)
(-15.82798 8.5717588 110.77845)
(-14.198292 11.063837 110.77846)
(-12.184607 13.248975 110.77845)
(-9.8404268 15.072027 110.77845)
(-7.2302948 16.484018 110.77846)
(-4.4209889 17.448635 110.77848)
(-1.4917214 17.938081 110.77846)
(-12.184505 13.249069 107.78444)
(-12.184403 13.249163 104.79043)
(-12.1843 13.249257 101.79642)
(-12.184198 13.249351 98.802407)
(-14.198052 11.064146 104.79044)
(-15.827795 8.5721011 104.79042)
(-17.024141 5.8462476 104.7904)
(-17.754757 2.9611838 104.79039)
(-15.827887 8.5719299 107.78444)
(-14.198172 11.063992 107.78445)
(-17.024201 5.8460728 107.78441)
(-17.754774 2.9610797 107.7844)
(-15.827609 8.5724433 98.802401)
(-15.827702 8.5722722 101.79641)
(-14.197812 11.064454 98.802415)
(-14.197932 11.0643 101.79643)
(-17.754722 2.961392 98.802364)
(-17.024021 5.8465972 98.802375)
(-17.754739 2.9612879 101.79638)
(-17.024081 5.8464224 101.79639)
(-1.4918914 17.938067 104.79044)
(-4.4210356 17.448623 104.79046)
(-7.2302294 16.484046 104.79044)
(-9.8402328 15.072154 104.79042)
(-4.4210122 17.448629 107.78447)
(-1.4918064 17.938074 107.78445)
(-7.2302621 16.484032 107.78445)
(-9.8403298 15.07209 107.78443)
(-4.4210824 17.448611 98.802435)
(-4.421059 17.448617 101.79645)
(-1.4920614 17.938053 98.802416)
(-1.4919764 17.93806 101.79643)
(-9.8400388 15.07228 98.802398)
(-7.230164 16.484075 98.802415)
(-9.8401358 15.072217 101.79641)
(-7.2301967 16.484061 101.79643)
(-12.185017 13.248599 122.7545)
(-12.184914 13.248693 119.76049)
(-12.184812 13.248787 116.76648)
(-12.18471 13.248881 113.77247)
(-14.198652 11.063375 119.7605)
(-15.828258 8.5712455 119.76048)
(-17.024441 5.8453736 119.76046)
(-17.754844 2.9606634 119.76045)
(-15.828351 8.5710744 122.7545)
(-14.198772 11.063221 122.75451)
(-17.024501 5.8451988 122.75447)
(-17.754861 2.9605593 122.75446)
(-15.828073 8.5715877 113.77246)
(-15.828165 8.5714166 116.76647)
(-14.198412 11.063683 113.77248)
(-14.198532 11.063529 116.76649)
(-17.754809 2.9608716 113.77242)
(-17.024321 5.8457232 113.77244)
(-17.754826 2.9607675 116.76644)
(-17.024381 5.8455484 116.76645)
(-1.4914665 17.938103 119.7605)
(-4.4209187 17.448653 119.76052)
(-7.2303929 16.483975 119.7605)
(-9.8407178 15.071837 119.76048)
(-4.4208954 17.448659 122.75453)
(-1.4913815 17.93811 122.75451)
(-7.2304256 16.48396 122.75451)
(-9.8408147 15.071774 122.75449)
(-4.4209655 17.448641 113.77249)
(-4.4209421 17.448647 116.76651)
(-1.4916364 17.938089 113.77248)
(-1.4915515 17.938096 116.76649)
(-9.8405238 15.071964 113.77246)
(-7.2303275 16.484003 113.77247)
(-9.8406208 15.0719 116.76647)
(-7.2303602 16.483989 116.76649)
(1.4824947 17.938846 65.868242)
(1.4825797 17.938839 68.862254)
(1.4826647 17.938832 71.856266)
(1.4827497 17.938825 74.850278)
(1.4828347 17.938818 77.84429)
(1.4829197 17.938811 80.838302)
(1.4830047 17.938804 83.832314)
(1.4830897 17.938797 86.826326)
(1.4831747 17.93879 89.820338)
(1.4832597 17.938783 92.81435)
(4.4185187 17.449261 77.844272)
(7.2336615 16.48254 77.844292)
(9.8504923 15.065451 77.844308)
(12.195236 13.239193 77.8443)
(14.210762 11.047817 77.844292)
(15.837604 8.5539641 77.844306)
(17.030492 5.8277209 77.844331)
(17.756593 2.9501529 77.844342)
(12.195338 13.239099 74.850288)
(12.19544 13.239005 71.856276)
(12.195542 13.238911 68.862264)
(12.195644 13.238817 65.868252)
(9.8506864 15.065324 71.856284)
(7.2337271 16.482512 71.856268)
(4.4184721 17.449272 71.856248)
(7.2336943 16.482526 74.85028)
(9.8505894 15.065387 74.850296)
(4.4184954 17.449266 74.85026)
(7.2337927 16.482483 65.868244)
(7.2337599 16.482497 68.862256)
(9.8508804 15.065197 65.86826)
(9.8507834 15.06526 68.862272)
(4.4184255 17.449284 65.868224)
(4.4184488 17.449278 68.862236)
(17.756628 2.9499455 71.856318)
(17.030612 5.8273722 71.856307)
(15.837788 8.5536229 71.856282)
(14.211001 11.047509 71.856268)
(17.030552 5.8275466 74.850319)
(17.75661 2.9500492 74.85033)
(15.837696 8.5537935 74.850294)
(14.210881 11.047663 74.85028)
(17.030731 5.8270236 65.868283)
(17.030671 5.8271979 68.862295)
(17.756662 2.9497381 65.868294)
(17.756645 2.9498418 68.862306)
(14.21124 11.047201 65.868244)
(15.837972 8.5532818 65.868258)
(14.21112 11.047355 68.862256)
(15.83788 8.5534523 68.86227)
(12.194725 13.239663 92.81436)
(12.194827 13.239569 89.820348)
(12.194929 13.239475 86.826336)
(12.195031 13.239381 83.832324)
(12.195134 13.239287 80.838312)
(9.8502013 15.065641 86.826344)
(7.2335632 16.482584 86.826328)
(4.4185887 17.449243 86.826308)
(7.2335304 16.482598 89.82034)
(7.2334976 16.482612 92.814352)
(9.8501043 15.065704 89.820356)
(9.8500073 15.065768 92.814368)
(4.418612 17.449237 89.82032)
(4.4186353 17.449231 92.814332)
(7.2336287 16.482555 80.838304)
(7.233596 16.482569 83.832316)
(9.8503953 15.065514 80.83832)
(9.8502983 15.065577 83.832332)
(4.4185421 17.449255 80.838284)
(4.4185654 17.449249 83.832296)
(17.756541 2.950464 86.826378)
(17.030313 5.8282438 86.826367)
(15.837328 8.5544759 86.826342)
(14.210403 11.048278 86.826328)
(17.030254 5.8284182 89.820379)
(17.030194 5.8285925 92.814391)
(17.756524 2.9505677 89.82039)
(17.756507 2.9506714 92.814402)
(14.210283 11.048432 89.820339)
(15.837235 8.5546465 89.820354)
(14.210164 11.048586 92.814351)
(15.837143 8.554817 92.814366)
(17.030433 5.8278952 80.838343)
(17.030373 5.8280695 83.832355)
(17.756576 2.9502566 80.838354)
(17.756559 2.9503603 83.832366)
(14.210642 11.047971 80.838304)
(15.837512 8.5541347 80.838318)
(14.210522 11.048124 83.832316)
(15.83742 8.5543053 83.83233)
(-17.754601 2.9621205 77.84428)
(-17.023601 5.8478207 77.844292)
(-15.826961 8.5736409 77.844317)
(-14.196971 11.065533 77.844331)
(-12.183482 13.25001 77.844323)
(-9.8393599 15.072724 77.844315)
(-7.2299351 16.484175 77.844331)
(-4.421246 17.44857 77.844351)
(-1.4926562 17.938004 77.844333)
(-12.18338 13.250104 74.850311)
(-12.183277 13.250198 71.856299)
(-12.183175 13.250292 68.862287)
(-12.183073 13.250386 65.868275)
(-14.196731 11.065841 71.856307)
(-15.826775 8.5739831 71.856293)
(-17.023481 5.8481702 71.856268)
(-17.754566 2.9623287 71.856257)
(-15.826868 8.573812 74.850305)
(-14.196851 11.065687 74.850319)
(-17.023541 5.8479954 74.85028)
(-17.754583 2.9622246 74.850268)
(-15.82659 8.5743253 65.868269)
(-15.826683 8.5741542 68.862281)
(-14.196491 11.066149 65.868283)
(-14.196611 11.065995 68.862295)
(-17.754531 2.9625369 65.868233)
(-17.023361 5.8485198 65.868244)
(-17.754548 2.9624328 68.862245)
(-17.023421 5.848345 68.862256)
(-1.4928262 17.93799 71.856309)
(-4.4212927 17.448558 71.856327)
(-7.2298697 16.484204 71.856307)
(-9.8391659 15.07285 71.856291)
(-4.4212693 17.448564 74.850339)
(-1.4927412 17.937997 74.850321)
(-7.2299024 16.48419 74.850319)
(-9.8392629 15.072787 74.850303)
(-4.4213395 17.448546 65.868303)
(-4.4213161 17.448552 68.862315)
(-1.4929961 17.937975 65.868285)
(-1.4929112 17.937983 68.862297)
(-9.8389719 15.072977 65.868267)
(-7.2298043 16.484233 65.868283)
(-9.8390689 15.072914 68.862279)
(-7.229837 16.484218 68.862295)
(-12.183994 13.24954 92.814383)
(-12.183891 13.249634 89.820371)
(-12.183789 13.249728 86.826359)
(-12.183687 13.249822 83.832347)
(-12.183584 13.249916 80.838335)
(-14.197331 11.06507 86.826367)
(-15.827239 8.5731277 86.826353)
(-17.023781 5.8472963 86.826328)
(-17.754653 2.9618083 86.826316)
(-15.827331 8.5729566 89.820365)
(-15.827424 8.5727855 92.814377)
(-14.197452 11.064916 89.820379)
(-14.197572 11.064762 92.814391)
(-17.75467 2.9617042 89.820328)
(-17.023841 5.8471215 89.82034)
(-17.754687 2.9616001 92.81434)
(-17.023901 5.8469467 92.814352)
(-15.827053 8.5734699 80.838329)
(-15.827146 8.5732988 83.832341)
(-14.197091 11.065378 80.838343)
(-14.197211 11.065224 83.832355)
(-17.754618 2.9620165 80.838292)
(-17.023661 5.8476459 80.838304)
(-17.754635 2.9619124 83.832304)
(-17.023721 5.8474711 83.832316)
(-1.4924013 17.938025 86.826369)
(-4.4211758 17.448587 86.826387)
(-7.2300332 16.484132 86.826367)
(-9.8396509 15.072534 86.826351)
(-4.4211525 17.448593 89.820399)
(-4.4211291 17.448599 92.814411)
(-1.4923163 17.938032 89.82038)
(-1.4922313 17.938039 92.814392)
(-9.8397479 15.07247 89.820363)
(-7.2300659 16.484118 89.820379)
(-9.8398449 15.072407 92.814374)
(-7.2300986 16.484104 92.814391)
(-4.4212226 17.448576 80.838363)
(-4.4211992 17.448582 83.832375)
(-1.4925712 17.938011 80.838345)
(-1.4924863 17.938018 83.832357)
(-9.8394569 15.07266 80.838327)
(-7.2299678 16.484161 80.838343)
(-9.8395539 15.072597 83.832339)
(-7.2300005 16.484147 83.832355)
(17.756854 2.9485843 32.93417)
(17.031395 5.8250816 32.934159)
(15.839004 8.5513711 32.934134)
(14.212587 11.045469 32.934119)
(12.196815 13.237738 32.934128)
(9.8520123 15.064457 32.934136)
(7.234236 16.482288 32.93412)
(4.4182639 17.449325 32.934098)
(1.4816627 17.938915 32.934111)
(-1.4938325 17.937906 32.934148)
(-4.4215067 17.448504 32.934164)
(-7.2293703 16.484423 32.934145)
(-9.8378468 15.073711 32.934128)
(-12.181905 13.25146 32.934137)
(-14.195141 11.06788 32.934145)
(-15.825553 8.5762379 32.93413)
(-17.022693 5.8504644 32.934105)
(-17.754338 2.9636935 32.934094)
(1.4816536 17.938916 35.928123)
(1.4817297 17.93891 38.922135)
(1.4818147 17.938903 41.916147)
(1.4818997 17.938896 44.910158)
(1.4819847 17.938889 47.90417)
(1.4820697 17.938882 50.898182)
(1.4821547 17.938874 53.892194)
(1.4822397 17.938867 56.886206)
(1.4823247 17.93886 59.880218)
(4.4182857 17.44932 47.904152)
(7.2339894 16.482397 47.904172)
(9.8514625 15.064816 47.904188)
(12.196257 13.238252 47.90418)
(14.211957 11.046278 47.904172)
(15.838525 8.5522582 47.904186)
(17.031089 5.8259777 47.904211)
(17.756765 2.9491159 47.904223)
(12.196359 13.238158 44.910168)
(12.196461 13.238064 41.916156)
(12.196563 13.23797 38.922144)
(12.196669 13.237872 35.928134)
(9.8516565 15.064689 41.916164)
(7.2340549 16.482368 41.916148)
(4.4182391 17.449331 41.916128)
(7.2340221 16.482382 44.91016)
(9.8515595 15.064753 44.910176)
(4.4182624 17.449325 44.91014)
(7.2341278 16.482336 35.928126)
(7.2340877 16.482353 38.922136)
(9.8518562 15.064559 35.928143)
(9.8517535 15.064626 38.922152)
(4.4182007 17.449341 35.928106)
(4.4182158 17.449337 38.922116)
(17.7568 2.9489085 41.916199)
(17.031208 5.825629 41.916187)
(15.838709 8.551917 41.916162)
(14.212196 11.045971 41.916148)
(17.031148 5.8258033 44.910199)
(17.756783 2.9490122 44.910211)
(15.838617 8.5520876 44.910174)
(14.212077 11.046125 44.91016)
(17.031328 5.8252782 35.928166)
(17.031268 5.8254547 38.922175)
(17.756834 2.9486998 35.928177)
(17.756817 2.9488048 38.922187)
(14.212438 11.04566 35.928126)
(15.838895 8.5515728 35.928141)
(14.212316 11.045817 38.922136)
(15.838802 8.5517464 38.92215)
(12.195848 13.238628 59.880228)
(12.195951 13.238534 56.886216)
(12.196053 13.23844 53.892204)
(12.196155 13.238346 50.898192)
(9.8511714 15.065007 56.886224)
(7.233891 16.48244 56.886208)
(4.4183556 17.449302 56.886188)
(7.2338582 16.482454 59.88022)
(9.8510744 15.06507 59.880236)
(4.4183789 17.449296 59.8802)
(7.2339566 16.482411 50.898184)
(7.2339238 16.482425 53.892196)
(9.8513655 15.06488 50.8982)
(9.8512684 15.064943 53.892212)
(4.418309 17.449314 50.898164)
(4.4183323 17.449308 53.892176)
(17.756714 2.949427 56.886259)
(17.03091 5.8265006 56.886247)
(15.838249 8.55277 56.886222)
(14.211599 11.04674 56.886208)
(17.03085 5.826675 59.880259)
(17.756696 2.9495307 59.880271)
(15.838157 8.5529406 59.880234)
(14.211479 11.046894 59.88022)
(17.031029 5.826152 50.898223)
(17.030969 5.8263263 53.892235)
(17.756748 2.9492196 50.898235)
(17.756731 2.9493233 53.892247)
(14.211838 11.046432 50.898184)
(15.838433 8.5524288 50.898198)
(14.211718 11.046586 53.892196)
(15.838341 8.5525994 53.89221)
(-17.754427 2.9631613 47.904161)
(-17.023001 5.8495685 47.904172)
(-15.826034 8.5753518 47.904197)
(-14.19577 11.067073 47.904212)
(-12.182459 13.250951 47.904203)
(-9.8383899 15.073357 47.904195)
(-7.229608 16.484319 47.904211)
(-4.4214797 17.44851 47.904231)
(-1.493506 17.937933 47.904213)
(-12.182357 13.251045 44.910191)
(-12.182254 13.251139 41.916179)
(-12.182152 13.251233 38.922167)
(-12.182046 13.25133 35.928153)
(-14.19553 11.067382 41.916188)
(-15.825848 8.575694 41.916173)
(-17.02288 5.849918 41.916148)
(-17.754392 2.9633695 41.916137)
(-15.825941 8.5755229 44.910185)
(-14.19565 11.067227 44.9102)
(-17.022941 5.8497432 44.91016)
(-17.75441 2.9632654 44.910149)
(-15.825661 8.5760389 35.928147)
(-15.825756 8.5758651 38.922161)
(-14.195287 11.067693 35.928162)
(-14.19541 11.067536 38.922176)
(-17.754357 2.9635788 35.928111)
(-17.02276 5.8502695 35.928122)
(-17.754375 2.9634736 38.922125)
(-17.02282 5.8500928 38.922136)
(-1.493676 17.937919 41.916189)
(-4.4215264 17.448499 41.916207)
(-7.2295426 16.484348 41.916187)
(-9.8381959 15.073483 41.916171)
(-4.4215031 17.448505 44.910219)
(-1.493591 17.937926 44.910201)
(-7.2295753 16.484333 44.910199)
(-9.8382929 15.07342 44.910183)
(-4.4215652 17.448489 35.928181)
(-4.4215498 17.448493 38.922195)
(-1.4938374 17.937905 35.928163)
(-1.493761 17.937912 38.922177)
(-9.8379968 15.073613 35.928145)
(-7.2294707 16.484379 35.928161)
(-9.8380989 15.073547 38.922159)
(-7.2295099 16.484362 38.922175)
(-12.182868 13.250574 59.880251)
(-12.182766 13.250669 56.886239)
(-12.182664 13.250763 53.892227)
(-12.182561 13.250857 50.898215)
(-14.19613 11.066611 56.886248)
(-15.826312 8.5748386 56.886233)
(-17.023181 5.8490441 56.886208)
(-17.754479 2.9628491 56.886197)
(-15.826404 8.5746675 59.880245)
(-14.19625 11.066457 59.88026)
(-17.023241 5.8488693 59.88022)
(-17.754496 2.962745 59.880209)
(-15.826126 8.5751808 50.898209)
(-15.826219 8.5750097 53.892221)
(-14.19589 11.066919 50.898224)
(-14.19601 11.066765 53.892236)
(-17.754444 2.9630573 50.898173)
(-17.023061 5.8493937 50.898184)
(-17.754462 2.9629532 53.892185)
(-17.023121 5.8492189 53.892196)
(-1.4932511 17.937954 56.886249)
(-4.4214096 17.448528 56.886267)
(-7.2297062 16.484276 56.886247)
(-9.8386809 15.073167 56.886231)
(-4.4213862 17.448534 59.880279)
(-1.4931661 17.937961 59.880261)
(-7.2297389 16.484261 59.880259)
(-9.8387779 15.073103 59.880243)
(-4.4214563 17.448516 50.898243)
(-4.4214329 17.448522 53.892255)
(-1.4934211 17.93794 50.898225)
(-1.4933361 17.937947 53.892237)
(-9.8384869 15.073293 50.898207)
(-7.2296407 16.484304 50.898223)
(-9.8385839 15.07323 53.892219)
(-7.2296734 16.48429 53.892235)
(1.4834849 17.938765 2.9944642)
(1.4830078 17.938804 5.9884257)
(1.4840417 17.938718 8.9820722)
(1.4839964 17.938722 11.975998)
(1.4835513 17.938759 14.969997)
(1.4831717 17.93879 17.964038)
(1.4828437 17.938818 20.958063)
(1.4825227 17.938844 23.952075)
(1.4822017 17.938871 26.946087)
(1.4818896 17.938896 29.940099)
(4.4204297 17.448776 14.969964)
(7.2365395 16.481277 14.969978)
(9.8543414 15.062933 14.970015)
(12.198794 13.235914 14.970055)
(14.214245 11.043335 14.970096)
(15.840123 8.5492977 14.970133)
(17.032011 5.8232823 14.970159)
(17.757023 2.947567 14.970164)
(12.199962 13.234838 11.975984)
(12.201085 13.233803 8.9818459)
(12.201276 13.233626 5.9875451)
(12.198988 13.235735 2.9934992)
(9.8565191 15.061508 8.9816927)
(7.2382338 16.480533 8.9818744)
(4.4215234 17.448499 8.9820995)
(7.2375833 16.480819 11.975911)
(9.8555367 15.062151 11.97588)
(4.4211867 17.448585 11.975986)
(7.2345305 16.482159 2.9949036)
(7.2373468 16.480923 5.9883485)
(9.8532458 15.06365 2.9929338)
(9.8561331 15.061761 5.9873565)
(4.4188622 17.449174 2.9956345)
(4.4204587 17.448769 5.9889599)
(17.757164 2.9467172 8.9820858)
(17.032566 5.8216576 8.9821706)
(15.841367 8.5469937 8.9822413)
(14.216075 11.040979 8.9821389)
(17.032304 5.8224253 11.976183)
(17.757098 2.9471118 11.976161)
(15.840736 8.548162 11.976188)
(14.215164 11.042151 11.976124)
(17.030251 5.8284269 2.9942613)
(17.032476 5.8219204 5.988236)
(17.756422 2.9511808 2.9926052)
(17.757099 2.9471035 5.9873549)
(14.214095 11.043527 2.9952154)
(15.839069 8.5512504 2.9950159)
(14.216197 11.040822 5.9885988)
(15.841466 8.5468097 5.9889153)
(12.197059 13.237513 29.940121)
(12.197343 13.237251 26.946111)
(12.197631 13.236986 23.952099)
(12.197918 13.236721 20.958087)
(12.198231 13.236433 17.964073)
(9.8530001 15.063811 23.952108)
(7.2352242 16.481855 23.952092)
(4.4192206 17.449083 23.952067)
(7.2348672 16.482011 26.946104)
(7.2345176 16.482165 29.940113)
(9.8526492 15.06404 26.94612)
(9.8523041 15.064266 29.94013)
(4.4188701 17.449172 26.946079)
(4.4185278 17.449258 29.940089)
(7.2359598 16.481532 17.964044)
(7.2355812 16.481698 20.95808)
(9.8537259 15.063336 17.964066)
(9.8533509 15.063581 20.958096)
(4.4199363 17.448901 17.964022)
(4.4195711 17.448994 20.958055)
(17.756928 2.9481363 23.952141)
(17.031664 5.8242956 23.952131)
(15.839478 8.5504927 23.952106)
(14.213286 11.044569 23.952091)
(17.031572 5.8245657 26.946143)
(17.03148 5.8248337 29.940153)
(17.756902 2.94829 26.946153)
(17.756877 2.9484424 29.940163)
(14.213042 11.044882 26.946103)
(15.839314 8.5507969 26.946118)
(14.212802 11.045192 29.940113)
(15.839152 8.551098 29.940127)
(17.031855 5.8237374 17.964126)
(17.031756 5.8240254 20.958119)
(17.756981 2.9478184 17.964134)
(17.756954 2.9479826 20.958129)
(14.213792 11.043917 17.96408)
(15.83982 8.5498594 17.964101)
(14.213529 11.044256 20.958079)
(15.839643 8.5501885 20.958094)
(-17.754192 2.9645682 14.970021)
(-17.022167 5.8519927 14.970031)
(-15.824635 8.5779318 14.970057)
(-14.193796 11.069605 14.97007)
(-12.180354 13.252885 14.970058)
(-9.8359794 15.07493 14.970046)
(-7.2275253 16.485232 14.970061)
(-4.4196416 17.448976 14.970081)
(-1.4920903 17.938051 14.970055)
(-12.180177 13.253049 11.976043)
(-12.180155 13.253068 8.9820249)
(-12.180688 13.252578 5.9875137)
(-12.183504 13.24999 2.9933363)
(-14.193612 11.069841 8.9819821)
(-15.82453 8.5781256 8.9820136)
(-17.022099 5.8521915 8.9820713)
(-17.754179 2.9646488 8.9820892)
(-15.824523 8.5781393 11.976041)
(-14.193633 11.069814 11.976036)
(-17.022099 5.8521901 11.976042)
(-17.754174 2.964677 11.976037)
(-15.826526 8.5744435 2.9948158)
(-15.82487 8.5774989 5.988609)
(-14.197037 11.065448 2.993685)
(-14.194091 11.069227 5.9878063)
(-17.754329 2.9637461 2.9942035)
(-17.022851 5.8500044 2.9955645)
(-17.754246 2.9642426 5.988263)
(-17.022342 5.8514834 5.9888658)
(-1.4918159 17.938074 8.9819742)
(-4.4194366 17.449028 8.9820207)
(-7.2273059 16.485328 8.9821091)
(-9.8357612 15.075072 8.9821027)
(-4.4193869 17.449041 11.976056)
(-1.4917812 17.938077 11.976012)
(-7.2272907 16.485335 11.976071)
(-9.8357551 15.075076 11.976059)
(-4.4202324 17.448826 2.9933329)
(-4.4201468 17.448848 5.9875601)
(-1.4914063 17.938108 2.9933451)
(-1.4925303 17.938014 5.9876004)
(-9.8388951 15.073027 2.9936267)
(-7.2291084 16.484538 2.9937708)
(-9.8365129 15.074582 5.9878948)
(-7.2279098 16.485064 5.9879964)
(-12.181674 13.251672 29.94012)
(-12.181408 13.251917 26.946106)
(-12.181139 13.252164 23.952094)
(-12.180869 13.252412 20.958082)
(-12.180602 13.252658 17.96407)
(-14.194474 11.068736 23.952102)
(-15.825097 8.5770805 23.952088)
(-17.022431 5.8512254 23.952062)
(-17.754265 2.9641291 23.952052)
(-15.825255 8.5767894 26.9461)
(-15.825411 8.5765011 29.940114)
(-14.194706 11.068438 26.946114)
(-14.194935 11.068144 29.940128)
(-17.75429 2.96398 26.946064)
(-17.022521 5.8509644 26.946074)
(-17.754315 2.963832 29.940078)
(-17.02261 5.8507053 29.940088)
(-15.824782 8.5776607 17.964065)
(-15.824939 8.5773716 20.958076)
(-14.194012 11.069328 17.964079)
(-14.194242 11.069033 20.95809)
(-17.754216 2.9644266 17.964029)
(-17.022252 5.851746 17.96404)
(-17.75424 2.9642783 20.95804)
(-17.022341 5.8514864 20.95805)
(-1.493021 17.937973 23.952107)
(-4.4206111 17.448731 23.952122)
(-7.2284735 16.484816 23.952102)
(-9.8369302 15.074309 23.952085)
(-4.4209396 17.448647 26.946134)
(-4.4212601 17.448566 29.940148)
(-1.4933243 17.937948 26.946119)
(-1.4936191 17.937924 29.940133)
(-9.8372551 15.074097 26.946097)
(-7.2287972 16.484674 26.946114)
(-9.8375749 15.073889 29.940111)
(-7.2291143 16.484535 29.940128)
(-4.4199555 17.448897 17.964096)
(-4.4202827 17.448814 20.95811)
(-1.4924117 17.938024 17.964079)
(-1.4927177 17.937999 20.958095)
(-9.8362822 15.074732 17.96406)
(-7.2278283 16.485099 17.964076)
(-9.8366052 15.074521 20.958073)
(-7.2281499 16.484958 20.95809)
(16.014853 9.9318094 145.20959)
(-8.6819462 16.73088 139.19425)
(-11.112742 15.248268 139.2193)
(-8.6798985 16.731892 136.22606)
(-11.112508 15.248396 136.22744)
(-8.6778215 16.733398 133.23685)
(-11.112315 15.248559 133.2338)
(-8.9913168 16.58458 130.23953)
(-11.139538 15.235642 130.23952)
(-8.6523355 16.740431 127.22406)
(-11.11011 15.249205 127.24373)
(0.041962169 18.88112 136.50741)
(0.52525743 18.9534 138.7235)
(-2.414229 18.819422 136.0839)
(-2.8260516 18.802176 139.00771)
(-6.2522723 17.801982 136.20634)
(-6.2699195 17.792697 138.89332)
(0.55170644 18.984773 127.08774)
(0.55174524 18.984771 130.08175)
(0.55178404 18.98477 133.07576)
(-5.9146012 17.90674 126.99035)
(-3.3125719 18.585293 127.18202)
(-6.2219255 17.821854 133.27839)
(-5.8238358 18.078433 130.85959)
(-2.8261129 18.802169 133.01969)
(-2.8927417 18.770455 129.61732)
(-8.5397467 16.964859 148.78936)
(-11.413675 15.053489 148.2036)
(-8.5145798 17.005641 145.42344)
(-11.413612 15.053522 145.20958)
(-8.9914564 16.584493 142.21557)
(-11.139737 15.235487 142.21557)
(-5.4434243 18.160083 148.73434)
(-5.7600421 18.122448 145.42345)
(-5.7600449 18.122448 142.42944)
(-0.0036575006 18.845078 148.51772)
(-2.9784478 18.620843 148.55522)
(0.61860319 18.959692 142.03921)
(0.61534892 18.961438 145.02804)
(-2.8260209 18.802179 142.00173)
(-2.8259903 18.802182 144.99574)
(-8.9916317 16.584385 157.18563)
(-11.139996 15.2353 157.18563)
(-8.9915961 16.584406 154.19162)
(-11.139936 15.235332 154.19162)
(-8.6432641 16.760252 150.93446)
(-11.109706 15.250635 151.17485)
(-5.3611914 18.201179 157.36346)
(-5.3613591 18.201016 154.36943)
(-5.8887708 17.910154 150.93183)
(-0.001515198 18.849113 157.18562)
(-2.970518 18.628183 157.19973)
(-0.0040400234 18.847491 151.21865)
(-0.001807789 18.848809 154.19296)
(-3.0073149 18.60762 151.20574)
(-2.9726876 18.626794 154.20544)
(-17.360934 7.3209423 136.22884)
(-17.36118 7.319622 139.22171)
(-18.300586 4.5066505 136.24688)
(-18.304076 4.4886279 139.22409)
(-18.780998 1.5145516 136.51844)
(-18.784561 1.5122699 139.24177)
(-17.361026 7.3199658 127.2455)
(-17.360749 7.3211659 130.23933)
(-17.356551 7.3435878 133.23361)
(-18.785759 1.5100801 127.24441)
(-18.304066 4.4886736 127.2454)
(-18.929829 0.98716734 132.70397)
(-18.7947 1.4769694 130.20282)
(-18.249108 4.775346 133.23477)
(-18.300871 4.5048576 130.23709)
(-12.971603 14.002253 136.22754)
(-12.971668 14.002202 139.22131)
(-16.011065 9.9359993 136.22765)
(-14.341237 12.261589 136.22756)
(-16.011133 9.935822 139.22157)
(-14.341297 12.261515 139.22155)
(-12.971604 14.002353 133.23356)
(-14.341284 12.26186 133.23354)
(-16.010897 9.9379242 133.23354)
(-12.971231 14.002448 127.24532)
(-12.97468 14.000838 130.23953)
(-16.010916 9.9361598 127.24551)
(-14.341047 12.261787 127.2455)
(-16.010963 9.9361701 130.23951)
(-14.34139 12.261596 130.23953)
(-18.785171 1.5120218 148.20359)
(-18.784937 1.5120114 145.20966)
(-18.7848 1.5120455 142.21696)
(-17.361386 7.3192165 148.20359)
(-18.304383 4.4871494 148.20357)
(-17.361186 7.3194473 142.21558)
(-17.361204 7.3193319 145.20958)
(-18.304154 4.4873228 142.21581)
(-18.304086 4.4871274 145.20959)
(-12.419324 13.344051 148.20359)
(-14.34461 12.259444 148.2036)
(-16.011804 9.9353612 148.2036)
(-12.974851 14.000678 142.21557)
(-12.419324 13.344051 145.20958)
(-16.011203 9.9357217 142.21558)
(-14.34162 12.261323 142.21558)
(-16.01146 9.9354951 145.20959)
(-14.344424 12.25942 145.20959)
(-18.787861 1.50491 157.1784)
(-18.785196 1.5112646 154.19098)
(-18.784897 1.5118533 151.19755)
(-17.362767 7.31611 157.18262)
(-18.320407 4.4516641 157.14836)
(-17.361308 7.3191684 151.19759)
(-17.361394 7.3188859 154.19142)
(-18.304304 4.486875 151.19743)
(-18.305252 4.4844589 154.18902)
(-12.975123 14.000521 157.18563)
(-14.34204 12.261069 157.18562)
(-16.011838 9.9350305 157.18539)
(-12.971479 14.002331 151.19498)
(-12.97502 14.000519 154.19162)
(-16.011344 9.9354778 151.19759)
(-14.341496 12.261275 151.19739)
(-16.011422 9.9353667 154.19161)
(-14.341849 12.261057 154.19162)
(11.142883 15.232855 106.28742)
(12.978196 13.997473 106.28742)
(11.116427 15.245353 109.28328)
(12.975179 13.998915 109.28162)
(8.9947628 16.583486 106.28742)
(8.6827529 16.730659 109.30862)
(5.3568482 18.202441 106.08103)
(6.2416044 17.801307 109.60723)
(2.9305893 18.639032 106.02423)
(2.4981478 18.791711 109.81089)
(11.418022 15.050013 97.305385)
(12.419324 13.344051 97.305389)
(11.142982 15.232778 100.2994)
(12.978281 13.997393 100.2994)
(11.142933 15.232817 103.29341)
(12.978239 13.997433 103.29341)
(8.5166611 17.004473 97.091527)
(8.9948328 16.583442 100.2994)
(8.9947978 16.583464 103.29341)
(2.5488666 18.805163 97.75413)
(5.75978 18.122441 97.091518)
(2.4930098 18.793242 103.82306)
(2.9813445 18.648321 100.01509)
(5.7597856 18.122441 103.07954)
(5.3616967 18.203452 100.09006)
(16.015775 9.9287779 109.28142)
(14.346101 12.255984 109.28144)
(16.015848 9.9286862 106.28742)
(14.3464 12.255804 106.28742)
(16.015944 9.9286193 103.29341)
(14.346461 12.255739 103.29341)
(16.015992 9.9285325 100.2994)
(14.346518 12.255673 100.29939)
(16.01627 9.9283094 97.305384)
(14.349353 12.253752 97.305381)
(18.785658 1.5096338 106.28639)
(18.7852 1.5097297 109.26206)
(18.306203 4.4814607 106.28725)
(18.305792 4.482462 109.27891)
(17.364276 7.3117979 106.28742)
(17.364198 7.3119531 109.28124)
(18.785677 1.5095545 97.3054)
(18.785425 1.5095222 100.29941)
(18.785316 1.5095056 103.29336)
(17.364601 7.3115956 97.305393)
(18.306186 4.4811551 97.305402)
(17.364456 7.3117644 103.29342)
(17.364458 7.3116596 100.29941)
(18.305925 4.4812132 103.29341)
(18.30583 4.4810896 100.29941)
(11.116295 15.245486 121.25933)
(12.975015 13.999073 121.25767)
(11.116204 15.24555 124.25162)
(12.974969 13.999115 124.2515)
(8.6844613 16.730166 121.2848)
(8.6835078 16.730691 124.25348)
(6.2695987 17.792728 121.58595)
(6.2566708 17.799566 124.27657)
(2.4151568 18.818584 121.43162)
(2.4704212 18.830382 124.36922)
(11.114566 15.245968 112.27543)
(12.974954 13.999014 112.27544)
(11.138439 15.236539 115.29304)
(12.977584 13.998001 115.27212)
(11.417663 15.050299 118.26347)
(12.419324 13.344051 118.26347)
(8.6556187 16.739207 112.27476)
(8.9441405 16.625149 115.54644)
(8.5762194 16.948186 117.68086)
(2.9745254 18.619318 112.30817)
(5.9138257 17.903864 112.26447)
(2.9687618 18.62569 117.95536)
(2.975004 18.624857 115.21513)
(5.360411 18.20082 118.05141)
(5.4449086 18.159629 114.74034)
(16.015503 9.9291952 124.25149)
(14.345816 12.256313 124.25149)
(16.015565 9.9291154 121.25748)
(14.345874 12.256248 121.25749)
(16.015881 9.9289339 118.26348)
(14.348954 12.254216 118.26347)
(16.015409 9.9305728 115.26946)
(14.34617 12.256157 115.26967)
(16.015757 9.928927 112.27535)
(14.346034 12.256059 112.27543)
(18.78626 1.5074016 121.25987)
(18.785297 1.5094719 124.25166)
(18.305964 4.4824814 121.2578)
(18.30577 4.4817493 124.25154)
(17.364071 7.3122893 121.25751)
(17.364001 7.312312 124.2515)
(18.781405 1.5118276 111.98457)
(18.93 0.98551712 115.79904)
(18.795178 1.4741836 118.30027)
(17.364066 7.3133202 112.27386)
(18.301936 4.5005473 112.2553)
(17.364086 7.3132889 118.26367)
(17.359682 7.335998 115.26937)
(18.302864 4.4981102 118.26593)
(18.250787 4.7689624 115.26813)
(-8.5726385 16.949985 109.86539)
(-11.412996 15.054012 109.28144)
(-8.514263 17.005819 106.50129)
(-11.412945 15.054052 106.28743)
(-8.5142387 17.005833 103.50728)
(-11.412905 15.054101 103.29342)
(-8.6815445 16.731126 100.27208)
(-11.112099 15.248769 100.29715)
(-8.6795976 16.732056 97.303756)
(-11.111872 15.248891 97.30527)
(-0.010027235 18.851272 106.29659)
(-0.035652358 18.860537 109.31967)
(-2.9731872 18.628069 106.32327)
(-2.9743689 18.628804 109.2997)
(-5.3612328 18.201081 106.46774)
(-5.3613533 18.201163 109.45981)
(0.48376059 18.968574 96.822471)
(0.61013352 18.963255 100.09007)
(-0.040923487 18.858201 103.64533)
(-6.2542957 17.800567 97.281153)
(-2.8264807 18.802132 97.091546)
(-5.3614394 18.200935 103.50672)
(-6.2700162 17.792629 99.970931)
(-2.9727311 18.626313 103.62576)
(-2.8264501 18.802135 100.08556)
(-8.9912469 16.584623 124.2515)
(-11.139438 15.23572 124.2515)
(-8.9407611 16.62633 120.98051)
(-11.134993 15.239399 121.23335)
(-8.5738331 16.949457 118.84609)
(-11.413162 15.053897 118.26348)
(-8.5143361 17.005778 115.48332)
(-11.413099 15.05393 115.26946)
(-8.9407482 16.626257 111.99978)
(-11.134858 15.239493 112.25153)
(-0.0099695188 18.870654 121.23474)
(0.46905184 18.97099 123.73846)
(-2.9938008 18.627198 121.27118)
(-3.2901256 18.592587 124.28531)
(-5.3635112 18.200992 121.43534)
(-5.4761841 18.156744 124.75233)
(-0.0041749763 18.849312 112.28102)
(-0.001903287 18.848968 115.26577)
(-0.0027488226 18.850296 118.2416)
(-5.3613493 18.201178 112.45335)
(-2.9712145 18.628265 112.29022)
(-5.3614349 18.201175 118.44116)
(-5.3611959 18.201163 115.44729)
(-2.97235 18.62823 118.27608)
(-2.9706424 18.628189 115.28333)
(-17.360822 7.3205657 106.28742)
(-17.360619 7.3216074 109.28133)
(-18.304198 4.4890782 106.28724)
(-18.301156 4.5051263 109.27937)
(-18.785692 1.5105943 106.28529)
(-18.794698 1.4781132 109.2455)
(-17.360647 7.3207946 97.305385)
(-17.360606 7.3206729 100.2994)
(-17.360764 7.3205356 103.29341)
(-18.785174 1.5127914 97.305387)
(-18.304033 4.4883863 97.305378)
(-18.784993 1.5125244 103.29328)
(-18.784809 1.5126473 100.29939)
(-18.303944 4.4882247 103.29338)
(-18.303774 4.4882029 100.29939)
(-12.419324 13.344051 106.28743)
(-12.419324 13.344051 109.28144)
(-16.01077 9.9366009 106.28743)
(-14.343682 12.26028 106.28743)
(-16.010805 9.9366013 109.28144)
(-14.343738 12.26022 109.28144)
(-12.419324 13.344051 103.29341)
(-14.343753 12.260435 103.29342)
(-16.01099 9.936628 103.29342)
(-12.971052 14.00277 97.305382)
(-12.971116 14.00272 100.29916)
(-16.010378 9.9370005 97.305395)
(-14.340496 12.262441 97.305396)
(-16.010424 9.9369126 100.29941)
(-14.340554 12.262374 100.29939)
(-17.360734 7.3213866 121.25879)
(-17.360944 7.3200522 124.25165)
(-18.300431 4.5070664 121.27688)
(-18.303803 4.4889829 124.254)
(-18.780955 1.5147769 121.54838)
(-18.784447 1.5123306 124.27155)
(-17.356202 7.3443424 112.27551)
(-17.360246 7.3231614 115.27084)
(-17.356355 7.3441059 118.26363)
(-18.92969 0.98733255 111.74577)
(-18.248714 4.7771006 112.27652)
(-18.929566 0.98717399 117.76147)
(-18.791875 1.475669 115.52002)
(-18.248711 4.7771012 118.2661)
(-18.296766 4.5249204 115.28686)
(-12.97404 14.001383 121.25467)
(-12.974596 14.000917 124.2515)
(-16.01081 9.9364155 121.25757)
(-14.341176 12.261829 121.25726)
(-16.010878 9.9362341 124.25151)
(-14.341277 12.26172 124.25151)
(-12.419324 13.344051 118.26347)
(-14.344015 12.260226 118.26348)
(-16.01088 9.9381869 118.26349)
(-12.973913 14.00151 112.27268)
(-12.419324 13.344051 115.26946)
(-16.01028 9.9385508 112.27544)
(-14.340975 12.26218 112.27522)
(-16.010874 9.9365787 115.26958)
(-14.343849 12.2601 115.26948)
(11.116875 15.244961 73.353341)
(12.975672 13.998445 73.353293)
(11.115158 15.245513 76.347173)
(12.975462 13.998537 76.347288)
(8.6816469 16.731259 73.354609)
(8.6559466 16.739057 76.344884)
(6.2278602 17.809876 73.372201)
(5.9131633 17.904593 76.315212)
(2.5005886 18.792865 73.907436)
(2.9764693 18.620321 76.381618)
(11.418586 15.049564 64.371254)
(12.419324 13.344051 64.371257)
(11.13747 15.236607 67.389419)
(12.978084 13.997429 67.367984)
(11.418484 15.049646 70.359278)
(12.419324 13.344051 70.359281)
(8.5443788 16.962929 63.785725)
(8.9195495 16.63465 67.651462)
(8.2797065 17.064353 69.892071)
(2.979631 18.643334 64.040284)
(5.4729043 18.153996 63.844555)
(2.4791522 18.83196 70.516775)
(2.4791199 18.831963 67.522763)
(6.2334002 17.822033 70.644646)
(5.7597519 18.12244 67.151399)
(16.016368 9.9278482 76.3473)
(14.346713 12.255262 76.347297)
(16.016425 9.9277653 73.353288)
(14.346783 12.255193 73.353286)
(16.016747 9.9275479 70.359276)
(14.349865 12.253158 70.359274)
(16.01658 9.9276069 67.365277)
(14.347091 12.254986 67.365483)
(16.016861 9.9273816 64.371252)
(14.34998 12.253026 64.37125)
(18.785773 1.5094906 73.353301)
(18.785557 1.509444 76.347316)
(18.306447 4.4806706 73.353306)
(18.306321 4.4806941 76.347318)
(17.364703 7.3108238 73.353298)
(17.364649 7.3109058 76.34731)
(18.785759 1.5094203 64.371266)
(18.785509 1.5093675 67.36528)
(18.785409 1.5093576 70.359292)
(17.365017 7.3106194 64.371262)
(18.306342 4.4803688 64.37127)
(17.364899 7.3107799 70.359286)
(17.364884 7.3106866 67.365275)
(18.306154 4.480448 70.359294)
(18.306052 4.4803244 67.365282)
(11.418187 15.049899 88.323349)
(12.419324 13.344051 88.323353)
(11.138845 15.236235 91.340942)
(12.977976 13.997716 91.320023)
(11.418083 15.04998 94.311373)
(12.419324 13.344051 94.311377)
(8.5167343 17.004432 88.109491)
(8.9444201 16.624977 91.594342)
(8.5764357 16.948061 93.728763)
(3.0062086 18.635705 88.272411)
(5.3646427 18.201993 88.14127)
(2.9735272 18.62751 94.003097)
(2.9743859 18.629599 91.29826)
(5.3608985 18.20102 94.099258)
(5.3609837 18.201265 91.138815)
(11.14334 15.232514 79.341313)
(12.978641 13.997159 79.341313)
(11.138995 15.236119 82.358906)
(12.978104 13.997596 82.337987)
(11.418237 15.049858 85.329337)
(12.419324 13.344051 85.329341)
(8.9950785 16.583291 79.341311)
(8.9445247 16.624912 82.612306)
(8.5765168 16.948014 84.746727)
(2.9754526 18.625186 79.308247)
(5.4448781 18.159736 78.812183)
(2.9758573 18.63018 85.308246)
(2.9699655 18.628332 82.319057)
(5.3611547 18.201338 85.150674)
(5.3604934 18.201125 82.157178)
(18.306572 4.4810694 88.323366)
(18.78548 1.5094442 88.323364)
(18.306328 4.4811431 94.31139)
(18.306196 4.4810144 91.317378)
(18.785343 1.5094361 94.311388)
(18.785197 1.5093911 91.317374)
(14.349673 12.253654 88.323345)
(16.01667 9.9279846 88.323348)
(17.364589 7.311243 88.323358)
(14.349511 12.253761 94.311369)
(14.34675 12.255584 91.317575)
(17.364551 7.3115022 94.311381)
(16.016418 9.9280808 94.311372)
(17.364554 7.3114177 91.31737)
(16.016231 9.928156 91.317377)
(18.306395 4.4807706 79.34133)
(18.78534 1.509368 79.341328)
(18.306421 4.4809456 85.329354)
(18.306236 4.4807975 82.335342)
(18.78537 1.5093926 85.32935)
(18.785205 1.5093458 82.335338)
(14.347066 12.255312 79.341309)
(16.016591 9.9278874 79.341312)
(17.364657 7.3109797 79.341322)
(14.349682 12.253563 85.329333)
(14.346921 12.255386 82.335539)
(17.364672 7.3112382 85.329346)
(16.01658 9.927828 85.329336)
(17.364668 7.3111514 82.335334)
(16.016392 9.927903 82.335341)
(-8.6676381 16.75407 76.080738)
(-11.110538 15.251057 76.324175)
(-8.5416324 16.964548 73.937244)
(-11.41238 15.054502 73.353297)
(-8.5139706 17.005983 70.573144)
(-11.41234 15.054551 70.359285)
(-8.6515419 16.740786 67.344317)
(-11.109096 15.249976 67.363538)
(-8.9400998 16.626739 64.094281)
(-11.134047 15.240136 64.347125)
(-0.004226494 18.871862 73.645821)
(0.035042657 18.863104 76.358517)
(-2.530382 18.791289 72.857117)
(-2.4154868 18.817267 76.172318)
(-5.8238322 18.07851 73.934931)
(-6.2317624 17.818613 76.05042)
(0.51975766 18.952233 63.815599)
(0.55093048 18.984804 67.207496)
(0.55096928 18.984803 70.201508)
(-5.4749934 18.157014 64.873728)
(-3.2913399 18.591826 64.409588)
(-5.3919851 18.198946 70.532802)
(-5.9158651 17.905912 67.114071)
(-3.24909 18.607635 70.333486)
(-3.3410442 18.572442 67.347145)
(-8.6778112 16.732669 85.329467)
(-11.11156 15.249092 85.329354)
(-8.6520667 16.740543 82.337978)
(-11.109394 15.249769 82.33554)
(-8.9907232 16.584948 79.341323)
(-11.138692 15.236301 79.341321)
(-6.2286105 17.808702 85.331697)
(-5.912858 17.904672 82.371745)
(-5.4454389 18.159547 79.898963)
(0.065480816 18.867752 85.256422)
(-2.4978889 18.791923 84.798333)
(0.00021136939 18.849508 79.361119)
(0.0019095383 18.849713 82.329866)
(-2.9765901 18.621879 79.671116)
(-2.9762656 18.618717 82.323544)
(-8.6797755 16.731998 94.311275)
(-11.111858 15.248927 94.311373)
(-8.6798071 16.731991 91.317365)
(-11.111804 15.248956 91.317369)
(-8.6799696 16.731922 88.323367)
(-11.111779 15.248984 88.323358)
(-6.2540284 17.800788 94.309616)
(-6.2542257 17.800709 91.317259)
(-6.2533528 17.800897 88.323521)
(0.071315144 18.871023 94.262448)
(-2.4111378 18.818197 94.129393)
(0.52933952 18.951325 87.788557)
(0.043517408 18.861683 91.587514)
(-2.8265727 18.802123 88.10951)
(-2.4143793 18.817098 91.172528)
(-17.355761 7.3454809 73.353407)
(-17.360053 7.3230168 76.348597)
(-18.248608 4.7781552 73.355649)
(-18.299729 4.5096383 76.366457)
(-18.929657 0.98769566 72.851244)
(-18.781626 1.5130271 76.635528)
(-17.355067 7.3486119 64.371257)
(-17.355209 7.3475528 67.365364)
(-17.359803 7.3242544 70.360658)
(-18.948836 0.90000997 64.193227)
(-18.240429 4.8202019 64.371327)
(-18.791924 1.4761143 70.609913)
(-18.948758 0.900126 67.187515)
(-18.29646 4.5267414 70.376674)
(-18.243615 4.8022664 67.366578)
(-12.419324 13.344051 73.353293)
(-12.970643 14.003269 76.344624)
(-16.009793 9.9395065 73.353307)
(-14.343023 12.261167 73.353302)
(-16.009973 9.9377224 76.347392)
(-14.340085 12.262932 76.347093)
(-12.419324 13.344051 70.359281)
(-14.343122 12.261172 70.359296)
(-16.010354 9.9377715 70.359399)
(-12.973231 14.002152 64.368447)
(-12.970376 14.003257 67.365084)
(-16.009379 9.9401173 64.371246)
(-14.340058 12.263253 64.371026)
(-16.009419 9.9399768 67.365282)
(-14.339871 12.26328 67.365263)
(-18.781133 1.5151731 85.62023)
(-18.929797 0.98780824 81.807612)
(-18.794418 1.4777588 79.32474)
(-17.360278 7.322388 85.330933)
(-18.300021 4.5078299 85.349503)
(-17.360155 7.3225078 79.341305)
(-17.355781 7.3451436 82.335438)
(-18.300488 4.5067067 79.341514)
(-18.248554 4.7766492 82.336851)
(-12.97093 14.002976 85.329347)
(-14.340394 12.262798 85.329357)
(-16.010394 9.9373999 85.329476)
(-12.973958 14.001515 79.341322)
(-12.970596 14.003055 82.335356)
(-16.010053 9.937586 79.341322)
(-14.34042 12.262717 79.341325)
(-16.009719 9.939396 82.335344)
(-14.34016 12.262937 82.33534)
(-18.784978 1.5128051 94.311437)
(-18.784868 1.5128429 91.318651)
(-18.784528 1.513051 88.343551)
(-17.360626 7.3208121 94.311374)
(-18.303866 4.4883977 94.311383)
(-17.360468 7.3211212 88.323554)
(-17.360486 7.3209435 91.317379)
(-18.303527 4.4898066 88.326087)
(-18.303684 4.4884962 91.31762)
(-12.971073 14.002851 94.311381)
(-14.340567 12.262596 94.311385)
(-16.010573 9.9370477 94.311383)
(-12.970933 14.002886 88.323358)
(-12.970971 14.002848 91.31737)
(-16.01021 9.937258 88.323375)
(-14.340325 12.262639 88.323363)
(-16.010261 9.9371665 91.317372)
(-14.340381 12.262572 91.317373)
(11.13963 15.235615 43.436751)
(12.978528 13.997242 43.415831)
(11.418894 15.049319 46.407182)
(12.419324 13.344051 46.407186)
(8.944977 16.624631 43.69015)
(8.5768681 16.94781 45.824571)
(5.3608391 18.201367 43.235153)
(5.3606116 18.201285 46.229376)
(2.9707603 18.629402 43.396046)
(2.9682276 18.628706 46.393756)
(10.691674 15.678418 34.608228)
(13.288079 13.789974 34.431103)
(11.115647 15.245049 37.424958)
(12.975985 13.99804 37.42512)
(11.143977 15.232003 40.419158)
(12.979129 13.996597 40.419151)
(8.6205419 16.775538 34.44619)
(8.6546769 16.73925 37.422324)
(8.9955323 16.583008 40.419156)
(3.0134403 18.605148 34.41256)
(5.9227002 17.894646 34.428682)
(2.9813785 18.625503 40.386449)
(3.0436073 18.613872 37.454879)
(5.4438628 18.16037 39.889934)
(5.8958123 17.909956 37.390598)
(16.017218 9.9267219 46.407294)
(14.350323 12.252617 46.407187)
(16.006246 9.9562138 43.413181)
(14.346668 12.256875 43.413383)
(16.017044 9.9268929 40.41753)
(14.347655 12.254357 40.419032)
(16.016769 9.9284996 37.425032)
(14.347424 12.254544 37.425127)
(16.01895 9.9270324 34.431109)
(14.374422 12.236601 34.431108)
(18.801944 1.4733037 43.431029)
(18.784032 1.5064265 46.121708)
(18.534743 3.9820566 43.939348)
(18.318508 4.4643158 46.423891)
(17.236602 7.6617035 43.413178)
(17.366098 7.3085984 46.408631)
(18.949004 0.89839641 34.608956)
(18.930325 0.98520127 37.953521)
(18.796195 1.4717627 40.437806)
(17.36069 7.3350498 34.430984)
(18.247597 4.7887108 34.428415)
(17.36474 7.3112302 40.395159)
(17.360335 7.3354647 37.423388)
(18.299364 4.4998768 40.130514)
(18.246865 4.7894469 37.402905)
(11.143679 15.232235 58.38323)
(12.978874 13.996836 58.383229)
(11.116178 15.246575 61.399144)
(12.975745 13.998483 61.379681)
(8.9953224 16.583138 58.383227)
(8.6697054 16.752672 61.642988)
(5.7597435 18.122439 58.169363)
(6.202045 17.824757 61.678756)
(2.4112558 18.817806 58.56083)
(2.5009435 18.794688 61.867233)
(11.418843 15.04936 49.401194)
(12.419324 13.344051 49.401198)
(11.115383 15.245221 52.396619)
(12.975784 13.998221 52.395349)
(11.143729 15.232196 55.389218)
(12.978917 13.996796 55.389217)
(8.5170514 17.004254 49.187335)
(8.6540353 16.739188 52.415859)
(8.9953574 16.583116 55.389216)
(2.9709885 18.627196 49.387473)
(5.3605734 18.201008 49.223321)
(2.9762063 18.621511 55.060409)
(3.004728 18.607962 52.388149)
(5.442827 18.159807 54.857598)
(5.8893294 17.908301 52.642357)
(16.016631 9.9274253 61.377251)
(14.347002 12.254945 61.377434)
(16.016708 9.9273369 58.383228)
(14.347311 12.254748 58.383226)
(16.016804 9.9272716 55.389217)
(14.347372 12.254684 55.389214)
(16.016822 9.9272742 52.395216)
(14.34717 12.254743 52.395213)
(16.016819 9.9285629 49.401199)
(14.350241 12.252816 49.40119)
(18.785817 1.5092682 58.383396)
(18.785441 1.5093405 61.377262)
(18.306503 4.4803408 58.383273)
(18.306208 4.4802628 61.37726)
(17.364893 7.3103819 58.38324)
(17.364816 7.3104528 61.377251)
(18.930192 0.98565931 49.930777)
(18.795394 1.4741248 52.432039)
(18.786128 1.5069219 55.391772)
(17.360692 7.3338512 49.401313)
(18.252636 4.7647559 49.402661)
(17.365067 7.310404 55.389247)
(17.364833 7.3116103 52.395414)
(18.306105 4.4810244 55.389565)
(18.303125 4.4971384 52.397844)
(-8.9903391 16.585186 46.407192)
(-11.138144 15.236727 46.40719)
(-8.6789549 16.732107 43.385872)
(-11.110998 15.249552 43.410919)
(-8.6551871 16.739088 40.417514)
(-11.108985 15.250183 40.41903)
(-8.6730238 16.734898 37.428199)
(-11.110427 15.249848 37.425408)
(-8.9903893 16.585175 34.431167)
(-11.138093 15.236781 34.431163)
(0.03111477 18.861158 43.379722)
(-0.0011535616 18.849762 46.424247)
(-2.5007683 18.792185 42.887309)
(-2.9713334 18.625455 46.713823)
(-6.2445479 17.800003 43.085051)
(-5.3610706 18.200772 46.619101)
(-0.0024812563 18.843135 34.121296)
(0.52934274 18.948228 37.95382)
(0.036628853 18.856537 40.451023)
(-5.4709587 18.152657 34.931377)
(-2.981939 18.619804 34.156295)
(-5.9619469 17.882619 40.399234)
(-6.1729391 17.833631 37.462122)
(-2.9690827 18.628308 40.425118)
(-2.8537302 18.775362 38.040725)
(-8.5733201 16.949754 61.95986)
(-11.412174 15.054665 61.377249)
(-8.5138732 17.006038 58.597096)
(-11.412123 15.054706 58.383237)
(-8.9904445 16.585121 55.389228)
(-11.138303 15.236618 55.389226)
(-8.9399605 16.626825 52.118233)
(-11.133848 15.24029 52.371078)
(-8.5732121 16.949817 49.983812)
(-11.411969 15.054828 49.401202)
(-0.041974038 18.863526 58.395007)
(-0.00348625 18.868389 61.374697)
(-2.976922 18.628879 58.398284)
(-2.9943597 18.626832 61.393056)
(-5.3617058 18.201174 58.561251)
(-5.3636778 18.200934 61.555356)
(-0.0026777922 18.849006 49.403504)
(-0.00067604355 18.847744 52.39456)
(-0.0050015159 18.84945 55.368478)
(-5.3614397 18.201142 49.581197)
(-2.9713778 18.627951 49.435622)
(-5.3614825 18.201169 55.566932)
(-5.361308 18.201145 52.573189)
(-2.9718731 18.628218 55.402093)
(-2.9709894 18.628032 52.410624)
(-17.354406 7.3494045 43.44053)
(-17.359605 7.3240802 46.410285)
(-18.23762 4.814509 43.742748)
(-18.29889 4.5120952 46.449234)
(-18.948801 0.90049524 43.235453)
(-18.780866 1.5161735 46.699876)
(-17.359736 7.3236588 34.430794)
(-17.356375 7.3455549 37.421283)
(-17.230988 7.6743885 40.419159)
(-18.795104 1.4790362 34.395044)
(-18.30175 4.5056357 34.425713)
(-18.948829 0.90024508 40.241079)
(-18.929846 0.98807083 36.895305)
(-18.482098 4.3729507 39.798966)
(-18.262398 4.7670546 37.377194)
(-12.970289 14.003496 43.412944)
(-12.973491 14.001953 46.407192)
(-16.008947 9.9407519 43.415437)
(-14.339431 12.26381 43.413345)
(-16.009448 9.9385719 46.407434)
(-14.339791 12.263448 46.407212)
(-12.970017 14.00383 40.419152)
(-14.338627 12.266214 40.419168)
(-15.998432 9.9690152 40.419167)
(-12.973461 14.001986 34.431168)
(-12.970164 14.003588 37.425186)
(-16.009304 9.9387655 34.431135)
(-14.339644 12.263612 34.431163)
(-16.009011 9.9405807 37.424844)
(-14.339333 12.263909 37.425139)
(-17.359974 7.3232187 58.383121)
(-17.355173 7.3476202 61.377235)
(-18.300659 4.5078191 58.3811)
(-18.243906 4.8009806 61.377092)
(-18.794841 1.4789999 58.347283)
(-18.929785 0.98774427 60.847409)
(-17.359968 7.3223065 49.40149)
(-17.359977 7.3221041 52.395228)
(-17.360114 7.3220335 55.389202)
(-18.784613 1.5137254 49.4216)
(-18.303207 4.4910236 49.405386)
(-18.785594 1.5111374 55.386868)
(-18.784778 1.5132733 52.396454)
(-18.303446 4.4904039 55.388942)
(-18.303398 4.4895119 52.395541)
(-12.419324 13.344051 58.383234)
(-12.419324 13.344051 61.377246)
(-16.009889 9.9380463 58.383231)
(-14.342767 12.261344 58.383241)
(-16.00954 9.9399882 61.377251)
(-14.342791 12.261442 61.377253)
(-12.973678 14.001876 55.389226)
(-14.340092 12.263329 55.389229)
(-16.009893 9.938141 55.389226)
(-12.419324 13.344051 49.401198)
(-12.973063 14.002298 52.392399)
(-16.009733 9.9382111 49.401226)
(-14.342596 12.261535 49.401207)
(-16.009575 9.9382593 52.3952)
(-14.339863 12.263341 52.394979)
(11.109485 15.250251 10.479936)
(12.408189 13.350855 10.478618)
(11.109999 15.248844 13.472941)
(12.970697 14.002855 13.472908)
(8.6490819 16.741398 10.504378)
(8.6492347 16.741556 13.474579)
(5.9162645 17.890779 10.792001)
(5.917006 17.893736 13.495713)
(3.0002353 18.602509 10.792594)
(3.0022052 18.606498 13.494182)
(11.184395 15.344736 1.4183671)
(12.630102 14.138497 1.642868)
(11.406734 15.058191 4.4857584)
(12.404783 13.348827 4.4823836)
(11.413843 15.052721 7.4833251)
(12.408302 13.349771 7.48129)
(8.2483121 16.953584 1.5795976)
(8.4915666 17.016737 4.2751278)
(8.5055668 17.009812 7.2701863)
(2.9453343 18.622832 1.8585771)
(5.8192294 17.919565 1.602322)
(2.3953041 18.819991 7.311631)
(2.4791679 18.796699 4.0073058)
(5.7446027 18.127341 7.2717705)
(5.7301585 18.132256 4.2788861)
(18.932568 0.98630219 9.9773422)
(18.781726 1.5108996 13.787448)
(18.521232 4.3029406 10.265326)
(18.302651 4.4810247 13.787244)
(17.619101 7.1562063 10.265347)
(17.364326 7.3112359 13.500282)
(14.129727 12.5423 10.477957)
(16.237554 9.8557155 9.8951086)
(14.345114 12.257423 13.473184)
(16.015878 9.9287354 13.475427)
(18.301467 4.4659286 1.5729317)
(18.760951 1.8831858 1.5777493)
(18.537804 3.9791768 6.9838489)
(18.326099 4.4331602 4.7802864)
(18.823727 1.4824898 7.421967)
(18.798131 1.542019 4.7615942)
(14.326141 12.242318 1.5817452)
(16.031551 9.8801504 1.5739586)
(17.378595 7.2559707 1.5721783)
(14.339053 12.275953 7.5065225)
(14.353491 12.248249 4.4886685)
(17.583096 7.1796185 6.8998233)
(15.884238 10.201934 7.7599655)
(17.391603 7.2851443 4.7563184)
(16.025505 9.914515 4.5115634)
(11.113135 15.246789 25.449026)
(12.973488 14.000399 25.44901)
(11.114229 15.246028 28.443043)
(12.974527 13.999443 28.443029)
(11.129175 15.217044 31.448701)
(13.148266 13.654945 31.574276)
(8.6537921 16.739416 25.44902)
(8.6551546 16.738658 28.443036)
(8.6575278 16.735785 31.438017)
(3.007164 18.605213 25.449041)
(5.9229804 17.892046 25.449022)
(3.0108157 18.604438 31.434424)
(3.0089752 18.604512 28.442819)
(5.9259234 17.891016 31.436803)
(5.9245604 17.891255 28.443004)
(11.110076 15.248844 16.466939)
(12.970615 14.002983 16.46695)
(10.686074 15.682057 19.638109)
(13.408043 13.462424 19.61878)
(11.126031 15.219173 22.466642)
(13.145644 13.657311 22.592215)
(8.6497508 16.74132 16.467035)
(8.6144084 16.778391 19.476289)
(8.6534852 16.737743 22.455978)
(3.0016293 18.605904 16.469568)
(5.9177673 17.893595 16.468696)
(3.0051008 18.605265 22.455068)
(3.0029611 18.605539 19.461392)
(5.9210845 17.892452 22.455137)
(5.9168888 17.895416 19.462158)
(18.306779 4.4804805 25.448872)
(18.785754 1.5096862 25.447731)
(18.302484 4.5011822 31.417598)
(18.306197 4.4814969 28.44052)
(18.78168 1.5121699 31.146069)
(18.785183 1.5097837 28.422796)
(14.346265 12.256114 25.449027)
(16.016558 9.9279651 25.449033)
(17.364836 7.3106382 25.449031)
(14.627003 12.062826 31.300438)
(14.346781 12.255415 28.443043)
(17.36675 7.3104852 31.434542)
(16.041176 9.9104578 31.425121)
(17.365012 7.3104285 28.442855)
(16.016746 9.9273595 28.443034)
(18.306188 4.4808053 16.490084)
(18.785179 1.5097892 16.490389)
(18.306701 4.4804612 22.455058)
(18.308271 4.4785357 19.461901)
(18.785601 1.5097381 22.455005)
(18.785486 1.5096501 19.46257)
(14.344806 12.25786 16.467021)
(16.015716 9.929317 16.467202)
(17.364361 7.3115824 16.469039)
(14.625187 12.064984 22.318387)
(14.448688 12.344295 19.303956)
(17.366615 7.3098105 22.454095)
(16.040224 9.9118845 22.443194)
(17.401529 7.2710146 19.446438)
(16.46033 9.442521 19.283906)
(-16.002179 9.963567 10.479736)
(-14.365825 12.243987 10.479722)
(-16.250112 9.8312466 14.058776)
(-14.152888 12.525004 13.473808)
(-17.231866 7.6724534 10.479152)
(-17.578075 7.1920598 14.058739)
(-18.519751 4.3094094 10.265316)
(-18.533349 3.9874988 14.029398)
(-18.949016 0.90049422 10.303336)
(-18.799088 1.4756534 13.805579)
(-16.342422 9.7253788 1.3801491)
(-14.424985 12.348585 1.4183379)
(-16.302983 9.793084 4.2738521)
(-14.125736 12.540974 4.4852747)
(-16.295427 9.8059983 7.2697575)
(-14.121363 12.545515 7.4829141)
(-18.838855 1.1075314 1.9010282)
(-18.316035 4.9240302 1.6626066)
(-17.54823 6.9859759 1.8656763)
(-18.950963 0.90328329 7.3039982)
(-18.935514 0.94714332 4.0095715)
(-18.520316 4.3072219 7.2723075)
(-18.412861 4.2402789 3.4618919)
(-17.616767 7.1623704 7.2711049)
(-17.604394 7.1364358 3.9188267)
(-8.6162621 16.79308 10.708665)
(-8.5415028 16.966349 12.884927)
(-13.2856 13.792094 10.478905)
(-10.687 15.684083 10.329313)
(-12.428016 13.337707 13.472509)
(-11.032133 15.491908 13.258974)
(-8.6530078 16.739984 7.4869994)
(-11.106197 15.253023 7.4834294)
(-12.421022 13.340382 7.48088)
(-8.9443521 16.600993 1.5835136)
(-8.6638647 16.740725 4.5160906)
(-13.116907 13.691938 1.6440767)
(-11.115125 15.228829 1.5839107)
(-12.413439 13.341174 4.4813311)
(-11.101167 15.260433 4.4889758)
(-0.0134154 18.848422 10.4983)
(0.019760942 18.858615 13.441717)
(-2.9900174 18.616517 10.463152)
(-2.5133239 18.789264 12.94603)
(-5.9193085 17.90739 10.455006)
(-5.796878 18.085887 12.85567)
(-0.054106381 18.862436 7.4946718)
(-3.0250185 18.601207 7.7752646)
(-5.94837 17.885948 7.5252054)
(0.33315577 18.861141 1.9380372)
(0.014318016 18.875947 4.4811642)
(-2.7498786 18.817429 1.384892)
(-2.4119891 18.820132 4.3176565)
(-5.8737713 17.938277 1.590543)
(-6.2304136 17.805088 4.8208727)
(-16.009495 9.9368456 25.449165)
(-14.338933 12.260136 25.449171)
(-16.009183 9.9373265 28.443173)
(-14.338422 12.260745 28.443178)
(-16.455776 9.4509364 31.614302)
(-14.408452 12.373975 31.597546)
(-17.360095 7.3215838 25.449153)
(-17.359869 7.3218958 28.443163)
(-17.398398 7.2802283 31.45243)
(-18.785137 1.5136013 25.449119)
(-18.303735 4.4893637 25.449148)
(-18.785759 1.5112129 31.434749)
(-18.784811 1.5134194 28.442976)
(-18.306024 4.4877219 31.437673)
(-18.303561 4.4893282 28.443176)
(-16.032381 9.9279657 16.204333)
(-14.342176 12.257888 16.444328)
(-16.01009 9.9358575 19.461135)
(-14.339949 12.258921 19.461127)
(-16.009764 9.9363401 22.455152)
(-14.339263 12.259465 22.455158)
(-17.383044 7.3083264 16.206632)
(-17.36042 7.3206505 19.461241)
(-17.360215 7.321197 22.455147)
(-18.787059 1.5085175 16.491385)
(-18.321202 4.4532155 16.488983)
(-18.784961 1.5134673 22.455216)
(-18.784976 1.5129163 19.462848)
(-18.303705 4.4889582 22.455232)
(-18.304751 4.4863931 19.462717)
(-8.6541484 16.737317 31.412108)
(-11.121843 15.22365 31.423947)
(-13.122137 13.690439 31.302696)
(-8.6564343 16.739044 25.449103)
(-8.6551134 16.739566 28.441579)
(-12.972751 14.001119 25.449186)
(-11.113028 15.250599 25.449167)
(-12.971801 14.001978 28.443182)
(-11.11203 15.251266 28.443049)
(-8.657015 16.737559 22.455246)
(-11.112152 15.247716 22.455166)
(-12.973196 14.000091 22.455174)
(-8.6596945 16.737114 16.492762)
(-8.6589278 16.737706 19.462906)
(-12.975424 13.998813 16.464541)
(-11.115574 15.248844 16.4689)
(-12.974637 13.999409 19.461137)
(-11.114994 15.249246 19.461259)
(-0.0082300552 18.845734 25.449038)
(-0.0062286715 18.845477 28.441425)
(-0.0042873469 18.845253 31.413282)
(-5.9313033 17.890048 25.447968)
(-3.0207888 18.602891 25.448917)
(-5.927998 17.887499 31.144321)
(-5.9295154 17.890018 28.422822)
(-3.0148693 18.604107 31.396673)
(-3.0186695 18.602923 28.43896)
(-0.011679017 18.84619 16.48588)
(-0.012123809 18.845506 19.463807)
(-0.010261596 18.845396 22.455349)
(-5.9353049 17.88514 16.780322)
(-3.0263703 18.598173 16.780784)
(-5.9327988 17.889304 22.456569)
(-5.9343215 17.888485 19.484088)
(-3.0226494 18.6024 22.456687)
(-3.0244687 18.601735 19.484338)
(-11.143763 -15.227874 450.59828)
(-12.414663 -13.347598 450.59883)
(-11.143119 -15.228324 453.59229)
(-12.4133 -13.348561 453.59284)
(-8.7177949 -16.706457 450.59874)
(-8.7171478 -16.70676 453.59275)
(-5.9956792 -17.859423 450.5988)
(-5.99489 -17.859621 453.59269)
(-3.0619472 -18.594128 450.59793)
(-3.0611856 -18.59406 453.58955)
(-11.145573 -15.2266 441.61622)
(-12.418544 -13.344808 441.61678)
(-11.444091 -15.033279 444.61018)
(-12.417366 -13.345677 444.6108)
(-11.144407 -15.227416 447.60426)
(-12.416024 -13.346634 447.60482)
(-8.7196669 -16.705542 441.61658)
(-8.2073913 -17.110514 444.43366)
(-8.718517 -16.706084 447.60474)
(-3.0836838 -18.591505 441.59513)
(-5.9994976 -17.85837 441.61502)
(-3.0793241 -18.592353 447.60609)
(-3.3544674 -18.562138 444.60832)
(-5.9978849 -17.858829 447.60495)
(-5.9783192 -17.890801 444.59541)
(-16.427101 -9.5036975 453.41479)
(-14.119365 -12.556993 453.59174)
(-16.427639 -9.5027772 450.42078)
(-14.119924 -12.556334 450.59772)
(-16.428229 -9.5018723 447.42677)
(-14.120483 -12.555676 447.60371)
(-16.428748 -9.5009401 444.43274)
(-14.124462 -12.552786 444.6097)
(-16.429261 -9.5000995 441.43873)
(-14.121534 -12.554434 441.61567)
(-18.792851 -1.588558 450.61301)
(-18.792712 -1.5893259 453.60714)
(-18.289345 -4.5545339 450.59884)
(-18.289024 -4.5552332 453.59286)
(-17.368346 -7.3512606 450.58338)
(-17.367927 -7.3521761 453.5774)
(-18.790475 -1.5773435 441.64909)
(-18.783222 -1.5513367 444.59788)
(-18.792029 -1.5865718 447.61728)
(-17.369681 -7.3485317 441.6014)
(-18.289618 -4.5512613 441.61777)
(-17.368878 -7.3503442 447.58936)
(-17.3692 -7.34924 444.59522)
(-18.289354 -4.553261 447.60458)
(-18.288875 -4.5502008 444.609)
(-11.140591 -15.230129 465.56828)
(-12.407847 -13.352411 465.56889)
(-11.441491 -15.032995 468.56415)
(-13.030371 -13.940069 468.57376)
(-8.7164226 -16.707768 465.56697)
(-8.5704824 -16.978025 468.77679)
(-6.0193948 -17.857072 465.54157)
(-5.8443874 -18.069125 469.15083)
(-3.3887717 -18.552841 465.23943)
(-2.883093 -18.768813 469.18146)
(-11.142476 -15.228766 456.5863)
(-12.411937 -13.349524 456.58685)
(-11.141954 -15.229201 459.58031)
(-12.410574 -13.350486 459.58086)
(-11.440252 -15.036077 462.57425)
(-12.40921 -13.351449 462.57488)
(-8.7165983 -16.707007 456.58667)
(-8.7178859 -16.707089 459.58076)
(-8.2001831 -17.113008 462.39742)
(-3.079153 -18.591945 456.56631)
(-5.9957555 -17.859477 456.58519)
(-3.0941182 -18.592096 462.53345)
(-3.3538794 -18.560357 459.57637)
(-5.9513677 -17.8948 462.55619)
(-6.0188973 -17.856951 459.58052)
(-16.213402 -9.7824882 468.42153)
(17.359067 7.3379885 145.2095)
(16.01543 9.9297137 148.2036)
(17.363608 7.3145102 148.20376)
(14.345694 12.256932 145.20979)
(14.348484 12.254955 148.20359)
(17.36325 7.315902 142.21419)
(16.0154 9.9298793 142.21548)
(14.345612 12.256826 142.21557)
(18.929776 0.98539909 145.73927)
(18.795053 1.4753617 148.23953)
(18.250546 4.7711933 145.20851)
(18.302968 4.4994505 148.20566)
(18.792078 1.4730863 141.96504)
(18.298951 4.5186348 142.1988)
(16.015105 9.9299248 154.19161)
(17.363738 7.3132853 154.1916)
(16.015052 9.9300179 157.18561)
(17.363696 7.3134806 157.18541)
(14.345594 12.256936 154.19161)
(14.345537 12.257003 157.18562)
(17.363765 7.3131654 151.19762)
(16.01554 9.9297577 151.1976)
(14.348477 12.25504 151.1976)
(18.785038 1.5095662 154.19036)
(18.78488 1.5099456 157.1654)
(18.305737 4.4826063 154.19139)
(18.305598 4.4839573 157.183)
(18.785957 1.5077426 151.19966)
(18.306009 4.4833885 151.19777)
(5.4474785 18.16092 144.70711)
(5.3608876 18.201139 148.02773)
(3.021993 18.632705 145.1635)
(2.9728446 18.628422 148.20797)
(5.8938604 17.909115 142.46626)
(3.0510018 18.617529 142.21515)
(8.5759491 16.948343 147.62098)
(8.9437926 16.625366 145.48656)
(8.6536826 16.739798 142.23676)
(12.419324 13.344051 148.20359)
(11.41716 15.050716 148.20359)
(12.977211 13.998445 145.21224)
(11.13795 15.236933 145.23316)
(12.974583 13.999458 142.21572)
(11.113979 15.246383 142.21705)
(5.3605355 18.201119 154.0137)
(5.3606056 18.201127 157.0077)
(2.9696052 18.628288 154.17754)
(2.9700519 18.628333 157.17135)
(5.3606552 18.201124 151.01992)
(2.9704038 18.628276 151.18563)
(8.9941691 16.583856 157.18562)
(8.994204 16.583834 154.19161)
(8.516222 17.00472 150.98374)
(12.977527 13.998188 157.18562)
(11.142046 15.233521 157.18562)
(12.97757 13.998148 154.19161)
(11.142096 15.233482 154.19161)
(12.419324 13.344051 151.1976)
(11.417109 15.050757 151.1976)
(18.305598 4.4818629 130.23927)
(18.305441 4.483173 133.2308)
(17.364068 7.312549 130.23951)
(17.364067 7.3127147 133.23333)
(18.305906 4.4818296 127.24551)
(17.364185 7.312489 127.24551)
(18.78494 1.5098361 133.21333)
(18.785314 1.5096612 130.23824)
(18.785579 1.5096913 127.24546)
(17.359069 7.3377193 139.22136)
(17.363564 7.3142627 136.22582)
(18.250743 4.7709271 139.21903)
(18.302091 4.5013057 136.20735)
(18.929621 0.98536163 139.72359)
(18.781574 1.5120021 135.93666)
(14.345764 12.256382 127.2455)
(16.015506 9.9293028 127.2455)
(14.345698 12.256464 130.2397)
(16.01544 9.9293833 130.23953)
(14.34867 12.254543 133.23352)
(16.015618 9.9293213 133.23352)
(14.345586 12.256585 136.22754)
(16.015276 9.9296328 136.22741)
(14.345743 12.256689 139.22155)
(16.014875 9.9315892 139.22154)
(6.2215286 17.823176 130.21089)
(5.8223444 18.079046 132.61544)
(2.4797982 18.831901 130.39701)
(2.4798305 18.831898 133.39103)
(6.2515719 17.802398 127.24522)
(2.4797659 18.831904 127.403)
(8.5441436 16.963179 132.64691)
(8.670108 16.753197 130.48201)
(8.6826194 16.731112 127.24548)
(12.419324 13.344051 133.23353)
(11.417406 15.050504 133.23353)
(12.974771 13.999407 130.24185)
(11.115063 15.247515 130.26021)
(12.974915 13.99916 127.2455)
(11.11604 15.245638 127.2455)
(2.9846303 18.643389 139.19127)
(2.5053757 18.795939 136.77456)
(5.4743224 18.153542 138.72427)
(6.2038637 17.822956 136.51171)
(8.9943781 16.583725 139.22155)
(8.6796183 16.732574 136.25157)
(12.977727 13.997923 139.22155)
(11.142336 15.233282 139.22155)
(12.974783 13.999285 136.22771)
(11.115832 15.245809 136.22922)
(-14.342037 12.260657 178.14372)
(-16.011827 9.9347142 178.14372)
(-14.341977 12.260725 175.14971)
(-16.011777 9.9348009 175.14971)
(-12.972205 14.001692 178.1437)
(-12.972119 14.001752 175.14973)
(-16.012139 9.9345959 181.13773)
(-14.342224 12.26068 181.13771)
(-12.972317 14.00169 181.13748)
(-14.342475 12.260342 187.12576)
(-16.011991 9.9345753 187.12574)
(-14.34242 12.260399 184.13174)
(-16.011967 9.9345458 184.13174)
(-12.975488 14.000081 187.12575)
(-12.975445 14.00012 184.13174)
(-18.304281 4.4863271 178.14372)
(-18.30446 4.4863667 181.13769)
(-18.784836 1.5114427 178.14379)
(-18.785041 1.5113091 181.13757)
(-18.304388 4.486535 175.14995)
(-18.784973 1.511554 175.15109)
(-17.361758 7.3182381 181.13772)
(-17.361614 7.3183603 178.14371)
(-17.361617 7.3184704 175.14971)
(-18.794575 1.4761866 187.08891)
(-18.7857 1.509178 184.12934)
(-18.301113 4.5050814 187.12337)
(-18.304629 4.4874241 184.13148)
(-17.361506 7.3196155 187.12559)
(-17.36181 7.3182975 184.13172)
(-14.344727 12.259217 163.17384)
(-16.011297 9.9373788 163.17591)
(-14.343752 12.2617 160.17965)
(-16.000574 9.9655141 160.17965)
(-12.419324 13.344051 163.17365)
(-12.419324 13.344051 160.17964)
(-16.01172 9.9369512 166.1678)
(-14.344928 12.259173 166.16768)
(-12.419324 13.344051 166.16766)
(-14.342191 12.260663 172.1557)
(-16.011746 9.934883 172.15571)
(-14.34209 12.260772 169.16145)
(-16.011674 9.935066 169.16177)
(-12.975275 14.00028 172.15569)
(-12.97472 14.000745 169.15887)
(-18.233484 4.8365636 163.50224)
(-18.244345 4.7990217 166.19331)
(-18.931364 0.98307189 162.64033)
(-18.948626 0.89896161 165.98981)
(-18.534565 3.9829623 159.64644)
(-18.811182 1.4421643 160.10765)
(-17.356658 7.3442479 166.16939)
(-17.355544 7.3477981 163.20098)
(-17.232586 7.670814 160.17964)
(-18.784621 1.5117764 172.17592)
(-18.781022 1.5141142 169.45273)
(-18.30429 4.4879147 172.1583)
(-18.300541 4.5071694 169.18232)
(-17.36161 7.3186464 172.15584)
(-17.361353 7.3200128 169.16302)
(-2.8256531 18.802216 177.92987)
(-2.8256224 18.802219 180.92388)
(-6.2521669 17.801638 178.12159)
(-6.2689644 17.793035 180.80949)
(-2.5262991 18.792271 174.6499)
(-6.1963015 17.827557 175.18857)
(0.55240481 18.984744 180.97995)
(0.47297533 18.972124 177.65584)
(0.023911369 18.882313 175.37814)
(-5.3607722 18.200747 187.3403)
(-5.7600051 18.122446 184.34561)
(-2.9701486 18.625253 187.45532)
(-2.8255918 18.802222 183.91789)
(-0.0047328576 18.845947 187.43951)
(0.56108763 18.981661 184.01517)
(-11.11281 15.248056 175.14997)
(-8.676023 16.733644 175.15289)
(-11.113256 15.247832 178.14357)
(-8.6808134 16.731402 178.14196)
(-11.113409 15.24775 181.13547)
(-8.6820523 16.730743 181.11042)
(-11.140434 15.234945 184.13174)
(-8.9919452 16.58419 184.13174)
(-11.140484 15.234906 187.12575)
(-8.9919801 16.584168 187.12575)
(-2.9701249 18.62823 163.18779)
(-2.9711195 18.628128 166.18151)
(-5.3610912 18.201171 163.3515)
(-5.3612673 18.201167 166.34548)
(-2.970594 18.628321 160.19372)
(-5.361259 18.201207 160.35746)
(0.0033877075 18.848095 166.16667)
(-0.0009915599 18.848978 163.17365)
(-0.0014737213 18.849266 160.17955)
(-5.49709 18.15097 172.68243)
(-5.3626932 18.200996 169.3392)
(-3.2315039 18.608202 172.15843)
(-2.9868371 18.627253 169.17238)
(0.53165468 18.947507 171.59823)
(0.034173174 18.85565 169.12145)
(-11.413863 15.053334 160.17964)
(-8.5147016 17.005573 160.3935)
(-11.41392 15.053277 163.17366)
(-8.514726 17.00556 163.38751)
(-11.413983 15.053244 166.16767)
(-8.5742651 16.949207 166.75028)
(-11.135789 15.238779 169.13754)
(-8.9413179 16.625985 168.8847)
(-11.140235 15.2351 172.15569)
(-8.9918056 16.584276 172.15569)
(18.305269 4.4828851 178.14373)
(18.305381 4.4830124 181.13774)
(17.363463 7.3139461 178.14372)
(17.363446 7.3140641 181.13773)
(18.305417 4.4829263 175.14974)
(17.363523 7.3138897 175.14971)
(18.785095 1.5098548 181.13774)
(18.78518 1.5098524 178.14373)
(18.785307 1.5097184 175.14987)
(17.363205 7.3141549 187.12575)
(17.363264 7.3140943 184.13174)
(18.30534 4.4831733 187.12576)
(18.305638 4.4832198 184.13175)
(18.785078 1.509906 187.12576)
(18.785416 1.5099747 184.13175)
(14.344843 12.257454 175.14988)
(16.014639 9.9306505 175.14971)
(14.347815 12.255533 178.1437)
(16.014806 9.9305808 178.14371)
(14.34474 12.257568 181.13773)
(16.014532 9.9308181 181.13772)
(14.344668 12.25765 184.13192)
(16.014435 9.9308858 184.13174)
(14.347639 12.255729 187.12574)
(16.0146 9.9308155 187.12574)
(5.8210082 18.079288 177.52804)
(6.2654801 17.79483 181.46449)
(2.4713018 18.830449 178.26418)
(2.4803473 18.831851 181.29522)
(6.1981848 17.829556 175.1428)
(2.4190544 18.819802 175.35241)
(8.6838378 16.730594 181.16494)
(8.5435643 16.963462 177.55731)
(8.6679912 16.753957 175.39407)
(12.974173 13.999867 181.13791)
(11.115349 15.246244 181.13957)
(12.419324 13.344051 178.14371)
(11.416636 15.051116 178.14371)
(12.974125 14.000007 175.15205)
(11.114219 15.248125 175.17055)
(2.9473335 18.637221 187.14456)
(2.554068 18.805339 184.64374)
(5.4703367 18.153509 186.60462)
(6.1957107 17.828632 184.13534)
(8.5434728 16.963507 186.53937)
(8.6677737 16.753986 184.37649)
(12.419324 13.344051 187.12575)
(11.416482 15.051239 187.12574)
(12.973997 14.000126 184.13408)
(11.114069 15.248244 184.15257)
(18.246157 4.792603 163.17215)
(18.246502 4.7916914 166.16775)
(17.358723 7.3391955 163.17354)
(17.358792 7.3389747 166.16767)
(18.301559 4.5031612 160.15949)
(17.363482 7.3148416 160.17805)
(18.929853 0.9851681 166.6975)
(18.948651 0.89788365 163.35151)
(18.781486 1.5121132 159.88868)
(17.363389 7.3138138 172.15572)
(17.363205 7.3151135 169.16188)
(18.305435 4.4838959 172.15602)
(18.30261 4.5007064 169.1641)
(18.786004 1.5076043 172.15813)
(18.795394 1.4753829 169.19763)
(14.34538 12.256996 160.17963)
(16.014917 9.9302749 160.17954)
(14.345297 12.257188 163.17364)
(16.014531 9.932029 163.17364)
(14.344985 12.257368 166.16767)
(16.01448 9.9320685 166.16766)
(14.345204 12.257195 169.16167)
(16.014704 9.9305433 169.16168)
(14.344892 12.257373 172.15569)
(16.014646 9.9305503 172.15569)
(5.3608276 18.200967 162.99591)
(5.8894094 17.908464 166.41837)
(2.9721535 18.626943 163.16111)
(3.0067096 18.608058 166.17947)
(5.3606888 18.201127 160.00172)
(2.9706265 18.628302 160.16547)
(8.6528606 16.739933 166.18859)
(8.9940983 16.583898 163.17365)
(8.9941333 16.583877 160.17963)
(12.974172 13.999738 166.16781)
(11.113505 15.246688 166.16909)
(12.97739 13.998235 163.17365)
(11.141938 15.233592 163.17365)
(12.977433 13.99819 160.17964)
(11.141987 15.233553 160.17964)
(3.0529814 18.609077 171.84351)
(2.9841877 18.623817 169.10522)
(5.9494789 17.883631 172.42141)
(5.4437025 18.160241 168.6579)
(8.6573223 16.738055 172.17826)
(8.9940283 16.583942 169.16167)
(12.974112 13.999801 172.15585)
(11.113657 15.246653 172.15727)
(12.977305 13.998309 169.16167)
(11.141838 15.233669 169.16167)
(-14.342761 12.259803 217.06586)
(-16.012527 9.9336217 217.06587)
(-14.34272 12.259865 214.07186)
(-16.012479 9.9337015 214.07186)
(-12.972525 14.001237 217.06566)
(-12.972685 14.001222 214.07185)
(-16.013074 9.9334475 220.05987)
(-14.345979 12.257864 220.05989)
(-12.419324 13.344051 220.05988)
(-18.30438 4.486485 217.0655)
(-18.304651 4.4855648 214.07181)
(-17.36211 7.3172865 217.06584)
(-17.36212 7.3173126 214.07185)
(-18.301435 4.5039594 220.05715)
(-17.362021 7.3185233 220.05967)
(-18.784959 1.5107631 214.07168)
(-18.785654 1.5085381 217.06331)
(-18.794931 1.4756698 220.02303)
(-14.342604 12.259998 208.08384)
(-16.012367 9.9338694 208.08384)
(-14.342819 12.259936 205.08983)
(-16.012335 9.9339539 205.08984)
(-12.972579 14.001317 208.08386)
(-12.975743 13.999841 205.08983)
(-16.012682 9.9337521 211.07785)
(-14.342776 12.260025 211.07785)
(-12.972507 14.001361 211.07786)
(-18.304491 4.4857019 208.08408)
(-18.304302 4.4871007 205.09246)
(-17.362008 7.3174796 208.08384)
(-17.361983 7.3176782 205.09)
(-18.304803 4.4856501 211.07785)
(-17.362185 7.3173619 211.07784)
(-18.78457 1.5112947 205.11001)
(-18.784965 1.5110612 208.08512)
(-18.785223 1.5110568 211.07789)
(-14.345304 12.258535 193.11378)
(-16.011916 9.9362682 193.11379)
(-14.342502 12.260434 190.11977)
(-16.011672 9.9364544 190.11977)
(-12.419324 13.344051 193.11377)
(-12.975528 14.000053 190.11977)
(-16.012386 9.9343787 196.10788)
(-14.342731 12.260269 196.10756)
(-12.975162 14.000429 196.10497)
(-14.342493 12.260138 202.0958)
(-16.012242 9.9341686 202.09591)
(-14.342404 12.260356 199.10181)
(-16.011835 9.9361042 199.10181)
(-12.972557 14.001368 202.09557)
(-12.972461 14.001445 199.10181)
(-18.244859 4.7975329 193.11507)
(-18.297336 4.523621 196.12518)
(-18.948629 0.89858857 192.93586)
(-18.791992 1.4742065 196.35841)
(-18.245545 4.7954993 190.1197)
(-18.929852 0.98619305 189.58999)
(-17.361423 7.3205282 196.10916)
(-17.356883 7.3437032 193.11387)
(-17.356994 7.3434185 190.11976)
(-18.780977 1.5136331 202.38668)
(-18.929575 0.98603736 198.59975)
(-18.3007 4.505867 202.11524)
(-18.249541 4.7749849 199.10416)
(-17.361693 7.3192585 202.09711)
(-17.35739 7.3417456 199.10191)
(-3.0132998 18.601169 217.33552)
(-2.5001432 18.790732 213.57079)
(-0.00088035846 18.847807 217.08085)
(0.03121955 18.860348 214.03875)
(-2.9723625 18.626447 220.09122)
(0.0021121223 18.847352 220.06376)
(-6.2096137 17.812619 214.05247)
(-5.9476508 17.881765 216.79579)
(-5.3612642 18.201028 220.23929)
(-11.113575 15.247441 214.07173)
(-8.6778025 16.732054 214.07027)
(-11.111791 15.247894 217.06398)
(-8.6557806 16.737919 217.04309)
(-11.414907 15.052509 220.05988)
(-8.5151889 17.0053 220.27374)
(-2.4970841 18.793015 207.58778)
(-2.9436173 18.635845 205.38715)
(0.027663132 18.861936 208.05611)
(-0.027336258 18.862487 205.16171)
(-2.9789596 18.61406 211.3294)
(0.0019776906 18.849979 211.09012)
(-5.468336 18.153802 205.64527)
(-6.1737956 17.833478 208.12644)
(-5.9602104 17.88266 211.09589)
(-11.140783 15.234673 205.08982)
(-8.9921896 16.584038 205.08983)
(-11.11327 15.247656 208.08408)
(-8.6751136 16.733775 208.08692)
(-11.111774 15.247991 211.07794)
(-8.6566586 16.738095 211.07907)
(-2.9694537 18.628808 193.12779)
(-2.966867 18.635745 196.09985)
(-5.3609858 18.201234 193.29158)
(-5.4723616 18.153204 196.63143)
(-2.9705366 18.628112 190.15596)
(-5.3612588 18.201177 190.29957)
(0.036365457 18.856322 196.06979)
(0.0014242607 18.849624 193.11265)
(-0.0014026134 18.84909 190.14127)
(-6.2653565 17.794756 201.77068)
(-6.1964259 17.82709 199.11722)
(-2.4136565 18.816902 201.94973)
(-2.8524916 18.77641 198.48598)
(0.040804651 18.858998 202.35544)
(0.53149296 18.947987 198.57215)
(-11.140534 15.234867 190.11976)
(-8.9920151 16.584146 190.11977)
(-11.414434 15.052869 193.11378)
(-8.5745081 16.949066 193.69639)
(-11.136247 15.238438 196.08365)
(-8.9416318 16.625791 195.83081)
(-11.113238 15.247742 199.10191)
(-8.6765636 16.733423 199.10311)
(-11.113758 15.247471 202.09357)
(-8.6822991 16.730626 202.06872)
(16.014372 9.9312837 208.08383)
(17.363056 7.3148547 208.08384)
(16.014083 9.9315299 211.07785)
(17.363024 7.314971 211.07784)
(14.347346 12.256268 208.08382)
(14.344473 12.258222 211.07805)
(17.363027 7.314695 205.08983)
(16.014312 9.9314394 205.08983)
(14.344422 12.258214 205.09)
(18.784855 1.5099156 208.08376)
(18.785003 1.5099823 211.07657)
(18.305368 4.4837174 208.08383)
(18.305535 4.483944 211.07767)
(18.784992 1.5099374 205.08983)
(18.305528 4.4836866 205.08983)
(16.014182 9.931681 217.06573)
(17.362593 7.3168314 217.06427)
(16.013493 9.9339248 220.05986)
(17.358111 7.3402155 220.05969)
(14.347173 12.256476 217.06585)
(14.344055 12.258665 220.05988)
(17.363112 7.3149448 214.07171)
(16.016468 9.9301649 214.07185)
(14.371277 12.240428 214.07185)
(18.780908 1.512533 216.775)
(18.929373 0.98510539 220.56086)
(18.301251 4.5039584 217.04644)
(18.250105 4.77315 220.05741)
(18.784851 1.5102468 214.05247)
(18.305443 4.4852477 214.06979)
(5.4676227 18.154098 207.559)
(5.3605468 18.201206 210.90011)
(2.9461726 18.637435 208.08239)
(2.9690637 18.62904 211.06528)
(6.1718253 17.835332 205.06933)
(2.4970459 18.793424 205.61924)
(8.9431177 16.625704 211.35352)
(8.5431388 16.963652 207.49731)
(8.6661035 16.754501 205.33315)
(12.976285 13.9993 211.08043)
(11.136891 15.237733 211.10092)
(12.419324 13.344051 208.08383)
(11.416133 15.051532 208.08383)
(12.973759 14.00045 205.09216)
(11.113676 15.248531 205.1106)
(5.3609809 18.200939 216.88824)
(5.9242674 17.889111 220.34981)
(2.9730163 18.626703 217.05444)
(3.0111116 18.605568 220.07816)
(5.3609964 18.201203 213.89374)
(2.972958 18.629 214.05584)
(8.655147 16.738681 220.084)
(8.5156852 17.005021 216.85201)
(8.5741955 16.949215 213.4879)
(12.973479 14.000489 220.06004)
(11.112809 15.247282 220.06151)
(12.419324 13.344051 217.06587)
(11.415979 15.051655 217.06586)
(13.285874 13.792234 214.07185)
(11.030987 15.492472 213.858)
(18.305184 4.4832373 193.11378)
(18.305286 4.4833611 196.1078)
(17.363255 7.3144013 193.11378)
(17.363271 7.3144946 196.10779)
(18.305475 4.4832826 190.11977)
(17.363389 7.3143343 190.11976)
(18.785059 1.5099246 196.1078)
(18.785161 1.5099372 193.11378)
(18.785412 1.5099916 190.11977)
(17.36302 7.31462 202.09581)
(17.363074 7.3145381 199.1018)
(18.305453 4.4836082 202.09582)
(18.305579 4.4835843 199.10181)
(18.785208 1.5100129 202.09582)
(18.785416 1.5100523 199.10181)
(14.347588 12.255797 190.11975)
(16.014603 9.9309231 190.11975)
(14.344714 12.257751 193.11398)
(16.014323 9.9311482 193.11378)
(14.347474 12.255929 196.10778)
(16.014489 9.9310894 196.10778)
(14.34438 12.257966 199.1018)
(16.014167 9.9313066 199.10179)
(14.344323 12.258032 202.0958)
(16.014109 9.9313894 202.0958)
(5.3606685 18.201122 192.93582)
(5.3615178 18.201053 195.92945)
(2.9704581 18.628325 193.09935)
(2.9779167 18.627687 196.08976)
(5.3605215 18.201205 189.94214)
(2.9689364 18.628986 190.10849)
(8.5755165 16.948593 195.52517)
(8.9432341 16.625711 193.39075)
(8.5159048 17.004897 189.9059)
(12.419324 13.344051 196.10778)
(11.416328 15.051361 196.10778)
(12.976482 13.999031 193.11643)
(11.137145 15.237546 193.13735)
(12.419324 13.344051 190.11976)
(11.416431 15.05128 190.11976)
(3.0205685 18.601485 201.82545)
(3.0475967 18.612229 199.06687)
(5.9441222 17.886792 202.09633)
(5.9303735 17.888195 199.3885)
(8.6567274 16.738499 202.09608)
(8.6557403 16.73855 199.1258)
(12.973688 14.000201 202.09581)
(11.113156 15.247056 202.09585)
(12.973727 14.00016 199.10196)
(11.113163 15.247013 199.10343)
(-14.34346 12.259179 241.01774)
(-16.012975 9.9329319 241.01808)
(-14.346192 12.257372 238.02412)
(-16.013113 9.9328756 238.02596)
(-12.97574 13.999789 241.01515)
(-12.419324 13.344051 238.02395)
(-16.013295 9.9328092 244.01199)
(-14.343689 12.259166 244.01198)
(-12.976355 13.999366 244.01198)
(-14.343408 12.259071 249.99999)
(-16.013128 9.9326863 250)
(-14.343348 12.259139 247.006)
(-16.013082 9.9327741 247.00599)
(-12.973236 14.00073 249.99976)
(-12.973142 14.000796 247.006)
(-18.304479 4.4847977 241.03813)
(-18.304881 4.4847899 244.01324)
(-18.784936 1.5103296 241.02034)
(-18.785049 1.5104756 244.01215)
(-18.301475 4.4850035 238.31517)
(-18.785928 1.5081573 238.04104)
(-17.362576 7.3163665 244.01205)
(-17.362414 7.3164918 241.01955)
(-17.362158 7.3165943 238.04815)
(-18.784836 1.5101561 249.99984)
(-18.785109 1.5104076 247.00598)
(-18.304935 4.4846932 249.99997)
(-18.305237 4.4848275 247.00604)
(-17.362595 7.3162424 249.99999)
(-17.362639 7.3163608 247.00599)
(-14.345942 12.257787 226.04789)
(-16.01263 9.9350785 226.04765)
(-14.345877 12.257869 223.0539)
(-16.012479 9.93537 223.05388)
(-12.419324 13.344051 226.0479)
(-12.419324 13.344051 223.05389)
(-16.006167 9.9563051 229.06659)
(-14.345581 12.259515 229.04389)
(-12.419324 13.344051 229.04192)
(-14.34518 12.260047 235.02995)
(-16.001928 9.9633962 235.02995)
(-14.330552 12.285562 232.03594)
(-15.83404 10.256646 232.03593)
(-12.419324 13.344051 235.02994)
(-12.419324 13.344051 232.03593)
(-18.262939 4.7574622 226.0092)
(-18.528107 4.0139726 228.54055)
(-18.948581 0.89817347 225.87002)
(-18.798737 1.4753212 229.29461)
(-18.247098 4.7918221 223.05092)
(-18.929949 0.98578038 222.52412)
(-17.280598 7.5851598 229.32698)
(-17.358781 7.3395468 226.04476)
(-17.357523 7.3422449 223.0537)
(-18.801224 1.4752416 234.99816)
(-18.789594 1.5014711 232.06553)
(-18.536092 3.9811935 234.52538)
(-18.34286 4.4139073 232.2506)
(-17.233617 7.6685468 235.02994)
(-17.668384 6.8792784 231.56111)
(-2.989243 18.628038 241.03055)
(-3.2574076 18.606775 244.00596)
(-5.363057 18.201156 241.19568)
(-5.5000834 18.150415 244.53579)
(-2.9732328 18.627098 238.03476)
(-5.361368 18.201062 238.20147)
(0.52287206 18.951994 243.48392)
(0.0014744173 18.867695 241.0175)
(-0.00021299944 18.849667 238.00244)
(-6.2655638 17.794682 249.67487)
(-6.1981673 17.826864 247.02142)
(-2.4186126 18.818893 249.85806)
(-2.884554 18.773203 246.39037)
(-0.0060050648 18.875847 250.29535)
(0.62065643 18.959155 246.79612)
(-11.415204 15.052255 238.02396)
(-8.574913 16.948832 238.60657)
(-11.136984 15.237849 240.99383)
(-8.9421532 16.625467 240.74099)
(-11.14144 15.234176 244.01198)
(-8.9926442 16.583757 244.01198)
(-11.114034 15.247124 247.0061)
(-8.6771289 16.733105 247.0073)
(-11.11455 15.246853 249.99776)
(-8.682807 16.730315 249.97291)
(-2.9695067 18.628255 226.06212)
(-2.9703443 18.628053 229.05739)
(-5.3609557 18.201176 226.22576)
(-5.3611179 18.201163 229.21987)
(-2.9699523 18.628185 223.06897)
(-5.3611173 18.201201 223.23176)
(-0.000511709 18.848944 229.04183)
(0.00017340195 18.848742 226.04645)
(0.0021325226 18.847722 223.05483)
(-5.8496046 17.939713 234.79228)
(-5.439569 18.163046 232.53942)
(-3.0043551 18.609838 235.01722)
(-2.9786441 18.624432 232.07032)
(-0.00043745682 18.846573 235.02781)
(-0.0012351557 18.84879 232.03701)
(-11.414947 15.05246 223.0539)
(-8.5152133 17.005286 223.26775)
(-11.414999 15.052419 226.04791)
(-8.5152376 17.005273 226.26177)
(-11.41506 15.052392 229.04193)
(-8.515262 17.005259 229.25578)
(-11.414983 15.052551 232.03593)
(-8.5152864 17.005245 232.24979)
(-11.415147 15.052313 235.02994)
(-8.1368507 17.144113 235.17951)
(18.301735 4.5017037 241.02041)
(18.304797 4.4854047 244.01231)
(17.362384 7.3171964 241.01816)
(17.362623 7.3159767 244.012)
(18.250022 4.7720938 238.02261)
(17.358147 7.3396521 238.02385)
(18.785597 1.5077621 244.01453)
(18.794881 1.4749185 241.05478)
(18.929781 0.98538423 238.55353)
(17.362371 7.3160304 249.99998)
(17.362467 7.3159419 247.00599)
(18.304886 4.4847142 249.99977)
(18.3052 4.4847148 247.00601)
(18.784894 1.5102045 249.99873)
(18.785285 1.510115 247.00609)
(14.346653 12.256973 238.02394)
(16.013425 9.9338884 238.02394)
(14.343597 12.258894 241.01797)
(16.013435 9.9325867 241.01797)
(14.343727 12.258879 244.01218)
(16.013413 9.9325857 244.01198)
(14.346501 12.257048 247.00598)
(16.013532 9.9325049 247.00598)
(14.343422 12.259084 249.99999)
(16.013244 9.9327364 249.99999)
(6.2027078 17.823188 241.30083)
(5.4737772 18.153826 243.51091)
(2.5033309 18.794485 241.53577)
(2.9870599 18.642844 243.95785)
(5.4429083 18.159894 237.49535)
(2.9778651 18.621227 237.696)
(8.9144533 16.636736 244.29715)
(8.6781271 16.733303 241.04158)
(8.5405572 16.964424 237.4398)
(12.97552 13.999794 244.01464)
(11.13409 15.239012 244.03579)
(12.973293 14.000678 241.01812)
(11.114034 15.247168 241.01957)
(12.419324 13.344051 238.02395)
(11.41561 15.051933 238.02395)
(2.41668 18.818916 250.20916)
(3.0582922 18.613303 246.71686)
(6.1965514 17.82996 249.97004)
(5.9183526 17.909699 247.23323)
(8.6773939 16.733962 249.99758)
(8.2467872 17.074143 246.53249)
(12.973159 14.000802 249.99998)
(11.113827 15.247328 249.99984)
(12.419324 13.344051 247.00599)
(11.415456 15.052056 247.00598)
(18.249783 4.7729271 226.04676)
(18.302076 4.5008081 229.04413)
(17.358252 7.3393484 226.04782)
(17.362633 7.3165774 229.0421)
(18.298486 4.5196397 223.03642)
(17.362493 7.3177172 223.05249)
(18.794859 1.474647 229.07743)
(18.92978 0.9853401 226.57741)
(18.792309 1.4738374 222.80238)
(17.362261 7.3171715 235.02822)
(17.362639 7.315628 232.03575)
(18.301232 4.5035205 235.00982)
(18.305 4.4860956 232.0337)
(18.781162 1.5121882 234.73923)
(18.785694 1.508026 232.01894)
(14.343921 12.258518 223.05407)
(16.013768 9.9320895 223.05381)
(14.34688 12.256709 226.0479)
(16.013634 9.9335501 226.04789)
(14.344031 12.258544 229.04212)
(16.013677 9.932199 229.04193)
(14.346786 12.256719 232.03592)
(16.013801 9.9320872 232.03591)
(14.343687 12.258781 235.03012)
(16.013496 9.9324141 235.02982)
(5.4433491 18.160243 225.5216)
(5.3607895 18.201087 228.86387)
(2.9783671 18.624115 226.01146)
(2.9711381 18.627959 229.02653)
(5.8938234 17.910657 223.05436)
(3.009839 18.606937 223.05277)
(8.9429077 16.625834 229.31759)
(8.5406933 16.964369 225.4615)
(8.6453595 16.760224 223.29846)
(12.975978 13.999501 229.0445)
(11.136584 15.237959 229.06499)
(12.419324 13.344051 226.0479)
(11.415815 15.05177 226.0479)
(12.973301 14.000683 223.05624)
(11.11198 15.249139 223.07472)
(3.0063863 18.607872 235.02601)
(2.9722111 18.627211 232.02274)
(5.8897433 17.910061 235.29749)
(5.3612708 18.201159 231.85823)
(8.6449583 16.760243 235.29463)
(8.5740334 16.949309 231.45197)
(12.973129 14.000842 235.03243)
(11.111767 15.249287 235.05217)
(12.419324 13.344051 232.03593)
(11.415712 15.051851 232.03592)
(-14.343977 12.25841 279.94013)
(-16.013662 9.9318391 279.94013)
(-14.343921 12.258476 276.94612)
(-16.013612 9.9319253 276.94611)
(-12.973646 14.000339 279.94012)
(-12.973608 14.000377 276.94611)
(-16.013974 9.9317202 282.93414)
(-14.344163 12.258434 282.93414)
(-12.973748 14.000341 282.93412)
(-18.304982 4.4838711 279.94011)
(-18.305083 4.4840013 276.94611)
(-17.36294 7.3153376 279.94012)
(-17.362938 7.3154427 276.9461)
(-18.305146 4.4838513 282.93412)
(-17.363078 7.3152107 282.93413)
(-18.784957 1.509955 276.94617)
(-18.785026 1.5099337 279.94012)
(-18.785118 1.5099084 282.93413)
(-14.343806 12.258609 270.95809)
(-16.013499 9.9321016 270.9581)
(-14.343744 12.258687 267.96409)
(-16.013422 9.9323163 267.96421)
(-12.973516 14.00046 270.95809)
(-12.973438 14.000517 267.96411)
(-16.013816 9.931976 273.9521)
(-14.343992 12.258632 273.9521)
(-12.973616 14.000463 273.9521)
(-18.304623 4.4855717 270.96072)
(-18.300645 4.5057844 267.98422)
(-17.362803 7.3157153 270.95826)
(-17.362473 7.317407 267.96566)
(-18.30521 4.4842165 273.95229)
(-17.363001 7.3154992 273.9521)
(-18.780993 1.5126084 268.25504)
(-18.78476 1.5103011 270.9775)
(-18.785245 1.5101062 273.95314)
(-14.343744 12.258858 255.98779)
(-16.013225 9.9326306 255.988)
(-14.34648 12.257042 252.99402)
(-16.01341 9.9324589 252.99402)
(-12.975952 13.99959 255.98521)
(-12.419324 13.344051 252.99401)
(-16.01339 9.9343547 258.98204)
(-14.346697 12.257128 258.98204)
(-12.419324 13.344051 258.98204)
(-14.343927 12.258786 264.97007)
(-16.01301 9.9343796 264.97007)
(-14.343826 12.258893 261.97582)
(-16.012944 9.9345353 261.97604)
(-12.97659 13.999057 264.97006)
(-12.976035 13.999523 261.97324)
(-18.301419 4.5034351 255.98548)
(-18.245483 4.7960284 258.98186)
(-18.794773 1.4751207 255.95121)
(-18.929824 0.98523003 258.45226)
(-18.304917 4.485679 252.99369)
(-18.785881 1.5081567 252.99162)
(-17.357852 7.3416881 258.98202)
(-17.362361 7.3175499 255.98783)
(-17.362673 7.3162264 252.99399)
(-18.94856 0.89762731 264.79234)
(-18.948659 0.89750444 261.79802)
(-18.245483 4.7960732 264.97146)
(-18.241995 4.815167 261.9761)
(-17.357854 7.3415884 264.97014)
(-17.357659 7.3427255 261.97604)
(-2.482429 18.831676 279.78236)
(-2.4824613 18.831673 276.78835)
(-0.55456647 18.984597 280.09763)
(-0.55460526 18.984595 277.10362)
(-2.4823967 18.831679 282.77637)
(-0.55452768 18.984598 283.09164)
(-6.2554784 17.800103 276.94599)
(-6.2547711 17.800381 279.93822)
(-6.2555757 17.799935 282.90891)
(-11.114905 15.246551 276.94611)
(-8.6820596 16.730663 276.9461)
(-11.114923 15.246525 279.94011)
(-8.6818054 16.73076 279.93998)
(-11.114986 15.246492 282.93397)
(-8.6818837 16.730712 282.93214)
(-2.4133155 18.817619 270.77549)
(-2.5034864 18.794506 267.44505)
(0.038110219 18.8647 270.90293)
(-0.00028606765 18.868011 267.96329)
(-2.4173466 18.818924 273.74151)
(0.0032205778 18.875883 273.6565)
(-6.1954343 17.827379 268.00498)
(-6.2502884 17.802453 270.96103)
(-6.2532398 17.801037 273.95227)
(-11.114366 15.246848 267.96435)
(-8.6771734 16.732933 267.96739)
(-11.114751 15.246652 270.9581)
(-8.6814078 16.730961 270.95828)
(-11.114794 15.246626 273.9521)
(-8.6813602 16.730957 273.95211)
(-2.9726988 18.629344 256.0215)
(-2.9752213 18.629696 258.98105)
(-5.3612356 18.201287 256.16796)
(-5.3615912 18.201329 259.15822)
(-2.9717392 18.627093 253.30312)
(-5.3611752 18.201041 253.20481)
(-0.036063712 18.85913 258.73095)
(-0.043580304 18.863903 255.98923)
(-0.041819477 18.864844 253.04617)
(-5.472856 18.1544 265.50047)
(-5.3658787 18.202136 262.15547)
(-2.9850925 18.644319 265.00862)
(-3.0147739 18.637154 262.00321)
(-0.52361035 18.952241 265.49673)
(-0.61630459 18.961844 262.15535)
(-11.415461 15.052051 252.99402)
(-8.575048 16.948753 253.57663)
(-11.137232 15.237655 255.96389)
(-8.9423272 16.62536 255.71105)
(-11.415575 15.051978 258.98204)
(-8.575102 16.948722 259.56465)
(-11.137332 15.237578 261.95192)
(-8.9423968 16.625316 261.69907)
(-11.141778 15.233898 264.97006)
(-8.9928879 16.583605 264.97007)
(16.013007 9.9332116 270.95808)
(17.362224 7.316723 270.95809)
(16.012951 9.9333001 273.95211)
(17.36221 7.3168216 273.9521)
(14.343373 12.259508 270.95808)
(14.343259 12.259613 273.9523)
(17.362211 7.3165561 267.96408)
(16.013182 9.9332089 267.96407)
(14.343223 12.259586 267.96406)
(18.784678 1.510181 270.95811)
(18.784841 1.5102394 273.95211)
(18.304934 4.4851728 270.9581)
(18.305119 4.4853202 273.95211)
(18.784871 1.5100813 267.96424)
(18.305088 4.4851969 267.96411)
(16.012826 9.9334737 279.94011)
(17.362109 7.3169899 279.94012)
(16.012775 9.9335594 282.93412)
(17.362088 7.3170923 282.93412)
(14.34296 12.25982 279.94011)
(14.342903 12.259886 282.93412)
(17.362145 7.3168146 276.94611)
(16.013281 9.9332965 276.9461)
(14.346085 12.25781 276.9461)
(18.784665 1.5102374 279.94005)
(18.784799 1.5103064 282.93285)
(18.304893 4.4853922 279.94011)
(18.305006 4.4855993 282.93392)
(18.784957 1.5102996 276.94612)
(18.305271 4.4854451 276.94612)
(5.4456511 18.159475 270.40145)
(5.7599456 18.12245 273.73822)
(2.9803497 18.623072 270.62761)
(2.417825 18.818915 274.09532)
(5.9154021 17.904 267.95058)
(3.0004191 18.619105 267.98447)
(8.9166015 16.636259 274.23768)
(8.9928398 16.584681 270.95808)
(8.6541173 16.740215 267.96324)
(12.975163 14.000226 273.95476)
(11.133755 15.239364 273.97593)
(12.975915 13.999701 270.95808)
(11.140155 15.234994 270.95808)
(12.972813 14.001127 267.96407)
(11.112011 15.24798 267.96405)
(6.253649 17.801995 279.96182)
(6.2500284 17.802762 282.9327)
(2.8252024 18.802263 280.15396)
(2.825233 18.80226 283.14797)
(6.2340359 17.822095 277.23144)
(2.8251717 18.802266 277.15995)
(8.6811331 16.732052 282.93402)
(8.6816746 16.731875 279.94184)
(8.2767677 17.065901 276.47772)
(12.972767 14.001266 282.93413)
(11.113519 15.247634 282.93412)
(12.972817 14.001224 279.94013)
(11.113631 15.247572 279.94022)
(12.419324 13.344051 276.94611)
(11.414954 15.052472 276.9461)
(18.300684 4.5046388 255.96788)
(18.249893 4.7726163 258.98081)
(17.362132 7.3178252 255.98643)
(17.357862 7.3402862 258.98197)
(18.30476 4.4860046 252.99148)
(17.36254 7.3162802 252.99386)
(18.929578 0.98524193 259.5117)
(18.780937 1.5126328 255.69717)
(18.784928 1.5104533 252.97465)
(17.362194 7.3165528 264.97009)
(17.362018 7.3177698 261.97625)
(18.304874 4.4860067 264.97039)
(18.302193 4.5017218 261.97841)
(18.785724 1.5080204 264.9725)
(18.79513 1.4757367 262.01199)
(14.343562 12.259075 252.99423)
(16.013258 9.9328418 252.99401)
(14.346332 12.257255 255.98801)
(16.013387 9.9328695 255.98792)
(14.343233 12.259405 258.98203)
(16.012823 9.9346289 258.98203)
(14.343438 12.259239 261.97604)
(16.013037 9.9331538 261.97606)
(14.34314 12.259413 264.97007)
(16.01298 9.9331637 264.97006)
(6.2302902 17.823884 256.26988)
(6.1950635 17.829124 258.9602)
(2.4131105 18.81764 256.16461)
(2.5275337 18.789595 259.44797)
(5.8197669 18.079775 252.37578)
(2.413236 18.817746 253.17529)
(8.6769353 16.734035 258.98003)
(8.2779423 17.065369 255.5205)
(8.9173868 16.635991 253.28019)
(12.973025 14.000928 258.98201)
(11.113621 15.247456 258.98187)
(12.419324 13.344051 255.98802)
(11.415302 15.052178 255.98802)
(12.975454 13.999897 252.99673)
(11.134387 15.239009 253.01816)
(2.8558568 18.774635 265.58777)
(3.2620889 18.602647 261.64378)
(6.2414714 17.801501 265.2957)
(5.4994251 18.150707 261.41907)
(8.6811203 16.731673 264.99724)
(8.9929439 16.584615 261.97604)
(12.972975 14.000984 264.97024)
(11.113855 15.247358 264.97191)
(12.97599 13.999543 261.97604)
(11.140296 15.234871 261.97604)
(-14.344434 12.257881 303.8922)
(-16.014094 9.9311624 303.89222)
(-14.344357 12.257954 300.89821)
(-16.014043 9.931249 300.89821)
(-12.973983 14.000018 303.89197)
(-12.973689 14.000138 300.89822)
(-16.01466 9.9308775 306.88623)
(-14.347636 12.255941 306.88624)
(-12.419324 13.344051 306.88623)
(-14.344586 12.257698 312.87426)
(-16.014239 9.9310268 312.87425)
(-14.344522 12.257774 309.88004)
(-16.014212 9.9310047 309.88023)
(-12.973885 13.999965 312.87426)
(-12.973733 14.000224 309.87777)
(-18.305134 4.4832921 303.8922)
(-18.305314 4.4833342 306.88619)
(-18.78493 1.5095081 303.8922)
(-18.785143 1.5093873 306.88606)
(-18.305261 4.4834196 300.89819)
(-18.785087 1.5096034 300.8982)
(-17.36341 7.3144916 306.88622)
(-17.363249 7.3146253 303.89221)
(-17.363252 7.3147313 300.8982)
(-18.794665 1.474206 312.83743)
(-18.785793 1.5072456 309.87785)
(-18.302224 4.5007224 312.87194)
(-18.305494 4.4843355 309.87999)
(-17.363155 7.3158003 312.8741)
(-17.363443 7.3145626 309.88023)
(-14.347164 12.256248 288.92216)
(-16.01405 9.9314359 288.92216)
(-14.344093 12.258278 285.92813)
(-16.013779 9.9316734 285.92815)
(-12.419324 13.344051 288.92216)
(-12.973743 14.000253 285.9279)
(-16.014391 9.9313002 291.91617)
(-14.34735 12.256271 291.91618)
(-12.419324 13.344051 291.91617)
(-14.344545 12.257924 297.90396)
(-16.014011 9.9313282 297.90418)
(-14.34728 12.256116 294.91019)
(-16.014171 9.9312715 294.91019)
(-12.976547 13.999032 297.90138)
(-12.419324 13.344051 294.91018)
(-18.305053 4.4836567 288.92214)
(-18.305228 4.4836395 291.91616)
(-18.784946 1.5097549 288.92215)
(-18.7851 1.5097619 291.91616)
(-18.305312 4.4838442 285.92813)
(-18.785313 1.5098997 285.92814)
(-17.363217 7.3149329 291.91616)
(-17.36307 7.3150628 288.92215)
(-17.363099 7.3151934 285.92814)
(-18.785017 1.5096058 297.90419)
(-18.785194 1.5096987 294.91017)
(-18.305438 4.4835463 297.90418)
(-18.305602 4.4836879 294.91017)
(-17.363262 7.3148335 297.90419)
(-17.363278 7.314932 294.91018)
(-2.4989541 18.7913 303.36267)
(-2.9768496 18.621146 307.21496)
(-6.2409362 17.801327 303.56695)
(-5.4435168 18.160013 307.44215)
(-2.9755765 18.619078 300.86574)
(-5.9125387 17.904372 300.91117)
(0.0022646228 18.848962 306.88149)
(0.032512175 18.860383 303.85479)
(0.0018649203 18.84929 300.89314)
(-5.9458946 17.887509 312.87518)
(-5.8952168 17.910523 309.90041)
(-3.0156503 18.623862 312.8701)
(-3.0095882 18.607527 309.88122)
(-0.52531042 18.950184 313.36583)
(-0.00075722875 18.843984 309.56781)
(-11.112951 15.246966 300.89833)
(-8.6538811 16.739233 300.8996)
(-11.11528 15.246202 303.88998)
(-8.6814031 16.7305 303.86514)
(-11.416396 15.051324 306.88623)
(-8.5409876 16.964105 307.47274)
(-11.112376 15.248612 309.85902)
(-8.6455069 16.759369 309.63685)
(-11.113388 15.246685 312.87426)
(-8.6568555 16.737663 312.87431)
(-2.9702794 18.626463 289.23178)
(-2.9693538 18.628169 291.95032)
(-5.360932 18.200966 289.13304)
(-5.3609467 18.201174 292.09582)
(-2.4731477 18.829966 285.81199)
(-6.2691132 17.792893 285.59967)
(0.0005525584 18.848254 291.92285)
(-0.032377873 18.857653 288.97878)
(-0.47565463 18.969694 286.44375)
(-5.4449105 18.159927 298.43197)
(-5.3607942 18.20108 295.08831)
(-2.9764207 18.624926 297.9388)
(-2.9710672 18.628 294.92649)
(-0.00021037736 18.848923 297.90489)
(0.00041125099 18.848896 294.90916)
(-11.115127 15.246394 285.92589)
(-8.6831164 16.730076 285.90083)
(-11.416077 15.051561 288.92216)
(-8.5157493 17.004986 289.13602)
(-11.41614 15.051528 291.91617)
(-8.5157736 17.004972 292.13003)
(-11.41618 15.051479 294.91018)
(-8.5754259 16.948534 295.49279)
(-11.137929 15.237113 297.88006)
(-8.9428143 16.625058 297.62721)
(18.300988 4.5047753 303.89449)
(18.304051 4.4883089 306.88382)
(17.361546 7.3191719 303.8924)
(17.361806 7.3179093 306.88605)
(18.245303 4.7960219 300.89827)
(17.356976 7.3432966 300.89821)
(18.785134 1.5082499 306.86855)
(18.794677 1.4752456 303.92776)
(18.929718 0.985031 301.42789)
(17.35645 7.3446782 312.87413)
(17.361305 7.3194927 309.87852)
(18.245179 4.7964262 312.87275)
(18.300577 4.5067351 309.8601)
(18.948326 0.89741197 313.0521)
(18.781132 1.51259 309.58945)
(14.342678 12.260221 300.8982)
(16.012062 9.9359107 300.8982)
(14.342605 12.260197 303.89243)
(16.012315 9.9343586 303.89223)
(14.345366 12.258369 306.88622)
(16.012498 9.9342127 306.88621)
(14.345303 12.258441 309.88022)
(16.01238 9.9343781 309.88011)
(14.345214 12.25867 312.87424)
(16.011934 9.9364747 312.87424)
(5.3610512 18.201187 303.71387)
(5.3609062 18.201091 306.70576)
(2.9728892 18.628925 303.87418)
(2.9713968 18.628037 306.84981)
(5.3608989 18.201117 300.72022)
(2.9713873 18.628262 300.88343)
(8.5745162 16.949173 306.30361)
(8.9419441 16.626511 304.16919)
(8.9924891 16.584897 300.8982)
(12.419324 13.344051 306.88623)
(11.414429 15.052872 306.88622)
(12.974912 14.000504 303.89487)
(11.135305 15.23898 303.91579)
(12.975438 14.000066 300.8982)
(11.139649 15.235374 300.8982)
(2.8514972 18.776663 313.45639)
(2.9692416 18.62551 309.55178)
(5.7599821 18.122452 312.66038)
(5.3610356 18.200925 309.66768)
(8.5149044 17.005458 312.66039)
(8.5149288 17.005445 309.66638)
(12.419324 13.344051 312.87425)
(11.414326 15.052954 312.87425)
(12.419324 13.344051 309.88024)
(11.414378 15.052913 309.88024)
(18.30044 4.5054998 288.9019)
(18.249352 4.7748937 291.91343)
(17.361688 7.3188148 288.92056)
(17.357415 7.3413504 291.91598)
(18.304603 4.4867962 285.92561)
(17.362122 7.3172566 285.92799)
(18.929211 0.98499597 292.41714)
(18.780839 1.51276 288.63128)
(18.784851 1.5105939 285.90878)
(17.356674 7.3442015 297.90408)
(17.361255 7.3203885 294.90868)
(18.245388 4.7964392 297.90288)
(18.297886 4.5225477 294.89266)
(18.948383 0.89746374 298.08203)
(18.792124 1.4741283 294.65859)
(14.342744 12.259878 285.92813)
(16.012655 9.9337737 285.92813)
(14.342929 12.259835 288.92214)
(16.012583 9.9339405 288.92205)
(14.342594 12.260134 291.91617)
(16.01223 9.9355593 291.91615)
(14.342771 12.260004 294.91038)
(16.012422 9.9341812 294.91007)
(14.3455 12.258338 297.90418)
(16.012214 9.9360259 297.90418)
(5.4722021 18.153123 288.39666)
(5.8892562 17.90863 292.16723)
(2.970071 18.634512 288.93352)
(3.0068616 18.608549 291.93148)
(6.1949394 17.827851 285.8886)
(2.8529408 18.776292 286.54452)
(8.6515452 16.740752 291.93711)
(8.9926291 16.58481 288.92215)
(8.6768878 16.734105 285.9252)
(12.972392 14.001409 291.91631)
(11.111428 15.248307 291.91759)
(12.975609 13.999901 288.92215)
(11.139848 15.235219 288.92215)
(12.97265 14.00128 285.92812)
(11.113229 15.247795 285.92799)
(2.9707567 18.628164 297.88861)
(2.978227 18.624475 294.87547)
(5.3611911 18.201222 297.7262)
(5.4434501 18.160305 294.40803)
(8.5745973 16.949126 297.32158)
(8.9420487 16.626446 295.18716)
(12.419324 13.344051 297.90419)
(11.414583 15.05275 297.90419)
(12.975039 14.000384 294.91284)
(11.135454 15.238863 294.93376)
(-14.345444 12.256896 342.81438)
(-16.014815 9.9300537 342.81438)
(-14.345099 12.257095 339.82035)
(-16.014744 9.9301494 339.82036)
(-12.977696 13.998008 342.81438)
(-12.974248 13.999618 339.82019)
(-16.015129 9.9299333 345.80839)
(-14.34563 12.256919 345.80839)
(-12.977799 13.998011 345.80839)
(-18.305409 4.4823561 342.81436)
(-18.305518 4.4824796 339.82035)
(-17.363757 7.3134696 342.81437)
(-17.363755 7.3135749 339.82036)
(-18.305571 4.4823371 345.80837)
(-17.363896 7.3133425 345.80838)
(-18.785014 1.5089991 339.82041)
(-18.785073 1.5089698 342.81437)
(-18.785165 1.5089449 345.80838)
(-14.127844 12.543573 333.83234)
(-16.399357 9.5151713 333.33045)
(-14.347913 12.254673 330.8603)
(-16.046033 9.9007318 331.09084)
(-12.419324 13.344051 333.83234)
(-12.977803 13.997942 330.84073)
(-16.014972 9.9301887 336.82635)
(-14.345459 12.257118 336.82636)
(-12.977671 13.99813 336.82635)
(-18.307305 4.4816926 333.83219)
(-18.301369 4.5040046 330.85972)
(-17.396668 7.2787053 333.78986)
(-17.365805 7.3133843 330.8612)
(-18.305769 4.4825736 336.82639)
(-17.363826 7.3136251 336.82634)
(-18.781068 1.5116385 331.12935)
(-18.784934 1.5092018 333.8516)
(-18.78531 1.5091417 336.82738)
(-14.344716 12.257571 318.86229)
(-16.014317 9.9309872 318.86239)
(-14.344631 12.257779 315.86827)
(-16.013939 9.9328082 315.86827)
(-12.974201 13.999821 318.86226)
(-12.974137 13.999878 315.86827)
(-16.014268 9.9327505 321.8563)
(-14.344881 12.257704 321.85628)
(-12.974311 13.999823 321.85604)
(-14.344837 12.257531 327.8443)
(-16.014122 9.9326125 327.84432)
(-14.345068 12.257469 324.85031)
(-16.01408 9.9327562 324.85031)
(-12.974055 13.999793 327.84413)
(-12.977439 13.99826 324.8503)
(-18.297866 4.5216187 318.87959)
(-18.245669 4.7958338 321.8575)
(-18.791977 1.4726557 319.11281)
(-18.929515 0.9842165 321.35407)
(-18.250339 4.7721841 315.86934)
(-18.929716 0.98473715 315.33865)
(-17.358637 7.3399116 321.85636)
(-17.362861 7.3172421 318.86365)
(-17.358897 7.3383057 315.86833)
(-18.948515 0.89684631 327.66659)
(-18.948612 0.89672099 324.67227)
(-18.245964 4.7944887 327.84579)
(-18.24245 4.8136586 324.85043)
(-17.358673 7.3397158 327.8444)
(-17.358479 7.3408546 324.8503)
(-2.978912 18.646186 342.84296)
(-3.0581302 18.612915 340.10816)
(-0.52567228 18.953647 343.31231)
(-0.61957789 18.959261 340.02889)
(-2.5066183 18.79605 345.26068)
(-0.044537803 18.881198 345.52928)
(-5.9195498 17.903306 339.59829)
(-5.3617901 18.203194 342.99379)
(-5.8250684 18.077764 346.39101)
(-11.113653 15.246446 339.81879)
(-8.6549516 16.738793 339.80146)
(-11.143072 15.23289 342.81438)
(-8.9937955 16.583042 342.81438)
(-11.143132 15.232858 345.80839)
(-8.9938311 16.583021 345.80839)
(-2.9355164 18.639844 333.8052)
(-2.9692291 18.627803 330.84933)
(0.0058818167 18.850379 333.80659)
(0.00051642709 18.849235 330.83704)
(-2.4944519 18.793152 336.26816)
(0.040290384 18.858212 336.4919)
(-5.3608953 18.201132 331.0159)
(-5.3571175 18.202472 334.00573)
(-5.7886996 18.087987 337.41589)
(-11.142889 15.233035 330.83848)
(-8.9936564 16.583128 330.83834)
(-11.141248 15.235187 333.83234)
(-8.9936183 16.5832 333.83234)
(-11.142983 15.232974 336.82635)
(-8.9937264 16.583086 336.82635)
(-2.4820091 18.831714 318.70452)
(-2.4731609 18.830102 321.74061)
(-6.2550872 17.799905 318.83706)
(-6.2694163 17.792735 321.52782)
(-2.5061793 18.792571 315.31419)
(-6.231226 17.807126 315.86655)
(-0.47863514 18.970668 322.37598)
(-0.55406224 18.984617 319.01979)
(-0.0029930756 18.866899 315.55563)
(-5.8893973 17.908361 327.59724)
(-5.443559 18.159931 325.38246)
(-3.0067681 18.60803 327.85196)
(-2.9827161 18.622752 325.18462)
(-0.0078952691 18.849765 327.851)
(-0.065811566 18.868667 324.94323)
(-11.115368 15.246109 315.86826)
(-8.6803449 16.731087 315.86816)
(-11.115598 15.246009 318.86212)
(-8.6825017 16.730367 318.86028)
(-11.115735 15.245936 321.85403)
(-8.6835444 16.729822 321.82897)
(-11.142774 15.233123 324.8503)
(-8.993586 16.583172 324.85031)
(-11.113266 15.24663 327.8426)
(-8.6524799 16.73925 327.82367)
(16.011468 9.9371101 333.83232)
(17.356634 7.3434741 333.83224)
(16.011805 9.9351816 336.82635)
(17.361146 7.3200877 336.82651)
(14.342145 12.261053 333.83233)
(14.342119 12.260965 336.82634)
(17.361089 7.3199733 330.83673)
(16.012287 9.9349083 330.83822)
(14.345058 12.259 330.83831)
(18.929365 0.98515048 334.362)
(18.794542 1.4761407 336.86229)
(18.249385 4.7745584 333.83108)
(18.301675 4.5037591 336.82841)
(18.780614 1.5128855 330.54747)
(18.300699 4.505742 330.81897)
(16.011696 9.9352438 342.81437)
(17.361293 7.3188502 342.81438)
(16.011644 9.9353292 345.80838)
(17.361272 7.3189493 345.80837)
(14.341765 12.261204 342.81438)
(14.341707 12.261271 345.80838)
(17.361301 7.3187492 339.82038)
(16.011915 9.9352266 339.82035)
(14.342111 12.26105 339.82035)
(18.784541 1.5104078 342.81443)
(18.78463 1.5105905 345.80711)
(18.304453 4.4868964 342.81438)
(18.304572 4.4870582 345.80817)
(18.785437 1.508595 339.8225)
(18.304708 4.4877577 339.82054)
(5.3611143 18.201094 333.6539)
(5.3637992 18.200881 336.64336)
(2.9730761 18.628115 333.81354)
(2.9963566 18.626259 336.76727)
(5.360754 18.201175 330.66047)
(2.9698349 18.628763 330.82472)
(8.9920702 16.585158 336.82634)
(8.9921052 16.585137 333.83233)
(8.5742999 16.949298 330.25571)
(12.974982 14.000577 336.82634)
(11.13906 15.235846 336.82634)
(12.975022 14.000549 333.83233)
(11.13911 15.235808 333.83233)
(12.419324 13.344051 330.83832)
(11.41403 15.053207 330.83832)
(6.2702718 17.792578 343.14284)
(6.2555292 17.800112 345.83263)
(2.825846 18.802197 343.02821)
(2.4138502 18.819538 345.95343)
(5.3986232 18.196886 339.60373)
(3.2952516 18.592054 339.47306)
(8.6808517 16.732265 345.81002)
(8.6824917 16.731461 342.84169)
(8.9920352 16.58518 339.82035)
(12.971878 14.0021 345.80838)
(11.112496 15.248434 345.80844)
(12.971938 14.002053 342.81455)
(11.112704 15.248322 342.81622)
(12.97495 14.000622 339.82035)
(11.139011 15.235885 339.82036)
(18.300944 4.5049257 318.86482)
(18.304252 4.4872808 321.85661)
(17.361361 7.3195833 318.86247)
(17.361614 7.3182785 321.85631)
(18.245521 4.7954929 315.86835)
(17.356901 7.3434246 315.86827)
(18.785389 1.5081208 321.85878)
(18.794668 1.4752822 318.89912)
(18.929712 0.9850552 316.39803)
(17.361373 7.3184106 327.84414)
(17.361443 7.3182563 324.85029)
(18.304348 4.4875562 327.84202)
(18.304698 4.4865658 324.85018)
(18.784575 1.5107352 327.82498)
(18.7851 1.5104874 324.84942)
(14.345171 12.258692 315.86826)
(16.012022 9.9361371 315.86826)
(14.342119 12.260607 318.86228)
(16.012036 9.9347812 318.86228)
(14.342062 12.260667 321.85628)
(16.012003 9.9347816 321.85628)
(14.341999 12.260732 324.85029)
(16.011907 9.9348468 324.85029)
(14.342146 12.260716 327.84452)
(16.011861 9.9349274 327.84431)
(6.269959 17.792715 319.1905)
(6.2512471 17.802095 321.87755)
(2.8256008 18.802222 319.07612)
(2.8256314 18.802219 322.07013)
(5.3595958 18.202311 315.65917)
(2.9603049 18.638538 315.58622)
(8.68082 16.732253 321.85772)
(8.6827219 16.731316 318.88958)
(8.51488 17.005472 315.6544)
(12.972165 14.001744 321.85629)
(11.112871 15.248126 321.85634)
(12.972225 14.001696 318.86246)
(11.11309 15.248007 318.86412)
(12.419324 13.344051 315.86826)
(11.414275 15.052995 315.86826)
(2.9448219 18.63662 327.84402)
(2.4946378 18.793959 325.38103)
(5.4702506 18.153405 327.31773)
(6.1948969 17.82788 324.81203)
(8.9416652 16.626684 328.12129)
(8.6764857 16.734358 324.8474)
(12.974572 14.000821 327.84697)
(11.134906 15.239289 327.86789)
(12.972099 14.001797 324.85028)
(11.112586 15.248296 324.85014)
(-14.345598 12.256656 366.76648)
(-16.014847 9.9313687 366.76649)
(-14.34584 12.256449 363.77247)
(-16.015156 9.9296733 363.77258)
(-12.974836 13.999214 366.7665)
(-12.977994 13.99773 363.77246)
(-16.015518 9.9293642 369.76061)
(-14.345817 12.25652 369.76049)
(-12.974975 13.999188 369.76048)
(-14.34882 12.254331 375.74851)
(-16.015619 9.9289886 375.74851)
(-14.345746 12.256363 372.7545)
(-16.015347 9.9292244 372.7545)
(-12.419324 13.344051 375.7485)
(-12.974944 13.99911 372.75449)
(-18.250362 4.7709258 366.76931)
(-18.301812 4.5009887 369.7807)
(-18.929274 0.98382236 366.26548)
(-18.781138 1.5107178 370.05134)
(-18.298747 4.5182773 363.78998)
(-18.792228 1.4726303 364.02394)
(-17.363937 7.3139281 369.76207)
(-17.359468 7.336779 366.76668)
(-17.363559 7.3155459 363.77386)
(-18.785551 1.5061013 375.74734)
(-18.784947 1.5085139 372.77375)
(-18.305701 4.4825814 375.74829)
(-18.305855 4.482874 372.75676)
(-17.364237 7.3125554 375.74848)
(-17.364262 7.3126667 372.7546)
(-14.345615 12.256697 351.79642)
(-16.014977 9.9298002 351.79641)
(-14.34529 12.256891 348.80239)
(-16.014912 9.9298972 348.8024)
(-12.977824 13.997889 351.79641)
(-12.974612 13.999433 348.80218)
(-16.015268 9.9296947 354.79042)
(-14.345531 12.256849 354.79041)
(-12.974742 13.999399 354.7902)
(-14.345466 12.256792 360.77844)
(-16.014745 9.9315341 360.77845)
(-14.345729 12.256572 357.78444)
(-16.015082 9.9297243 357.78443)
(-12.974522 13.999354 360.77826)
(-12.977909 13.997809 357.78444)
(-18.305472 4.4821958 351.79637)
(-18.305501 4.4830957 354.79012)
(-18.785044 1.5086462 351.79624)
(-18.785819 1.5065314 354.78798)
(-18.305738 4.4823327 348.80238)
(-18.785372 1.5089395 348.80238)
(-17.364006 7.3131379 354.7904)
(-17.363875 7.3132062 351.7964)
(-17.363915 7.313326 348.80239)
(-18.929575 0.98406439 360.24877)
(-18.79506 1.4743867 357.74849)
(-18.250653 4.7706718 360.77954)
(-18.303012 4.4991652 357.78236)
(-17.35946 7.3369066 360.77851)
(-17.363877 7.3142509 357.78432)
(-2.4959226 18.793285 366.23916)
(-2.4111867 18.817271 369.54829)
(-6.1952611 17.827243 366.80705)
(-6.248621 17.802917 369.76203)
(-2.9490928 18.636189 363.77646)
(-5.4697919 18.153629 364.29971)
(0.048589331 18.860937 369.45119)
(0.031776779 18.862921 366.71465)
(-0.030802918 18.862319 363.80774)
(-5.9107275 17.911977 375.49259)
(-6.2281605 17.809107 372.73574)
(-3.0121524 18.604369 376.0217)
(-2.4722441 18.830035 372.63813)
(-0.035126018 18.856275 375.78361)
(-0.47484517 18.969597 373.26818)
(-11.143421 15.232618 363.77246)
(-8.9940398 16.58289 363.77246)
(-11.115998 15.245575 366.76674)
(-8.6781948 16.73229 366.76976)
(-11.116386 15.245389 369.76049)
(-8.6823368 16.730355 369.76059)
(-11.116291 15.245386 372.7544)
(-8.6807155 16.730859 372.75322)
(-11.417566 15.050376 375.74851)
(-8.1443867 17.140536 375.89604)
(-2.991349 18.644584 352.10232)
(-2.5591996 18.805926 354.30888)
(-5.4753191 18.153551 352.32029)
(-6.2039552 17.822877 354.50809)
(-2.4816861 18.831744 348.64464)
(-6.2330076 17.816582 348.52543)
(-0.56238942 18.981734 354.91102)
(-0.61205585 18.962805 352.00688)
(-0.55367437 18.984633 348.95991)
(-5.8899403 17.908481 360.53191)
(-5.4470934 18.160571 358.32019)
(-3.0098213 18.609417 360.78947)
(-3.0183216 18.629145 358.15493)
(-0.037748996 18.85478 360.80308)
(-0.52859546 18.949614 358.34432)
(-11.115957 15.245734 348.80044)
(-8.6811132 16.73153 348.77887)
(-11.143222 15.232773 351.79641)
(-8.9939002 16.582977 351.79641)
(-11.115918 15.245696 354.78843)
(-8.6792126 16.731917 354.76646)
(-11.143321 15.232696 357.78444)
(-8.99397 16.582934 357.78444)
(-11.113813 15.246207 360.77674)
(-8.6528638 16.739048 360.75784)
(18.303964 4.4872543 366.76648)
(18.304079 4.4873811 369.76049)
(17.361 7.3195285 366.76647)
(17.361019 7.319623 369.76048)
(18.304115 4.487292 363.7725)
(17.361079 7.31946 363.77246)
(18.784575 1.5107121 369.76049)
(18.784658 1.510708 366.76649)
(18.784789 1.5105771 363.77263)
(17.360742 7.3197364 375.74851)
(17.360836 7.3196525 372.7545)
(18.304035 4.4875432 375.74852)
(18.304336 4.4875904 372.7545)
(18.784559 1.5107634 375.74851)
(18.7849 1.5108385 372.7545)
(14.341507 12.261476 363.77245)
(16.011264 9.9359533 363.77245)
(14.34141 12.261574 366.76668)
(16.011201 9.9360368 366.76647)
(14.344169 12.259754 369.76047)
(16.011368 9.9359782 369.76047)
(14.344107 12.259818 372.75448)
(16.011272 9.9360447 372.75449)
(14.341273 12.261737 375.7485)
(16.010998 9.9362693 375.7485)
(5.3575282 18.202524 366.5924)
(5.3633765 18.201038 369.58036)
(2.9419658 18.640436 366.7853)
(2.9924386 18.627656 369.72649)
(5.7904839 18.087699 363.15063)
(2.4978761 18.793507 364.30049)
(8.5739484 16.949502 369.17786)
(8.9412119 16.626965 367.04344)
(8.9917545 16.585353 363.77245)
(12.419324 13.344051 369.76048)
(11.413351 15.05373 369.76048)
(12.974021 14.001339 366.76912)
(11.13426 15.239793 366.79004)
(12.974548 14.000896 363.77245)
(11.138604 15.236188 363.77245)
(2.9887098 18.624088 375.44516)
(3.2589695 18.598825 372.71619)
(5.3631319 18.200745 375.53817)
(5.3936141 18.197887 372.57447)
(8.9916145 16.58544 375.7485)
(8.5144164 17.005732 372.54063)
(12.974377 14.001055 375.7485)
(11.138404 15.236343 375.7485)
(12.419324 13.344051 372.75449)
(11.4133 15.05377 372.75449)
(18.300022 4.5068677 351.77626)
(18.249185 4.7749955 354.78919)
(17.360872 7.3206674 351.79482)
(17.356616 7.3431289 354.79035)
(18.304169 4.4882494 348.79987)
(17.361306 7.3191135 348.80224)
(18.929373 0.9851044 355.32008)
(18.780669 1.5130129 351.50555)
(18.784677 1.5108779 348.78303)
(17.360944 7.3193791 360.77847)
(17.360792 7.3205878 357.78463)
(18.304145 4.4881988 360.77877)
(18.301521 4.5039463 357.78679)
(18.785486 1.508457 360.78088)
(18.794877 1.4761394 357.82037)
(14.341549 12.261261 348.80239)
(16.011525 9.9355436 348.80238)
(14.341491 12.261333 351.79639)
(16.011439 9.9357169 351.7963)
(14.341388 12.261536 354.7906)
(16.011099 9.9373281 354.79042)
(14.344391 12.259494 357.78442)
(16.011527 9.9357073 357.78444)
(14.341304 12.261527 360.77843)
(16.011256 9.9358605 360.77844)
(6.25472 17.800724 351.79772)
(6.2474913 17.805604 354.8065)
(2.8259379 18.802188 352.01025)
(2.8259686 18.802185 355.00426)
(6.2532777 17.801156 348.80392)
(2.8259073 18.802191 349.01624)
(8.6468526 16.762166 355.04149)
(8.680979 16.732246 351.7965)
(8.680388 16.732468 348.80245)
(12.9714 14.002461 354.79277)
(11.109628 15.251006 354.81141)
(12.971747 14.002139 351.7964)
(11.112436 15.248486 351.79641)
(12.971778 14.002104 348.80239)
(11.112381 15.248489 348.80239)
(3.0012756 18.614579 360.53374)
(2.8566868 18.774038 358.37185)
(5.9349869 17.901501 360.71778)
(6.1964071 17.835476 357.74329)
(8.6544322 16.740695 360.77406)
(8.2466123 17.079661 357.28184)
(12.971439 14.002316 360.77842)
(11.11051 15.249172 360.77823)
(12.419324 13.344051 357.78443)
(11.413556 15.053566 357.78443)
(-14.346641 12.255508 405.68863)
(-16.015945 9.9282854 405.68864)
(-14.346294 12.255717 402.69461)
(-16.015851 9.9285007 402.69474)
(-12.978588 13.997171 405.68863)
(-12.975118 13.998786 402.69443)
(-16.016494 9.9280012 408.68264)
(-14.349576 12.253692 408.68264)
(-12.419324 13.344051 408.68263)
(-18.30554 4.4822096 405.69125)
(-18.301894 4.5008993 402.71473)
(-17.364552 7.311704 405.6888)
(-17.364249 7.3132856 402.6962)
(-18.30598 4.4809039 408.68283)
(-17.364728 7.3114682 408.68264)
(-18.781112 1.510513 402.9855)
(-18.784844 1.5082257 405.70804)
(-18.785198 1.5079961 408.68368)
(-14.34647 12.255714 396.70659)
(-16.015775 9.9286302 396.70656)
(-14.330624 12.283961 393.71256)
(-15.836797 10.252276 393.71258)
(-12.978461 13.997291 396.70659)
(-12.973579 14.001847 393.71233)
(-16.015727 9.9303853 399.70061)
(-14.346634 12.255851 399.70061)
(-12.978562 13.997299 399.7006)
(-18.304184 4.4963143 396.70219)
(-18.327326 4.4514883 393.68295)
(-17.36433 7.3130893 396.70624)
(-17.678866 6.8495374 393.21219)
(-18.251303 4.7685892 399.70169)
(-17.360071 7.3356598 399.70066)
(-18.786832 1.5039433 393.72834)
(-18.795117 1.4727153 396.67083)
(-18.929712 0.98367897 399.17111)
(-14.349063 12.254264 381.73835)
(-16.017208 9.9296856 381.75763)
(-14.372866 12.238274 378.74252)
(-16.017595 9.9277157 378.7425)
(-12.419324 13.344051 381.73653)
(-13.287058 13.790951 378.74252)
(-15.836936 10.252486 384.73052)
(-14.331372 12.283094 384.73031)
(-12.976459 14.000399 384.72773)
(-14.346265 12.255745 390.72047)
(-16.017979 9.9259802 390.74067)
(-14.346263 12.256085 387.72474)
(-16.015175 9.9310152 387.72682)
(-12.97498 13.998923 390.71878)
(-12.978331 13.997424 387.72457)
(-18.266466 4.7576325 381.70761)
(-18.484103 4.3657301 384.11242)
(-18.929647 0.98355556 381.20668)
(-18.948501 0.89587203 384.55246)
(-18.304031 4.4974937 378.73826)
(-18.795258 1.4738257 378.70653)
(-17.580442 7.1870038 384.14391)
(-17.381205 7.3234448 381.979)
(-17.364314 7.3134167 378.74223)
(-18.781428 1.5103075 391.01212)
(-18.948481 0.89613495 387.54683)
(-18.304517 4.4994752 390.77581)
(-18.24038 4.8056432 388.05539)
(-17.391406 7.2795356 390.97334)
(-17.35891 7.3391426 387.75199)
(-2.9707491 18.626701 405.69949)
(-3.0049081 18.607852 402.68182)
(0.0048480768 18.84695 405.66899)
(0.0025143119 18.846133 402.69391)
(-2.9771219 18.625317 408.69476)
(0.0054711329 18.844799 408.38953)
(-5.8894487 17.908423 402.44383)
(-5.3608697 18.201017 405.86614)
(-5.4431567 18.160481 409.1797)
(-11.114504 15.24567 402.69288)
(-8.6532774 16.738807 402.67368)
(-11.144117 15.232075 405.68863)
(-8.9945285 16.582587 405.68863)
(-11.418141 15.049935 408.68264)
(-8.541865 16.963583 409.26676)
(-2.9671847 18.625643 397.01473)
(-2.4980306 18.791411 393.18318)
(0.0041584567 18.849576 396.72366)
(0.033776272 18.860446 393.67669)
(-2.9762774 18.624217 399.75467)
(0.001805721 18.848769 399.7039)
(-6.2410428 17.801205 393.38728)
(-5.3604823 18.200884 396.91732)
(-5.4431847 18.160232 400.20423)
(-11.11666 15.245231 393.71034)
(-8.6823372 16.72992 393.6855)
(-11.143968 15.232192 396.70659)
(-8.9944238 16.582652 396.70659)
(-11.144028 15.23216 399.7006)
(-8.9944594 16.582631 399.7006)
(-2.9688904 18.628508 381.75147)
(-2.9711447 18.629055 384.74858)
(-5.3606989 18.201208 381.91443)
(-5.3610212 18.201274 384.90875)
(-2.9737606 18.62777 378.77653)
(-5.3612761 18.201181 378.92222)
(-0.031638174 18.860584 384.76738)
(-0.0027005363 18.849959 381.72503)
(-0.033598058 18.860999 378.78025)
(-5.912251 17.904211 390.73126)
(-5.4447576 18.159922 388.2523)
(-2.9747959 18.61932 390.68628)
(-2.9761426 18.625263 387.75953)
(0.0025451785 18.849521 390.71409)
(-0.0033845757 18.850653 387.73024)
(-11.032413 15.491419 378.95637)
(-8.5164802 17.004576 378.95638)
(-11.417669 15.050294 381.73654)
(-8.5762088 16.948081 382.31914)
(-11.13933 15.236088 384.70641)
(-8.9438241 16.624433 384.45356)
(-11.143819 15.232308 387.72456)
(-8.9943191 16.582717 387.72456)
(-11.114429 15.245806 390.7187)
(-8.6547464 16.73863 390.71991)
(16.010334 9.9388831 396.70659)
(17.355815 7.3453398 396.70649)
(16.01091 9.9367936 399.70061)
(17.360347 7.3219333 399.70076)
(14.340909 12.26247 396.7068)
(14.343698 12.260495 399.70059)
(17.360273 7.3218302 393.71098)
(16.011156 9.9366782 393.71247)
(14.343861 12.260385 393.71256)
(18.929221 0.98504955 397.23625)
(18.794366 1.4763968 399.73654)
(18.24892 4.7761199 396.70533)
(18.301239 4.5052215 399.70266)
(18.78044 1.5131415 393.42172)
(18.300262 4.5072039 393.69322)
(16.010564 9.937015 405.68863)
(17.360477 7.3207069 405.68863)
(16.010768 9.936932 408.68263)
(17.360474 7.320794 408.68262)
(14.340546 12.262609 405.68881)
(14.343528 12.260687 408.68263)
(17.360483 7.3206066 402.69463)
(16.010764 9.9370058 402.69461)
(14.340659 12.262552 402.69462)
(18.784362 1.5106873 405.68868)
(18.784456 1.5108747 408.68136)
(18.304018 4.4883536 405.68863)
(18.304138 4.4885159 408.68242)
(18.785262 1.5088783 402.69675)
(18.304274 4.4892162 402.69479)
(5.3610885 18.201088 396.52874)
(5.3614187 18.200926 399.52292)
(2.9722677 18.628062 396.69322)
(2.9750222 18.626587 399.68862)
(5.3612668 18.201191 393.53444)
(2.9738812 18.628942 393.69634)
(8.5736781 16.949658 399.11798)
(8.9408639 16.627181 396.98356)
(8.5142456 17.005827 393.49871)
(12.419324 13.344051 399.7006)
(11.412848 15.054145 399.70059)
(12.973646 14.001788 396.70924)
(11.133771 15.240187 396.73016)
(12.419324 13.344051 393.71257)
(11.412951 15.054064 393.71257)
(5.8930031 17.910766 405.6885)
(5.4459679 18.160077 408.15218)
(3.0123984 18.606311 405.6833)
(3.0026339 18.62131 408.60391)
(5.9242873 17.889357 402.98445)
(3.0129389 18.605464 402.71246)
(8.5390258 16.965309 408.09623)
(8.6431479 16.761413 405.93314)
(8.6532776 16.739887 402.71873)
(12.419324 13.344051 408.68263)
(11.412694 15.054268 408.68263)
(12.97076 14.003148 405.69097)
(11.108921 15.251497 405.70944)
(12.970906 14.002909 402.69477)
(11.109799 15.249637 402.69624)
(18.30388 4.4876054 381.73654)
(18.30398 4.4877328 384.73054)
(17.360827 7.3199602 381.73653)
(17.360808 7.320077 384.73054)
(18.30417 4.4876532 378.74253)
(17.360926 7.3199174 378.74252)
(18.784538 1.510782 384.73049)
(18.784637 1.5107912 381.73654)
(18.784883 1.5108428 378.74253)
(17.360574 7.3202553 390.71839)
(17.360645 7.3200982 387.72454)
(18.303913 4.4890105 390.71627)
(18.304268 4.4879856 387.72441)
(18.784388 1.5110174 390.69923)
(18.784882 1.51092 387.72352)
(14.34096 12.261941 378.74272)
(16.010986 9.9363848 378.74252)
(14.34394 12.260017 381.73652)
(16.011147 9.9363128 381.73652)
(14.341069 12.261969 384.73074)
(16.010885 9.9365451 384.73055)
(14.343822 12.260147 387.72454)
(16.011003 9.9364663 387.72455)
(14.343765 12.260213 390.71855)
(16.010945 9.9365516 390.71855)
(5.9061038 17.923406 381.66562)
(5.7873636 18.090265 384.1078)
(2.9748274 18.617177 381.48214)
(2.4970316 18.793348 385.2589)
(6.2373961 17.805824 379.08474)
(2.5006511 18.791322 379.24452)
(8.9410942 16.626957 385.00621)
(8.2192878 17.087885 381.23439)
(8.6452251 16.762539 379.0186)
(12.973772 14.00157 384.73312)
(11.133996 15.239973 384.75362)
(12.419324 13.344051 381.73653)
(11.413146 15.053893 381.73652)
(12.971103 14.002761 378.74508)
(11.109479 15.251231 378.7655)
(2.9690371 18.629222 390.70658)
(2.9386135 18.640051 387.74733)
(5.3611332 18.201325 390.54094)
(5.3580857 18.202564 387.55039)
(8.51427 17.005814 390.5047)
(8.5726282 16.950122 387.14059)
(12.419324 13.344051 390.71856)
(11.412992 15.054015 390.71856)
(12.419324 13.344051 387.72455)
(11.413043 15.053974 387.72455)
(-14.347053 12.255024 429.64049)
(-16.016355 9.927715 429.64069)
(-14.34979 12.253207 426.64671)
(-16.016535 9.9275507 426.64671)
(-12.978415 13.997278 429.63791)
(-12.419324 13.344051 426.64671)
(-16.016548 9.9292978 432.63474)
(-14.350009 12.253285 432.63474)
(-12.419324 13.344051 432.63473)
(-14.161435 12.520861 438.62379)
(-16.462702 9.4399376 438.80053)
(-14.347138 12.254914 435.62875)
(-16.016475 9.9275387 435.62883)
(-12.419468 13.343972 438.62274)
(-12.978109 13.99752 435.62871)
(-18.302892 4.4976229 429.63825)
(-18.251312 4.7679292 432.63572)
(-18.794873 1.4724071 429.60393)
(-18.929644 0.98323091 432.10515)
(-18.30596 4.4813422 426.64639)
(-18.785831 1.5054396 426.64432)
(-17.360472 7.3346638 432.63479)
(-17.364636 7.3122708 429.64052)
(-17.364888 7.3110466 426.64668)
(-18.780906 1.5099952 438.35263)
(-18.780864 1.5102079 435.89802)
(-18.305828 4.4980417 438.5855)
(-18.302537 4.500529 435.6446)
(-17.402994 7.271031 438.63553)
(-17.364816 7.3121189 435.62988)
(-14.349561 12.253471 414.67067)
(-16.016316 9.9278831 414.67066)
(-14.346461 12.255526 411.67643)
(-16.016042 9.9281223 411.67664)
(-12.419324 13.344051 414.67066)
(-12.975174 13.99887 411.67398)
(-16.016656 9.9277471 417.66468)
(-14.349747 12.253494 417.66468)
(-12.419324 13.344051 417.66467)
(-14.346941 12.255147 423.65246)
(-16.016276 9.9277756 423.65268)
(-14.349676 12.253339 420.65869)
(-16.016437 9.9277188 420.65869)
(-12.97833 13.997357 423.64988)
(-12.419324 13.344051 420.65868)
(-18.305904 4.4806281 414.67065)
(-18.306079 4.4806107 417.66466)
(-18.785046 1.5078323 414.67065)
(-18.785186 1.507825 417.66466)
(-18.306162 4.4808202 411.67664)
(-18.785415 1.5079844 411.67667)
(-17.364849 7.3111977 417.66467)
(-17.364703 7.3113275 414.67065)
(-17.364731 7.3114586 411.67664)
(-18.785146 1.507565 423.65257)
(-18.785285 1.5077677 420.65867)
(-18.306283 4.4805651 423.65267)
(-18.306453 4.4806657 420.65867)
(-17.364894 7.3111009 423.65269)
(-17.364911 7.3111981 420.65868)
(-2.9739772 18.631252 429.65738)
(-2.9467049 18.640352 432.61565)
(-5.3611699 18.201498 429.81886)
(-5.4245073 18.182666 433.10003)
(-3.0053693 18.635867 426.69666)
(-5.3647042 18.202036 426.82845)
(-0.034307658 18.860422 432.38526)
(-0.075159593 18.87012 429.67407)
(-0.52989676 18.951671 427.17754)
(-5.7599245 18.122384 438.4089)
(-5.7324506 18.120255 435.06726)
(-2.480897 18.831808 438.46498)
(-2.5543566 18.805582 435.11613)
(-0.55270002 18.984678 438.78026)
(-0.56102487 18.981736 435.74652)
(-11.418438 15.049681 426.64671)
(-8.5766137 16.947846 427.22932)
(-11.140118 15.235407 429.61659)
(-8.9443453 16.624109 429.36374)
(-11.418552 15.049608 432.63473)
(-8.5720879 16.951597 433.24946)
(-11.13681 15.238144 435.62855)
(-8.9051173 16.656491 435.62754)
(-11.033416 15.490686 438.40889)
(-8.5712036 16.951977 438.00718)
(-2.5613875 18.804361 414.15589)
(-3.008291 18.633974 418.01319)
(-5.7597863 18.122435 414.88453)
(-5.3649727 18.201812 417.87979)
(-3.0198158 18.628231 411.63637)
(-5.8910641 17.911371 411.40428)
(-0.53059099 18.951404 418.22394)
(-0.56189762 18.9816 414.78822)
(-0.61484666 18.961031 411.84887)
(-5.3610471 18.201262 423.82908)
(-5.3613918 18.20133 420.83921)
(-2.9746667 18.629637 423.65371)
(-2.9776027 18.63019 420.69633)
(-0.036680091 18.859569 423.40449)
(-0.075173475 18.870114 420.69388)
(-11.114038 15.247301 411.65365)
(-8.6463203 16.758734 411.41174)
(-11.418233 15.049845 414.67066)
(-8.5167725 17.004412 414.88452)
(-11.418295 15.049812 417.66467)
(-8.5167968 17.004398 417.87853)
(-11.418335 15.049763 420.65869)
(-8.5765597 16.947877 421.2413)
(-11.140019 15.235484 423.62856)
(-8.9442757 16.624152 423.37572)
(18.299524 4.5321971 429.63927)
(18.298782 4.535956 432.61229)
(17.359867 7.3247885 429.64064)
(17.3598 7.3251699 432.63296)
(18.248231 4.7957196 426.63017)
(17.382965 7.3113549 426.39558)
(18.771007 1.8700177 432.3102)
(18.786276 1.7938741 429.65716)
(18.928616 1.0126639 427.17496)
(17.410355 7.2822227 438.82541)
(17.358096 7.3439478 435.65032)
(18.316903 4.5109863 438.59362)
(18.250137 4.7791407 435.62649)
(18.799547 1.7272817 438.62052)
(18.929668 1.0054112 436.15481)
(14.340472 12.262757 426.64496)
(16.012071 9.936598 426.62575)
(14.34001 12.263054 429.64072)
(16.01004 9.9380156 429.64071)
(14.339945 12.263137 432.63489)
(16.009987 9.9381193 432.63463)
(14.345633 12.258711 435.65069)
(16.041665 9.90888 435.8819)
(14.154148 12.528988 438.62172)
(16.396767 9.5224501 438.14352)
(6.2713707 17.792158 429.94285)
(6.2695261 17.794218 432.35475)
(2.4112885 18.818184 429.8209)
(2.5283674 18.78994 433.10685)
(5.5017934 18.149794 426.08974)
(3.2635307 18.602258 426.31623)
(8.6703643 16.752968 432.85697)
(8.6816846 16.73198 429.66593)
(8.9910198 16.585809 426.6467)
(12.970513 14.003405 432.63686)
(11.110295 15.251233 432.65362)
(12.970657 14.003167 429.64089)
(11.111267 15.24943 429.64244)
(12.973671 14.001719 426.64656)
(11.137559 15.237001 426.6467)
(2.8266514 18.802127 438.83661)
(3.2545126 18.606598 435.35763)
(5.7599383 18.122513 438.83661)
(5.3935043 18.198751 435.77423)
(8.5137336 17.006108 438.83662)
(8.5414055 16.964678 435.03916)
(12.41917 13.344187 438.62277)
(11.027432 15.495094 438.83662)
(12.419312 13.344063 435.62875)
(11.412233 15.054616 435.62891)
(18.299569 4.5085238 414.65041)
(18.248486 4.779606 417.66192)
(17.360055 7.3225369 414.66906)
(17.355783 7.345204 417.66448)
(18.303734 4.4897158 411.67412)
(17.360492 7.3209702 411.6765)
(18.92805 1.0155898 418.16255)
(18.78049 1.5131811 414.37979)
(18.784505 1.5111552 411.65728)
(17.669488 6.8901856 424.15497)
(17.359695 7.3258938 420.65717)
(18.268583 4.766749 423.68804)
(18.297945 4.5462489 420.64117)
(18.948054 0.89459822 423.83065)
(18.783508 1.8043188 420.37512)
(14.340595 12.262531 411.67664)
(16.010408 9.9373068 411.67664)
(14.340292 12.262718 414.67066)
(16.010308 9.9374871 414.67056)
(14.340458 12.262784 417.66466)
(16.009983 9.9391005 417.66466)
(14.340176 12.262865 420.65868)
(16.010153 9.9378645 420.65856)
(14.324561 12.290955 423.65269)
(15.830891 10.261164 423.65269)
(6.2050553 17.823037 414.95123)
(5.5044537 18.149681 417.13696)
(2.8911605 18.772218 415.24833)
(3.294329 18.600975 417.3444)
(5.3988084 18.196845 411.45988)
(3.2962698 18.591663 411.32797)
(8.9911247 16.585744 417.66466)
(8.6764968 16.734406 414.6941)
(8.9911947 16.5857 411.67664)
(12.973783 14.001617 417.66467)
(11.137708 15.236885 417.66467)
(12.970835 14.002985 414.67082)
(11.111176 15.249402 414.67226)
(12.973869 14.001532 411.67664)
(11.137807 15.236808 411.67664)
(2.5284685 18.789566 424.12074)
(2.4114972 18.818253 420.83859)
(6.1991362 17.826701 423.63595)
(6.2647583 17.795258 420.98407)
(8.6760264 16.7348 423.65161)
(8.6810698 16.732251 420.68584)
(12.969021 14.006126 423.65269)
(11.110916 15.249727 423.65266)
(12.970775 14.003052 420.65886)
(11.111342 15.249347 420.66053)
(-11.142613 15.211009 480.52947)
(-8.6965733 16.722216 480.56642)
(-11.125555 15.24131 483.53328)
(-8.6702296 16.731883 483.53651)
(-13.156004 13.648132 480.40248)
(-12.982559 13.992109 483.53304)
(-9.0053294 16.57845 477.5448)
(-11.153284 15.228826 477.54481)
(-12.985257 13.990877 477.54483)
(-10.73802 15.655709 471.37943)
(-8.964705 16.619762 471.5399)
(-11.15396 15.228451 474.5508)
(-9.0047771 16.57848 474.55079)
(-13.294231 13.783585 471.55365)
(-12.985706 13.990609 474.55083)
(-2.49843 18.82945 480.38102)
(-2.4969988 18.829629 477.38705)
(-0.57170828 18.984398 480.69633)
(-0.57007004 18.984428 477.70235)
(-3.072671 18.605011 483.86693)
(-0.55087517 18.947027 484.09115)
(-5.773553 18.118058 477.33094)
(-6.2580478 17.795038 480.86883)
(-5.9653344 17.880663 483.57655)
(-0.56513169 18.984614 471.71461)
(-0.56677047 18.984586 474.70861)
(-2.4924677 18.830127 471.39931)
(-2.4938977 18.829948 474.3933)
(-5.7714334 18.118704 471.34294)
(-5.7724874 18.118382 474.33694)
(-10.683736 15.682886 495.33299)
(-8.6124506 16.778233 495.46931)
(-10.652798 15.70817 498.59016)
(-8.9040486 16.642519 498.43416)
(-12.412866 13.343652 495.51861)
(-13.284115 13.788496 498.49697)
(-8.6250788 16.773082 492.49885)
(-10.694682 15.676305 492.33958)
(-12.420041 13.342598 492.5193)
(-10.699403 15.673034 486.35007)
(-8.6323021 16.768883 486.51252)
(-11.123025 15.242938 489.52131)
(-8.665329 16.733863 489.52104)
(-12.426766 13.340292 486.52752)
(-12.980578 13.993805 489.52137)
(-3.0181802 18.601562 495.19)
(-0.03702393 18.862949 495.46582)
(-2.9824356 18.640822 498.409)
(0.26782401 18.878219 498.09625)
(-5.9194789 17.891977 495.1941)
(-5.8767375 17.936527 498.40943)
(-0.020468844 18.848203 492.48973)
(-3.0254872 18.60238 492.48961)
(-5.9326643 17.89097 492.49187)
(-0.053891663 18.853577 486.56802)
(-0.019321968 18.846559 489.51907)
(-3.0340586 18.602379 486.55091)
(-3.0283757 18.602068 489.52026)
(-5.9407128 17.888418 486.52947)
(-5.9390972 17.887759 489.51966)
(-18.306897 4.4774041 480.53917)
(-18.306711 4.4786084 477.54776)
(-17.368427 7.3053999 480.53991)
(-17.366571 7.306762 477.54513)
(-18.307088 4.4772674 483.53171)
(-17.36661 7.3066611 483.53287)
(-18.784895 1.5062984 477.56514)
(-18.78529 1.5060988 480.54019)
(-18.78538 1.5060676 483.53258)
(-17.385018 7.3161466 471.29669)
(-17.36621 7.308022 474.55276)
(-18.271362 4.725994 471.57976)
(-18.304509 4.4942861 474.57265)
(-18.932159 0.97523156 471.03422)
(-18.781596 1.5082934 474.84189)
(-14.349717 12.247745 483.53298)
(-16.018926 9.9221224 483.53295)
(-14.628741 12.056361 480.67614)
(-16.041778 9.9065693 480.55056)
(-14.349765 12.247721 477.54488)
(-16.018894 9.9221347 477.54492)
(-14.34978 12.247722 474.55088)
(-16.018814 9.9222198 474.55104)
(-14.377207 12.23011 471.5341)
(-16.042098 9.9152327 471.29419)
(-18.303681 4.4774028 489.22818)
(-18.570331 3.8966139 492.6959)
(-18.786816 1.5058505 489.48342)
(-18.814906 1.5000389 492.56356)
(-18.309479 4.4746506 486.50837)
(-18.785739 1.5059985 486.52236)
(-17.621484 7.1506141 492.72891)
(-17.366313 7.3065964 489.49662)
(-17.405146 7.2647122 486.54094)
(-14.160818 12.515404 492.51689)
(-16.30266 9.7942454 492.73005)
(-14.349167 12.248371 489.52109)
(-16.018792 9.9222787 489.51942)
(-14.161152 12.515101 486.52708)
(-16.464347 9.4362795 486.70405)
(-18.30534 4.916617 498.3586)
(-18.82634 1.1479128 498.06155)
(-18.462442 3.9374814 496.41)
(-18.803331 1.4479631 495.54604)
(-17.383157 7.2878729 498.42153)
(-17.627942 7.1350032 495.72319)
(-14.386054 12.205462 498.43319)
(-16.04136 9.8731874 498.42644)
(-14.164894 12.510988 495.5146)
(-16.309623 9.7822592 495.72614)
(-11.03601 15.488888 450.38491)
(-8.1412196 17.141782 450.45014)
(-11.036767 15.488362 453.37892)
(-8.5212089 17.002205 453.37892)
(-12.422987 13.341512 450.59867)
(-12.424007 13.340782 453.59268)
(-8.5193376 17.003132 447.39089)
(-11.035253 15.489413 447.39089)
(-12.421968 13.342242 447.60466)
(-11.033832 15.490398 441.40288)
(-8.5175855 17.004 441.40288)
(-11.034503 15.489933 444.39688)
(-8.1395718 17.142619 444.46476)
(-12.420049 13.343597 441.61667)
(-12.420958 13.342964 444.61066)
(-3.0064034 18.608984 450.61203)
(-2.9810026 18.622744 447.59296)
(-0.0012435999 18.846188 450.60018)
(-0.002865664 18.848938 447.61068)
(-2.9831175 18.622223 453.56022)
(-0.00051856543 18.846796 453.59076)
(-5.4421064 18.162204 447.10647)
(-5.8544701 17.938105 450.83637)
(-5.4449426 18.161418 453.08951)
(-0.47351489 18.969607 442.13349)
(-0.034421461 18.856703 444.67083)
(-2.4710222 18.83018 441.4994)
(-3.0090689 18.606005 444.92048)
(-5.7605041 18.122199 441.40289)
(-5.8537486 17.938435 444.87129)
(-11.039789 15.486265 465.35496)
(-8.5249458 17.000351 465.35496)
(-11.040476 15.485789 468.34895)
(-8.525828 16.999916 468.34895)
(-12.428072 13.337873 465.56873)
(-12.428941 13.33731 468.56275)
(-8.5240154 17.000813 462.36095)
(-11.039038 15.486786 462.36095)
(-12.427065 13.33859 462.57472)
(-10.691575 15.679686 456.44072)
(-8.5969447 16.798074 456.84664)
(-11.038281 15.487312 459.36694)
(-8.2190874 17.088205 459.07772)
(-12.425027 13.340051 456.5867)
(-12.426046 13.33932 459.58071)
(-2.5644362 18.803758 465.04892)
(-2.9555313 18.635148 462.48267)
(-0.57213735 18.981549 465.68587)
(0.0015452314 18.844061 462.27696)
(-2.4927686 18.830164 468.40506)
(-0.56523281 18.984507 468.72035)
(-5.4461907 18.16132 462.03887)
(-5.7692984 18.119376 465.35497)
(-5.7703904 18.119028 468.34896)
(-0.0034387864 18.845628 456.5866)
(-0.0039542693 18.845759 459.56058)
(-3.0151041 18.604911 456.60474)
(-3.0112125 18.608143 459.57185)
(-5.9236518 17.893591 456.89009)
(-5.8712085 17.931795 459.53041)
(-18.521511 4.3020157 450.81261)
(-18.521443 4.3022746 447.8186)
(-17.619769 7.1547076 450.81261)
(-17.619603 7.1551008 447.8186)
(-18.521579 4.3017568 453.80662)
(-17.619935 7.1543143 453.80662)
(-18.948415 0.89510357 447.78249)
(-18.948535 0.89483217 450.77669)
(-18.948523 0.89466108 453.77072)
(-17.720397 6.804962 441.75646)
(-17.619438 7.1554902 444.82459)
(-18.271702 4.7593272 441.30226)
(-18.569321 3.8911078 444.75916)
(-18.931287 0.9782982 442.11906)
(-18.812794 1.424721 444.37223)
(-14.160058 12.517105 453.59371)
(-16.300599 9.7976742 453.80663)
(-14.159631 12.517594 450.5997)
(-16.300308 9.7981526 450.81262)
(-14.159204 12.518084 447.60569)
(-16.300016 9.7986309 447.81861)
(-14.158781 12.518568 444.61168)
(-16.299727 9.7991043 444.8246)
(-14.158403 12.519001 441.61768)
(-16.299469 9.7995288 441.8306)
(-18.521853 4.3007174 465.78267)
(-18.521785 4.3009762 462.78865)
(-17.6206 7.1527395 465.78268)
(-17.620435 7.1531311 462.78866)
(-18.532473 3.9987985 469.09153)
(-17.582876 7.1816558 469.14863)
(-18.948503 0.89433591 462.75292)
(-18.932262 0.97514776 466.09867)
(-18.82121 1.4026115 468.59879)
(-17.620101 7.1539208 456.80064)
(-17.620268 7.1535264 459.79465)
(-18.521647 4.3014976 456.80063)
(-18.521716 4.3012374 459.79464)
(-18.948525 0.89455652 456.76473)
(-18.948523 0.89444709 459.75875)
(-14.16215 12.514712 468.56377)
(-16.257771 9.819119 469.14866)
(-14.161764 12.515151 465.56976)
(-16.301764 9.7957618 465.78269)
(-14.16134 12.515636 462.57575)
(-16.301475 9.796237 462.78867)
(-14.160913 12.516126 459.58174)
(-16.301182 9.7967166 459.79466)
(-14.160485 12.516616 456.58773)
(-16.300891 9.7971956 456.80065)
(16.450881 9.4608009 489.3405)
(17.388842 7.3153159 489.4775)
(16.29038 9.8143022 492.73009)
(17.613841 7.1692904 492.72862)
(14.114968 12.557682 489.52112)
(14.438415 12.356157 492.36001)
(17.35691 7.3316781 486.52343)
(16.007454 9.9444781 486.52672)
(14.359603 12.254006 486.52697)
(18.94741 0.89445847 489.66481)
(18.966264 0.95837979 492.75475)
(18.238915 4.817636 489.18984)
(18.519075 4.3118965 492.72742)
(18.769629 1.8756008 486.19734)
(18.297444 4.5400741 486.48453)
(16.057284 9.8843114 498.40899)
(14.679507 12.001429 498.55735)
(16.300046 9.7979755 495.72622)
(14.12588 12.547056 495.51536)
(17.290122 7.5652975 498.14034)
(17.573868 7.2059 496.08378)
(18.81513 1.3967313 498.15827)
(18.592621 3.7906365 498.55436)
(18.93481 0.98102905 496.00591)
(18.52348 4.2953582 495.71945)
(5.9060239 17.895495 489.23069)
(5.3382619 18.207504 492.65822)
(2.9909086 18.609183 489.4855)
(2.9520055 18.627511 492.23416)
(5.8947241 17.915054 486.53743)
(2.9813423 18.620547 486.57041)
(8.494517 17.015545 492.72988)
(8.6364072 16.748414 489.49702)
(8.5959095 16.802737 486.29771)
(13.396945 13.473737 492.67527)
(11.014177 15.503647 492.73013)
(12.405176 13.35285 489.52138)
(11.094774 15.261164 489.51957)
(13.272136 13.805285 486.52705)
(10.671285 15.69383 486.67673)
(2.3498639 18.836227 498.54563)
(2.3862679 18.822184 495.67649)
(6.1383053 17.851195 498.14121)
(5.7789591 18.093059 496.08445)
(8.2735888 16.95128 498.39052)
(8.4812336 17.022044 495.72515)
(13.423844 13.427298 498.33745)
(10.958441 15.541334 498.62074)
(12.404223 13.348663 495.51776)
(11.393543 15.069018 495.51432)
(18.568341 3.9063826 474.37306)
(18.567383 3.9117816 477.36574)
(17.612933 7.1713577 474.33711)
(17.612694 7.1719235 477.33112)
(18.518704 4.3132815 471.3431)
(17.613162 7.1708148 471.34309)
(18.817301 1.517963 477.51941)
(18.824821 1.4738349 474.53671)
(18.932898 0.98731658 472.07835)
(17.357209 7.3298172 483.53429)
(17.72097 6.7846915 480.39489)
(18.30344 4.5156773 483.54816)
(18.327809 4.4590309 480.81578)
(18.77631 1.8373079 483.51019)
(18.798952 1.5752609 480.54198)
(14.149168 12.534691 471.5559)
(16.289972 9.8151165 471.34308)
(14.148505 12.535435 474.54991)
(16.289559 9.8157921 474.3371)
(14.147813 12.536209 477.54393)
(16.289126 9.8164973 477.33111)
(14.147132 12.536969 480.53794)
(16.288702 9.8171863 480.32511)
(14.335526 12.269815 483.53299)
(16.005185 9.9457539 483.53306)
(5.7455253 18.12715 474.7648)
(5.7438647 18.127677 477.75881)
(2.8108988 18.804648 474.76475)
(2.8091216 18.80492 477.75876)
(5.7471492 18.126632 471.77078)
(2.8126426 18.804378 471.77075)
(8.4999574 17.012928 477.75883)
(8.5013887 17.012221 474.76482)
(8.5027857 17.01153 471.7708)
(12.405266 13.354176 477.54493)
(11.016336 15.502809 477.75883)
(12.406392 13.353375 474.55092)
(11.017476 15.502012 474.76482)
(12.407519 13.352574 471.55691)
(11.01859 15.501232 471.7708)
(2.836513 18.777589 484.15262)
(2.8073581 18.805189 480.75277)
(5.7688626 18.094843 484.14946)
(5.7422127 18.128201 480.75283)
(8.5190341 16.9773 484.12216)
(8.4985351 17.013629 480.75285)
(12.403443 13.355367 483.53303)
(11.400255 15.063381 483.53303)
(12.404173 13.354944 480.53896)
(11.015206 15.503598 480.75285)
(18.519006 4.312131 459.36704)
(18.518932 4.3124096 462.36105)
(17.613906 7.169052 459.36703)
(17.613727 7.1694759 462.36104)
(18.519079 4.3118523 456.37303)
(17.614086 7.1686281 456.37302)
(18.948079 0.89699109 462.39696)
(18.948091 0.89699438 459.40293)
(18.948146 0.89704142 456.40893)
(17.613363 7.1703361 468.34907)
(17.613547 7.1699007 465.35506)
(18.564417 3.9486328 468.38458)
(18.518859 4.3126888 465.35506)
(18.789942 1.8417121 468.545)
(18.947925 0.89531672 465.39107)
(14.151627 12.531883 456.58582)
(16.291608 9.8124337 456.37301)
(14.151164 12.532414 459.57983)
(16.291291 9.8129521 459.36702)
(14.1507 12.532946 462.57384)
(16.290975 9.8134706 462.36103)
(14.150235 12.533479 465.56786)
(16.290658 9.8139902 465.35505)
(14.149743 12.534041 468.56188)
(16.290332 9.8145245 468.34906)
(5.9149675 17.89786 459.58101)
(5.8836818 17.923167 462.56353)
(3.0092531 18.605102 459.57686)
(3.0274805 18.60439 462.53058)
(5.918158 17.895843 456.5881)
(3.009251 18.605029 456.58675)
(8.1323922 17.146384 462.75009)
(8.6103168 16.781251 459.59635)
(8.6114258 16.780689 456.6024)
(12.410898 13.35017 462.57487)
(11.02132 15.499332 462.78875)
(12.412024 13.349369 459.58086)
(10.679777 15.687363 459.75888)
(12.413151 13.348567 456.58685)
(10.680639 15.686801 456.76488)
(2.8142478 18.804125 468.77674)
(3.332254 18.567996 465.21553)
(5.7486294 18.126157 468.77677)
(5.9003086 17.921008 465.26676)
(8.5040538 17.0109 468.77678)
(8.1329493 17.146638 465.71188)
(12.408645 13.351773 468.56289)
(11.019604 15.500522 468.77678)
(12.409772 13.350971 465.56888)
(11.020485 15.49991 465.78277)
(18.519373 4.3107401 444.39697)
(18.5193 4.3110163 447.39099)
(17.614802 7.166936 444.39697)
(17.614624 7.1673563 447.39098)
(18.488251 4.3439816 440.99844)
(17.580452 7.1906039 441.02472)
(18.948148 0.89672943 447.42688)
(18.948209 0.89672869 444.43276)
(18.9298 1.0071223 441.09026)
(17.614265 7.1682042 453.37901)
(17.614445 7.1677802 450.385)
(18.519153 4.3115736 453.37901)
(18.519226 4.311295 450.385)
(18.948138 0.89692505 453.41492)
(18.948145 0.89685095 450.4209)
(14.153886 12.529291 441.61575)
(16.293153 9.8099007 441.40294)
(14.153474 12.529764 444.60977)
(16.29287 9.8103651 444.39696)
(14.153016 12.53029 447.60378)
(16.292557 9.8108785 447.39097)
(14.152553 12.530821 450.5978)
(16.292241 9.8113968 450.38499)
(14.121572 12.551304 453.59185)
(16.291924 9.8119153 453.379)
(5.3581641 18.202863 444.79412)
(5.440353 18.161435 448.13505)
(2.9605177 18.638924 444.67215)
(2.9769601 18.625127 447.64473)
(5.7593618 18.122701 441.83064)
(2.8526979 18.776684 442.23834)
(8.9022986 16.66621 447.34407)
(8.566667 16.955485 445.19647)
(8.513228 17.00636 441.83065)
(12.416528 13.346162 447.60481)
(10.71536 15.672427 447.75176)
(12.417638 13.345366 444.61079)
(11.026289 15.49589 444.82468)
(12.418615 13.344644 441.61677)
(11.027011 15.495389 441.83065)
(3.0101244 18.604942 453.59319)
(3.0072971 18.60729 450.60365)
(5.9196991 17.894346 453.5954)
(5.888105 17.913723 450.63586)
(8.6487408 16.742633 453.59298)
(8.6109196 16.781308 450.61702)
(12.414277 13.347765 453.59283)
(11.10476 15.254376 453.59239)
(12.415403 13.346964 450.59882)
(10.682169 15.68582 450.77704)
(3.0296151 -18.60233 19.481768)
(3.0288259 -18.603135 22.455495)
(5.9376702 -17.887454 19.483937)
(5.9366813 -17.888113 22.456574)
(3.0289355 -18.59808 16.780477)
(5.9380624 -17.884226 16.780308)
(0.057699876 -18.862027 22.439664)
(0.051383099 -18.859674 19.426269)
(0.018497501 -18.849351 16.482853)
(3.0258665 -18.603482 28.441898)
(3.0258375 -18.603597 31.433399)
(5.9344159 -17.888709 28.443104)
(5.9336954 -17.889015 31.436876)
(3.0273315 -18.603551 25.448218)
(5.9356654 -17.888698 25.449195)
(0.052943367 -18.861891 31.402738)
(0.054108273 -18.862192 28.427787)
(0.055817091 -18.862371 25.434968)
(11.114167 -15.251224 19.461154)
(12.949353 -14.032719 19.461039)
(11.11452 -15.250963 16.469016)
(12.949879 -14.032225 16.467072)
(8.6615437 -16.736537 19.462836)
(8.6618783 -16.736155 16.492716)
(12.947947 -14.033374 22.455076)
(11.111675 -15.249341 22.455061)
(8.6600967 -16.736125 22.455185)
(11.111827 -15.25284 28.443074)
(12.422143 -13.342217 28.443337)
(11.112617 -15.252307 25.449067)
(12.423976 -13.340908 25.449338)
(8.6590102 -16.737776 28.443119)
(8.6599023 -16.73745 25.449116)
(12.420642 -13.343227 31.437138)
(11.109582 -15.250821 31.436952)
(8.6577124 -16.737267 31.437081)
(18.326902 -4.4566608 19.42645)
(18.331174 -4.450346 22.439688)
(18.786386 -1.5123979 19.459259)
(18.786884 -1.5122035 22.453997)
(18.308463 -4.4847976 16.481604)
(18.785324 -1.5142866 16.472117)
(17.722637 -6.7814115 22.27721)
(17.677577 -6.8569477 18.956289)
(17.416384 -7.2574626 16.680742)
(14.121128 -12.546156 22.455034)
(16.292462 -9.8111567 22.24122)
(14.121935 -12.545509 19.461003)
(16.293041 -9.8101871 19.247196)
(14.122337 -12.545014 16.466927)
(16.397594 -9.5198718 15.990295)
(18.330944 -4.4512449 28.428806)
(18.329294 -4.4548974 31.422736)
(18.786655 -1.512833 28.43965)
(18.787094 -1.5160703 31.417924)
(18.331292 -4.450859 25.43497)
(18.787041 -1.5125772 25.447963)
(17.721416 -6.7843801 31.259336)
(17.721904 -6.7831547 28.26531)
(17.722305 -6.7823891 25.271346)
(14.120603 -12.547691 31.436147)
(16.290754 -9.8140109 31.223234)
(14.120119 -12.547668 28.443054)
(16.291287 -9.813119 28.229239)
(14.120726 -12.546947 25.449047)
(16.291872 -9.8121424 25.235232)
(5.7441523 -18.128078 4.2775412)
(6.2421541 -17.792234 1.5779438)
(2.41744 -18.819633 4.3140659)
(2.366705 -18.834877 1.4544821)
(0.030256633 -18.872074 4.449445)
(0.28817781 -18.879567 1.8980574)
(5.3612006 -18.201513 7.3367779)
(2.9458689 -18.638523 7.7230321)
(0.052820797 -18.866337 7.4849167)
(5.7712186 -18.118975 13.259533)
(5.7684337 -18.119937 10.265492)
(2.4286105 -18.815372 13.298074)
(2.5137092 -18.793067 9.9750109)
(-0.024037885 -18.862306 13.479899)
(0.022176258 -18.875783 10.433288)
(11.124401 -15.250991 4.5105281)
(12.413439 -13.341174 4.4813311)
(11.074771 -15.266926 1.5682305)
(12.979323 -13.971105 1.5174664)
(8.927948 -16.634183 4.7641741)
(8.6248505 -16.751967 1.5740328)
(12.421023 -13.340382 7.4808801)
(11.409652 -15.057641 7.4829137)
(8.5708491 -16.951263 6.899776)
(11.033083 -15.491275 13.258881)
(13.287597 -13.790097 13.476183)
(11.030689 -15.492924 10.264721)
(13.285237 -13.791992 10.478438)
(8.522212 -17.001982 13.259138)
(8.5190876 -17.003534 10.265042)
(17.62338 -7.1464099 4.27705)
(17.616297 -7.1635709 7.2710933)
(18.414785 -4.2380473 3.4570855)
(18.520096 -4.3081854 7.2723838)
(18.934771 -0.98013466 4.0376086)
(18.952013 -0.90751888 7.3022787)
(17.765416 -6.7283083 1.4121334)
(18.338711 -4.8967942 1.6141047)
(18.834299 -1.4419776 1.9217911)
(14.125649 -12.543085 7.4818833)
(16.294893 -9.8069242 7.2696728)
(14.125814 -12.541049 4.4853431)
(16.302678 -9.793618 4.2737826)
(14.516712 -11.908893 1.6657183)
(16.102729 -10.016181 1.4201266)
(18.78518 -1.5169359 13.514263)
(18.79231 -1.5546489 10.754637)
(18.303653 -4.4908611 13.499162)
(18.300681 -4.493438 10.789929)
(17.362429 -7.3205593 13.496979)
(17.359508 -7.3227761 10.504535)
(14.369649 -12.238953 13.495953)
(16.04351 -9.9060697 13.727789)
(14.364925 -12.242701 10.47866)
(16.010857 -9.9362509 10.480395)
(-16.014844 -9.9308249 19.460926)
(-17.363263 -7.3144969 19.461016)
(-16.017056 -9.9292357 22.454929)
(-17.363421 -7.3144836 22.455003)
(-14.347884 -12.255947 19.460845)
(-14.372413 -12.239313 22.454901)
(-17.36515 -7.312846 16.466076)
(-16.036221 -9.9158602 16.454)
(-14.592943 -12.082741 16.316876)
(-18.785257 -1.510948 19.461422)
(-18.785418 -1.511019 22.455135)
(-18.305567 -4.4834622 19.461213)
(-18.305716 -4.4837422 22.455099)
(-18.785703 -1.511359 16.470256)
(-18.30593 -4.48313 16.46867)
(-16.017376 -9.9287608 28.442958)
(-17.363364 -7.3145998 28.443031)
(-16.01749 -9.9286026 31.436986)
(-17.363341 -7.314733 31.437056)
(-14.373482 -12.238081 28.44293)
(-14.373938 -12.237557 31.436959)
(-17.36338 -7.3144463 25.449015)
(-16.017363 -9.9290681 25.448941)
(-14.373 -12.238718 25.448913)
(-18.785207 -1.5112257 28.443111)
(-18.785512 -1.5117363 31.436764)
(-18.305427 -4.4840525 28.443117)
(-18.305532 -4.484377 31.437107)
(-18.785602 -1.5111379 25.449128)
(-18.305847 -4.4839787 25.449104)
(-5.7534838 -18.124472 19.247148)
(-5.7559322 -18.123687 22.241176)
(-2.4850558 -18.794315 18.930521)
(-2.4039093 -18.818512 22.277178)
(-5.4309904 -18.163753 15.96848)
(-2.9352596 -18.636976 16.419954)
(-8.5146964 -17.005421 22.241097)
(-8.5126186 -17.006441 19.247065)
(-8.5358888 -16.966456 15.882837)
(-13.285095 -13.792954 22.454906)
(-11.031308 -15.492117 22.241059)
(-12.410341 -13.350618 19.461028)
(-11.415261 -15.052631 19.459981)
(-12.833527 -13.819324 16.469572)
(-11.247661 -15.284788 16.642812)
(-5.7608443 -18.12211 28.229207)
(-5.7630312 -18.121408 31.22324)
(-2.4088228 -18.817847 28.265262)
(-2.4108829 -18.817484 31.257208)
(-5.758401 -18.122895 25.235188)
(-2.4064769 -18.818241 25.271362)
(-8.5207385 -17.002451 31.223163)
(-8.5188746 -17.003368 28.229128)
(-8.5167963 -17.004389 25.235109)
(-13.288273 -13.789963 31.436972)
(-11.035704 -15.489104 31.223123)
(-13.28731 -13.79087 28.442937)
(-11.034356 -15.490028 28.22909)
(-13.286223 -13.791913 25.448918)
(-11.032841 -15.491067 25.235071)
(-16.04498 -9.9092694 4.7522378)
(-17.393428 -7.2837341 4.7529816)
(-16.256324 -9.8216512 6.8984771)
(-17.582919 -7.1803672 6.8992089)
(-14.35511 -12.247863 4.508727)
(-14.132801 -12.539568 7.4832494)
(-17.245667 -7.6237192 1.5809218)
(-16.020581 -9.9111632 1.5746082)
(-14.324867 -12.244156 1.5811877)
(-18.800913 -1.5387321 4.4865283)
(-18.814721 -1.5202585 7.4371543)
(-18.334477 -4.4115255 4.5039819)
(-18.537646 -3.9808594 6.9594882)
(-18.795198 -1.4934984 1.9228002)
(-18.408761 -4.1065833 1.9433771)
(-16.015107 -9.9301344 13.473187)
(-14.344962 -12.257737 13.473109)
(-16.461668 -9.4415583 10.303899)
(-14.129976 -12.54229 10.477826)
(-17.363788 -7.3133165 13.474943)
(-17.402356 -7.2708759 10.488675)
(-18.306034 -4.4828305 13.494606)
(-18.306339 -4.4822292 10.768383)
(-18.787503 -1.5157293 13.496599)
(-18.799017 -1.5517686 10.484005)
(-5.7217564 -18.113059 3.9207719)
(-5.7456091 -18.12703 7.2718113)
(-2.4527805 -18.719473 3.5961591)
(-2.3958118 -18.820275 7.3108223)
(-5.5699914 -18.047449 1.8680377)
(-3.4235299 -18.652736 1.6782543)
(-8.5065936 -17.009316 7.2701442)
(-8.4921531 -17.016458 4.2750946)
(-8.4181937 -17.053442 1.3810081)
(-12.408302 -13.349771 7.48129)
(-11.411921 -15.055873 7.4822228)
(-12.404782 -13.348827 4.4823836)
(-11.407086 -15.057945 4.4857476)
(-12.629977 -14.137533 1.6420035)
(-11.187922 -15.342106 1.4176452)
(-2.997663 -18.606919 13.779536)
(-2.400443 -18.821129 10.298271)
(-5.8816746 -17.912198 13.765157)
(-5.7482004 -18.126153 10.26509)
(-8.6409291 -16.761751 13.738913)
(-8.9893759 -16.586133 10.478607)
(-12.970977 -14.00277 13.475293)
(-11.110342 -15.249862 13.495021)
(-12.408189 -13.350855 10.478618)
(-11.138612 -15.236682 10.478138)
(14.339622 -12.265015 52.393966)
(16.006823 -9.9445555 52.394162)
(14.339654 -12.264952 49.399954)
(16.007008 -9.9442597 49.40016)
(12.972679 -14.002185 52.393811)
(12.972596 -14.00225 49.399799)
(16.451407 -9.4583121 55.212017)
(14.122286 -12.550838 55.388107)
(12.419327 -13.344054 55.389222)
(14.122264 -12.550907 61.376131)
(16.451036 -9.4589857 61.20004)
(14.122276 -12.550873 58.382119)
(16.451232 -9.4586534 58.206029)
(12.419327 -13.344055 61.377246)
(12.419327 -13.344054 58.383234)
(18.301366 -4.4982703 52.395615)
(18.303693 -4.4956893 55.388277)
(18.785629 -1.522039 52.399942)
(18.784655 -1.5178648 55.389616)
(18.302039 -4.5000155 49.403494)
(18.794543 -1.5527585 49.435906)
(17.39292 -7.291645 55.374453)
(17.35638 -7.3315556 52.394851)
(17.356654 -7.3312544 49.400974)
(18.784247 -1.5176942 61.377216)
(18.784651 -1.517582 58.38323)
(18.30362 -4.4962883 61.376195)
(18.303984 -4.4960656 58.382215)
(17.392538 -7.2925565 61.362471)
(17.392807 -7.2921347 58.368463)
(14.339786 -12.264687 37.423911)
(16.007721 -9.9430163 37.424117)
(14.122449 -12.550503 34.430042)
(16.452782 -9.4558675 34.253957)
(12.972288 -14.002495 37.423757)
(12.419624 -13.343875 34.431159)
(16.452337 -9.4566253 40.241959)
(14.122346 -12.550664 40.418047)
(12.419326 -13.344053 40.419162)
(14.338141 -12.265582 46.407071)
(16.00587 -9.9445375 46.407091)
(14.339718 -12.264823 43.41193)
(16.007368 -9.9436323 43.412124)
(12.97072 -14.003129 46.407093)
(12.972446 -14.002377 43.411775)
(18.302912 -4.4981398 37.427525)
(18.30428 -4.4941489 40.418601)
(18.795374 -1.5547371 37.461838)
(18.78619 -1.5213463 40.422741)
(18.307101 -4.4933422 34.430367)
(18.797074 -1.5592657 34.444612)
(17.393904 -7.289347 40.404414)
(17.357433 -7.3293762 37.424936)
(17.394528 -7.2883878 34.416411)
(18.785031 -1.5193913 46.390448)
(18.785812 -1.5192224 43.413619)
(18.301707 -4.4974781 46.40642)
(18.302149 -4.496865 43.413169)
(17.356363 -7.3308662 46.407125)
(17.357089 -7.3301904 43.412792)
(3.0232662 -18.601788 52.39271)
(3.0439931 -18.599421 55.369199)
(5.935803 -17.887836 52.395009)
(5.9390056 -17.887514 55.387963)
(3.0225808 -18.602114 49.401444)
(5.9353433 -17.888162 49.401234)
(0.0059145088 -18.841063 55.098412)
(0.0032838466 -18.844758 52.376104)
(0.00085416738 -18.845563 49.402844)
(5.9633206 -17.884361 61.37725)
(5.9599294 -17.885128 58.383102)
(3.3624597 -18.564739 61.377253)
(3.3386151 -18.567715 58.38193)
(-0.62050516 -18.958752 61.555293)
(-0.62002015 -18.958761 58.561075)
(11.11302 -15.247576 49.400617)
(8.6598084 -16.736108 49.401063)
(11.113275 -15.247399 52.394628)
(8.6602455 -16.735837 52.395063)
(11.111869 -15.249406 55.388641)
(8.6608379 -16.735706 55.389008)
(11.112255 -15.249218 58.382658)
(8.6628942 -16.7353 58.383091)
(11.112529 -15.249034 61.376671)
(8.6635551 -16.734965 61.377109)
(3.3141466 -18.570303 37.422345)
(3.0574836 -18.598381 40.402119)
(5.9528779 -17.886599 37.424845)
(5.9382066 -17.888233 40.418079)
(3.0434508 -18.601558 34.409883)
(5.9353442 -17.889015 34.429818)
(-0.03413624 -18.848987 40.172436)
(-0.53107371 -18.946762 37.957021)
(0.056031733 -18.85908 34.124503)
(5.9371722 -17.888013 46.407371)
(5.9545944 -17.886363 43.413084)
(3.0389772 -18.600736 46.409745)
(3.3142077 -18.570677 43.412242)
(-0.032547172 -18.852175 46.444125)
(-0.53051508 -18.9474 43.943013)
(11.110207 -15.250526 34.430579)
(8.6577504 -16.737306 34.430943)
(11.112098 -15.248248 37.424573)
(8.6592919 -16.736853 37.425001)
(11.110584 -15.250274 40.418582)
(8.65861 -16.736866 40.418959)
(11.112635 -15.24791 43.412593)
(8.6604979 -16.736409 43.413033)
(11.112115 -15.248045 46.407086)
(8.6594084 -16.736344 46.407144)
(-18.306899 -4.4843475 52.394178)
(-18.306892 -4.4849661 55.388124)
(-17.400136 -7.2763225 52.379879)
(-17.399939 -7.2769007 55.373889)
(-18.304579 -4.4867961 49.401401)
(-17.362156 -7.3177243 49.401029)
(-18.785348 -1.5132473 55.388824)
(-18.785339 -1.5126839 52.395414)
(-18.785323 -1.5127859 49.403733)
(-17.361097 -7.3200981 61.376854)
(-17.361323 -7.3193498 58.383019)
(-18.304694 -4.4917348 61.374695)
(-18.304582 -4.4888065 58.382785)
(-18.795885 -1.5520714 61.340423)
(-18.786755 -1.5176153 58.378992)
(-14.34826 -12.255036 49.399946)
(-16.015286 -9.9316213 49.400143)
(-14.13085 -12.541301 52.394087)
(-16.458669 -9.4462873 52.218002)
(-14.130781 -12.541399 55.388099)
(-16.458445 -9.4467088 55.212014)
(-14.347991 -12.255425 58.381982)
(-16.014551 -9.9327851 58.382177)
(-14.347902 -12.255556 61.375993)
(-16.014316 -9.933189 61.376176)
(-5.935848 -17.887358 52.39501)
(-5.9367212 -17.887393 55.388082)
(-3.0178862 -18.60274 52.393105)
(-3.0208903 -18.603135 55.370953)
(-5.9354497 -17.887667 49.401244)
(-3.0178469 -18.603076 49.401645)
(-8.6655145 -16.733618 55.38904)
(-8.6650498 -16.733785 52.395087)
(-8.6647712 -16.733876 49.401087)
(-12.419334 -13.344057 55.389222)
(-11.119286 -15.243833 55.388641)
(-12.419333 -13.344056 52.39521)
(-11.119074 -15.243962 52.394631)
(-12.979 -13.996295 49.399794)
(-11.120549 -15.241923 49.400613)
(-3.0665358 -18.611445 61.391577)
(-3.0630669 -18.611256 58.395695)
(-5.9404703 -17.887699 61.378353)
(-5.9396663 -17.888079 58.38412)
(-8.6666217 -16.733075 61.377211)
(-8.6662075 -16.733359 58.383185)
(-12.97916 -13.996197 61.375842)
(-11.121385 -15.241384 61.376664)
(-12.979121 -13.996222 58.38183)
(-11.121182 -15.24153 58.382651)
(-18.305836 -4.487514 37.422547)
(-18.308551 -4.4858842 40.416834)
(-17.36312 -7.3156853 37.424786)
(-17.401184 -7.274355 40.403733)
(-18.305441 -4.4850234 34.430765)
(-17.363312 -7.3150593 34.431073)
(-18.79816 -1.5583118 40.403434)
(-18.796289 -1.5499484 37.388333)
(-18.78709 -1.5158442 34.4269)
(-17.362239 -7.3171315 46.407095)
(-17.400811 -7.2748749 43.397764)
(-18.304972 -4.4867288 46.408296)
(-18.308445 -4.4863964 43.411309)
(-18.78594 -1.5151895 46.425728)
(-18.797762 -1.5560294 43.400743)
(-14.374058 -12.237238 34.430994)
(-16.017231 -9.9289259 34.431019)
(-14.348606 -12.254523 37.423894)
(-16.016204 -9.9300594 37.424081)
(-14.131126 -12.540907 40.418039)
(-16.459607 -9.4446362 40.241946)
(-14.131057 -12.541006 43.412051)
(-16.459321 -9.4450368 43.235957)
(-14.348343 -12.254904 46.405934)
(-16.015472 -9.9312097 46.406135)
(-5.9550516 -17.884644 37.469509)
(-5.9358877 -17.888077 40.422564)
(-3.0584338 -18.607264 37.75559)
(-3.0237769 -18.60424 40.426939)
(-6.2063096 -17.832482 34.746443)
(-2.4118669 -18.817003 34.220677)
(-8.6634806 -16.734677 40.41925)
(-8.6647245 -16.734413 37.428519)
(-8.1825862 -17.129184 34.290054)
(-12.419331 -13.344055 40.419162)
(-11.118247 -15.24451 40.418589)
(-12.978837 -13.996403 37.423761)
(-11.119802 -15.24245 37.424771)
(-13.288751 -13.789409 34.431015)
(-11.036538 -15.488533 34.217164)
(-3.0217496 -18.603969 46.412071)
(-3.0531316 -18.610461 43.449432)
(-5.9353604 -17.88813 46.407586)
(-5.9367828 -17.888883 43.415459)
(-8.6643755 -16.734143 46.407089)
(-8.6639402 -16.734592 43.413174)
(-12.97896 -13.99632 46.405782)
(-11.120344 -15.242065 46.406601)
(-12.419332 -13.344055 43.413174)
(-11.118459 -15.244388 43.412598)
(14.122144 -12.551255 91.31625)
(16.449166 -9.4623648 91.140161)
(14.337703 -12.26648 88.323239)
(16.003378 -9.9488549 88.32326)
(12.419329 -13.344056 91.317365)
(12.971885 -14.002226 88.32326)
(16.003616 -9.9492838 94.311036)
(14.339222 -12.266047 94.310195)
(12.97386 -14.001348 94.31001)
(18.301929 -4.5008383 91.316437)
(18.3 -4.5028385 88.323287)
(17.390504 -7.2972217 91.302598)
(17.353574 -7.3373179 88.323318)
(18.299639 -4.5038497 94.311363)
(17.353359 -7.3381437 94.311255)
(18.783905 -1.519634 88.32339)
(18.784018 -1.5197405 91.317364)
(18.783978 -1.5200625 94.31142)
(14.12218 -12.551151 82.334214)
(16.449726 -9.4613506 82.158125)
(14.33934 -12.265594 79.340073)
(16.005226 -9.9473336 79.340267)
(12.419328 -13.344056 82.335329)
(12.973432 -14.001605 79.339918)
(16.44955 -9.4616936 85.152137)
(14.122167 -12.551186 85.328226)
(12.419328 -13.344056 85.329341)
(18.302455 -4.499412 82.334341)
(18.300258 -4.5017069 79.341276)
(17.391107 -7.2958173 82.320558)
(17.354639 -7.3357171 79.340932)
(18.302569 -4.4999869 85.32837)
(17.390983 -7.2963213 85.314573)
(18.783942 -1.51908 79.341355)
(18.784148 -1.5191704 82.335323)
(18.784367 -1.5194097 85.329338)
(14.339465 -12.265337 67.364025)
(16.005934 -9.9460969 67.364219)
(14.122251 -12.550942 64.370142)
(16.450853 -9.4593283 64.194053)
(12.973103 -14.001863 67.363871)
(12.419327 -13.344055 64.371258)
(16.005039 -9.9468148 70.35894)
(14.339475 -12.265532 70.3581)
(12.973199 -14.001862 70.357914)
(14.339372 -12.26553 76.346061)
(16.005409 -9.9470257 76.346255)
(14.122215 -12.551047 73.352178)
(16.450301 -9.4603438 73.176089)
(12.973353 -14.001669 76.345906)
(12.419328 -13.344055 73.353293)
(18.300655 -4.4999231 67.365215)
(18.300655 -4.5004229 70.359251)
(18.784127 -1.5183129 67.365306)
(18.784241 -1.5185361 70.35932)
(18.303421 -4.4970043 64.370281)
(18.784633 -1.5180487 64.371252)
(17.354938 -7.3344341 70.359157)
(17.355393 -7.333844 67.364883)
(17.392363 -7.2930606 64.356488)
(18.784075 -1.5188385 76.347341)
(18.784482 -1.5185265 73.353277)
(18.300627 -4.5012941 76.347254)
(18.303184 -4.4984622 73.352366)
(17.354891 -7.33526 76.346919)
(17.39182 -7.2944732 73.338526)
(3.3661067 -18.563755 91.317371)
(3.3433191 -18.566424 88.322129)
(-0.62182141 -18.958542 91.495414)
(-0.62135494 -18.958563 88.501213)
(3.3668842 -18.563775 94.311454)
(-0.62189901 -18.958565 94.489446)
(5.9638694 -17.88334 88.323225)
(5.9669392 -17.882964 91.317368)
(5.9673246 -17.88287 94.311314)
(11.115812 -15.245605 88.323252)
(8.6670533 -16.732941 88.323291)
(11.115065 -15.247308 91.31679)
(8.6677376 -16.732748 91.317229)
(11.116999 -15.244972 94.310801)
(8.6682172 -16.732451 94.311237)
(3.3434295 -18.566387 82.334097)
(3.3621174 -18.564492 79.341234)
(-0.53240691 -18.94661 82.836605)
(-0.62120237 -18.958647 79.519464)
(3.0643612 -18.597198 85.312012)
(-0.03384468 -18.848884 85.077903)
(5.964805 -17.883569 79.341307)
(5.9628908 -17.883791 82.335195)
(5.9454126 -17.885802 85.328233)
(11.115713 -15.245824 79.340736)
(8.6659697 -16.733563 79.34118)
(11.11428 -15.247832 82.334754)
(8.6662064 -16.733468 82.335185)
(11.114442 -15.247673 85.328761)
(8.6653863 -16.733426 85.329135)
(3.3631986 -18.564415 67.365277)
(3.3411651 -18.566948 70.358056)
(5.9631875 -17.884235 67.365274)
(5.9607329 -17.884535 70.35914)
(3.3625636 -18.564821 64.371355)
(5.9622864 -17.884738 64.371277)
(-0.53193519 -18.946732 70.860552)
(-0.62073583 -18.95872 67.54347)
(-0.62056471 -18.958799 64.549313)
(5.9627037 -17.883943 76.347154)
(5.9440826 -17.886286 73.35211)
(3.3415327 -18.566999 76.346076)
(3.0628395 -18.597744 73.335964)
(-0.62081509 -18.958604 76.525144)
(-0.033670084 -18.849045 73.101849)
(11.112742 -15.248877 64.370683)
(8.663571 -16.734896 64.371122)
(11.114685 -15.246518 67.364688)
(8.6641668 -16.734494 67.365133)
(11.114928 -15.246361 70.358705)
(8.6644049 -16.734327 70.359136)
(11.113419 -15.248363 73.352711)
(8.6636618 -16.734306 73.353066)
(11.115474 -15.245996 76.346723)
(8.6656386 -16.733786 76.347157)
(-16.011848 -9.936273 82.33497)
(-17.3595 -7.3239933 82.335048)
(-16.455892 -9.4507614 85.15214)
(-17.396121 -7.2840373 85.314644)
(-14.347302 -12.256586 82.334139)
(-14.130092 -12.542383 85.328218)
(-17.397922 -7.2813012 79.325982)
(-16.456536 -9.450022 79.164109)
(-14.13023 -12.542187 79.340194)
(-18.794613 -1.5505638 82.300942)
(-18.78517 -1.5170558 85.346592)
(-18.303989 -4.4942776 82.333278)
(-18.305155 -4.4910231 85.329473)
(-18.786176 -1.5191442 79.339281)
(-18.30587 -4.4896643 79.340288)
(-16.011148 -9.937442 91.317018)
(-17.358722 -7.3255079 91.31725)
(-16.013233 -9.9363031 94.311025)
(-17.358682 -7.3259533 94.31126)
(-14.347037 -12.256977 91.316176)
(-14.37395 -12.239162 94.310152)
(-17.358868 -7.3249104 88.323295)
(-16.011525 -9.9371242 88.323006)
(-14.347174 -12.256872 88.322164)
(-18.784399 -1.5156223 91.317618)
(-18.784543 -1.5158674 94.311438)
(-18.302649 -4.4939555 91.317422)
(-18.302668 -4.4945075 94.311421)
(-18.784748 -1.5155256 88.325623)
(-18.303196 -4.4935308 88.323498)
(-5.9436023 -17.886205 82.337637)
(-5.9420848 -17.88576 85.328618)
(-3.0606471 -18.609735 82.369296)
(-3.0290093 -18.60351 85.315506)
(-5.9437134 -17.886623 79.342552)
(-3.0679183 -18.611154 79.356679)
(-8.6697969 -16.731482 85.329181)
(-8.6696271 -16.731529 82.335379)
(-8.6691232 -16.731952 79.341296)
(-12.419339 -13.344059 85.329341)
(-11.12137 -15.242477 85.328761)
(-12.97945 -13.996083 82.333958)
(-11.122847 -15.240441 82.334758)
(-12.419338 -13.344059 79.341317)
(-11.120962 -15.242751 79.340744)
(-5.9456267 -17.885997 91.318569)
(-5.9438007 -17.888389 94.313608)
(-3.0701334 -18.610821 91.331719)
(-3.0701233 -18.611081 94.325949)
(-5.9450069 -17.88619 88.324271)
(-3.066859 -18.610731 88.336)
(-8.634814 -16.768637 94.326932)
(-8.6709394 -16.730912 91.31735)
(-8.670532 -16.731182 88.323318)
(-13.29129 -13.78825 94.309809)
(-10.699546 -15.67411 94.489299)
(-12.979571 -13.996009 91.315994)
(-11.123473 -15.240037 91.316792)
(-12.979542 -13.99604 88.321981)
(-11.12327 -15.240183 88.322779)
(-18.30696 -4.4902295 67.363353)
(-18.303969 -4.4909173 70.359874)
(-17.399026 -7.2793232 67.349863)
(-17.36054 -7.3216293 70.359136)
(-18.304974 -4.4926695 64.369982)
(-17.361096 -7.3207159 64.370985)
(-18.786841 -1.5218944 70.372797)
(-18.797319 -1.5583075 67.352548)
(-18.79796 -1.5596577 64.355863)
(-17.359909 -7.3226435 76.347196)
(-17.398443 -7.280377 73.337788)
(-18.303737 -4.4915419 76.348175)
(-18.306743 -4.4908404 73.350263)
(-18.785498 -1.5171874 76.364072)
(-18.795418 -1.5501248 73.320855)
(-14.347819 -12.255689 64.370005)
(-16.01414 -9.9336003 64.370197)
(-14.130505 -12.541793 67.364147)
(-16.457517 -9.448387 67.188055)
(-14.347642 -12.255949 70.358029)
(-16.013669 -9.9343775 70.358227)
(-14.130367 -12.54199 73.35217)
(-16.457005 -9.4492055 73.176069)
(-14.347461 -12.256208 76.346054)
(-16.013161 -9.9351446 76.346254)
(-5.941816 -17.887207 67.366576)
(-5.9416303 -17.887052 70.361595)
(-3.0669228 -18.611346 67.381012)
(-3.0588725 -18.610211 70.393236)
(-5.9413332 -17.887628 64.372393)
(-3.0664232 -18.611785 64.385735)
(-8.6679344 -16.732428 70.35933)
(-8.6674154 -16.732774 67.365258)
(-8.6671337 -16.732897 64.371231)
(-12.979282 -13.996123 70.357879)
(-11.122015 -15.240979 70.358704)
(-12.419336 -13.344058 67.365269)
(-11.120126 -15.243288 67.364697)
(-12.979202 -13.996173 64.369854)
(-11.121603 -15.241255 64.370678)
(-3.0653514 -18.610734 76.359832)
(-3.0271273 -18.603867 73.339427)
(-5.9426098 -17.886919 76.348198)
(-5.9399655 -17.88681 73.35268)
(-8.6687483 -16.732039 76.347257)
(-8.668101 -16.732423 73.353157)
(-12.979361 -13.996074 76.345902)
(-11.122428 -15.240713 76.346723)
(-12.419337 -13.344058 73.353293)
(-11.120541 -15.243031 73.352715)
(14.338962 -12.266366 115.26822)
(16.003091 -9.951048 115.26842)
(14.338993 -12.266301 112.2742)
(16.003269 -9.9507294 112.27439)
(12.974422 -14.000828 115.26806)
(12.974339 -14.000893 112.27405)
(16.002194 -9.951753 118.26313)
(14.33897 -12.266561 118.26229)
(12.974519 -14.000827 118.26211)
(14.338868 -12.266558 124.25025)
(16.002558 -9.9519613 124.25045)
(14.122024 -12.551602 121.25637)
(16.44732 -9.4657484 121.08028)
(12.974674 -14.000634 124.2501)
(12.41933 -13.344058 121.25749)
(18.299262 -4.5092797 115.27174)
(18.298859 -4.5076137 118.26385)
(18.793569 -1.5568751 115.30417)
(18.784981 -1.5259203 118.26793)
(18.298893 -4.5067661 112.27445)
(18.784101 -1.5231413 112.25828)
(17.351802 -7.3418639 118.26337)
(17.352293 -7.3414265 115.26924)
(17.352481 -7.340828 112.275)
(18.783325 -1.5218307 124.25156)
(18.783971 -1.5218282 121.25779)
(18.298543 -4.5080097 124.25145)
(18.301242 -4.5052476 121.25658)
(17.351706 -7.3426512 124.25111)
(17.388662 -7.3019191 121.24272)
(14.122108 -12.55136 100.29828)
(16.448607 -9.4633783 100.1222)
(14.339151 -12.26598 97.304145)
(16.004163 -9.9491873 97.304339)
(12.419329 -13.344057 100.2994)
(12.973926 -14.001221 97.30399)
(16.003083 -9.9502095 103.29307)
(14.339127 -12.26624 103.29221)
(12.974095 -14.001154 103.29183)
(14.339024 -12.266237 109.28019)
(16.003451 -9.950421 109.28039)
(14.339056 -12.266173 106.28618)
(16.003634 -9.9501143 106.28637)
(12.974244 -14.000958 109.28004)
(12.974161 -14.001022 106.28603)
(18.301573 -4.5021217 100.29847)
(18.299294 -4.5051307 103.2934)
(18.783836 -1.5202581 100.2994)
(18.783835 -1.5206029 103.29345)
(18.299695 -4.5043281 97.305356)
(18.784184 -1.5202616 97.30543)
(17.352773 -7.3395337 103.29329)
(17.389914 -7.2986192 100.28463)
(17.353505 -7.3385148 97.305005)
(18.783699 -1.5209957 109.27949)
(18.783935 -1.520752 106.28738)
(18.299163 -4.5061368 109.28134)
(18.299468 -4.505767 106.28743)
(17.352723 -7.3403635 109.28105)
(17.352963 -7.3399181 106.28704)
(3.3672988 -18.562637 115.26935)
(3.3469134 -18.564999 118.26224)
(5.9733743 -17.874095 115.26947)
(5.9719308 -17.874186 118.26339)
(3.3448914 -18.565266 112.27402)
(5.9708716 -17.874534 112.27536)
(-0.53361262 -18.946349 118.76434)
(-0.62279873 -18.958339 115.44762)
(-0.62236071 -18.958331 112.45326)
(5.9743669 -17.873495 124.25141)
(5.9495247 -17.876388 121.256)
(3.3486344 -18.564738 124.25027)
(3.0681009 -18.595869 121.24003)
(-0.6229464 -18.958143 124.42918)
(-0.03420929 -18.848541 121.0045)
(11.118545 -15.243864 112.27487)
(8.6710208 -16.73039 112.27531)
(11.118814 -15.243688 115.26888)
(8.6716363 -16.730132 115.26932)
(11.119062 -15.243527 118.2629)
(8.6719358 -16.729925 118.26333)
(11.117525 -15.245523 121.2569)
(8.6707946 -16.729896 121.25723)
(11.11962 -15.243158 124.25092)
(8.6732921 -16.729355 124.25135)
(3.3439783 -18.566045 100.29663)
(3.0455799 -18.598824 103.27562)
(5.9657997 -17.882394 100.27923)
(5.946075 -17.881713 103.0022)
(3.3645584 -18.564146 97.305215)
(5.9671131 -17.88291 97.304129)
(-0.033269986 -18.851481 103.3278)
(-0.53280691 -18.946935 100.82913)
(-0.62194588 -18.958545 97.483559)
(5.9460763 -17.877193 109.27973)
(5.9440302 -17.877584 106.28717)
(3.0485623 -18.597775 109.26132)
(3.029389 -18.600378 106.28403)
(0.0049835639 -18.840651 108.99077)
(0.00066619377 -18.844968 106.27044)
(11.117248 -15.244792 97.304802)
(8.668599 -16.732265 97.305176)
(11.115825 -15.246783 100.2987)
(8.6689534 -16.732012 100.29767)
(11.117657 -15.244441 103.29084)
(8.6680708 -16.731648 103.26907)
(11.117901 -15.244221 106.28684)
(8.6683898 -16.731002 106.28727)
(11.118166 -15.244046 109.28085)
(8.6689422 -16.730751 109.28117)
(-18.301765 -4.4981427 115.26987)
(-18.304667 -4.4977243 118.26035)
(-17.356986 -7.3298791 115.26931)
(-17.395068 -7.2887003 118.24799)
(-18.304793 -4.4969204 112.27211)
(-17.395529 -7.2876017 112.25996)
(-18.794454 -1.5532828 118.23136)
(-18.786168 -1.5243032 115.28175)
(-18.794714 -1.552935 112.24032)
(-17.39436 -7.2895639 124.23618)
(-17.394647 -7.2890351 121.24223)
(-18.30349 -4.4965371 124.25074)
(-18.304085 -4.4962675 121.25749)
(-18.784225 -1.5181294 124.25389)
(-18.785019 -1.5197935 121.27479)
(-14.129471 -12.543269 112.27433)
(-16.454048 -9.4546432 112.09823)
(-14.346316 -12.257904 115.26821)
(-16.010192 -9.9402746 115.26841)
(-14.129333 -12.543465 118.26235)
(-16.453585 -9.4554767 118.08625)
(-14.129264 -12.543564 121.25635)
(-16.453292 -9.4558592 121.08028)
(-14.129195 -12.543662 124.25037)
(-16.453049 -9.4562708 124.07429)
(-5.9496024 -17.884384 115.26935)
(-5.9494033 -17.884054 118.24557)
(-3.0723668 -18.610072 115.2848)
(-3.0644456 -18.608958 118.29477)
(-5.9488048 -17.88465 112.27624)
(-3.0693652 -18.609819 112.28772)
(-8.6746154 -16.729141 118.26192)
(-8.674349 -16.729177 115.26934)
(-8.6737892 -16.729589 112.27541)
(-12.419344 -13.344063 118.26347)
(-11.123668 -15.240985 118.2628)
(-12.979883 -13.995753 115.26806)
(-11.125137 -15.238942 115.26888)
(-12.419343 -13.344062 112.27545)
(-11.123252 -15.241258 112.27487)
(-3.0713251 -18.608832 124.26265)
(-3.032649 -18.602359 121.22345)
(-5.9503112 -17.877172 124.25249)
(-5.9473559 -17.880823 120.96535)
(-8.6753807 -16.728142 124.25146)
(-8.6748614 -16.728694 121.23312)
(-12.419345 -13.344063 124.2515)
(-11.124073 -15.240672 124.25092)
(-12.419345 -13.344063 121.25749)
(-11.123868 -15.240836 121.25527)
(-18.301911 -4.4953142 100.29944)
(-18.301893 -4.495864 103.29345)
(-17.358125 -7.3271031 100.29922)
(-17.357926 -7.3276719 103.29323)
(-18.302392 -4.4949544 97.305429)
(-17.358446 -7.3265876 97.305211)
(-18.78441 -1.5165856 103.29344)
(-18.784541 -1.5163657 100.29945)
(-18.784877 -1.5161788 97.30544)
(-17.357316 -7.3287254 109.28122)
(-17.357551 -7.3281675 106.28724)
(-18.302061 -4.4971425 109.28101)
(-18.302102 -4.4965189 106.28742)
(-18.785851 -1.5211895 109.27728)
(-18.784872 -1.5171324 106.28722)
(-14.346848 -12.257122 97.304137)
(-16.011592 -9.9379197 97.304334)
(-14.346758 -12.257252 100.29815)
(-16.011348 -9.9383078 100.29835)
(-14.34667 -12.257383 103.29216)
(-16.011123 -9.9387038 103.29236)
(-14.346578 -12.257511 106.28617)
(-16.010849 -9.9390793 106.28637)
(-14.346489 -12.257641 109.28018)
(-16.010614 -9.9394714 109.28038)
(-5.9464909 -17.88519 100.30198)
(-5.9446406 -17.884662 103.29383)
(-3.0625053 -18.609328 100.33636)
(-3.0282187 -18.602614 103.29781)
(-5.9465625 -17.885884 97.306731)
(-3.0697983 -18.610962 97.321007)
(-8.6724557 -16.730031 103.29332)
(-8.6721796 -16.730247 100.29947)
(-8.6718122 -16.730552 97.305372)
(-12.979722 -13.995852 103.29201)
(-11.124298 -15.239487 103.29283)
(-12.979683 -13.995876 100.298)
(-11.124094 -15.239619 100.29882)
(-12.979643 -13.995902 97.303986)
(-11.123893 -15.239766 97.304809)
(-3.0266614 -18.601686 109.26314)
(-3.0243089 -18.601761 106.28583)
(-5.9454798 -17.884454 109.28051)
(-5.9448485 -17.884759 106.28737)
(-8.6733076 -16.729643 109.28129)
(-8.6728954 -16.729896 106.28731)
(-12.979802 -13.995803 109.28003)
(-11.124715 -15.239222 109.28085)
(-12.979762 -13.995828 106.28602)
(-11.12451 -15.239362 106.28684)
(14.338551 -12.267201 154.19037)
(16.000771 -9.9550452 154.19057)
(14.338583 -12.267137 151.19636)
(16.000953 -9.9547393 151.19655)
(12.975479 -13.999994 154.19022)
(12.975409 -14.000057 151.19621)
(16.44507 -9.4697971 157.00842)
(14.12188 -12.552019 157.18451)
(12.419332 -13.34406 157.18563)
(18.297159 -4.5122224 154.19154)
(18.29727 -4.5120554 151.19766)
(17.349691 -7.3472719 154.19123)
(17.349917 -7.3468367 151.19722)
(18.299436 -4.5102494 157.18447)
(17.386204 -7.3074791 157.17085)
(18.783251 -1.5239198 151.19798)
(18.783165 -1.5238 154.19143)
(18.783343 -1.5240026 157.18315)
(14.338646 -12.267009 145.20834)
(16.001311 -9.9541328 145.20854)
(14.121941 -12.551846 142.21445)
(16.446003 -9.4681127 142.03836)
(12.975245 -14.000185 145.20818)
(12.419331 -13.344059 142.21557)
(16.000077 -9.9549934 148.2035)
(14.3372 -12.267856 148.20348)
(12.973583 -14.000976 148.2035)
(18.29825 -4.5134088 145.21187)
(18.300225 -4.5088285 142.2141)
(17.350341 -7.3460515 145.20936)
(17.387202 -7.3051914 142.20077)
(18.297638 -4.5120545 148.20402)
(17.349741 -7.3465727 148.20358)
(18.785102 -1.5300237 142.20354)
(18.79344 -1.5590388 145.24478)
(18.784812 -1.5275865 148.20784)
(14.338804 -12.266687 130.23828)
(16.002196 -9.9525781 130.23847)
(14.338836 -12.266623 127.24426)
(16.002383 -9.952273 127.24446)
(12.974834 -14.000507 130.23812)
(12.974751 -14.000571 127.24411)
(16.001303 -9.9532946 133.23319)
(14.338812 -12.266882 133.23235)
(12.974931 -14.000506 133.23217)
(14.338711 -12.26688 139.22031)
(16.001674 -9.9535136 139.22051)
(14.338742 -12.266815 136.2263)
(16.001853 -9.9531998 136.22649)
(12.975087 -14.000313 139.22016)
(12.975004 -14.000377 136.22615)
(18.297971 -4.5090049 130.23951)
(18.297984 -4.5095094 133.23336)
(18.783353 -1.5222599 130.23935)
(18.783472 -1.5225929 133.23117)
(18.298388 -4.5086774 127.24551)
(18.783751 -1.5221103 127.24554)
(17.350803 -7.3441682 133.2334)
(17.351258 -7.3435786 130.23914)
(17.351536 -7.3431479 127.24513)
(18.793356 -1.5584563 139.25386)
(18.783948 -1.5246031 136.2103)
(18.298745 -4.5123533 139.22341)
(18.298325 -4.5101661 136.22668)
(17.350805 -7.3450961 139.22128)
(17.350999 -7.3445516 136.22713)
(3.0516349 -18.59698 154.19143)
(3.3272206 -18.566715 151.19637)
(-0.03336631 -18.850619 154.20833)
(-0.53426769 -18.946437 151.7255)
(3.0555688 -18.596265 157.16588)
(0.0023775709 -18.840726 156.89746)
(5.9757332 -17.872462 151.19753)
(5.9532266 -17.874795 154.19162)
(5.9539645 -17.874613 157.18408)
(11.121885 -15.241606 151.19702)
(8.676894 -16.727364 151.19746)
(11.122025 -15.241444 154.19104)
(8.6757853 -16.727299 154.19148)
(11.120608 -15.24344 157.18505)
(8.6761909 -16.727149 157.1854)
(3.3510458 -18.56403 145.20836)
(3.3714207 -18.561963 142.21559)
(-0.53460764 -18.94606 145.71088)
(-0.62394776 -18.958096 142.39373)
(3.0696512 -18.595194 148.18625)
(-0.034596826 -18.848228 147.95226)
(5.9775979 -17.872616 142.21559)
(5.9766769 -17.872551 145.2095)
(5.9532871 -17.875104 148.20222)
(11.11945 -15.244296 142.21499)
(8.6756328 -16.728127 142.21543)
(11.121379 -15.241952 145.209)
(8.6760973 -16.727812 145.20944)
(11.120861 -15.242098 148.20349)
(8.6747653 -16.727829 148.20345)
(3.3724088 -18.56189 130.23962)
(3.3718362 -18.562061 133.23364)
(5.9760507 -17.873213 130.23954)
(5.9761987 -17.873125 133.23356)
(3.3687007 -18.562621 127.24553)
(5.9748142 -17.873555 127.24553)
(-0.62360142 -18.958176 133.41159)
(-0.62352455 -18.958177 130.41758)
(-0.62327682 -18.958239 127.42354)
(5.9786125 -17.872456 139.22158)
(5.9779609 -17.872669 136.22757)
(3.3722392 -18.562088 139.22166)
(3.3707982 -18.562463 136.22765)
(-0.62384367 -18.95811 139.39961)
(-0.62365995 -18.958157 136.40559)
(11.119835 -15.242995 127.24493)
(8.6733586 -16.729225 127.24537)
(11.120101 -15.242819 130.23894)
(8.6739276 -16.728966 130.23939)
(11.120356 -15.242658 133.23296)
(8.674327 -16.728747 133.2334)
(11.120654 -15.242464 136.22696)
(8.6751882 -16.728424 136.22741)
(11.120915 -15.242289 139.22098)
(8.675682 -16.728182 139.22142)
(-16.006982 -9.9445173 145.20923)
(-17.354502 -7.3354265 145.20946)
(-16.006753 -9.9449115 148.20325)
(-17.354292 -7.3359887 148.20347)
(-14.345445 -12.259322 145.20839)
(-14.345357 -12.259453 148.2024)
(-17.392979 -7.2929116 142.20024)
(-16.451667 -9.4587759 142.03836)
(-14.12878 -12.544252 142.21445)
(-18.783671 -1.5195504 145.20964)
(-18.78384 -1.5197887 148.20364)
(-18.300272 -4.5026672 145.20956)
(-18.300337 -4.503243 148.20357)
(-18.783981 -1.5192278 142.2158)
(-18.302809 -4.4997486 142.21468)
(-16.006287 -9.9456964 154.19127)
(-17.353798 -7.3370828 154.19149)
(-16.006058 -9.9460903 157.18528)
(-17.353587 -7.3376436 157.1855)
(-14.345179 -12.259713 154.19043)
(-14.345091 -12.259844 157.18444)
(-17.392301 -7.2945841 151.18228)
(-16.450977 -9.4600289 151.0204)
(-14.128573 -12.544547 151.19648)
(-18.783601 -1.5202905 154.19158)
(-18.784032 -1.5212195 157.18489)
(-18.299879 -4.504162 154.19159)
(-18.299941 -4.5047428 157.18554)
(-18.78405 -1.519907 151.19759)
(-18.302627 -4.5013216 151.19669)
(-5.9537079 -17.875752 145.21246)
(-5.9514262 -17.875041 148.20256)
(-3.0679187 -18.607596 145.24368)
(-3.0356107 -18.601254 148.19121)
(-5.9538558 -17.876053 142.21691)
(-3.0754268 -18.609033 142.23107)
(-8.678763 -16.726178 148.20341)
(-8.6785348 -16.726436 145.20967)
(-8.6780221 -16.726822 142.21556)
(-12.98033 -13.995536 148.20222)
(-11.127412 -15.237415 148.20301)
(-12.980291 -13.995561 145.20821)
(-11.127213 -15.237553 145.20901)
(-12.419349 -13.344065 142.21557)
(-11.125329 -15.239852 142.215)
(-5.9522424 -17.874648 154.19182)
(-5.9525901 -17.874455 157.18415)
(-3.0342374 -18.600562 154.19396)
(-3.0328911 -18.600112 157.16769)
(-5.9544305 -17.875426 151.20056)
(-3.0656585 -18.607283 151.23259)
(-8.6800249 -16.72553 157.18543)
(-8.6796077 -16.725743 154.19152)
(-8.6792457 -16.726174 151.1977)
(-12.980451 -13.995462 157.18426)
(-11.128036 -15.237008 157.18505)
(-12.980411 -13.995487 154.19024)
(-11.127828 -15.237143 154.19104)
(-12.41935 -13.344066 151.1976)
(-11.125952 -15.239445 151.19703)
(-18.300824 -4.5004943 130.23906)
(-18.303797 -4.5003607 133.23028)
(-17.355796 -7.332633 130.23931)
(-17.393883 -7.2914791 133.21805)
(-18.301071 -4.4997678 127.24548)
(-17.356093 -7.3321002 127.24533)
(-18.794221 -1.5542215 133.19885)
(-18.78547 -1.5229255 130.23516)
(-18.784564 -1.5187021 127.24541)
(-17.354958 -7.3342214 139.22139)
(-17.355217 -7.3336907 136.22744)
(-18.300573 -4.5017777 139.22175)
(-18.300916 -4.501526 136.22852)
(-18.784096 -1.5193614 139.22401)
(-18.784738 -1.5210255 136.24481)
(-14.345964 -12.258425 127.24426)
(-16.009276 -9.9418526 127.24445)
(-14.345874 -12.258555 130.23827)
(-16.009034 -9.9422408 130.23846)
(-14.128988 -12.543957 133.23241)
(-16.452424 -9.4575613 133.05631)
(-14.345694 -12.258814 136.22629)
(-16.008534 -9.9430119 136.22649)
(-14.345605 -12.258944 139.2203)
(-16.008298 -9.9434032 139.2205)
(-5.9519896 -17.876709 130.24078)
(-5.9524275 -17.876569 133.23479)
(-3.0748236 -18.60929 130.25397)
(-3.0748121 -18.60935 133.24798)
(-5.9514148 -17.876907 127.24675)
(-3.0736282 -18.609577 127.25975)
(-8.6767469 -16.727466 133.23352)
(-8.6764527 -16.727514 130.23951)
(-8.6760165 -16.727734 127.2455)
(-12.419347 -13.344064 133.23353)
(-11.124704 -15.24026 133.23296)
(-12.980083 -13.995625 130.23812)
(-11.126173 -15.238221 130.23894)
(-12.980043 -13.99565 127.24411)
(-11.125964 -15.238357 127.24493)
(-3.0753979 -18.609115 139.23602)
(-3.0746747 -18.609333 136.24196)
(-5.9528788 -17.87639 139.22278)
(-5.9523295 -17.876592 136.22876)
(-8.6776374 -16.726915 139.22153)
(-8.6772078 -16.727133 136.22751)
(-12.980202 -13.995552 139.22015)
(-11.126791 -15.23782 139.22097)
(-12.980162 -13.995576 136.22614)
(-11.126583 -15.237956 136.22696)
(14.336759 -12.268404 178.1436)
(15.998033 -9.9581057 178.14362)
(14.338331 -12.26765 175.14846)
(15.999527 -9.9572065 175.14865)
(12.97435 -14.000287 178.14362)
(12.976068 -13.999542 175.1483)
(15.998453 -9.9582286 181.13738)
(14.338306 -12.267911 181.13654)
(12.976248 -13.999477 181.13636)
(14.338205 -12.267907 187.1245)
(15.998815 -9.9584384 187.1247)
(14.338237 -12.267843 184.13049)
(15.999001 -9.9581342 184.13069)
(12.976404 -13.999283 187.12435)
(12.976321 -13.999348 184.13034)
(18.295989 -4.515788 178.14376)
(18.296049 -4.5162645 181.13776)
(18.782744 -1.5252427 178.14376)
(18.78288 -1.5254631 181.13777)
(18.296313 -4.515396 175.14971)
(18.782981 -1.5251075 175.14978)
(17.347652 -7.3515732 181.1376)
(17.34762 -7.3512017 178.14368)
(17.348344 -7.3505371 175.14932)
(18.782553 -1.5257291 187.12579)
(18.78295 -1.5255944 184.13178)
(18.296021 -4.516895 187.1257)
(18.296316 -4.5167516 184.13175)
(17.34757 -7.3523709 187.12536)
(17.34784 -7.3519512 184.13135)
(14.338457 -12.267395 163.17241)
(16.000242 -9.9559871 163.17261)
(14.338489 -12.26733 160.1784)
(16.000423 -9.955667 160.17858)
(12.97574 -13.999799 163.17225)
(12.975656 -13.999864 160.17824)
(15.99935 -9.9566999 166.16734)
(14.338465 -12.26759 166.16648)
(12.975837 -13.999798 166.1663)
(14.338362 -12.267586 172.15444)
(15.999711 -9.9568984 172.15464)
(14.121833 -12.552158 169.16056)
(16.444336 -9.4711519 168.98447)
(12.975974 -13.999607 172.15429)
(12.419332 -13.344061 169.16168)
(18.297537 -4.5167398 163.17469)
(18.297613 -4.5166807 166.17017)
(18.794878 -1.5679931 163.18732)
(18.793891 -1.5625088 166.20444)
(18.297262 -4.5135373 160.17846)
(18.783907 -1.5266123 160.16134)
(17.348707 -7.3494275 166.16771)
(17.34916 -7.348878 163.17335)
(17.349379 -7.3482514 160.17919)
(18.783092 -1.5252078 172.15612)
(18.784696 -1.5287457 169.16594)
(18.296811 -4.5148758 172.15567)
(18.299473 -4.5123243 169.16106)
(17.348599 -7.3500756 172.1553)
(17.385512 -7.3093757 169.14692)
(3.0744682 -18.593964 178.1264)
(3.3551427 -18.563236 181.1366)
(5.9587165 -17.873228 178.14236)
(5.9825301 -17.870528 181.13767)
(3.3315101 -18.565899 175.14727)
(5.9797575 -17.871067 175.14955)
(-0.6254322 -18.957742 181.3156)
(-0.035421147 -18.84761 177.89321)
(-0.53532304 -18.94595 175.65188)
(5.9864802 -17.869666 187.12577)
(5.9857193 -17.869909 184.13176)
(3.3773918 -18.560707 187.12576)
(3.375313 -18.561265 184.13177)
(-0.62592037 -18.957701 187.30395)
(-0.62573434 -18.957775 184.30978)
(11.123943 -15.240215 175.14912)
(8.6805477 -16.725496 175.14956)
(11.123431 -15.24035 178.1436)
(8.6794175 -16.72547 178.14357)
(11.124467 -15.239877 181.13715)
(8.6815673 -16.725018 181.13759)
(11.124769 -15.239682 184.13115)
(8.6824851 -16.724687 184.1316)
(11.125032 -15.239507 187.12517)
(8.6830088 -16.724437 187.12561)
(3.3745455 -18.561197 163.17365)
(3.373977 -18.56137 166.16768)
(5.9813289 -17.871326 163.17367)
(5.9814791 -17.871238 166.16768)
(3.3506614 -18.564132 160.17835)
(5.9787193 -17.871818 160.17958)
(-0.62497274 -18.95791 166.34587)
(-0.6249357 -18.957916 163.35171)
(-0.6244502 -18.957929 160.35748)
(5.9578184 -17.873432 172.15423)
(5.9815069 -17.870977 169.1616)
(3.0729652 -18.594505 172.13841)
(3.3523993 -18.564032 169.16056)
(-0.03555875 -18.847781 171.90529)
(-0.53534424 -18.946075 169.66404)
(11.122661 -15.241084 160.17906)
(8.67832 -16.726664 160.1795)
(11.12293 -15.240908 163.17307)
(8.6789406 -16.726399 163.17352)
(11.123185 -15.240746 166.16709)
(8.67934 -16.72618 166.16753)
(11.121801 -15.242722 169.1611)
(8.68003 -16.725949 169.16154)
(11.123576 -15.240395 172.1551)
(8.6786318 -16.725841 172.15544)
(-18.298245 -4.5081589 178.14375)
(-18.298243 -4.508719 181.13776)
(-17.352004 -7.341448 178.14353)
(-17.351809 -7.3420185 181.13755)
(-18.298536 -4.5077136 175.14976)
(-17.352281 -7.3409139 175.14952)
(-18.783345 -1.522316 181.13775)
(-18.783453 -1.5220832 178.14378)
(-18.783584 -1.5218816 175.14999)
(-17.351165 -7.3430842 187.12553)
(-17.351428 -7.3425133 184.13155)
(-18.29813 -4.5102003 187.12528)
(-18.298418 -4.5093863 184.13171)
(-18.784616 -1.5275562 187.12097)
(-18.783774 -1.5229553 184.13141)
(-14.344548 -12.260509 175.14845)
(-16.005561 -9.9481403 175.14864)
(-14.344459 -12.260639 178.14246)
(-16.005323 -9.9485306 178.14266)
(-14.344371 -12.260769 181.13647)
(-16.005097 -9.9489264 181.13667)
(-14.344278 -12.260898 184.13048)
(-16.004822 -9.9493012 184.13068)
(-14.344189 -12.261028 187.12449)
(-16.004582 -9.9496928 187.12469)
(-5.9563777 -17.87332 178.14261)
(-5.960041 -17.873799 181.13885)
(-3.0399575 -18.600301 178.13031)
(-3.0780554 -18.607609 181.15048)
(-5.9583515 -17.874032 175.15248)
(-3.0687034 -18.60648 175.18236)
(-8.6836688 -16.723869 181.13771)
(-8.6830247 -16.724028 178.14353)
(-8.6827735 -16.724291 175.14979)
(-12.980765 -13.995206 181.13632)
(-11.129709 -15.235917 181.13715)
(-12.980723 -13.99523 178.14231)
(-11.129491 -15.236048 178.14312)
(-12.980684 -13.995255 175.1483)
(-11.129292 -15.236188 175.14912)
(-3.0808549 -18.607666 187.14154)
(-3.0802165 -18.60806 184.14615)
(-5.9606977 -17.873636 187.12707)
(-5.9601184 -17.873874 184.13295)
(-8.6844448 -16.723479 187.12573)
(-8.684012 -16.723702 184.13171)
(-12.980843 -13.995157 187.12434)
(-11.130119 -15.23565 187.12517)
(-12.980803 -13.995181 184.13033)
(-11.129911 -15.235786 184.13115)
(-18.302754 -4.5052224 163.16995)
(-18.30274 -4.5061126 166.16554)
(-17.391526 -7.2969922 163.15814)
(-17.391322 -7.297591 166.15225)
(-18.302427 -4.5028401 160.17805)
(-17.391782 -7.2963329 160.16428)
(-18.795673 -1.56474 166.154)
(-18.79486 -1.5591272 163.13657)
(-18.786578 -1.5268925 160.17322)
(-17.352365 -7.3402835 172.15552)
(-17.390878 -7.2979102 169.14644)
(-18.299003 -4.5071538 172.15588)
(-18.301785 -4.5043743 169.16184)
(-18.783692 -1.521813 172.15821)
(-18.784514 -1.5237602 169.18002)
(-14.128366 -12.544841 160.17852)
(-16.45034 -9.4613056 160.00243)
(-14.128297 -12.54494 163.17253)
(-16.450097 -9.4617242 162.99643)
(-14.128228 -12.545038 166.16654)
(-16.449872 -9.4621465 165.99045)
(-14.128159 -12.545136 169.16055)
(-16.449578 -9.4625278 168.98448)
(-14.344632 -12.260377 172.15444)
(-16.005747 -9.9477267 172.15463)
(-5.9573216 -17.874854 163.17491)
(-5.957739 -17.874697 166.16903)
(-3.0784965 -18.608422 163.18808)
(-3.0781225 -18.608435 166.18344)
(-5.9565707 -17.875016 160.18074)
(-3.0750358 -18.608264 160.19213)
(-8.6814231 -16.725107 166.16766)
(-8.6810049 -16.725319 163.17364)
(-8.6805611 -16.725537 160.17962)
(-12.419353 -13.344067 166.16766)
(-11.126994 -15.238766 166.16709)
(-12.419352 -13.344067 163.17365)
(-11.126786 -15.238901 163.17308)
(-12.419352 -13.344067 160.17964)
(-11.126578 -15.239038 160.17907)
(-3.0385567 -18.600506 172.14352)
(-3.0701772 -18.607244 169.19621)
(-5.9552532 -17.873868 172.15484)
(-5.9571441 -17.874658 169.16431)
(-8.6821662 -16.724509 172.15554)
(-8.6817421 -16.724935 169.1617)
(-12.980643 -13.99528 172.15428)
(-11.129076 -15.236327 172.1551)
(-12.419353 -13.344067 169.16168)
(-11.127196 -15.238635 169.1611)
(14.336351 -12.269237 217.06575)
(15.995716 -9.962114 217.06577)
(14.33792 -12.268485 214.07061)
(15.997208 -9.9612143 214.0708)
(12.975434 -13.999447 217.06577)
(12.977139 -13.998705 214.07046)
(15.996139 -9.962248 220.05955)
(14.337894 -12.268747 220.0587)
(12.977305 -13.998642 220.05851)
(18.294531 -4.5215797 217.06491)
(18.294888 -4.5207541 214.07163)
(17.345065 -7.357236 217.06578)
(17.345785 -7.3565453 214.07146)
(18.295339 -4.5240245 220.06191)
(17.345148 -7.3577445 220.0599)
(18.782393 -1.5276243 214.06974)
(18.782807 -1.5299465 217.04884)
(18.792538 -1.5636433 220.09189)
(14.121677 -12.552609 208.08272)
(16.44189 -9.4755319 207.90663)
(14.338015 -12.268292 205.08857)
(15.997743 -9.9602897 205.08877)
(12.419334 -13.344063 208.08383)
(12.976892 -13.998898 205.08842)
(16.441713 -9.4758747 210.90064)
(14.121665 -12.552644 211.07673)
(12.419334 -13.344063 211.07784)
(18.297413 -4.5171976 208.08284)
(18.29521 -4.5194973 205.08978)
(17.382811 -7.3153606 208.06906)
(17.346372 -7.3551605 205.08944)
(18.29753 -4.517777 211.07686)
(17.382687 -7.315865 211.06307)
(18.78242 -1.5269268 205.08986)
(18.782628 -1.5270137 208.08381)
(18.78285 -1.5272566 211.07769)
(14.33814 -12.268036 193.11253)
(15.998454 -9.9590543 193.11272)
(14.121749 -12.552401 190.11864)
(16.443021 -9.4735125 189.94256)
(12.97655 -13.999157 193.11237)
(12.419333 -13.344062 190.11976)
(15.997562 -9.9597701 196.10744)
(14.338148 -12.268232 196.1066)
(12.976659 -13.999155 196.10642)
(14.338047 -12.268228 202.09456)
(15.997927 -9.9599826 202.09476)
(14.336542 -12.268853 199.10168)
(15.996799 -9.9602679 199.1017)
(12.976816 -13.998961 202.09441)
(12.974945 -13.999833 199.1017)
(18.295603 -4.5177215 193.11372)
(18.295462 -4.5183755 196.10782)
(18.782606 -1.5261601 193.11381)
(18.782707 -1.5263972 196.10783)
(18.298263 -4.5149291 190.11883)
(18.783106 -1.5259009 190.11976)
(17.346666 -7.3538871 196.10766)
(17.347129 -7.3532889 193.11339)
(17.38407 -7.3126116 190.10499)
(18.782536 -1.5267002 202.09585)
(18.782807 -1.5265353 199.10184)
(18.295433 -4.5192426 202.09582)
(18.295704 -4.5189086 199.10184)
(17.346617 -7.3547118 202.09543)
(17.346376 -7.3544855 199.10177)
(3.357965 -18.562274 217.06614)
(3.3796173 -18.560056 214.07197)
(-0.53690535 -18.945794 217.59572)
(-0.62701077 -18.957563 214.25003)
(3.0579686 -18.595626 220.06217)
(-0.033457212 -18.850558 220.09469)
(5.9893078 -17.868464 214.07188)
(5.9883142 -17.868414 217.06591)
(5.9636577 -17.871085 220.06006)
(11.127296 -15.237952 214.07127)
(8.6866333 -16.722439 214.07172)
(11.126893 -15.238074 217.06577)
(8.6869229 -16.722254 217.06581)
(11.127679 -15.237629 220.0593)
(8.6857633 -16.722171 220.05975)
(3.3816167 -18.559792 208.08394)
(3.3803921 -18.560102 205.08993)
(-0.62691084 -18.957566 208.26189)
(-0.62672701 -18.957611 205.26788)
(3.3797344 -18.560234 211.07795)
(-0.62698162 -18.957568 211.25591)
(5.9879736 -17.868971 205.08984)
(5.9887727 -17.868725 208.08386)
(5.9885524 -17.868716 211.07787)
(11.126526 -15.238474 205.08924)
(8.6852733 -16.72314 205.08968)
(11.125115 -15.240465 208.08326)
(8.6857193 -16.722974 208.0837)
(11.125363 -15.240292 211.07727)
(8.6860615 -16.722766 211.07771)
(3.0775077 -18.593452 193.09655)
(3.3569358 -18.562839 196.10667)
(5.961246 -17.872356 193.11242)
(5.9849742 -17.869664 196.10773)
(3.3554065 -18.563223 190.11865)
(5.9836832 -17.87009 190.11971)
(-0.62608252 -18.957625 196.28566)
(-0.035546041 -18.84748 192.8633)
(-0.53605726 -18.945906 190.62212)
(5.9888893 -17.868826 202.09583)
(5.9881293 -17.869055 199.10182)
(3.3795959 -18.560406 202.09591)
(3.3768284 -18.56093 199.10184)
(-0.62657505 -18.957618 202.27386)
(-0.62638135 -18.957662 199.27984)
(11.123559 -15.241512 190.11918)
(8.6828185 -16.724409 190.11962)
(11.125375 -15.239183 193.11318)
(8.6818111 -16.72425 193.11355)
(11.125753 -15.239007 196.10721)
(8.6838464 -16.723849 196.10765)
(11.125396 -15.23911 199.10169)
(8.6846484 -16.72357 199.10174)
(11.126315 -15.238638 202.09523)
(8.6852575 -16.723276 202.09567)
(-16.002111 -9.9527686 208.08348)
(-17.349546 -7.3470151 208.08371)
(-16.446141 -9.4682584 210.90064)
(-17.386228 -7.3072812 211.06308)
(-14.343585 -12.262058 208.08264)
(-14.127191 -12.546512 211.07672)
(-17.349658 -7.3464215 205.08977)
(-16.002482 -9.9524533 205.08947)
(-14.343721 -12.261955 205.08863)
(-18.782805 -1.5241868 208.08409)
(-18.78308 -1.524302 211.07786)
(-18.297274 -4.5131016 208.08385)
(-18.299207 -4.5116307 211.07711)
(-18.78298 -1.5241462 205.09226)
(-18.297442 -4.5128034 205.09004)
(-16.001414 -9.9539478 217.06552)
(-17.348834 -7.3486821 217.06575)
(-16.001186 -9.9543425 220.05953)
(-17.34864 -7.3492565 220.05972)
(-14.343319 -12.262448 217.06468)
(-14.343231 -12.262579 220.05869)
(-17.348981 -7.3480811 214.07179)
(-16.00179 -9.9536338 214.07151)
(-14.343456 -12.262346 214.07067)
(-18.782825 -1.5253184 217.06545)
(-18.784245 -1.5299025 220.05509)
(-18.296786 -4.5147525 217.06586)
(-18.297079 -4.515511 220.05943)
(-18.783049 -1.524715 214.07187)
(-18.29731 -4.5142907 214.07188)
(-5.9646503 -17.872296 208.08509)
(-5.9650835 -17.872157 211.07911)
(-3.0839859 -18.60731 208.0983)
(-3.0839194 -18.607388 211.09236)
(-5.9641234 -17.872482 205.09108)
(-3.0832678 -18.607516 205.10427)
(-8.6878032 -16.721887 211.07783)
(-8.6875093 -16.721937 208.08382)
(-8.6870788 -16.722155 205.08981)
(-12.41936 -13.344071 211.07784)
(-11.130116 -15.236727 211.07727)
(-12.981132 -13.995043 208.08246)
(-11.131583 -15.234705 208.08326)
(-12.981103 -13.995074 205.08845)
(-11.131375 -15.234842 205.08925)
(-5.9653679 -17.871678 217.06898)
(-5.9628812 -17.870938 220.06021)
(-3.0760701 -18.605791 217.10286)
(-3.0412864 -18.599132 220.06408)
(-5.9655043 -17.871989 214.0732)
(-3.0834337 -18.607398 214.08748)
(-8.6889529 -16.721025 220.05978)
(-8.688738 -16.721285 217.06597)
(-8.6883475 -16.721514 214.07185)
(-12.981291 -13.994944 220.05851)
(-11.132403 -15.234159 220.0593)
(-12.981252 -13.994969 217.0645)
(-11.132205 -15.234298 217.0653)
(-12.981223 -13.995 214.07048)
(-11.131999 -15.234435 214.07128)
(-18.301052 -4.5109368 193.11168)
(-18.297932 -4.5118507 196.10842)
(-17.389148 -7.3025827 193.09836)
(-17.350655 -7.3448159 196.10764)
(-18.298931 -4.5127997 190.1172)
(-17.351213 -7.3438588 190.11941)
(-18.785108 -1.5311153 196.12121)
(-18.795474 -1.5670091 193.09964)
(-18.794389 -1.5610118 190.08306)
(-17.350007 -7.345839 202.09571)
(-17.350313 -7.3454699 199.10144)
(-18.297569 -4.5125856 202.09681)
(-18.298458 -4.5142588 199.09971)
(-18.783653 -1.5261162 202.11292)
(-18.793581 -1.5594602 199.06941)
(-14.344106 -12.261161 190.11851)
(-16.00441 -9.9501155 190.1187)
(-14.127606 -12.545922 193.11265)
(-16.447772 -9.4658936 192.93656)
(-14.343928 -12.261421 196.10653)
(-16.003937 -9.9508929 196.10673)
(-14.343836 -12.26155 199.10054)
(-16.003666 -9.9512788 199.10073)
(-14.343746 -12.261679 202.09456)
(-16.003426 -9.9516589 202.09476)
(-5.9588107 -17.872487 193.11268)
(-5.9624748 -17.87295 196.10891)
(-3.0418231 -18.599972 193.10049)
(-3.0798111 -18.607236 196.12054)
(-5.9609679 -17.873245 190.12269)
(-3.0727808 -18.606763 190.15428)
(-8.6857946 -16.722796 196.10777)
(-8.6850254 -16.723118 193.11359)
(-8.6849083 -16.723225 190.11985)
(-12.980965 -13.995082 196.10638)
(-11.130749 -15.235238 196.1072)
(-12.419357 -13.34407 193.11377)
(-11.128857 -15.237539 193.11319)
(-12.980885 -13.995132 190.11836)
(-11.130332 -15.23551 190.11918)
(-3.082773 -18.607526 202.11024)
(-3.0819453 -18.607714 199.11613)
(-5.9631004 -17.872827 202.09703)
(-5.9625491 -17.873029 199.10301)
(-8.6865671 -16.72241 202.09578)
(-8.6861376 -16.722629 199.10177)
(-12.981044 -13.995033 202.0944)
(-11.131159 -15.234972 202.09523)
(-12.981004 -13.995058 199.10039)
(-11.130951 -15.235108 199.10121)
(14.121544 -12.55299 241.01685)
(16.439832 -9.4792471 240.84076)
(14.337667 -12.268999 238.02271)
(15.995784 -9.9636933 238.02291)
(12.419336 -13.344065 241.01796)
(12.977797 -13.99819 238.02255)
(15.994367 -9.964854 244.01188)
(14.336191 -12.269907 244.01186)
(12.976234 -13.998911 244.01188)
(14.121507 -12.553094 249.99888)
(16.439276 -9.4802574 249.82279)
(14.337573 -12.269191 247.00474)
(15.995253 -9.9646078 247.00494)
(12.419336 -13.344066 250)
(12.978049 -13.997996 247.00459)
(18.29604 -4.5224784 241.0175)
(18.293651 -4.5250656 244.01202)
(18.783448 -1.5337026 241.02266)
(18.782245 -1.5297718 244.01242)
(18.294592 -4.5265648 238.0262)
(18.792266 -1.5645701 238.05863)
(17.343388 -7.3613424 244.01195)
(17.380626 -7.3205123 241.00322)
(17.344257 -7.3604145 238.02373)
(18.781927 -1.5295052 249.99981)
(18.782207 -1.5295202 247.00604)
(18.295746 -4.5233024 249.99906)
(18.293898 -4.5255146 247.00596)
(17.380071 -7.3218867 249.98523)
(17.343698 -7.3616632 247.0056)
(14.121603 -12.552817 226.04679)
(16.440774 -9.4775738 225.87072)
(14.121615 -12.552783 223.05278)
(16.440967 -9.4772273 222.87668)
(12.419335 -13.344064 226.0479)
(12.419335 -13.344064 223.05389)
(15.9956 -9.9631618 229.04157)
(14.3378 -12.268939 229.04073)
(12.977564 -13.998447 229.04055)
(14.337699 -12.268934 235.02869)
(15.995963 -9.9633741 235.02889)
(14.337731 -12.26887 232.03468)
(15.996146 -9.9630672 232.03488)
(12.977721 -13.998253 235.02854)
(12.977638 -13.998317 232.03453)
(18.297396 -4.5221892 226.04923)
(18.294388 -4.5233147 229.0423)
(18.792481 -1.5639692 226.08283)
(18.783642 -1.5328616 229.0462)
(18.297255 -4.5201279 223.05231)
(18.784555 -1.5343456 223.04105)
(17.344507 -7.358993 229.04181)
(17.381676 -7.3183175 226.03329)
(17.381907 -7.3177558 223.03908)
(18.782559 -1.5307743 235.01279)
(18.782523 -1.5289879 232.03431)
(18.29418 -4.5241099 235.02913)
(18.294437 -4.5235728 232.03588)
(17.344449 -7.3598087 235.02953)
(17.344687 -7.359357 232.03555)
(3.3855128 -18.558886 241.01807)
(3.3832307 -18.55926 244.012)
(5.9941806 -17.866811 241.01799)
(5.9941967 -17.866739 244.012)
(3.3842698 -18.559212 238.02406)
(5.9933569 -17.867064 238.02398)
(-0.62833023 -18.957317 244.19017)
(-0.62833445 -18.957309 241.19603)
(-0.62813411 -18.95737 238.202)
(5.970704 -17.868902 249.99854)
(5.9942599 -17.866462 247.00591)
(3.0834851 -18.592198 249.98277)
(3.3617807 -18.561884 247.00487)
(-0.035951366 -18.847202 249.74944)
(-0.53770545 -18.94571 247.50823)
(11.129353 -15.236559 238.02337)
(8.6902864 -16.720565 238.02382)
(11.127944 -15.238547 241.01739)
(8.690736 -16.720398 241.01783)
(11.129219 -15.236514 244.01187)
(8.691079 -16.720149 244.01192)
(11.130158 -15.236028 247.00541)
(8.6919476 -16.719785 247.00585)
(11.128592 -15.238032 249.99941)
(8.6904512 -16.719832 249.99975)
(3.061984 -18.594499 226.02786)
(3.3594443 -18.562089 229.04061)
(5.9651065 -17.870607 226.04633)
(5.9902737 -17.867767 229.04185)
(3.0418866 -18.597303 223.05173)
(5.9630205 -17.871065 223.05377)
(-0.62748322 -18.957361 229.21976)
(0.0041155223 -18.839433 225.75723)
(7.9193475e-05 -18.843891 223.03678)
(5.9942709 -17.866919 235.02996)
(5.9935148 -17.867146 232.03595)
(3.3834478 -18.559522 235.03004)
(3.3806099 -18.560054 232.03596)
(-0.62765997 -18.957631 235.20787)
(-0.62779115 -18.957419 232.21396)
(11.12626 -15.23961 223.05332)
(8.686116 -16.722026 223.05375)
(11.126524 -15.239434 226.04732)
(8.6866705 -16.721767 226.04767)
(11.12858 -15.237092 229.04134)
(8.6888571 -16.721276 229.04178)
(11.128881 -15.236898 232.03535)
(8.6897742 -16.720945 232.03579)
(11.129142 -15.236723 235.02936)
(8.690271 -16.720702 235.0298)
(-18.297892 -4.515692 241.01699)
(-18.295441 -4.5189232 244.01195)
(-17.385297 -7.3112253 241.00264)
(-17.346859 -7.3535895 244.01179)
(-18.295737 -4.5179608 238.02397)
(-17.347332 -7.3524877 238.02377)
(-18.782493 -1.5268923 244.01203)
(-18.782759 -1.5265588 241.01811)
(-18.782864 -1.5267754 238.02477)
(-17.346224 -7.3545967 249.99982)
(-17.346486 -7.3540761 247.00581)
(-18.295193 -4.5199108 249.99995)
(-18.295462 -4.5197041 247.006)
(-18.782394 -1.5273842 250.00001)
(-18.782802 -1.5272086 247.00604)
(-14.342688 -12.263243 238.0227)
(-16.000684 -9.9563912 238.0229)
(-14.126499 -12.547494 241.01684)
(-16.444042 -9.4725437 240.84076)
(-14.342511 -12.263503 244.01072)
(-16.000219 -9.9571768 244.01092)
(-14.34543 -12.261666 247.00473)
(-16.000168 -9.9574012 247.00493)
(-14.34534 -12.261796 249.99874)
(-15.999928 -9.9577895 249.99894)
(-5.9699891 -17.870436 241.01923)
(-5.9703851 -17.870278 244.01334)
(-3.0877822 -18.606488 241.03251)
(-3.0870345 -18.606628 244.02768)
(-5.9694593 -17.870624 238.0252)
(-3.0869187 -18.606841 238.03833)
(-8.6926003 -16.71936 244.01197)
(-8.6920589 -16.719734 241.01795)
(-8.691753 -16.719791 238.02394)
(-12.981605 -13.994687 244.01057)
(-11.134076 -15.233066 244.0114)
(-12.419365 -13.344074 241.01796)
(-11.132197 -15.235366 241.01739)
(-12.981525 -13.994737 238.02255)
(-11.13366 -15.233338 238.02337)
(-3.0450218 -18.600982 249.9856)
(-3.0760816 -18.607776 247.03939)
(-5.9235147 -17.904374 249.98382)
(-5.9253607 -17.90518 246.99333)
(-8.1787123 -17.123152 249.82279)
(-8.1784508 -17.123423 246.829)
(-12.419367 -13.344075 250)
(-11.43553 -15.037997 249.99934)
(-12.419366 -13.344075 247.00599)
(-11.435349 -15.038121 247.00533)
(-18.297074 -4.5190003 226.04681)
(-18.296172 -4.5171101 229.04295)
(-17.348312 -7.3504693 226.04763)
(-17.348043 -7.3508677 229.0418)
(-18.299899 -4.5155712 223.05037)
(-17.386868 -7.3081218 223.03839)
(-18.784369 -1.530883 229.05806)
(-18.79486 -1.5694 226.034)
(-18.794101 -1.5632525 223.01714)
(-17.347419 -7.3518763 235.02975)
(-17.347656 -7.3513402 232.03576)
(-18.295958 -4.5178365 235.02985)
(-18.296223 -4.5173429 232.03615)
(-18.783893 -1.5286239 235.02807)
(-18.783447 -1.5269564 232.03853)
(-14.126914 -12.546905 223.05277)
(-16.445461 -9.4700636 222.87667)
(-14.343042 -12.262723 226.04665)
(-16.001612 -9.9548262 226.04684)
(-14.342954 -12.262852 229.04066)
(-16.001381 -9.9552139 229.04086)
(-14.342861 -12.262981 232.03467)
(-16.001106 -9.9555877 232.03487)
(-14.345785 -12.261145 235.02869)
(-16.001095 -9.9558292 235.02888)
(-5.9637406 -17.870516 226.0464)
(-5.9678063 -17.871075 229.04302)
(-3.0404152 -18.598092 226.02961)
(-3.08338 -18.606346 229.0544)
(-5.9630469 -17.870727 223.05377)
(-3.0376573 -18.598337 223.05224)
(-8.6904696 -16.720432 229.0419)
(-8.6898005 -16.720586 226.0477)
(-8.6892383 -16.72097 223.05378)
(-12.981405 -13.994811 229.04051)
(-11.133036 -15.233745 229.04134)
(-12.981364 -13.994835 226.0465)
(-11.132817 -15.233877 226.04732)
(-12.419362 -13.344073 223.05389)
(-11.130937 -15.236179 223.05331)
(-3.0835917 -18.609082 235.04333)
(-3.0856117 -18.607019 232.0502)
(-5.9240172 -17.9059 235.01587)
(-5.9678915 -17.871166 232.03714)
(-8.1767679 -17.124224 234.85288)
(-8.690813 -16.720265 232.0359)
(-12.419364 -13.344074 235.02994)
(-11.434627 -15.038618 235.02928)
(-12.981444 -13.994786 232.03452)
(-11.133238 -15.233615 232.03535)
(14.340232 -12.267938 279.93887)
(15.993499 -9.9678444 279.93907)
(14.340264 -12.267874 276.94486)
(15.993681 -9.9675381 276.94506)
(12.419337 -13.344067 279.94012)
(12.419337 -13.344067 276.94611)
(15.992384 -9.9687065 282.93379)
(14.337228 -12.270094 282.93295)
(12.979045 -13.997288 282.93276)
(18.29194 -4.5301602 279.94013)
(18.292188 -4.5297921 276.94612)
(17.3414 -7.3667048 279.93974)
(17.341636 -7.3662597 276.94572)
(18.291938 -4.5306522 282.93414)
(17.340931 -7.3673017 282.93401)
(18.781599 -1.5314247 276.94615)
(18.781617 -1.5316337 279.94015)
(18.781686 -1.5318385 282.934)
(14.337318 -12.269704 270.95684)
(15.993811 -9.9670684 270.95703)
(14.121435 -12.553302 267.96295)
(16.438153 -9.4822815 267.78687)
(12.978703 -13.997481 270.95668)
(12.419337 -13.344067 267.96407)
(15.992924 -9.9677842 273.95175)
(14.337324 -12.269902 273.95091)
(12.978798 -13.997481 273.95073)
(18.292484 -4.5287174 270.95803)
(18.295112 -4.525712 267.96309)
(17.341994 -7.3653173 270.9577)
(17.378879 -7.324676 267.9493)
(18.292458 -4.5294355 273.95212)
(17.341566 -7.3659319 273.95197)
(18.781788 -1.5307445 267.9641)
(18.781745 -1.5310674 270.95812)
(18.781961 -1.5313054 273.95214)
(14.121484 -12.553164 255.98691)
(16.438896 -9.4809331 255.81081)
(14.337508 -12.269319 252.99277)
(15.994891 -9.9652232 252.99296)
(12.419336 -13.344066 255.98802)
(12.978208 -13.997868 252.99261)
(15.993819 -9.9662544 258.98171)
(14.337483 -12.269581 258.98085)
(12.978387 -13.997803 258.98067)
(14.121448 -12.553268 264.96894)
(16.438346 -9.4819461 264.79285)
(14.337413 -12.269512 261.9748)
(15.99436 -9.9661495 261.975)
(12.419337 -13.344066 264.97006)
(12.978443 -13.997675 261.97465)
(18.2954 -4.5244366 255.98613)
(18.293749 -4.5295376 258.98433)
(18.782344 -1.5322252 255.97111)
(18.792013 -1.5659294 259.01698)
(18.293566 -4.5262265 252.99377)
(18.78225 -1.5300522 252.99211)
(17.342577 -7.3637624 258.98208)
(17.379634 -7.3228294 255.9732)
(17.343259 -7.3625773 252.99362)
(18.782067 -1.530826 264.97043)
(18.783386 -1.5345932 261.98028)
(18.295432 -4.5253916 264.96912)
(18.293452 -4.5279397 261.97631)
(17.379125 -7.3242261 264.95529)
(17.342719 -7.3639879 261.97567)
(3.3633031 -18.563229 279.93767)
(3.082265 -18.594133 276.92777)
(-0.62970425 -18.956957 280.11796)
(-0.036969829 -18.846986 276.69553)
(3.3875349 -18.558381 282.93407)
(-0.62976263 -18.957258 283.11206)
(5.9301892 -17.902582 276.92945)
(5.9543557 -17.899767 279.92474)
(6.0005467 -17.864484 282.93415)
(11.43332 -15.039942 276.94545)
(8.1811103 -17.122233 276.76883)
(11.433551 -15.039777 279.93947)
(8.1837747 -17.121766 279.76295)
(11.133208 -15.233956 282.93355)
(8.697112 -16.717052 282.934)
(3.3872036 -18.558307 270.95809)
(3.3859039 -18.558616 267.96407)
(-0.62957551 -18.957062 271.13629)
(-0.62941186 -18.95713 268.14211)
(3.364659 -18.561169 273.95091)
(-0.53905605 -18.945261 274.45442)
(5.9981053 -17.865349 267.96409)
(5.998938 -17.86509 270.9581)
(5.9973178 -17.865244 273.95204)
(11.130252 -15.236978 267.9635)
(8.6947719 -16.718304 267.96394)
(11.132183 -15.234642 270.9575)
(8.6953471 -16.717976 270.95795)
(11.13243 -15.234481 273.95152)
(8.6956369 -16.717774 273.95196)
(3.3838484 -18.558881 255.98794)
(3.3632375 -18.561261 258.98081)
(5.9963682 -17.865977 255.98804)
(5.9949094 -17.866061 258.98196)
(3.3626031 -18.561553 252.99289)
(5.9939478 -17.866447 252.99396)
(-0.53853449 -18.945208 259.4833)
(-0.62859966 -18.957421 256.16611)
(-0.62846566 -18.957224 253.17187)
(5.9971815 -17.865407 264.96997)
(5.972362 -17.868281 261.97457)
(3.3638086 -18.561268 264.96884)
(3.0827246 -18.592451 261.9587)
(-0.62865543 -18.957334 265.14778)
(-0.035903205 -18.847268 261.72459)
(11.130629 -15.235689 252.99343)
(8.6924511 -16.719414 252.99387)
(11.129228 -15.237675 255.98745)
(8.6929996 -16.719229 255.98789)
(11.131145 -15.235351 258.98146)
(8.6933601 -16.71894 258.98189)
(11.131284 -15.235174 261.97546)
(8.6922702 -16.71883 261.9758)
(11.13003 -15.237144 264.96948)
(8.6946167 -16.718456 264.96992)
(-16.441479 -9.4765811 270.78088)
(-17.381471 -7.3183385 270.94333)
(-15.997 -9.9614081 273.95175)
(-17.344363 -7.359159 273.95198)
(-14.125807 -12.548476 270.95696)
(-14.341635 -12.264922 273.9509)
(-17.344704 -7.3580208 267.96407)
(-15.997602 -9.9607019 267.96373)
(-14.341859 -12.264689 267.96288)
(-18.782071 -1.5288609 270.96033)
(-18.782106 -1.5290478 273.95226)
(-18.296184 -4.5214681 270.95749)
(-18.294319 -4.5241149 273.95212)
(-18.78268 -1.531438 267.98248)
(-18.294626 -4.5234526 267.965)
(-15.996532 -9.9621922 279.93977)
(-17.343862 -7.3602561 279.94)
(-15.996555 -9.9624192 282.93378)
(-17.343663 -7.3608032 282.93401)
(-14.341457 -12.265182 279.93893)
(-14.344377 -12.263348 282.93294)
(-17.34401 -7.3596611 276.94604)
(-15.996908 -9.9618803 276.94576)
(-14.341593 -12.265079 276.94492)
(-18.781823 -1.5294777 279.94017)
(-18.781967 -1.5297204 282.93418)
(-18.29379 -4.5250957 279.94016)
(-18.293806 -4.5256487 282.93417)
(-18.782171 -1.5293057 276.94616)
(-18.294287 -4.5247291 276.94616)
(-5.9748108 -17.868724 270.95945)
(-5.9745886 -17.868462 273.955)
(-3.0907494 -18.605635 270.97385)
(-3.0825607 -18.604525 273.98642)
(-5.9743082 -17.868915 267.96532)
(-3.0902189 -18.606038 267.97839)
(-8.6968077 -16.717202 273.95219)
(-8.6963057 -16.717581 270.95808)
(-8.6960015 -16.71764 267.96406)
(-12.982012 -13.994499 273.95072)
(-11.136154 -15.231717 273.95152)
(-12.41937 -13.344077 270.95808)
(-11.134277 -15.234005 270.95751)
(-12.981943 -13.994555 267.9627)
(-11.13574 -15.23199 267.9635)
(-5.9760855 -17.868174 279.94122)
(-5.9323184 -17.903027 282.92008)
(-3.0894631 -18.605116 279.95261)
(-3.0892171 -18.607902 282.94743)
(-5.9723612 -17.867746 276.94498)
(-3.0508351 -18.59817 276.93254)
(-8.1837377 -17.120954 282.7571)
(-8.697693 -16.716772 279.9401)
(-8.6970407 -16.716942 276.94592)
(-12.419372 -13.344078 282.93413)
(-11.437517 -15.036642 282.93348)
(-12.982092 -13.99445 279.93875)
(-11.136571 -15.231445 279.93954)
(-12.982062 -13.994481 276.94473)
(-11.136353 -15.231579 276.94552)
(-18.294923 -4.521295 255.98754)
(-18.295412 -4.5243574 258.97951)
(-17.345907 -7.3557877 255.98781)
(-17.345732 -7.3565437 258.98168)
(-18.297639 -4.5178295 252.99298)
(-17.384434 -7.3134761 252.97868)
(-18.79318 -1.5665482 258.94521)
(-18.783805 -1.532311 255.98353)
(-18.783001 -1.5277745 252.99367)
(-17.345129 -7.3576406 264.9698)
(-17.345369 -7.3571202 261.97576)
(-18.295421 -4.5258262 264.96916)
(-18.295743 -4.525556 261.97482)
(-18.794439 -1.5727242 264.95766)
(-18.795276 -1.574158 261.96067)
(-14.126223 -12.547887 252.99289)
(-16.443126 -9.4742163 252.8168)
(-14.345167 -12.262058 255.98677)
(-15.999509 -9.9585956 255.98697)
(-14.342068 -12.264154 258.98078)
(-15.99906 -9.9591492 258.98097)
(-14.341975 -12.264283 261.97479)
(-15.998786 -9.959531 261.97498)
(-14.344897 -12.262448 264.9688)
(-15.998775 -9.9597724 264.969)
(-5.9279427 -17.904515 255.97409)
(-5.9721437 -17.869319 258.9849)
(-3.086011 -18.608218 256.00269)
(-3.0806451 -18.604978 259.01596)
(-5.9716466 -17.869763 252.99513)
(-3.0857728 -18.606158 253.0067)
(-8.6946827 -16.718277 258.98212)
(-8.1798866 -17.122759 255.811)
(-8.6937388 -16.718878 252.99399)
(-12.981805 -13.994563 258.98063)
(-11.135114 -15.232386 258.98146)
(-12.419368 -13.344076 255.98802)
(-11.435891 -15.037749 255.98737)
(-12.419367 -13.344075 252.99401)
(-11.133028 -15.234822 252.99344)
(-3.0843674 -18.607791 264.98152)
(-3.048553 -18.598643 261.9621)
(-5.9286976 -17.904165 264.95585)
(-5.9697448 -17.86882 261.97504)
(-8.1810407 -17.122211 264.79299)
(-8.69491 -16.718068 261.97589)
(-12.419369 -13.344077 264.97006)
(-11.436433 -15.037376 264.9694)
(-12.981844 -13.994539 261.97464)
(-11.135314 -15.232254 261.97546)
(14.503696 -11.936063 303.99588)
(16.225394 -9.7608371 303.75078)
(14.337 -12.270346 300.89696)
(15.992031 -9.9701656 300.89717)
(12.998338 -13.959189 303.9027)
(12.979512 -13.996838 300.8968)
(16.224957 -9.7603631 306.74606)
(14.503004 -11.936843 306.99041)
(12.998097 -13.959457 306.89697)
(14.503492 -11.936448 312.97792)
(16.224871 -9.7618059 312.73282)
(14.50356 -11.93632 309.9839)
(16.225054 -9.7614797 309.7388)
(12.99856 -13.959018 312.88474)
(12.998481 -13.959076 309.89073)
(18.292457 -4.5328602 303.89184)
(18.292424 -4.5328393 306.88523)
(18.782687 -1.5378883 303.89682)
(18.781561 -1.5337871 306.88416)
(18.292105 -4.5358611 300.90071)
(18.792297 -1.5713175 300.93495)
(17.358753 -7.3536059 306.87442)
(17.359047 -7.3534864 303.87998)
(17.340106 -7.3701481 300.89799)
(18.793047 -1.577266 312.88786)
(18.782009 -1.5358119 309.8619)
(18.293049 -4.5362956 312.8744)
(18.292695 -4.5335213 309.87846)
(17.358551 -7.3549855 312.86206)
(17.358774 -7.35443 309.86794)
(14.337127 -12.270089 288.92091)
(15.992738 -9.9689193 288.9211)
(14.33716 -12.270025 285.9269)
(15.992924 -9.9686134 285.92709)
(12.979196 -13.997095 288.92075)
(12.979113 -13.997159 285.92674)
(15.991513 -9.9697957 291.91609)
(14.335686 -12.270932 291.91605)
(12.977552 -13.997878 291.91607)
(14.337034 -12.270282 297.90295)
(15.992213 -9.9698535 297.90315)
(14.337065 -12.270217 294.90893)
(15.992393 -9.9695393 294.90913)
(12.979448 -13.9969 297.90279)
(12.979366 -13.996965 294.90878)
(18.291661 -4.5317433 288.92118)
(18.292291 -4.534356 291.91826)
(18.781832 -1.5344238 288.90509)
(18.791619 -1.5681807 291.94811)
(18.292003 -4.5311495 285.92799)
(18.781902 -1.5321475 285.92624)
(17.340273 -7.3689101 291.91629)
(17.340801 -7.3681214 288.92171)
(17.341075 -7.3676748 285.92776)
(18.793382 -1.5764147 297.91783)
(18.78352 -1.5392901 294.89621)
(18.292399 -4.5354483 297.90519)
(18.292067 -4.5329322 294.90956)
(17.340342 -7.3696412 297.90387)
(17.34054 -7.3690832 294.90977)
(3.3678284 -18.559956 303.89101)
(3.3658855 -18.56031 306.88624)
(6.0024856 -17.863369 303.89214)
(6.0025546 -17.863294 306.88625)
(3.0880581 -18.590996 300.88097)
(5.9784661 -17.866199 300.89685)
(-0.53992295 -18.945141 307.41432)
(-0.63068102 -18.956756 304.07022)
(-0.036814322 -18.846765 300.64765)
(5.9793774 -17.865402 312.87258)
(5.9785588 -17.865691 309.88026)
(3.0720745 -18.592413 312.85452)
(3.0684929 -18.593577 309.88022)
(0.00082259859 -18.839202 312.58612)
(-0.033916721 -18.849874 309.89686)
(11.134621 -15.232914 300.89761)
(8.6981587 -16.71583 300.89798)
(11.13626 -15.230196 303.89244)
(8.7002918 -16.715313 303.8921)
(11.136457 -15.230078 306.8865)
(8.7006845 -16.715097 306.88612)
(11.136645 -15.229858 309.88047)
(8.6995061 -16.714995 309.88014)
(11.136906 -15.229682 312.87447)
(8.7000062 -16.714744 312.87402)
(3.391054 -18.557622 288.92226)
(3.3903152 -18.557814 291.91627)
(6.0019777 -17.864035 288.92218)
(6.0021091 -17.863951 291.9162)
(3.3884782 -18.558232 285.92824)
(6.00078 -17.864374 285.92817)
(-0.6301812 -18.957174 292.09412)
(-0.63037723 -18.956963 289.1002)
(-0.62985861 -18.957259 286.10608)
(6.0027085 -17.863473 297.90412)
(6.0037909 -17.863497 294.9102)
(3.3685686 -18.560289 297.90308)
(3.3880336 -18.558356 294.91022)
(-0.53959071 -18.945296 298.40644)
(-0.63047436 -18.95693 295.08833)
(11.133459 -15.233772 285.92756)
(8.6975144 -16.716829 285.92801)
(11.133725 -15.233596 288.92157)
(8.6980834 -16.716568 288.92202)
(11.13333 -15.233725 291.91607)
(8.6983704 -16.716398 291.91611)
(11.134276 -15.233239 294.9096)
(8.6993416 -16.716023 294.91004)
(11.134529 -15.233064 297.90361)
(8.699726 -16.715791 297.90405)
(-18.292494 -4.5287209 303.89218)
(-18.29492 -4.5266287 306.88523)
(-17.342084 -7.3645896 303.89203)
(-17.380125 -7.3234149 306.8709)
(-18.292622 -4.528456 300.89823)
(-17.342369 -7.3640576 300.89802)
(-18.781775 -1.5313859 306.88619)
(-18.781746 -1.5313024 303.89226)
(-18.781862 -1.5311096 300.89825)
(-17.341227 -7.3662342 312.87404)
(-17.341522 -7.3656406 309.88005)
(-18.29219 -4.5309323 312.87381)
(-18.292644 -4.5299748 309.88016)
(-18.782845 -1.5366603 312.86958)
(-18.782062 -1.5321696 309.87991)
(-14.343833 -12.264011 300.89695)
(-15.996022 -9.9644874 300.89715)
(-14.340737 -12.266104 303.89096)
(-15.995558 -9.965026 303.89116)
(-14.124976 -12.549654 306.8851)
(-16.438919 -9.4817037 306.70902)
(-14.343561 -12.2644 309.87898)
(-15.99528 -9.9656455 309.87918)
(-14.340465 -12.266493 312.873)
(-15.994814 -9.9661867 312.87319)
(-5.9799302 -17.866799 303.89343)
(-5.9798844 -17.866601 306.88931)
(-3.0916849 -18.604408 303.9062)
(-3.0858411 -18.603769 306.92283)
(-5.931831 -17.901337 300.88181)
(-3.0508678 -18.599727 300.88394)
(-8.7013527 -16.714993 306.88633)
(-8.7010886 -16.715046 303.8922)
(-8.1859922 -17.119673 300.72094)
(-12.419376 -13.344081 306.88623)
(-11.13677 -15.23237 306.88566)
(-12.982406 -13.994192 303.89081)
(-11.138232 -15.230347 303.89164)
(-12.419375 -13.34408 300.8982)
(-11.438599 -15.035884 300.89755)
(-3.050474 -18.59603 312.85627)
(-3.048604 -18.5993 309.88155)
(-5.9778314 -17.865767 312.87305)
(-5.9329685 -17.901029 309.8651)
(-8.7021281 -16.714393 312.87409)
(-8.1872607 -17.119139 309.70308)
(-12.982524 -13.994118 312.87285)
(-11.138846 -15.229943 312.87366)
(-12.419377 -13.344081 309.88024)
(-11.43914 -15.035511 309.87958)
(-18.293236 -4.5262495 288.92212)
(-18.295788 -4.5239858 291.91512)
(-17.343275 -7.3618355 288.92197)
(-17.38132 -7.3206402 291.90084)
(-18.293548 -4.5260842 285.92818)
(-17.343605 -7.3613239 285.92797)
(-18.781993 -1.5302436 291.91615)
(-18.781982 -1.5302032 288.9222)
(-18.782307 -1.5300256 285.92819)
(-17.342453 -7.3634246 297.90401)
(-17.380941 -7.3211282 294.89485)
(-18.293074 -4.5278859 297.90415)
(-18.295774 -4.5248384 294.9092)
(-18.78196 -1.5309122 297.90423)
(-18.78232 -1.5305906 294.91018)
(-14.344279 -12.263361 285.92689)
(-15.997193 -9.9625274 285.92709)
(-14.34118 -12.265454 288.9209)
(-15.996723 -9.9630635 288.9211)
(-14.128764 -12.546918 291.91504)
(-16.440087 -9.479623 291.73896)
(-14.125253 -12.549261 294.90905)
(-16.439796 -9.4800134 294.73297)
(-14.343917 -12.263879 297.90294)
(-15.996208 -9.9640736 297.90313)
(-5.977755 -17.867719 288.92341)
(-5.9337998 -17.902509 291.90214)
(-3.0930486 -18.605563 288.93649)
(-3.0905413 -18.607561 291.9297)
(-5.9327795 -17.902876 285.9141)
(-3.0893698 -18.607986 285.94154)
(-8.1850239 -17.12035 291.73913)
(-8.6989809 -16.716129 288.92214)
(-8.1841603 -17.120758 285.75111)
(-12.419374 -13.344079 291.91617)
(-11.436144 -15.038736 291.91552)
(-12.982206 -13.994316 288.92075)
(-11.137194 -15.231027 288.92158)
(-12.419373 -13.344079 285.92814)
(-11.437697 -15.036506 285.92749)
(-3.0823868 -18.606342 297.93762)
(-3.0925098 -18.605499 294.92561)
(-5.9336984 -17.902266 297.89155)
(-5.9780814 -17.867599 294.91143)
(-8.185739 -17.119998 297.72721)
(-8.6996103 -16.715907 294.91015)
(-12.419375 -13.34408 297.90419)
(-11.438418 -15.036008 297.90353)
(-12.419374 -13.344079 294.91018)
(-11.135934 -15.232921 294.9096)
(14.121132 -12.554167 342.81325)
(16.43346 -9.4907091 342.63717)
(14.338059 -12.269904 339.82024)
(15.988618 -9.9745931 339.82027)
(12.41934 -13.344071 342.81437)
(12.41934 -13.344071 339.82036)
(16.222904 -9.7643546 345.66821)
(14.504772 -11.936778 345.91256)
(13.034257 -13.935878 345.81913)
(18.291881 -4.5363333 342.8134)
(18.289826 -4.5385266 339.82035)
(17.373864 -7.3362846 342.7996)
(17.337 -7.3761795 339.82033)
(18.290784 -4.5382659 345.80758)
(17.356187 -7.3596153 345.79659)
(18.780967 -1.5356693 339.82074)
(18.780978 -1.5354347 342.81437)
(18.780984 -1.5356971 345.80821)
(14.124606 -12.551827 333.83122)
(16.43403 -9.4897149 333.65515)
(14.50574 -11.935484 330.94199)
(16.22403 -9.7635645 330.69688)
(12.41934 -13.34407 333.83234)
(13.0342 -13.935833 330.84881)
(16.223185 -9.763567 336.68618)
(14.50232 -11.938125 336.93052)
(12.998866 -13.958886 336.83709)
(18.293054 -4.5374046 333.8336)
(18.291623 -4.5362759 330.83645)
(17.374526 -7.3350532 333.81772)
(17.357319 -7.35764 330.826)
(18.291431 -4.537444 336.82595)
(17.356814 -7.3582736 336.81457)
(18.781366 -1.5369585 330.8214)
(18.791189 -1.5704903 333.86723)
(18.782586 -1.539284 336.83054)
(14.503355 -11.936704 318.96594)
(16.224507 -9.7624363 318.72084)
(14.503425 -11.936577 315.97193)
(16.224699 -9.7621337 315.72684)
(12.998729 -13.958903 318.87276)
(12.99865 -13.958961 315.87875)
(16.224069 -9.7619633 321.71612)
(14.502662 -11.937484 321.96046)
(12.998489 -13.95917 321.86703)
(14.121194 -12.553994 327.84319)
(16.434411 -9.4890271 327.66711)
(14.503221 -11.93696 324.95396)
(16.224166 -9.7630788 324.70886)
(12.41934 -13.34407 327.84431)
(12.99889 -13.958788 324.86079)
(18.291953 -4.5348978 318.86188)
(18.291827 -4.5349286 321.8555)
(18.782529 -1.5387793 318.8671)
(18.781374 -1.5345735 321.85669)
(18.292962 -4.5367883 315.86993)
(18.792303 -1.5718467 315.90497)
(17.357763 -7.355922 321.84449)
(17.358065 -7.3557995 318.85004)
(17.358388 -7.3555182 315.85617)
(18.781182 -1.5344784 327.84235)
(18.781387 -1.5343046 324.85022)
(18.292913 -4.5342632 327.84318)
(18.292115 -4.5353728 324.84944)
(17.374953 -7.3339856 327.82954)
(17.357788 -7.3567416 324.83804)
(3.3952183 -18.556737 342.8142)
(3.369259 -18.561749 339.81796)
(-0.63241396 -18.95676 342.9923)
(-0.63225174 -18.956531 339.99821)
(3.3928872 -18.559215 345.80722)
(-0.63249134 -18.956773 345.98632)
(5.9637551 -17.896401 339.80498)
(6.0106376 -17.860941 342.81438)
(5.9665461 -17.895866 345.7931)
(11.437437 -15.03681 339.82025)
(8.1926706 -17.11752 339.64319)
(11.136681 -15.232612 342.81379)
(8.7062114 -16.712422 342.81423)
(11.440021 -15.033313 345.80871)
(8.1937177 -17.117078 345.63122)
(3.34614 -18.564401 333.82855)
(3.0866038 -18.592947 330.81991)
(-0.5409777 -18.944529 334.33343)
(-0.037668973 -18.846474 330.58784)
(3.08901 -18.590859 336.80877)
(-0.036916767 -18.846542 336.57487)
(5.9388662 -17.899501 330.82166)
(5.9612719 -17.896881 333.81685)
(5.9838663 -17.864222 336.82495)
(11.438928 -15.034073 330.8386)
(8.1891864 -17.118397 330.66104)
(11.435809 -15.03928 333.83169)
(8.1916978 -17.117947 333.65516)
(11.138899 -15.228352 336.82661)
(8.7036091 -16.712936 336.82616)
(3.392866 -18.557 318.86228)
(3.3937276 -18.557016 321.85639)
(6.0067685 -17.862299 318.8623)
(6.0070065 -17.862201 321.85631)
(3.3687529 -18.55998 315.86697)
(6.0041424 -17.862798 315.8682)
(-0.63179029 -18.956691 322.03435)
(-0.63170045 -18.956689 319.04032)
(-0.63120462 -18.956695 316.0461)
(6.0075696 -17.861751 327.84423)
(6.0086825 -17.86175 324.85032)
(3.3717574 -18.559661 327.84312)
(3.3915184 -18.557557 324.85034)
(-0.54097664 -18.944817 328.34667)
(-0.63180777 -18.956667 325.02846)
(11.137282 -15.229501 315.86849)
(8.7020597 -16.714394 315.86816)
(11.137551 -15.229325 318.8625)
(8.7026806 -16.714127 318.86217)
(11.137748 -15.229207 321.85656)
(8.7030784 -16.713909 321.85618)
(11.138102 -15.228969 324.85053)
(8.7039421 -16.713581 324.85019)
(11.135431 -15.233477 327.84373)
(8.7042159 -16.713524 327.84417)
(-15.992341 -9.9692529 333.83199)
(-17.339611 -7.3701506 333.83222)
(-16.436348 -9.4857313 336.64914)
(-17.376287 -7.3304973 336.81158)
(-14.339858 -12.267523 333.83114)
(-14.124283 -12.550635 336.82522)
(-17.378102 -7.3277847 330.82306)
(-16.436994 -9.4850055 330.66112)
(-14.124422 -12.550439 330.8372)
(-18.781128 -1.533573 333.83461)
(-18.781372 -1.5335187 336.82646)
(-18.291519 -4.5336879 333.8324)
(-18.293432 -4.5322068 336.82555)
(-18.781982 -1.5358702 330.85667)
(-18.294186 -4.5310621 330.83825)
(-15.991895 -9.970264 342.81402)
(-17.338908 -7.3717996 342.81425)
(-15.991664 -9.970657 345.80803)
(-17.338692 -7.3723565 345.80826)
(-14.342595 -12.265951 342.81318)
(-14.342506 -12.266082 345.80719)
(-17.3774 -7.3294365 339.80503)
(-16.436298 -9.486255 339.64315)
(-14.124214 -12.550733 339.81923)
(-18.780977 -1.5340715 342.81441)
(-18.781123 -1.5343115 345.80842)
(-18.290985 -4.5352807 342.81435)
(-18.291015 -4.5358178 345.80835)
(-18.781468 -1.5337423 339.82035)
(-18.293796 -4.532394 339.81942)
(-5.9841304 -17.864973 333.83505)
(-5.9820701 -17.864322 336.82518)
(-3.0871934 -18.602266 333.86446)
(-3.0576943 -18.596498 336.81238)
(-5.9810967 -17.864651 330.83731)
(-3.0568886 -18.596512 330.82608)
(-8.7054103 -16.712788 336.82616)
(-8.7052936 -16.712883 333.83241)
(-8.7045632 -16.713218 330.83815)
(-12.419381 -13.344084 336.82635)
(-11.13884 -15.231004 336.82576)
(-12.982812 -13.994005 333.83096)
(-11.140309 -15.228996 333.83176)
(-12.41938 -13.344083 330.83832)
(-11.138424 -15.231277 330.83774)
(-5.9420908 -17.899613 342.80033)
(-5.9425379 -17.899471 345.79434)
(-3.096575 -18.606238 342.82769)
(-3.096558 -18.606434 345.82181)
(-5.9857651 -17.864802 339.82147)
(-3.0960857 -18.603868 339.83296)
(-8.1927306 -17.116724 345.63135)
(-8.1923093 -17.116921 342.63734)
(-8.7060581 -16.712627 339.82034)
(-12.419383 -13.344084 345.80838)
(-11.441307 -15.03403 345.80773)
(-12.419382 -13.344084 342.81437)
(-11.441127 -15.034154 342.81372)
(-12.419382 -13.344084 339.82036)
(-11.139058 -15.230872 339.81978)
(-18.291865 -4.5321751 318.8628)
(-18.292597 -4.5345933 321.8539)
(-17.340906 -7.3674064 318.86213)
(-17.340762 -7.368109 321.85594)
(-18.292761 -4.5334566 315.86596)
(-17.341261 -7.3670096 315.86792)
(-18.79234 -1.5713209 321.82203)
(-18.783417 -1.539447 318.87445)
(-18.791968 -1.5680332 315.83321)
(-17.378399 -7.3274561 327.82889)
(-17.378645 -7.3269357 324.83486)
(-18.295118 -4.5332678 327.84236)
(-18.295287 -4.533168 324.8481)
(-18.793705 -1.5771756 327.83186)
(-18.794527 -1.5786353 324.83497)
(-14.340383 -12.266626 315.86701)
(-15.994641 -9.9666098 315.8672)
(-14.340293 -12.266755 318.86102)
(-15.994394 -9.966991 318.86122)
(-14.340205 -12.266885 321.85503)
(-15.99417 -9.9673929 321.85522)
(-14.12456 -12.550242 324.84917)
(-16.437468 -9.484196 324.67308)
(-14.124491 -12.550341 327.84319)
(-16.43723 -9.4846089 327.66709)
(-5.9826363 -17.865982 318.86353)
(-5.9830926 -17.865831 321.85755)
(-3.0967652 -18.604461 318.87662)
(-3.0968784 -18.604552 321.87079)
(-5.9818782 -17.866141 315.86936)
(-3.0932169 -18.604248 315.88075)
(-8.703649 -16.713759 321.85628)
(-8.7032293 -16.713972 318.86226)
(-8.7027855 -16.714191 315.86824)
(-12.982646 -13.994044 321.85488)
(-11.139479 -15.229531 321.85571)
(-12.982606 -13.994069 318.86087)
(-11.139271 -15.229667 318.8617)
(-12.982566 -13.994093 315.86686)
(-11.139063 -15.229804 315.86768)
(-3.0890388 -18.603068 327.87887)
(-3.0963372 -18.604478 324.86584)
(-5.9829856 -17.865594 327.84696)
(-5.9829595 -17.865878 324.85156)
(-8.7042683 -16.713528 327.84434)
(-8.7038578 -16.713751 324.85027)
(-12.41938 -13.344083 327.84431)
(-11.138221 -15.231422 327.84373)
(-12.419379 -13.344082 324.8503)
(-11.138013 -15.231559 324.84972)
(14.334771 -12.272435 366.76635)
(15.986778 -9.97751 366.76637)
(14.502332 -11.938626 363.87612)
(16.221845 -9.7672332 363.63102)
(12.979554 -13.996217 366.76637)
(12.9999 -13.958044 363.78294)
(16.221224 -9.7670829 369.62031)
(14.501568 -11.939534 369.86466)
(12.999725 -13.958256 369.77122)
(14.502059 -11.939138 375.85217)
(16.221134 -9.7685109 375.60707)
(14.504781 -11.937279 372.85816)
(16.22155 -9.768044 372.61305)
(13.000219 -13.957814 375.75899)
(13.035252 -13.935047 372.76498)
(18.288545 -4.5422886 366.7664)
(18.289794 -4.5417039 369.75969)
(18.780458 -1.5369938 366.7665)
(18.780651 -1.5371612 369.76048)
(18.290038 -4.5408826 363.77163)
(18.78075 -1.5368106 363.77248)
(17.354584 -7.3633334 369.74869)
(17.33516 -7.3803279 366.76643)
(17.355113 -7.3627379 363.76019)
(18.780323 -1.5374284 375.74849)
(18.780743 -1.5372667 372.75447)
(18.289588 -4.5425402 375.74768)
(18.290076 -4.542202 372.75364)
(17.354325 -7.36458 375.73624)
(17.354619 -7.3641437 372.74223)
(14.502604 -11.938113 351.90007)
(16.222552 -9.7659539 351.65497)
(14.337964 -12.270096 348.80228)
(15.988085 -9.9755188 348.8023)
(12.999587 -13.958273 351.80689)
(12.419341 -13.344071 348.8024)
(16.222119 -9.7654978 354.65026)
(14.50191 -11.938894 354.8946)
(12.999335 -13.958542 354.80116)
(14.502401 -11.938497 360.88211)
(16.222029 -9.7669143 360.63701)
(14.505124 -11.936638 357.8881)
(16.22244 -9.7664462 357.643)
(12.999828 -13.9581 360.78893)
(13.034877 -13.935328 357.79492)
(18.290463 -4.5394437 351.79462)
(18.29117 -4.5419506 354.7919)
(18.78113 -1.5382802 351.77949)
(18.790914 -1.571885 354.82532)
(18.289546 -4.5399395 348.8022)
(18.781136 -1.5360626 348.8005)
(17.355635 -7.361181 354.77879)
(17.355874 -7.3608888 351.78409)
(17.336445 -7.3775891 348.80236)
(18.780868 -1.5368972 360.77882)
(18.7823 -1.5405012 357.78861)
(18.290449 -4.5404709 360.77761)
(18.290842 -4.5404009 357.78388)
(17.355364 -7.3622822 360.76618)
(17.355622 -7.3618403 357.77218)
(3.3769689 -18.558071 366.76525)
(3.095151 -18.589447 369.74318)
(6.0128696 -17.859704 366.7664)
(5.9896148 -17.86221 369.75912)
(3.3972213 -18.556024 363.77246)
(6.0137853 -17.859762 363.77248)
(-0.037708178 -18.846123 369.5099)
(-0.54232341 -18.944517 367.26879)
(-0.63354431 -18.956368 363.95061)
(6.0172833 -17.858717 375.74852)
(5.9704522 -17.894207 372.73911)
(3.3993215 -18.555789 375.74844)
(3.37329 -18.560988 372.7523)
(-0.63415425 -18.956216 375.92655)
(-0.63367168 -18.956241 372.93235)
(11.141393 -15.226715 363.77268)
(8.7094556 -16.710614 363.77235)
(11.139738 -15.229354 366.76636)
(8.7097008 -16.710521 366.76641)
(11.141724 -15.226437 369.76075)
(8.7086643 -16.710337 369.76029)
(11.442164 -15.031768 372.75477)
(8.1981583 -17.115049 372.57732)
(11.142468 -15.226008 375.74873)
(8.7117521 -16.709566 375.7484)
(3.374801 -18.558722 351.7951)
(3.0934806 -18.589837 354.77312)
(6.0103838 -17.86059 351.79633)
(5.987177 -17.863082 354.78906)
(3.3906934 -18.559541 348.80117)
(5.9665861 -17.895785 348.78711)
(-0.037736249 -18.846103 354.53991)
(-0.54180793 -18.944627 352.29873)
(-0.63254081 -18.956753 348.98044)
(6.0146627 -17.859632 360.77846)
(5.9679773 -17.895079 357.76905)
(3.3963025 -18.556489 360.77838)
(3.3712186 -18.561468 357.78224)
(-0.63310417 -18.956633 360.95637)
(-0.63301046 -18.956368 357.96228)
(11.438132 -15.036314 348.80229)
(8.1940867 -17.116882 348.62523)
(11.140364 -15.227412 351.79664)
(8.707578 -16.711555 351.7963)
(11.140442 -15.227307 354.79069)
(8.7063892 -16.711513 354.79023)
(11.441008 -15.032591 357.78471)
(8.1959094 -17.116119 357.60726)
(11.141183 -15.226879 360.77867)
(8.7094379 -16.710752 360.77834)
(-18.291606 -4.5403447 366.76351)
(-18.290945 -4.5387661 369.76058)
(-17.357259 -7.3583857 366.75396)
(-17.357025 -7.3587972 369.74818)
(-18.291374 -4.5381998 363.77211)
(-17.357491 -7.3577284 363.76013)
(-18.781247 -1.5383626 369.77757)
(-18.791036 -1.5716162 366.73446)
(-18.782921 -1.542272 363.78499)
(-17.356346 -7.3598148 375.73614)
(-17.356619 -7.3592813 372.74214)
(-18.290518 -4.5396426 375.7476)
(-18.290905 -4.5392723 372.75379)
(-18.780842 -1.5369523 375.74828)
(-18.781155 -1.5365261 372.75642)
(-14.505068 -11.935277 363.87611)
(-16.224206 -9.7637665 363.63102)
(-14.50494 -11.93548 366.87012)
(-16.223977 -9.7641684 366.62502)
(-14.507466 -11.933946 369.86414)
(-16.223983 -9.7644103 369.61904)
(-14.50468 -11.935881 372.85815)
(-16.223479 -9.7649376 372.61305)
(-14.504552 -11.936083 375.85216)
(-16.223245 -9.7653314 375.60706)
(-5.9896948 -17.863136 366.76938)
(-5.9430356 -17.897415 369.74406)
(-3.0935616 -18.602143 366.80074)
(-3.059061 -18.597827 369.74597)
(-5.989859 -17.863425 363.77379)
(-3.1011513 -18.603563 363.78792)
(-8.195841 -17.115034 369.58321)
(-8.7100711 -16.710323 366.76662)
(-8.7096853 -16.710549 363.77251)
(-13.03706 -13.933314 369.77096)
(-11.444187 -15.030129 369.76075)
(-13.001902 -13.9562 366.77695)
(-11.143847 -15.224967 366.7667)
(-13.001867 -13.956217 363.78294)
(-11.143641 -15.225103 363.77269)
(-3.1033392 -18.60291 375.76285)
(-3.0999078 -18.602872 372.76714)
(-5.9913748 -17.86287 375.74974)
(-5.9906501 -17.863076 372.75561)
(-8.7113029 -16.709721 375.74854)
(-8.7108673 -16.709944 372.75452)
(-13.002008 -13.956151 375.75898)
(-11.144464 -15.224566 375.74873)
(-13.001972 -13.956167 372.76497)
(-11.144257 -15.224702 372.75472)
(-18.291797 -4.535227 351.79547)
(-18.292846 -4.534426 354.78927)
(-17.358405 -7.3554484 351.78404)
(-17.376334 -7.3322561 354.77508)
(-18.293253 -4.533545 348.80135)
(-17.376856 -7.3311725 348.78706)
(-18.781259 -1.5352464 354.79)
(-18.781224 -1.5347518 351.79637)
(-18.781603 -1.5344645 348.80238)
(-17.357631 -7.3572536 360.76588)
(-17.357825 -7.3565472 357.77204)
(-18.292075 -4.5396244 360.77523)
(-18.291852 -4.5370841 357.78317)
(-18.791281 -1.5712461 360.74336)
(-18.782721 -1.5394036 357.78023)
(-14.127441 -12.548785 348.80127)
(-16.435657 -9.4875305 348.62519)
(-14.505579 -11.934469 351.90006)
(-16.2251 -9.7621672 351.65497)
(-14.123867 -12.551223 354.78929)
(-16.43518 -9.4883584 354.61321)
(-14.505319 -11.934871 357.88809)
(-16.224607 -9.7629473 357.64299)
(-14.507846 -11.933339 360.8821)
(-16.224609 -9.7632048 360.63699)
(-5.9872614 -17.863995 351.79932)
(-5.9850213 -17.863289 354.7893)
(-3.0917896 -18.602542 351.83068)
(-3.0601259 -18.596008 354.77688)
(-5.9429644 -17.899304 348.78843)
(-3.0962625 -18.606308 348.8169)
(-8.7079617 -16.711492 354.79024)
(-8.7079482 -16.711403 351.79656)
(-8.193151 -17.116526 348.62536)
(-12.419384 -13.344085 354.79042)
(-11.140087 -15.230186 354.78984)
(-13.001724 -13.956284 351.80689)
(-11.14281 -15.225645 351.79664)
(-12.419383 -13.344085 348.8024)
(-11.439576 -15.036367 348.80174)
(-3.098161 -18.60584 360.79176)
(-3.0980623 -18.60332 357.79705)
(-5.9444518 -17.898773 360.76437)
(-5.98821 -17.863942 357.78555)
(-8.1947551 -17.115769 360.60139)
(-8.7087445 -16.711024 357.78446)
(-13.036962 -13.93336 360.78893)
(-11.443647 -15.0305 360.77872)
(-13.001794 -13.956251 357.79491)
(-11.14322 -15.22538 357.78466)
(14.501374 -11.940418 405.79229)
(16.219349 -9.7717067 405.54719)
(14.334389 -12.273202 402.69449)
(15.984631 -9.9812052 402.69452)
(13.000993 -13.957242 405.69911)
(12.980529 -13.995442 402.69451)
(16.21891 -9.7712408 408.54246)
(14.500679 -11.941199 408.78681)
(13.000752 -13.957509 408.69338)
(18.288185 -4.5467522 405.6878)
(18.28713 -4.5475648 402.69465)
(17.352289 -7.3692033 405.67636)
(17.332807 -7.3859002 402.69458)
(18.288257 -4.5471571 408.68179)
(17.351999 -7.3693523 408.67084)
(18.780182 -1.5396039 402.695)
(18.78015 -1.5394322 405.68862)
(18.780217 -1.5396198 408.68246)
(14.501579 -11.940035 396.81025)
(16.219889 -9.7707622 396.56516)
(14.120925 -12.554755 393.71146)
(16.430273 -9.4964422 393.53536)
(13.000758 -13.957414 396.71707)
(12.419343 -13.344074 393.71257)
(15.985069 -9.9808684 399.70051)
(14.334543 -12.273235 399.70048)
(12.980502 -13.995553 399.7005)
(18.28934 -4.5478106 396.70805)
(18.289992 -4.5438789 393.71062)
(17.352949 -7.3679759 396.69449)
(17.370513 -7.3442181 393.69774)
(18.28754 -4.5475466 399.70099)
(17.333117 -7.38542 399.70058)
(18.780627 -1.5408315 393.69565)
(18.790361 -1.5745146 396.74149)
(18.781749 -1.5432653 399.70483)
(14.334612 -12.272755 381.73641)
(15.985882 -9.9790492 381.73643)
(14.334645 -12.272691 378.7424)
(15.986069 -9.9787452 378.74242)
(12.979966 -13.995894 381.73643)
(12.979883 -13.995958 378.74242)
(16.220335 -9.7686823 384.59037)
(14.501227 -11.940174 384.83472)
(13.000128 -13.957968 384.74128)
(14.334518 -12.272947 390.71845)
(15.985353 -9.9799746 390.71847)
(14.501786 -11.93965 387.82822)
(16.220432 -9.7697942 387.58311)
(12.980219 -13.995698 390.71847)
(13.00053 -13.957585 387.73504)
(18.28787 -4.5444834 381.73652)
(18.289184 -4.5438276 384.72975)
(18.780292 -1.5379338 381.73657)
(18.780474 -1.5380962 384.73053)
(18.288262 -4.5441916 378.74251)
(18.780692 -1.5377839 378.74256)
(17.353591 -7.3656496 384.71875)
(17.334165 -7.3826442 381.73649)
(17.334443 -7.3822186 378.74248)
(18.780256 -1.5385612 390.71666)
(18.780595 -1.5382143 387.72445)
(18.287973 -4.5457251 390.7184)
(18.289444 -4.5443825 387.72374)
(17.333662 -7.3840513 390.71853)
(17.353615 -7.3664714 387.71229)
(3.3801268 -18.557141 405.68722)
(3.0807002 -18.590242 402.67488)
(-0.63513292 -18.955949 405.86643)
(-0.00035162819 -18.838419 402.40648)
(3.4023824 -18.554798 408.68264)
(-0.63524169 -18.956243 408.86057)
(5.9935228 -17.860432 402.69307)
(6.0191274 -17.857431 405.68854)
(6.0210839 -17.857142 408.68266)
(11.142687 -15.227272 402.6945)
(8.7134254 -16.707895 402.69446)
(11.144978 -15.224276 405.68885)
(8.7157682 -16.707317 405.68851)
(11.145183 -15.224157 408.68291)
(8.7162733 -16.707086 408.68253)
(3.3789142 -18.557458 396.70669)
(3.4007522 -18.555203 393.71268)
(-0.54313931 -18.944391 397.2347)
(-0.63456064 -18.956354 393.89064)
(3.0779911 -18.591174 399.70059)
(-0.035020341 -18.848877 399.71727)
(6.0186663 -17.858026 393.7126)
(6.0176524 -17.857965 396.70661)
(5.9928565 -17.860713 399.70064)
(11.141042 -15.22964 393.712)
(8.7138972 -16.708434 393.71244)
(11.144209 -15.224799 396.70682)
(8.7144032 -16.708025 396.70648)
(11.14244 -15.227456 399.7005)
(8.7129634 -16.708142 399.70055)
(3.4019465 -18.555107 381.73663)
(3.4012624 -18.555292 384.73065)
(6.0171249 -17.858634 381.73656)
(6.0172753 -17.858536 384.73057)
(3.3996318 -18.5557 378.74261)
(6.0159724 -17.858971 378.74255)
(-0.63421631 -18.956436 384.90848)
(-0.63442858 -18.956209 381.91458)
(-0.63421283 -18.95626 378.92056)
(6.0196883 -17.857865 390.71859)
(6.0190485 -17.858072 387.72458)
(3.4016591 -18.555318 390.71867)
(3.4002127 -18.555699 387.72466)
(-0.63475022 -18.956137 390.89661)
(-0.63456658 -18.956185 387.90259)
(11.140764 -15.228657 378.74241)
(8.7115187 -16.709594 378.74246)
(11.141029 -15.22848 381.73642)
(8.7120846 -16.709333 381.73647)
(11.143133 -15.225552 384.73081)
(8.7126367 -16.708971 384.73044)
(11.143487 -15.225313 387.72478)
(8.7135044 -16.708641 387.72445)
(11.141841 -15.227946 390.71846)
(8.7138393 -16.70854 390.71851)
(-16.431666 -9.4940454 396.52937)
(-17.371511 -7.3415675 396.69179)
(-16.43144 -9.4944773 399.52337)
(-17.371339 -7.3422716 399.68567)
(-14.122896 -12.552596 396.70546)
(-14.122826 -12.552694 399.69947)
(-17.354931 -7.3629858 393.70043)
(-16.221894 -9.766764 393.5724)
(-14.505835 -11.936228 393.81674)
(-18.781686 -1.5425893 396.70209)
(-18.790504 -1.573693 399.66597)
(-18.290544 -4.5423532 396.70539)
(-18.291089 -4.544713 399.69778)
(-18.780684 -1.5384434 393.71455)
(-18.289956 -4.5426784 393.71194)
(-16.430962 -9.4952896 405.51141)
(-17.370785 -7.3432028 405.67386)
(-16.22061 -9.7686606 408.54246)
(-17.353077 -7.366571 408.67084)
(-14.122687 -12.55289 405.6875)
(-14.505147 -11.937209 408.7868)
(-17.354225 -7.3646738 402.68252)
(-16.220965 -9.7681311 402.55444)
(-14.5028 -11.938569 402.79878)
(-18.780231 -1.5386788 405.69079)
(-18.780319 -1.5388699 408.68275)
(-18.289968 -4.543543 405.68793)
(-18.289122 -4.5452017 408.68195)
(-18.780921 -1.5403924 402.7118)
(-18.28977 -4.544369 402.69471)
(-5.9945227 -17.86144 396.70968)
(-5.99203 -17.860692 399.70077)
(-3.0968413 -18.60133 396.7433)
(-3.0620207 -18.594569 399.70274)
(-5.9503148 -17.896717 393.69863)
(-3.1020522 -18.604853 393.72724)
(-8.7143092 -16.708248 399.70049)
(-8.714096 -16.70851 396.70669)
(-8.1995789 -17.113491 393.53554)
(-12.419392 -13.34409 399.7006)
(-11.143203 -15.228139 399.70002)
(-12.419392 -13.344089 396.70659)
(-11.143005 -15.228278 396.70602)
(-13.037003 -13.933519 393.72331)
(-11.445564 -15.029201 393.7129)
(-5.9964783 -17.860984 405.6897)
(-5.9527702 -17.89587 408.66859)
(-3.1038907 -18.60182 405.70083)
(-3.1041143 -18.604536 408.69599)
(-5.9924019 -17.860458 402.69313)
(-3.0607091 -18.593985 402.67663)
(-8.2017194 -17.112481 408.5056)
(-8.7154003 -16.707865 405.6886)
(-8.7149418 -16.707687 402.69447)
(-13.037154 -13.933436 408.69337)
(-11.446463 -15.02858 408.68296)
(-12.419393 -13.34409 405.68862)
(-11.14363 -15.227869 405.68805)
(-13.002012 -13.956326 402.70535)
(-11.14627 -15.223391 402.69488)
(-18.291022 -4.5431501 381.73305)
(-18.291212 -4.5442871 384.72835)
(-17.356082 -7.3611611 381.72399)
(-17.355911 -7.3617589 384.71808)
(-18.290724 -4.5404572 378.74121)
(-17.356338 -7.3604856 378.73014)
(-18.793341 -1.5836386 384.71481)
(-18.791632 -1.5751128 381.69965)
(-18.782463 -1.5410265 378.73823)
(-17.355195 -7.3626041 390.70629)
(-17.373644 -7.3385255 387.70914)
(-18.290146 -4.5424655 390.71885)
(-18.292245 -4.5433079 387.72265)
(-18.78128 -1.5404568 390.73711)
(-18.79301 -1.5812549 387.71212)
(-14.50443 -11.936288 378.84617)
(-16.223085 -9.76576 378.60107)
(-14.504301 -11.93649 381.84018)
(-16.222851 -9.7661606 381.59508)
(-14.506826 -11.934958 384.83419)
(-16.22286 -9.7664121 384.58909)
(-14.123104 -12.552302 387.72342)
(-16.432555 -9.4929266 387.54733)
(-14.503913 -11.937093 390.82222)
(-16.222123 -9.7673268 390.57713)
(-5.992854 -17.862384 381.73779)
(-5.9488891 -17.897236 384.7165)
(-3.1041136 -18.60303 381.75093)
(-3.1014571 -18.605175 384.74401)
(-5.9923035 -17.862576 378.74377)
(-3.1032215 -18.603215 378.75694)
(-8.1982963 -17.114098 384.5535)
(-8.7122389 -16.709249 381.73658)
(-8.7118048 -16.709471 378.74256)
(-13.037222 -13.933238 384.74102)
(-11.445087 -15.029509 384.73081)
(-13.00208 -13.956117 381.74701)
(-11.144885 -15.224289 381.73676)
(-13.002045 -13.956134 378.753)
(-11.144678 -15.224425 378.74275)
(-3.1047068 -18.602825 390.73298)
(-3.1039854 -18.603045 387.73891)
(-5.9937455 -17.862054 390.71979)
(-5.9931805 -17.862285 387.72576)
(-8.7134207 -16.708645 390.71859)
(-8.7127734 -16.709215 387.72452)
(-13.002186 -13.956067 390.72904)
(-11.145501 -15.223888 390.71879)
(-12.41939 -13.344088 387.72455)
(-11.142377 -15.228694 387.72397)
(14.500825 -11.941454 429.74438)
(16.217919 -9.7744382 429.49928)
(14.500895 -11.941316 426.75037)
(16.218113 -9.7739774 426.50529)
(13.001605 -13.956785 429.6512)
(13.001539 -13.956841 426.65719)
(16.217737 -9.7737993 432.49456)
(14.50278 -11.940502 432.73891)
(13.036434 -13.934248 432.64547)
(14.334021 -12.273986 438.62258)
(15.982504 -9.9849563 438.62263)
(14.503344 -11.939965 435.7324)
(16.217817 -9.7747764 435.48731)
(12.981377 -13.995022 438.62249)
(13.036837 -13.933859 435.63923)
(18.286669 -4.574161 429.64022)
(18.286662 -4.5745279 432.63424)
(18.770717 -1.8644153 429.64365)
(18.770791 -1.8647929 432.63755)
(18.288311 -4.5553843 426.64836)
(18.790033 -1.6001576 426.68336)
(17.350375 -7.3748758 432.62295)
(17.350647 -7.3747892 429.62848)
(17.350999 -7.3728234 426.63462)
(18.771828 -1.8456706 438.62272)
(18.788731 -1.6164452 435.66423)
(18.285453 -4.5730189 438.62276)
(18.28798 -4.5578656 435.63003)
(17.330423 -7.3927535 438.6227)
(17.35048 -7.3741738 435.61659)
(14.501169 -11.940802 414.77432)
(16.218816 -9.7726686 414.52922)
(14.501238 -11.940675 411.78031)
(16.219003 -9.7723506 411.53521)
(13.001228 -13.95707 414.68114)
(13.001149 -13.957127 411.68713)
(16.218381 -9.7722306 417.52451)
(14.500474 -11.941584 417.76885)
(13.000986 -13.957337 417.67541)
(14.120804 -12.5551 423.65158)
(16.428404 -9.4998385 423.4755)
(14.503683 -11.939337 420.76235)
(16.218699 -9.7732749 420.51725)
(12.419344 -13.344076 423.65269)
(13.036453 -13.934148 420.66917)
(18.287982 -4.5485111 414.6688)
(18.288533 -4.5534111 417.66601)
(18.780315 -1.5434817 414.6536)
(18.789441 -1.5944307 417.69751)
(18.288289 -4.5477249 411.67563)
(18.780426 -1.5400072 411.6747)
(17.351454 -7.3710838 417.65303)
(17.351704 -7.370626 414.65834)
(17.351974 -7.3701685 411.66438)
(18.791309 -1.6057657 423.66741)
(18.772595 -1.8425586 420.66193)
(18.289747 -4.5532201 423.65277)
(18.287749 -4.5691926 420.65815)
(17.368614 -7.3491429 423.63799)
(17.351405 -7.3729024 420.64643)
(3.1023415 -18.587714 429.6234)
(3.3789325 -18.559589 432.63225)
(5.9996591 -17.858641 429.63936)
(5.9790911 -17.891034 432.61936)
(3.3838492 -18.556629 426.64558)
(6.022639 -17.856247 426.64666)
(-0.6362896 -18.955742 432.81276)
(-0.038361029 -18.845327 429.39025)
(-0.54440332 -18.944023 427.14907)
(5.9857964 -17.878505 438.86436)
(5.9802528 -17.890694 435.6133)
(3.0441585 -18.604973 438.60146)
(3.3748412 -18.560865 435.62594)
(-0.0410728 -18.850225 438.63506)
(-0.54474444 -18.944417 436.15639)
(11.146772 -15.223057 426.64693)
(8.7189576 -16.705674 426.6466)
(11.146909 -15.222895 429.64094)
(8.717818 -16.70561 429.64053)
(11.446721 -15.028535 432.63506)
(8.2066459 -17.110884 432.45756)
(11.447023 -15.0283 435.62902)
(8.207558 -17.110557 435.45156)
(11.145077 -15.226573 438.62327)
(8.7173141 -16.707813 438.64197)
(3.405755 -18.554226 414.67076)
(3.404883 -18.554577 417.6647)
(6.0225074 -17.8567 414.67068)
(6.0226368 -17.856621 417.66469)
(3.4031864 -18.554821 411.67675)
(6.0213078 -17.857041 411.67667)
(-0.63595374 -18.955929 417.84272)
(-0.6358773 -18.955932 414.84872)
(-0.63562738 -18.956016 411.85469)
(6.0249579 -17.855965 423.65271)
(5.9800728 -17.891241 420.6434)
(3.4040392 -18.554741 423.65266)
(3.4008908 -18.557294 420.65771)
(-0.63615291 -18.955856 423.83086)
(-0.63600948 -18.95591 420.83673)
(11.14549 -15.223929 411.67688)
(8.7166783 -16.70686 411.67654)
(11.145755 -15.223753 414.67089)
(8.7172473 -16.706598 414.67055)
(11.145952 -15.223635 417.66494)
(8.7176409 -16.70638 417.66457)
(11.44586 -15.029131 420.65896)
(8.2054821 -17.111609 420.48152)
(11.143656 -15.22788 423.65212)
(8.7188894 -16.705979 423.65256)
(-18.288042 -4.5487011 429.63937)
(-18.288649 -4.5511604 432.63153)
(-17.35222 -7.369816 429.62833)
(-17.352069 -7.3705252 432.62221)
(-18.288184 -4.5478916 426.64576)
(-17.352487 -7.3692642 426.63434)
(-18.790017 -1.5762581 432.59992)
(-18.781405 -1.5448396 429.63628)
(-18.780322 -1.5405802 426.64637)
(-17.351367 -7.3714306 438.61034)
(-17.369752 -7.3471347 435.61348)
(-18.287741 -4.5501146 438.6211)
(-18.28912 -4.5483633 435.62858)
(-18.78029 -1.5435348 438.60811)
(-18.780698 -1.5429927 435.6439)
(-14.502382 -11.939519 426.75036)
(-16.219468 -9.7721266 426.50527)
(-14.502254 -11.939721 429.74437)
(-16.219236 -9.7725218 429.49928)
(-14.502127 -11.939923 432.73839)
(-16.21902 -9.7729314 432.49328)
(-14.121987 -12.553877 435.62762)
(-16.428795 -9.4995613 435.45154)
(-14.504452 -11.938665 438.72643)
(-16.218693 -9.7736079 438.48133)
(-5.9972102 -17.858947 429.63964)
(-6.0008596 -17.859417 432.63598)
(-3.0690085 -18.593887 429.62753)
(-3.1069162 -18.60111 432.64895)
(-5.9994288 -17.859706 426.64964)
(-3.1006939 -18.600593 426.68125)
(-8.7194372 -16.705571 432.63478)
(-8.7187942 -16.705732 429.6406)
(-8.7185598 -16.706001 426.64686)
(-13.002685 -13.955833 432.64521)
(-11.148409 -15.221981 432.63496)
(-13.002648 -13.95585 429.6512)
(-11.148191 -15.222114 429.64094)
(-13.002613 -13.955867 426.65719)
(-11.147993 -15.222253 426.64694)
(-3.0652194 -18.595632 438.62366)
(-3.1008583 -18.600528 435.66531)
(-5.9538584 -17.89367 438.60763)
(-6.0003907 -17.859456 435.63146)
(-8.2055033 -17.110519 438.44561)
(-8.719532 -16.705755 435.62877)
(-13.037695 -13.933061 438.63326)
(-11.448207 -15.027363 438.62305)
(-12.419383 -13.344106 435.62875)
(-11.145691 -15.226516 435.62817)
(-18.289961 -4.5440693 414.66954)
(-18.288749 -4.5461811 417.66375)
(-17.371541 -7.343278 414.65532)
(-17.353209 -7.3676 417.65231)
(-18.290361 -4.543799 411.67557)
(-17.371857 -7.3427744 411.66132)
(-18.780196 -1.5395628 417.66466)
(-18.780409 -1.5392579 414.67063)
(-18.780739 -1.5390685 411.67663)
(-17.352567 -7.3686299 423.64033)
(-17.370946 -7.3443487 420.64335)
(-18.288437 -4.5474708 423.65181)
(-18.289797 -4.5456318 420.65767)
(-18.780291 -1.5401021 423.65268)
(-18.780578 -1.5398279 420.65868)
(-14.122549 -12.553086 411.67552)
(-16.43074 -9.4962603 411.49944)
(-14.122479 -12.553184 414.66953)
(-16.43049 -9.4966674 414.49345)
(-14.502766 -11.938913 417.76833)
(-16.220146 -9.7709322 417.52323)
(-14.12234 -12.55338 420.65756)
(-16.429971 -9.4974772 420.48147)
(-14.502505 -11.939315 423.75635)
(-16.21964 -9.7717033 423.51125)
(-5.9981997 -17.860509 414.67192)
(-5.9986618 -17.860327 417.66593)
(-3.1081425 -18.602051 414.68512)
(-3.108129 -18.602099 417.67911)
(-5.997624 -17.860726 411.6779)
(-3.1069204 -18.602532 411.69102)
(-8.7173267 -16.706657 417.66472)
(-8.7166896 -16.707219 414.67065)
(-8.7162546 -16.707443 411.67663)
(-13.002507 -13.955917 417.67515)
(-11.147373 -15.222661 417.6649)
(-12.419395 -13.344091 414.67066)
(-11.144253 -15.22746 414.67008)
(-12.419394 -13.344091 411.67665)
(-11.144045 -15.227597 411.67607)
(-3.1082927 -18.6018 423.66826)
(-3.1079703 -18.602084 420.67313)
(-5.9990827 -17.860157 423.65397)
(-5.9985322 -17.860391 420.6599)
(-8.7180884 -16.706265 423.65273)
(-8.7174416 -16.706835 420.65865)
(-13.002577 -13.955884 423.66318)
(-11.147781 -15.222394 423.65292)
(-12.419396 -13.344092 420.65868)
(-11.144662 -15.227192 420.6581)
(11.463425 -15.021572 480.53866)
(8.2310192 -17.098327 480.36153)
(11.164138 -15.216821 483.53273)
(8.7464235 -16.692136 483.53265)
(12.431779 -13.336622 480.53888)
(12.431309 -13.337065 483.53312)
(8.7412866 -16.694877 477.54463)
(11.16306 -15.216542 477.5446)
(12.99262 -13.984884 477.54465)
(10.740001 -15.646942 471.37973)
(8.700893 -16.733388 471.54392)
(11.275533 -15.289978 474.39089)
(8.2251378 -17.101103 474.37365)
(13.298125 -13.780852 471.55667)
(12.667227 -14.113922 474.68559)
(3.092009 -18.588689 480.53778)
(3.0901867 -18.587607 477.54601)
(0.030892647 -18.841167 480.53882)
(0.026593932 -18.841284 477.54535)
(3.0986171 -18.586071 483.53096)
(0.035344619 -18.841319 483.53127)
(6.0247173 -17.8499 477.54477)
(5.9858522 -17.8823 480.52394)
(6.0318748 -17.847509 483.53248)
(0.052577157 -18.850326 471.61462)
(0.024046123 -18.842039 474.556)
(3.0843201 -18.586368 471.8508)
(3.0835489 -18.590496 474.56948)
(6.0151263 -17.854525 471.58012)
(5.9781776 -17.884946 474.53728)
(11.436177 -15.043144 495.5195)
(8.5552867 -16.986157 495.7299)
(11.419907 -15.02413 498.41645)
(8.43779 -17.046811 498.62339)
(12.414204 -13.34304 495.51988)
(13.14442 -13.674526 498.36107)
(8.5951894 -16.966023 492.7322)
(11.454323 -15.030408 492.52)
(12.423165 -13.340735 492.51965)
(11.167774 -15.21085 486.52786)
(8.7471165 -16.691485 486.5266)
(11.163187 -15.217152 489.52219)
(8.7445002 -16.693912 489.51991)
(13.013389 -13.945029 486.53899)
(12.990913 -13.987214 489.52262)
(3.010904 -18.629451 495.27171)
(0.024289914 -18.867786 495.52211)
(2.3022352 -18.83848 498.54487)
(-0.013532134 -18.866996 498.11571)
(5.4050434 -18.189858 495.65842)
(5.6452489 -18.163237 498.6192)
(-0.5010843 -18.94888 493.00432)
(2.9223352 -18.765004 493.09863)
(5.8504695 -18.093946 492.72866)
(0.038196737 -18.840859 486.50356)
(0.040339992 -18.837503 489.20625)
(3.1011326 -18.585527 486.50356)
(3.1016763 -18.582244 489.20705)
(6.0332764 -17.847097 486.52473)
(6.032199 -17.84765 489.49527)
(18.223624 -4.8707526 474.55097)
(18.220058 -4.8903677 477.54626)
(18.930722 -1.0164128 474.0267)
(18.948872 -0.9168143 477.36573)
(18.282213 -4.5784541 471.55685)
(18.799292 -1.5640247 471.55668)
(17.324623 -7.4197961 477.5449)
(17.32459 -7.4186752 474.55085)
(17.329729 -7.3941096 471.55678)
(14.338489 -12.265326 477.54466)
(15.983419 -9.9836339 477.54472)
(14.31042 -12.276782 474.56212)
(15.981159 -9.9847979 474.55152)
(14.362329 -12.24988 471.55667)
(15.984734 -9.9817159 471.55671)
(18.765578 -1.9036292 483.8564)
(18.946941 -0.91129192 480.36273)
(18.301943 -4.5699159 483.52103)
(18.227758 -4.8659081 480.55713)
(17.647898 -6.9312385 483.03365)
(17.353039 -7.3805071 480.79107)
(14.125814 -12.544762 483.53278)
(16.26672 -9.8548024 483.74596)
(14.341796 -12.262726 480.54047)
(15.986151 -9.9802617 480.56006)
(18.282586 -4.5821393 489.48009)
(18.249707 -4.8365049 492.1988)
(18.787209 -1.6159481 489.24288)
(18.947109 -1.0600964 493.06707)
(18.286573 -4.5790803 486.52286)
(18.770117 -1.8691037 486.5302)
(17.691239 -6.8805619 492.65735)
(17.328965 -7.3961922 489.51802)
(17.350086 -7.3768499 486.51443)
(14.125119 -12.546789 492.51964)
(16.266819 -9.8554343 492.73284)
(14.338038 -12.266189 489.52168)
(15.982978 -9.9833798 489.52116)
(14.505329 -11.933526 486.63077)
(16.218554 -9.7726344 486.38561)
(18.343717 -4.3547518 498.14268)
(18.790738 -1.4799079 498.09533)
(18.53349 -3.9998621 496.00069)
(18.820822 -1.4959352 495.58273)
(17.546114 -6.8998686 498.39194)
(17.603679 -7.1960945 495.72679)
(14.425097 -12.349938 498.58504)
(16.33353 -9.7422478 498.62239)
(14.12745 -12.543479 495.52026)
(16.280364 -9.8322952 495.73109)
(11.45005 -15.032254 450.59765)
(8.5831582 -16.971818 450.38485)
(11.451022 -15.031553 453.59166)
(8.5846925 -16.971057 453.37886)
(12.423755 -13.341022 450.59865)
(12.424983 -13.340144 453.59266)
(8.5816238 -16.972579 447.39083)
(11.449077 -15.032955 447.60363)
(12.422528 -13.341901 447.60463)
(11.444757 -15.03751 441.61562)
(8.5786981 -16.974028 441.40283)
(11.44564 -15.036874 444.60962)
(8.5801009 -16.973334 444.39683)
(12.420217 -13.34353 441.61666)
(12.421312 -13.342768 444.61063)
(2.4521555 -18.810542 450.42108)
(2.4542824 -18.811623 447.43116)
(-0.03974329 -18.858998 450.5857)
(-0.0077368681 -18.866086 447.62709)
(2.4536555 -18.810221 453.41265)
(-0.04056697 -18.858336 453.55847)
(5.8289894 -18.100383 447.39091)
(5.8307765 -18.099809 450.38493)
(5.8325636 -18.099234 453.37894)
(-0.043884649 -18.852869 441.28708)
(0.48483987 -18.968027 445.12376)
(2.5379372 -18.783739 441.06054)
(2.5092297 -18.824032 444.4931)
(5.855131 -18.065858 441.02895)
(5.8272163 -18.100953 444.39691)
(11.074329 -15.462952 465.35485)
(8.5908365 -16.96801 465.3549)
(11.075484 -15.462155 468.34883)
(8.2621089 -17.091861 468.38536)
(13.296562 -13.782315 465.5687)
(13.436954 -13.426089 468.40296)
(8.5892955 -16.968774 462.36089)
(11.073211 -15.463724 462.36085)
(13.295803 -13.783029 462.5747)
(11.07098 -15.465267 456.37282)
(8.5862269 -16.970296 456.37287)
(11.072095 -15.464496 459.36684)
(8.5877613 -16.969535 459.36688)
(13.294286 -13.784457 456.58668)
(13.318487 -13.737089 459.59593)
(2.5329514 -18.823632 465.41116)
(2.4629884 -18.810084 462.36741)
(0.58451499 -18.981463 465.72647)
(-0.0009208388 -18.863654 462.30634)
(2.5253591 -18.821593 468.44679)
(0.5042247 -18.966074 469.07893)
(5.8379246 -18.097509 462.36097)
(5.8397234 -18.096931 465.35498)
(6.3317657 -17.788359 468.54588)
(-0.043920687 -18.855389 456.28014)
(0.49317313 -18.967554 460.06596)
(2.4552164 -18.809787 456.37633)
(2.5181151 -18.822734 459.46061)
(5.8343507 -18.098659 456.37295)
(5.8361376 -18.098084 459.36696)
(18.286177 -4.5570831 450.59766)
(18.286527 -4.5567606 447.60359)
(17.330064 -7.3921271 450.59863)
(17.330164 -7.3920069 447.60462)
(18.286239 -4.5573042 453.59168)
(17.330051 -7.3922683 453.59265)
(18.792452 -1.5892464 447.59039)
(18.792488 -1.588969 450.58449)
(18.792526 -1.5889989 453.57851)
(17.368914 -7.349954 441.63202)
(17.368615 -7.3501771 444.59531)
(18.289077 -4.5552426 441.61524)
(18.28928 -4.5540816 444.60861)
(18.790197 -1.598683 441.58042)
(18.792756 -1.5888413 444.59526)
(14.336065 -12.268998 453.59218)
(15.982315 -9.9838541 453.59259)
(14.335671 -12.269435 450.59816)
(15.982221 -9.9839711 450.59858)
(14.335278 -12.269874 447.60415)
(15.982139 -9.9840932 447.60457)
(14.120444 -12.551736 444.61008)
(16.427643 -9.5015899 444.43352)
(14.120046 -12.552175 441.61608)
(16.428611 -9.5010477 441.79464)
(18.287383 -4.5565439 459.57889)
(18.286137 -4.5580245 462.57369)
(18.7924 -1.5896319 459.56647)
(18.792341 -1.5904949 462.5606)
(18.286401 -4.557437 456.58566)
(18.79264 -1.5887608 456.57254)
(17.33003 -7.3925651 462.57469)
(17.350389 -7.3743817 459.56869)
(17.330171 -7.3923115 456.58666)
(14.360833 -12.251501 462.57469)
(15.98427 -9.982295 462.57471)
(14.524035 -11.922163 459.68682)
(16.21925 -9.7725552 459.44154)
(14.360052 -12.252379 456.58666)
(15.984099 -9.9825367 456.58668)
(18.772613 -1.8434116 468.56186)
(18.791087 -1.6062606 465.55549)
(18.284692 -4.5760884 468.5628)
(18.286158 -4.55957 465.56789)
(17.331729 -7.3927006 468.56373)
(17.330043 -7.3926967 465.56872)
(14.63776 -12.059889 468.69765)
(16.007097 -9.9666085 468.57419)
(14.36123 -12.251057 465.56869)
(15.984371 -9.9821674 465.56872)
(-16.25792 -9.8698348 489.73478)
(-17.692985 -6.8561594 489.6624)
(-16.261414 -9.8641232 492.7323)
(-17.586124 -7.237991 492.73024)
(-14.11468 -12.563749 489.52196)
(-14.114483 -12.562283 492.51954)
(-17.362399 -7.3641991 486.54058)
(-16.419716 -9.5161922 486.70458)
(-14.109193 -12.568342 486.52785)
(-18.777089 -1.5434081 489.20724)
(-18.930812 -1.0043559 493.04495)
(-18.30749 -4.5217684 489.22088)
(-18.505499 -4.3692865 492.72656)
(-18.778925 -1.5461189 486.50494)
(-18.286563 -4.5591698 486.50722)
(-16.053524 -9.8746294 498.43849)
(-14.677211 -12.001441 498.56518)
(-16.277743 -9.8365394 495.73051)
(-14.123838 -12.551902 495.51895)
(-17.379645 -7.2544273 498.40199)
(-17.602404 -7.199132 495.72659)
(-18.789246 -1.4985752 498.08462)
(-18.331046 -4.3844619 498.143)
(-18.809979 -1.4608583 495.55001)
(-18.531282 -4.0009556 495.9973)
(-5.8939976 -17.923115 489.75424)
(-5.4769274 -18.151859 491.98466)
(-3.0227601 -18.602609 489.49546)
(-3.0296503 -18.624636 492.22002)
(-5.9721116 -17.866608 486.52716)
(-3.0289168 -18.597685 486.52423)
(-9.0369451 -16.561073 492.51762)
(-8.1795262 -17.123774 489.37156)
(-8.6994329 -16.715823 486.52724)
(-12.407258 -13.348894 492.51907)
(-11.159833 -15.223273 492.51883)
(-12.40427 -13.352583 489.52154)
(-11.429938 -15.044519 489.52103)
(-12.401515 -13.355956 486.52733)
(-11.128525 -15.239565 486.52676)
(-2.5681695 -18.696356 498.10127)
(-2.4489278 -18.800615 495.9885)
(-6.1536374 -17.852913 498.15432)
(-5.8198422 -18.080741 496.08427)
(-8.3357853 -17.022604 498.54433)
(-8.5298054 -16.998295 495.72819)
(-13.424022 -13.427099 498.34191)
(-10.212253 -15.849418 498.43477)
(-12.40614 -13.346486 495.51864)
(-11.421788 -15.049649 495.51883)
(-18.283407 -4.560725 474.552)
(-18.282908 -4.5619817 477.54531)
(-17.325791 -7.4016432 474.55108)
(-17.324988 -7.4034631 477.54506)
(-18.287097 -4.5590146 471.55373)
(-17.365115 -7.3583988 471.54152)
(-18.778929 -1.545882 477.54742)
(-18.779637 -1.5475145 474.56798)
(-18.789815 -1.5809262 471.52283)
(-17.323446 -7.4064416 483.53283)
(-17.323836 -7.405248 480.53895)
(-18.282647 -4.564039 483.53193)
(-18.282835 -4.5633892 480.53908)
(-18.778991 -1.5466166 483.5318)
(-18.779243 -1.5463098 480.53917)
(-14.113898 -12.562351 471.55688)
(-16.422604 -9.5104193 471.37979)
(-14.326991 -12.28247 474.55094)
(-15.976387 -9.9950946 474.55096)
(-14.32527 -12.284419 477.54496)
(-15.975091 -9.9970965 477.54498)
(-14.292908 -12.298904 480.52713)
(-15.971343 -10.000023 480.53801)
(-14.325366 -12.285718 483.53293)
(-15.973065 -10.000291 483.53286)
(-5.9846233 -17.862537 474.55127)
(-5.9810739 -17.863676 477.54511)
(-3.0433843 -18.595742 474.5534)
(-3.0402415 -18.595661 477.54524)
(-5.9761409 -17.881478 471.31597)
(-3.0336982 -18.60822 471.5872)
(-8.7060744 -16.712174 477.54504)
(-8.7090637 -16.710633 474.55104)
(-8.7106768 -16.711069 471.53682)
(-12.402387 -13.356259 477.54494)
(-11.134494 -15.233385 477.54499)
(-12.403754 -13.355297 474.55092)
(-11.136908 -15.231623 474.55097)
(-12.405119 -13.354335 471.55691)
(-11.137391 -15.232273 471.55554)
(-3.029156 -18.599189 483.53395)
(-3.0358345 -18.596587 480.53922)
(-5.9296745 -17.901167 483.54856)
(-5.9760211 -17.866995 480.54017)
(-8.1844331 -17.120372 483.7104)
(-8.6856399 -16.735845 480.55102)
(-12.400369 -13.357496 483.53309)
(-11.429842 -15.042717 483.53312)
(-12.613441 -14.1526 480.40238)
(-10.92885 -15.491399 480.67625)
(-18.288504 -4.5563707 459.58087)
(-18.288375 -4.5571263 462.57506)
(-17.367242 -7.3540182 459.56542)
(-17.366872 -7.3549627 462.55944)
(-18.288812 -4.5557027 456.58684)
(-17.367677 -7.3531185 456.57141)
(-18.792299 -1.590135 462.59067)
(-18.792532 -1.5899361 459.59524)
(-18.792638 -1.5896138 456.60115)
(-17.347426 -7.3805744 468.55061)
(-17.366313 -7.3558321 465.55357)
(-18.28607 -4.5580498 468.56226)
(-18.288085 -4.5576412 465.57036)
(-18.78332 -1.55504 468.56542)
(-18.790926 -1.5826128 465.6056)
(-14.118806 -12.557651 456.58575)
(-16.426627 -9.5046395 456.4088)
(-14.118248 -12.558309 459.57976)
(-16.426087 -9.5055571 459.40281)
(-14.121114 -12.556731 462.57377)
(-16.42556 -9.5064845 462.39683)
(-14.117116 -12.559639 465.56779)
(-16.424965 -9.5073933 465.39085)
(-14.498955 -11.945732 468.66666)
)


// ************************************************************************* //
